"Author","Recs","LCS","GCS"
"Phillips SJ",4,6004,22269
"Anderson RP",14,5011,19037
"Schapire RE",2,3480,14361
"Elith J",12,3267,11445
"Peterson AT",38,1969,8715
"Dudík M",3,2559,8058
"Graham CH",8,2241,7247
"Yates CJ",3,1823,5777
"Chee YE",2,1763,5496
"Hastie T",1,1757,5479
"Thuiller W",9,280,4109
"Cutler DR",2,202,3916
"Edwards TC",2,202,3885
"Beard KH",1,202,3883
"Cutler A",1,202,3883
"Hess KT",1,202,3883
"Boria RA",7,1184,3721
"Kass JM",12,998,3336
"Hijmans RJ",5,932,3029
"Guisan A",10,869,3010
"Pearson RG",5,919,2926
"Muscarella R",4,861,2762
"Warren DL",5,929,2757
"Raxworthy CJ",2,860,2681
"Nakamura M",1,859,2673
"Ferrier S",2,790,2570
"Soley-Guardia M",4,805,2512
"Jiguet F",3,0,2478
"Lehmann A",3,767,2476
"Galante PJ",3,806,2472
"Albert CH",1,0,2430
"Barbet-Massin M",1,0,2430
"Leathwick J",1,767,2429
"Kearney M",2,656,2384
"Phillips S",1,646,2346
"Li J",14,699,2280
"Seifert SN",2,822,2211
"Hernandez PA",2,710,2181
"Wisz MS",2,713,2161
"Rödder D",29,228,2150
"Albert DL",1,645,1998
"Master LL",1,645,1998
"Brown JL",4,309,1861
"Uriarte M",1,617,1826
"Papes M",20,513,1701
"Kumar S",26,451,1688
"Luoto M",4,311,1544
"Heikkinen RK",4,310,1527
"Engler JO",10,109,1518
"Fourcade Y",5,117,1478
"Secondi J",4,120,1469
"Marmion M",2,308,1433
"VanDerWal J",11,333,1405
"Schröder B",5,16,1401
"Osorio-Olvera L",8,0,1397
"Goodman SM",5,376,1276
"Wilting A",10,6,1250
"Lahoz-Monfort JJ",6,65,1243
"Parviainen M",3,229,1236
"Olson LE",2,370,1222
"Hearn AJ",11,1,1217
"Macdonald DW",12,3,1195
"Guillera-Arroita G",7,65,1191
"Barve N",4,2,1185
"Ross J",8,1,1185
"Dyderski MK",12,113,1173
"Cheyne SM",7,1,1170
"Belant JL",9,15,1147
"Duckworth JW",2,0,1141
"Hofer H",2,0,1141
"Kramer-Schadt S",10,1,1132
"Jagodzinski AM",7,113,1109
"Cobos ME",6,0,1107
"Mathai J",8,2,1100
"Webber BL",5,152,1088
"Heckmann I",3,0,1073
"Niedballa J",3,0,1073
"Scharf AK",2,5,1072
"Stillfried M",3,0,1071
"Samejima H",6,1,1069
"Augeri DM",5,1,1068
"Bernard H",4,1,1064
"Alfred R",5,1,1063
"Lindenborn J",2,0,1063
"Marshall AJ",5,1,1063
"Reinfelder V",2,0,1063
"Pilgrim JD",2,1,1054
"Semiadi G",5,0,1052
"Eaton J",2,0,1039
"Breitenmoser-Wuersten C",1,0,1035
"Rustam R",1,0,1035
"de Marco P",15,58,1003
"Beaumont LJ",16,160,979
"Kumar L",15,166,958
"Bosso L",13,145,931
"Valavi R",6,71,911
"Baumgartner JB",13,130,807
"Kriticos DJ",2,102,807
"Ota N",2,102,807
"Scott JK",2,102,807
"Wintle BA",5,71,800
"Frelich LE",1,85,792
"Paz S",1,85,792
"Eaton M",1,258,791
"Shabani F",13,123,785
"Gilbert F",11,90,777
"Zhang L",21,45,770
"Shoo LP",2,223,760
"Kearney MR",3,85,747
"Bennett JR",3,0,736
"Graham C",1,220,732
"William SE",1,220,732
"Coomes DA",3,40,719
"Smith MJ",3,40,719
"Syfert MM",3,40,719
"Bohl CL",2,225,716
"French CM",1,0,706
"Liu CR",4,209,697
"Newell G",4,209,697
"White M",4,209,697
"Jarnevich CS",15,137,687
"Stohlgren TJ",11,217,682
"Lira-Noriega A",9,94,666
"Pinilla-Buitrago GE",5,188,649
"Bradley BA",6,88,631
"Leriche A",2,60,625
"Russo D",9,129,618
"Bathols J",1,60,613
"Macadam I",1,60,613
"Ficetola GF",11,110,609
"Di Febbraro M",13,67,603
"Svenning JC",8,36,597
"Olden JD",3,94,589
"Ahmadi M",9,102,569
"Nobis MP",3,116,568
"Beck J",2,80,560
"Feng L",9,0,554
"Böller M",1,80,551
"Erhardt A",1,80,551
"Schwanghart W",1,80,551
"Merow C",5,135,545
"Huettmann F",18,39,542
"Lötters S",12,97,539
"Maiorano L",6,104,538
"Radeloff VC",10,45,538
"Shcheglovitova M",1,226,534
"Breiner FT",3,106,529
"Martínez-Meyer E",13,11,529
"Pincebourde S",1,11,523
"Potter KA",1,11,523
"Wenger SJ",1,94,523
"Woods HA",1,11,523
"Sillero N",23,39,521
"Lobo JM",9,93,519
"Raes N",7,22,519
"Cushman SA",13,70,511
"Escobar LE",11,105,510
"Rissler LJ",4,51,509
"Bergamini A",2,101,504
"Cunze S",11,62,498
"Liu Y",25,7,497
"Kaky E",4,35,492
"Shaffer HB",5,172,469
"Besnard AG",2,115,468
"Apodaca JJ",2,50,464
"Liu B",4,132,464
"Fois M",7,154,459
"Reside AE",10,46,459
"Gardner B",2,73,456
"Ma J",8,77,452
"Bacchetta G",6,154,449
"Soberón J",4,0,445
"West AM",4,146,441
"Mi CR",8,16,438
"Bates AE",2,19,435
"Gallardo B",6,48,433
"Warton DI",2,120,432
"Davies AJ",7,92,430
"Fenu G",5,154,429
"Tingley R",4,54,427
"Aldridge DC",5,48,420
"Falconi M",2,0,420
"Barrett N",1,19,417
"Bird TJ",1,19,417
"Edgar GJ",1,19,417
"Frusher S",1,19,417
"Hill NA",1,19,417
"Krkosek M",1,19,417
"Lefcheck JS",1,19,417
"Pecl GT",1,19,417
"Stuart-Smith JF",1,19,417
"Stuart-Smith RD",1,19,417
"Thomson RJ",1,19,417
"Wang CJ",25,89,417
"Wotherspoon S",1,19,417
"Halvorsen R",7,131,415
"Jorgensen PM",2,53,415
"Wan JZ",24,84,412
"Smith TB",5,63,411
"Diniz JAF",7,50,409
"Chen B",10,0,406
"Hu WJ",10,0,405
"Porter WP",1,58,402
"Bussmann RW",6,132,399
"Schwartz MW",2,150,393
"Renner IW",3,111,389
"Lohmann LG",2,64,387
"Rowden AA",8,63,387
"Simoes M",2,76,385
"Cardillo M",2,77,384
"Qin AL",2,132,383
"Groen TA",5,26,378
"Leung B",2,134,378
"Nolan V",2,1,378
"Buermann W",4,63,375
"De Baets B",7,53,375
"Dunn RR",2,30,374
"Nóbrega CC",1,0,374
"Robertson MP",6,61,374
"Sanders NJ",2,30,374
"Alatawi A",1,0,371
"Fitzpatrick MC",2,30,371
"Padoa-Schioppa E",5,62,371
"Yesson C",7,83,369
"Miller PI",3,75,368
"Chandler RB",1,94,367
"Nichols JD",1,94,367
"Royle JA",1,94,367
"Yackulic C",1,94,367
"Dinnage R",1,76,366
"Glor RE",1,76,366
"Huron NA",1,76,366
"Iglesias TL",1,76,366
"Li Q",13,20,366
"Matzke NJ",1,76,366
"Piquet JC",1,76,366
"Turelli M",1,76,366
"Neven LG",5,68,364
"Anderson OF",6,63,363
"Yi YJ",2,136,361
"Loiselle BA",5,70,358
"Feng X",4,121,357
"Balslev H",4,0,356
"Seo CW",6,139,354
"Braunisch V",4,84,353
"Brummitt NA",3,40,353
"Bean WT",7,96,352
"Brashares JS",3,92,350
"Erwin S",1,139,349
"Nelson JK",1,139,349
"O'Brien JM",1,139,349
"Pandey R",2,121,349
"Reiss H",5,59,349
"Thorne J",1,139,349
"Williams JN",1,139,349
"Yu WW",5,0,349
"Picanço MC",13,26,348
"Zhang CL",10,13,348
"Cheung WWL",2,32,345
"Jones MC",2,32,345
"Ren YP",8,13,344
"Xu BD",8,13,344
"Xue Y",8,13,344
"Hughes L",8,42,342
"Liu ZH",5,3,342
"Wilson PD",6,56,342
"Mateo RG",4,50,341
"Bradie J",1,127,338
"Rebelo H",7,52,337
"Skidmore AK",7,53,337
"Srivastava V",5,98,337
"Wang F",8,61,337
"Liang Y",1,117,335
"Park DS",1,117,335
"Silman MR",2,24,335
"Barve V",2,0,334
"McNeill A",3,74,334
"Costa GC",3,69,333
"Pei SX",2,132,332
"Xiao JH",8,52,330
"Santini L",2,79,329
"Drake JM",4,59,328
"Rahmati O",3,5,328
"Gao X",9,52,326
"Guo QS",2,132,324
"Jian ZJ",1,132,324
"Ma FQ",1,132,324
"Xu GX",1,132,324
"Leishman MR",7,34,323
"Jetz W",6,19,321
"Lee WH",21,25,321
"Wang YY",7,7,320
"Kröncke I",4,59,319
"Mouton AM",4,35,319
"Wang HB",7,52,318
"Wang RL",10,31,317
"Polce C",4,10,316
"Contreras-Díaz RG",1,0,315
"Zhang SH",3,120,315
"Cao Y",8,58,312
"Brotons L",5,12,311
"Klimpel S",10,11,311
"Stafford R",2,92,308
"De Siqueira MF",7,92,307
"El-Gabbas A",9,26,307
"Evangelista PH",10,53,307
"Wright AN",2,115,307
"Benito BM",5,80,305
"Guo YM",4,0,305
"Aiello-Lammens ME",2,56,304
"Cheng X",1,120,304
"Yang ZF",1,120,304
"Zhu GP",7,10,304
"Kochmann J",9,11,303
"Vilela B",5,64,303
"Cengic M",2,61,301
"Huijbregts MAJ",2,61,301
"Zhu AX",4,13,301
"Midgley GF",2,66,298
"Muñoz J",8,54,298
"Zeng YW",3,119,296
"Li C",5,5,295
"Li M",12,33,295
"He Y",3,0,293
"Park YS",10,6,293
"Giovanelli JGR",3,92,292
"Haddad CFB",3,92,292
"Brown CS",2,107,290
"Du JG",6,0,289
"Esperón-Rodríguez M",5,49,289
"Alexandrino J",2,92,286
"Convertino M",5,29,285
"Yeo DCJ",2,119,285
"Brown KA",3,4,284
"Khanum R",2,103,284
"Mumtaz AS",2,103,284
"da Silva RS",19,13,283
"Georgian SE",5,44,283
"Randin C",1,56,283
"Reineking B",5,30,283
"Chen GC",4,0,282
"Oppel S",2,60,280
"Neumann H",3,59,279
"Chu-Agor ML",4,29,277
"Linkov I",4,29,277
"Pittman SJ",3,1,277
"Arslan ES",8,10,276
"Elsenbeer H",1,8,276
"Märker M",1,8,276
"Vorpahl P",1,8,276
"Ali H",5,0,275
"Saatchi S",2,52,275
"Herzog SK",2,65,274
"Tang XG",6,6,274
"Yuan YD",6,6,274
"De Marco P Jr",4,29,273
"Arlettaz R",3,67,272
"Biesmeijer JC",4,7,272
"Sequeira F",1,24,271
"Vallinoto M",1,24,271
"Lei GC",8,0,270
"Thomas SM",7,21,269
"Behera MD",12,48,268
"Medina-Vogel G",2,88,268
"Cristinzio G",3,76,266
"Ekesi S",8,16,266
"Hazen EL",4,24,264
"Hemami MR",7,27,264
"Blach-Overgaard A",2,18,263
"Carroll C",3,37,263
"Puchalka R",7,28,263
"Abdelaal M",2,90,262
"Franklin J",2,0,262
"Gaubert P",2,106,262
"Machado RB",5,70,262
"Beierkuhnlein C",6,17,261
"Dong P",6,0,261
"Gallagher RV",6,30,261
"Gurgel CFD",2,11,259
"Pourghasemi HR",9,18,259
"Louzao M",1,59,258
"Meirinho A",1,59,258
"O'Connell AF",1,59,258
"Ramírez I",1,59,258
"Blake JG",2,53,256
"Le Roux JJ",2,55,256
"Ma ZY",3,0,256
"Oppenheimer M",1,37,256
"Wilcove DS",1,37,256
"Zhang Y",12,0,256
"Benn DI",1,0,255
"Sevestre H",1,0,255
"Vignali S",2,67,255
"Ortega-Huerta MA",3,4,254
"Gotelli NJ",2,5,252
"Han XS",2,0,252
"Wen LJ",2,0,252
"Yee WL",3,28,251
"Benítez-López A",1,50,250
"Chen H",11,21,250
"Li MY",4,0,250
"Puschendorf R",8,30,249
"Bromberg J",1,95,247
"Fan G",1,0,247
"Li JJ",1,0,247
"Morisette JT",3,87,247
"Consiglio T",1,53,246
"Guinotte JM",3,66,246
"Jiménez I",1,53,246
"Montiel OM",1,53,246
"Hanafi-Bojd AA",17,16,245
"Clark MR",3,44,244
"Jones G",5,41,244
"Swenson JJ",2,67,244
"Calcaterra D",2,0,243
"Carotenuto F",2,0,243
"Di Martire D",2,0,243
"Di Napoli M",2,0,243
"Guo YL",3,34,243
"Akçakaya HR",2,51,242
"Dendoncker N",4,30,242
"Fuller RA",3,6,242
"Silva DP",11,37,242
"Selden RL",3,14,240
"Kuemmerle T",5,31,239
"Wan HY",7,11,239
"Zhao GH",5,0,239
"Kumar A",14,19,238
"Liu BY",8,52,238
"Wei JF",10,34,238
"Rojas-Soto OR",4,0,237
"Zhang JC",5,6,237
"Barras AG",1,67,236
"Bateman BL",5,36,236
"Brambilla M",9,28,236
"Ma KP",6,23,235
"Bradter U",4,48,234
"Saqib Z",4,4,234
"Griffioen P",2,50,233
"Araújo MB",6,28,232
"Bowden DA",4,27,232
"Downey PO",5,23,232
"Li YC",4,2,232
"Shrestha UB",2,23,232
"Wang JN",4,0,231
"Goethals PLM",5,18,230
"Jiang ZG",4,28,230
"Silva N",2,7,225
"Betts MG",2,0,224
"Pineda E",2,48,224
"Raghavan RK",4,20,224
"Romero-Alvarez D",6,0,224
"Wei YQ",3,0,224
"Jueterbock A",4,39,223
"Kabir M",5,2,223
"Narouei-Khandan HA",4,6,223
"van Bruggen AHC",4,6,223
"Mammola S",5,22,222
"Mazzoni S",4,74,221
"Shi XD",3,0,221
"Griffiths G",4,6,220
"Kushwaha SPS",2,75,220
"Lukac M",4,6,220
"Manzoor SA",4,6,220
"Liu JZ",4,6,219
"Ramachandran A",2,79,219
"Jayakumar S",1,79,217
"Reid N",5,51,217
"Remya K",1,79,217
"Luan J",3,0,216
"Rogers AD",2,52,216
"Taylor ML",2,52,216
"Kiker GA",3,29,215
"Muñoz-Carpena R",3,29,215
"Rangel TF",2,34,215
"De Leo GA",2,14,214
"Hoarau G",2,39,214
"Khosravi R",6,26,214
"Tao J",5,42,214
"Wang TJ",7,32,214
"Gove AD",1,30,213
"Harrigan RJ",3,12,213
"König K",2,54,213
"Dunk JR",2,20,212
"Duursma DE",4,46,212
"Fukuda S",6,36,211
"Cevasco A",1,0,210
"Confuorto P",1,0,210
"Firpo M",1,0,210
"Nogués-Bravo D",2,0,210
"Pepe G",1,0,210
"Raso E",1,0,210
"Tarkesh M",7,47,210
"Cousens RD",1,37,209
"Mesgaran MB",1,37,209
"Boitani L",3,50,208
"Khan AM",4,4,208
"Zhang D",4,0,208
"Singh S",3,14,207
"van Loon EE",2,5,207
"Briggs F",1,0,206
"Carvalheiro LG",3,2,206
"Fern XZ",1,0,206
"Franzoi P",1,14,206
"Hadley AS",1,0,206
"Hadley SJK",1,0,206
"Lakshminarayanan B",1,0,206
"Neal L",1,0,206
"Pellizzato M",1,14,206
"Pranovi F",1,14,206
"Raich R",1,0,206
"Torricelli P",1,14,206
"van Gils H",2,0,206
"Vincenzi S",1,14,206
"Zucchetta M",1,14,206
"Bachman S",2,0,205
"Kutt AS",3,23,205
"McAlpine CA",4,62,205
"Moat J",2,0,205
"Allen JM",4,39,204
"Duan RY",1,0,204
"Fan WY",1,0,204
"Huang MY",1,0,204
"Kong XQ",1,0,204
"Searcy CA",4,66,204
"Wang ZG",1,0,204
"Bu WJ",3,2,203
"Frey JK",5,42,203
"Hallgren W",3,31,202
"Wang R",6,16,202
"Zhao Y",6,15,202
"Bakkestuen V",4,67,201
"Bradshaw CJA",3,12,201
"Duivenvoorden JF",2,5,201
"Liu ZZ",1,0,201
"Nekaris KAI",4,72,201
"Dorazio RM",1,9,200
"Kunin WE",5,45,200
"Koch LK",5,8,199
"Bui DT",2,3,198
"Collazo JA",1,14,198
"Lucas EJ",1,0,198
"Lughadha EMN",1,0,198
"McKerrow A",1,14,198
"Miller DAW",1,14,198
"Murray-Smith C",1,0,198
"Oliveira-Filho AT",1,0,198
"Pacifici K",1,14,198
"Reich BJ",1,14,198
"Stauffer G",1,14,198
"Cord A",4,19,197
"Fischer D",2,12,197
"Jiao ZH",4,46,197
"Ren YL",8,16,197
"Smith D",2,76,197
"Zutta BR",2,47,197
"Aguirre-Gutiérrez J",2,2,196
"Reemer M",2,2,196
"Altringham J",3,28,195
"Bellamy C",3,28,195
"Le Maitre DC",1,42,194
"Roura-Pascual N",2,12,194
"Venticinque EM",3,9,194
"Yan HY",2,0,194
"Lee DS",5,0,193
"Padalia I",1,72,193
"Ramirez-Villegas J",2,5,193
"Villaseñor JL",10,0,193
"Yang W",4,29,193
"Hartig F",3,23,192
"Chao BX",2,0,191
"Colli GR",1,67,191
"Kim HC",5,21,191
"Klein TA",5,21,191
"Nogueira C",1,67,191
"Wang XY",11,21,191
"Zoina A",2,49,191
"Wang MT",3,0,190
"Fahr J",3,30,189
"Adhikari P",11,0,188
"Brun P",3,8,188
"Munoz F",9,2,188
"Cogoni D",4,64,187
"Din JU",2,0,187
"Hameed S",2,0,187
"Nawaz MA",2,0,187
"Bergström U",3,7,186
"Liu QY",6,10,186
"Medeiros MB",2,5,186
"Roy PS",5,9,186
"Sundblad G",3,7,186
"Gao YB",1,0,185
"Liu GQ",1,0,185
"Zhao J",9,3,185
"Khan N",3,1,184
"Nijman V",3,72,184
"Zhang MG",4,19,184
"Deb JC",4,62,183
"Franke I",1,65,183
"Guralnick R",2,6,183
"Hong HY",1,2,183
"Miao YM",1,2,183
"Moilanen A",1,18,183
"Pacheco V",1,65,183
"Paniagua L",1,65,183
"Quintana HL",1,65,183
"Radford B",3,11,183
"Silander JA",2,63,183
"Soto A",1,65,183
"Tovar C",1,65,183
"Valqui TH",1,65,183
"Vargas J",1,65,183
"Václavík T",4,37,183
"Wang XL",6,13,183
"Ward DF",1,62,183
"Xu M",9,3,183
"Young BE",1,65,183
"Alonso A",2,0,182
"Benson N",1,66,182
"Ma P",1,66,182
"Nipperess DA",3,42,182
"Ramos RS",6,24,182
"Rocca M",1,66,182
"VanderWal JJ",3,9,182
"Butt N",3,62,181
"Phinn S",3,62,181
"Wang JW",2,13,181
"Wei HY",6,7,181
"Ersts P",1,51,180
"Horning N",1,51,180
"Stanton JC",1,51,180
"Carroll G",2,14,179
"Haltuch MA",2,14,179
"Lopes A",2,1,179
"Piedade MTF",2,1,179
"Sangermano F",7,39,179
"Wittmann F",2,1,179
"Martínez B",2,11,178
"Sallam MF",6,21,178
"Velásquez-Tibatá J",2,7,178
"Mori E",4,4,177
"Baco A",1,40,176
"Bashta AT",2,23,176
"Beier JC",4,0,176
"Black J",1,40,176
"Chaves JA",1,47,176
"Emilio T",2,0,176
"Fuller DO",4,0,176
"Guinotte J",1,40,176
"Hall-Spencer JM",1,40,176
"Milá B",1,47,176
"Perzanowski K",2,23,176
"Tittensor DP",2,40,176
"Waller DM",2,23,176
"Arampatzis A",2,0,175
"Cano A",2,0,175
"Davis FW",2,0,175
"Effrosynidis D",2,0,175
"Halbert SE",2,6,175
"Roberts D",2,43,175
"Thompson KA",2,34,175
"Wilson CD",2,43,175
"Carretero MA",5,35,174
"Dormann CF",3,0,174
"Fuentes A",2,0,174
"Guevara L",5,48,174
"Wang J",13,23,174
"Worner SP",4,0,174
"Rojas-Soto O",13,10,173
"Zhang RZ",2,40,173
"Zhao Q",11,0,173
"Bertolino S",4,3,172
"García-Amorena I",2,0,172
"Gerstner BE",3,50,172
"Moreno-Amat E",2,0,172
"Zhang PY",4,22,172
"de Carvalho ACPLF",2,11,171
"Gomes VHF",2,0,171
"Guénard B",2,0,171
"Lorena AC",2,11,171
"Silva TSF",2,0,171
"Baider C",2,0,170
"Carranza EJM",1,0,170
"Dallmeier F",2,0,170
"Fricker GA",1,0,170
"Kaboli M",4,3,170
"Laborte AG",1,0,170
"North MP",1,0,170
"Ventura JD",1,0,170
"Wolf JA",1,0,170
"Albuquerque BW",1,0,169
"Alexiades MN",1,0,169
"Amaral IL",1,0,169
"Andrade A",1,0,169
"Araujo-Murakami A",1,0,169
"Arboleda NC",1,0,169
"Arevalo FR",1,0,169
"Arroyo L",1,0,169
"Assis RL",1,0,169
"Baker TR",1,0,169
"Banki OS",1,0,169
"Baraloto C",1,0,169
"Barbosa EM",1,0,169
"Bonates LCDM",1,0,169
"Brienen R",1,0,169
"Camargo JL",1,0,169
"Cardenas S",1,0,169
"Carim MDV",1,0,169
"Carvalho FA",1,0,169
"Casas LF",1,0,169
"Castellanos H",1,0,169
"Castilho CV",1,0,169
"Casula KR",1,0,169
"Ceron C",1,0,169
"Chave J",1,0,169
"Cintra BB",1,0,169
"Coelho LD",1,0,169
"Comiskey JA",1,0,169
"Coronado ENH",1,0,169
"Correa DF",1,0,169
"Costa FRC",1,0,169
"Cuenca WP",1,0,169
"Daly D",1,0,169
"Damasco G",1,0,169
"Davila N",1,0,169
"de Souza FC",1,0,169
"Demarchi LO",1,0,169
"Dexter KG",1,0,169
"Di Fiore A",1,0,169
"Do Amaral DD",1,0,169
"Doza HPD",1,0,169
"Duque A",1,0,169
"Engel J",1,0,169
"Farfan-Rios W",1,0,169
"Farias ED",1,0,169
"Feeley K",1,0,169
"Feitosa Y",1,0,169
"Feldpausch TR",1,0,169
"Ferreira C",1,0,169
"Ferreira LV",1,0,169
"Fine PVA",1,0,169
"Gamarra LV",1,0,169
"Garcia-Cabrera K",1,0,169
"Garcia-Villacorta R",1,0,169
"Gerardo AA",1,0,169
"Giraldo LEU",1,0,169
"Gomez RZ",1,0,169
"Gonzales GPG",1,0,169
"Gonzales T",1,0,169
"Gribel R",1,0,169
"Guevara JE",1,0,169
"Guillaumet JL",1,0,169
"Guimaraes JRDS",1,0,169
"Henkel TW",1,0,169
"Hernandez L",1,0,169
"Hoffman B",1,0,169
"Hu JH",3,15,169
"Huamantupa-Chuquimaco I",1,0,169
"Ijff SD",1,0,169
"Irume MV",1,0,169
"Jimenez EM",1,0,169
"Killeen TJ",1,0,169
"Laurance SGW",1,0,169
"Laurance WF",1,0,169
"Levis C",1,0,169
"Licona JC",1,0,169
"Lima DD",1,0,169
"Linares-Palomino R",1,0,169
"Lopez DC",1,0,169
"Lopez-Gonzalez G",1,0,169
"Luize BG",1,0,169
"Maas P",1,0,169
"Magnusson WE",1,0,169
"Malhi Y",1,0,169
"Manzatto AG",1,0,169
"Marimon BH",1,0,169
"Marimon BS",1,0,169
"Martins MP",1,0,169
"Matos FDD",1,0,169
"Medina MNU",1,0,169
"Mendoza AM",1,0,169
"Mendoza C",1,0,169
"Mesones I",1,0,169
"Milliken W",1,0,169
"Miranda IPDA",1,0,169
"Mogollon HF",1,0,169
"Molino JF",1,0,169
"Montero JC",1,0,169
"Mora MCP",1,0,169
"Mostacedo B",1,0,169
"Nascimento HEM",1,0,169
"Nascimento MT",1,0,169
"Neill D",1,0,169
"Novo EMDL",1,0,169
"Oliveira AA",1,0,169
"Pansini S",1,0,169
"Pansonato MP",1,0,169
"Paredes MR",1,0,169
"Pauletto D",1,0,169
"Pena JLM",1,0,169
"Pennington T",1,0,169
"Peres CA",1,0,169
"Petronelli P",1,0,169
"Phillips JF",1,0,169
"Phillips OL",1,0,169
"Pinto LFM",1,0,169
"Pitman NCA",1,0,169
"Pos E",1,0,169
"Praia D",1,0,169
"Prieto A",1,0,169
"Quaresma A",1,0,169
"Ramirez-Angulo H",1,0,169
"Ramos JF",1,0,169
"Reategui MAA",1,0,169
"Reis NFC",1,0,169
"Revilla JDC",1,0,169
"Ricardo J",1,0,169
"Rivas-Torres G",1,0,169
"Rocha M",1,0,169
"Rudas A",1,0,169
"Ruschel AR",1,0,169
"Sabatier D",1,0,169
"Salomao RP",1,0,169
"Sampaio AF",1,0,169
"Sandoval EHV",1,0,169
"Schietti J",1,0,169
"Schongart J",1,0,169
"Sierra R",1,0,169
"Silveira M",1,0,169
"Simon MF",1,0,169
"Souza P",1,0,169
"Stevenson PR",1,0,169
"Stropp J",2,0,169
"Targhetta N",1,0,169
"ter Steege H",1,0,169
"Terborgh J",1,0,169
"Thomas-Caesar R",1,0,169
"Tirado M",1,0,169
"Torre EV",1,0,169
"Torres-Lezama A",1,0,169
"Valverde FC",1,0,169
"Van Andel TR",1,0,169
"Van der Heijden G",1,0,169
"Vargas PN",1,0,169
"Vasquez R",1,0,169
"Vela CIA",1,0,169
"Vicentini A",1,0,169
"Vieira ICG",1,0,169
"Villa B",1,0,169
"Villarroel D",1,0,169
"Von Hildebrand P",1,0,169
"Vos VA",1,0,169
"Vriesendorp C",1,0,169
"Wang O",1,0,169
"Wei LB",1,75,169
"Young KR",1,0,169
"Zagt R",1,0,169
"Zartman CE",1,0,169
"Zent EL",1,0,169
"Zent S",1,0,169
"Navarro-Cerrillo RM",3,0,168
"Wu GC",2,22,168
"Booth TH",3,44,167
"Carreño F",1,11,167
"Connell SD",1,11,167
"Connor T",3,26,167
"Fordham DA",1,11,167
"Hawkins CP",3,0,167
"Morueta-Holme N",1,0,167
"Nieto-Lugilde D",1,0,167
"Russell BD",1,11,167
"Thomsen MS",1,11,167
"Thorn JS",1,68,167
"Wernberg T",1,11,167
"Wu D",2,0,167
"Yoon S",9,0,167
"Yu FH",6,45,167
"Zimmermann NE",5,13,167
"Benton TG",4,38,166
"Bergès L",3,24,166
"Duque-Lazo J",2,0,166
"Feeley KJ",1,24,166
"Li X",5,35,166
"Reed RN",2,0,166
"Biondi M",5,23,165
"Georgiadis C",2,1,165
"Joly A",7,0,165
"Ravikanth G",9,50,165
"Wang TL",9,1,165
"Forsyth DM",1,26,164
"Gormley AM",1,26,164
"Liao J",2,22,164
"Lindeman M",1,26,164
"Moo-Llanes DA",10,0,164
"Ramsey DSL",1,26,164
"Scroggie MP",1,26,164
"Woodford L",1,26,164
"Altringham JD",3,38,163
"Farashi A",8,14,163
"Foley D",1,0,163
"Ganta R",1,0,163
"Nielsen SE",2,43,163
"Thom TJ",3,38,163
"Kielgast J",3,12,162
"Azuma F",1,0,161
"Blatrix R",1,0,161
"Chao AN",1,0,161
"Chen Y",13,1,161
"Des Lauriers J",1,0,161
"Donoso DA",1,0,161
"Dudley KL",1,0,161
"Economo EP",1,0,161
"Fisher BL",2,0,161
"Gibb H",1,0,161
"Gomez K",1,0,161
"Hawkes PG",1,0,161
"Jenkins CN",1,0,161
"Johnson RA",1,0,161
"Lattke JE",1,0,161
"Longino JT",1,0,161
"Lubertazzi D",1,0,161
"MacGown JA",1,0,161
"Mackay W",1,0,161
"Parr CL",1,0,161
"Robson S",1,0,161
"Ward PS",1,0,161
"Weiser M",1,0,161
"Bonnet P",5,0,160
"Dzurisin J",1,22,160
"Grundel R",1,22,160
"Hellmann JJ",1,22,160
"Hyvärinen M",1,22,160
"Hällfors MH",1,22,160
"Lecours V",4,16,160
"Mostafavi H",8,23,160
"Towle K",1,22,160
"Fink D",3,17,159
"Hayes MA",4,1,159
"López-Mata L",5,0,159
"Marcer A",3,52,159
"Mungi NA",4,12,159
"Ortiz E",7,2,159
"Taylor PJ",6,9,159
"Zhao YF",1,0,159
"Zhu CP",1,0,159
"Akpoti K",4,0,158
"Ellison AM",1,0,158
"McCune JL",3,29,158
"Ollero HS",1,0,158
"Paz-Dyderska S",5,0,158
"Pineda FD",1,0,158
"Ruiz-Labourdette D",1,0,158
"Schmitz MF",1,0,158
"Zwart SJ",4,0,158
"Bar Massada A",1,0,157
"Gogol-Prokurat M",1,0,157
"Gu W",5,2,157
"Stewart SI",1,0,157
"Syphard AD",1,0,157
"Sánchez-Cordero V",5,33,157
"Tingley MW",2,22,157
"Bograd SJ",2,16,156
"Greve M",3,2,156
"Purse BV",3,24,155
"Santana PA Jr",2,0,155
"Zhang XH",5,2,155
"Al-Khalaf AA",7,1,154
"Hosni EM",7,2,154
"Klisz M",2,28,154
"Slik JWF",2,15,154
"Sádlo J",2,28,154
"Vítková M",2,28,154
"McGuire JL",3,3,153
"Golding N",3,28,152
"Mudereri BT",7,8,152
"Pino J",2,52,152
"Pons X",2,52,152
"Zhang HF",7,7,152
"Felicísimo AM",3,51,151
"Wang L",12,24,151
"Zhang JD",4,23,151
"Coro G",7,13,150
"de Andrade AFA",3,2,150
"Mckirdy S",2,15,150
"Miller AJ",3,13,150
"Stolar J",1,43,150
"Sun JJ",6,0,150
"Wan J",2,15,150
"Aryal A",2,34,149
"Gherghel I",5,12,149
"Meentemeyer RK",2,31,149
"Dransfield J",1,0,148
"Ellis N",2,6,148
"Pitcher CR",2,6,148
"Tang Y",4,23,148
"Vollering J",3,37,148
"Evans JM",2,32,147
"Fletcher RJ",2,32,147
"Mohamed A",8,1,147
"Zheng JH",5,0,147
"Bini LM",2,3,146
"Jiang XL",4,1,146
"Liu JG",3,23,146
"Maraseni T",2,29,146
"Razgour O",2,34,146
"Viña A",3,23,146
"Yang H",5,13,146
"Fogliani B",2,16,145
"Gurgel-Gonçalves R",4,0,145
"Hayat MA",2,30,145
"Wang XF",7,0,145
"Williams KJ",2,23,145
"Bandi C",2,0,144
"Epis S",2,0,144
"Ferraz KMPMD",6,14,144
"Han SJ",6,28,144
"Hostert P",2,15,144
"Jiménez-García D",3,0,144
"Jung JM",8,25,144
"O'Donnell J",2,6,144
"Ramesh BR",3,21,144
"Yu JH",6,28,144
"Berger L",1,10,143
"Devenish C",3,4,143
"Gonzalez VH",3,24,143
"Guo X",2,0,143
"Hanmer J",1,33,143
"Kulkarni MA",7,11,143
"McCallum HI",1,10,143
"Murray KA",1,10,143
"Retallick RWR",1,10,143
"Rooper CN",7,15,143
"Rosauer D",1,10,143
"Rossi JP",7,7,143
"Skerratt LF",1,10,143
"Speare R",1,10,143
"Bustamante RO",3,3,142
"Chust G",3,16,142
"Croat TB",1,47,142
"de Araújo CB",3,0,142
"Matthiopoulos J",2,9,142
"Mendes P",2,0,142
"Poor EE",2,0,142
"Örücü ÖK",7,14,142
"Aarts G",2,22,141
"Austin MP",1,23,141
"Belbin L",1,23,141
"De Giovanni R",1,11,141
"Griess VC",3,26,141
"Jacintho LFO",1,11,141
"Li XM",2,0,141
"Masuoka P",3,10,141
"Ruiz-Gutierrez V",2,17,141
"Ryo M",2,20,141
"Schmidt M",4,13,141
"Siqueira MF",1,11,141
"Stein JL",1,23,141
"Yamamoto M",1,11,141
"Allen JL",3,7,140
"Carlson CJ",2,9,140
"Ebrahimi E",4,27,140
"Fraser WR",2,17,140
"González-Irusta JM",3,4,140
"Nabout JC",8,24,140
"Reader T",4,25,140
"Vanaverbeke J",2,50,140
"Wieringa JJ",2,18,140
"Wu W",4,9,140
"Yue YJ",2,22,140
"Habib T",1,0,139
"Khalid N",1,0,139
"Li QT",1,0,139
"Loyola RD",2,16,139
"Majeed M",1,0,139
"Somers B",4,4,139
"Tariq A",1,0,139
"Thorson JT",2,13,139
"Boertmann D",1,6,138
"Chen SX",1,0,138
"Cruz-Cárdenas G",4,0,138
"Fan GR",1,0,138
"García-Roselló E",3,7,138
"González-Dacosta J",3,7,138
"Guisande C",3,7,138
"Heine J",3,7,138
"Lanctot RB",1,6,138
"Lappo EG",1,6,138
"Ning XD",1,0,138
"Shaw JD",1,6,138
"Thomassen HA",4,11,138
"Varpe O",1,6,138
"Velazco SJE",1,0,138
"Wang WJ",3,2,138
"Wang ZD",1,0,138
"Wauchope HS",1,6,138
"Wu NS",1,0,138
"Xie T",2,0,138
"Zhao AL",1,0,138
"Zhao L",8,0,138
"Luo ZH",5,16,137
"Wei L",3,9,137
"Xiong QL",2,15,137
"Bonardi A",3,19,136
"Breitenmoser C",2,7,136
"Chimimba CT",3,5,136
"Chitale VS",3,16,136
"Bachman SP",1,40,135
"Bose R",2,20,135
"Draper D",2,34,135
"Joppa L",1,40,135
"Kakaï RG",7,11,135
"Lendemer JC",2,6,135
"Mohammadi S",3,37,135
"Bernard E",5,2,134
"Khan JA",3,0,134
"Rather TA",3,0,134
"Sosa V",2,1,134
"Abdel-Rahman EM",12,5,133
"Graham J",3,50,133
"Koprowski M",1,28,133
"Li JS",1,0,133
"Matisons R",1,28,133
"Mionskowski M",1,28,133
"Netsvetov M",1,28,133
"Prieto-Torres DA",3,1,133
"Prokopuk Y",1,28,133
"Shen M",1,0,133
"Wojda T",1,28,133
"Xiao NW",1,0,133
"Yu FY",2,19,133
"Zhang YM",3,0,133
"Zhao ZY",1,0,133
"Çoban HO",1,0,133
"Örücü OK",1,0,133
"Antunes P",1,3,132
"Calvache M",1,3,132
"Cerdeira JO",1,3,132
"Clemente P",1,3,132
"Ierodiaconou D",3,21,132
"Ikegami M",3,13,132
"Martins MJ",1,3,132
"Nasser MG",6,1,132
"Santos R",1,3,132
"Toxopeus AG",5,28,132
"Varela S",6,8,132
"Zhao ZF",3,34,132
"Arenas-Castro S",8,2,131
"Cryan PM",3,16,131
"Fan JY",4,9,131
"Pidgeon AM",4,14,131
"Angelov B",1,19,130
"Biggs T",1,2,130
"Daliakopoulos IN",1,2,130
"Delgado-Jaramillo M",4,2,130
"Golkarian A",1,2,130
"Heglund PJ",3,14,130
"Keesstra S",1,2,130
"Lamb JM",3,6,130
"Mohammadi F",1,2,130
"Ornelas JF",2,0,130
"Schneider H",4,26,130
"Servajean M",5,0,130
"Tessarolo G",2,21,130
"Thogmartin WE",3,14,130
"Goldsmit J",3,8,129
"Howland KL",3,8,129
"Perkins GC",1,0,129
"Qi QJ",1,15,129
"Tognelli MF",4,25,129
"Dakhil MA",6,15,128
"de Pous P",5,4,128
"Frederico RG",5,12,128
"Howell KL",4,34,128
"Lawing AM",3,30,128
"Lentini PE",3,24,128
"Nameer PO",7,4,128
"Ngarega BK",10,4,128
"Rassi Y",4,11,128
"Sáez L",2,46,128
"Yang L",7,0,128
"Young NE",7,4,128
"Beukes H",1,15,127
"Estes LD",1,15,127
"Graham MR",6,12,127
"Grieco J",2,10,127
"Hole DG",1,15,127
"Jayasinghe SL",1,26,127
"Jiang CX",3,0,127
"Lau M",1,15,127
"Lloret F",4,8,127
"Oppenheimer MG",1,15,127
"Schulze R",1,15,127
"Sexton JO",2,25,127
"Tadross MA",1,15,127
"Turner WR",1,15,127
"Villero D",3,6,127
"Alcaraz-Hernández JD",3,9,126
"Botello F",4,27,126
"Bouyer J",3,18,126
"Cuddington K",2,2,126
"Falcucci A",1,21,126
"Faleiro FV",2,8,126
"Gibson L",2,49,126
"Miaud C",1,21,126
"Molowny-Horas R",1,46,126
"Silva L",5,8,126
"Sobek-Swant S",2,2,126
"Stiels D",5,21,126
"Wang DJ",4,2,126
"Zalat S",4,24,126
"Benkendorf DJ",2,0,125
"Koch JB",4,10,125
"Liu XF",5,6,125
"Mateo R",1,0,125
"Mateo-Tomás P",1,0,125
"Niemitz F",1,12,125
"Olea PP",1,0,125
"Peterman WE",2,0,125
"Sánchez-Barbudo IS",1,0,125
"Zuanon J",2,12,125
"Amendolia S",1,0,124
"Brown C",2,27,124
"Gaiarsa S",1,0,124
"Genchi C",1,0,124
"Hu HJ",6,14,124
"Kim Y",3,0,124
"Liu YX",5,20,124
"Martínez-Capel F",3,9,124
"Mastrantonio V",1,0,124
"Otranto D",1,0,124
"Porretta D",1,0,124
"Urbanelli S",1,0,124
"Bargain A",3,8,123
"De Meyer M",1,0,123
"Fabri MC",3,8,123
"Mansell MW",1,0,123
"Mwaiko W",1,0,123
"Shi K",5,33,123
"Su SK",5,0,123
"Tsuruta K",1,0,123
"Vacik H",2,4,123
"Vayssières JF",1,0,123
"Wang WW",2,0,123
"Zhang ZX",8,5,123
"Coyer JA",1,39,122
"Davis RJ",4,15,122
"Gogina M",5,8,122
"Ji WH",2,23,122
"Salaman P",1,0,122
"Smolina I",1,39,122
"Zettler ML",5,8,122
"D'Alessandro P",4,23,121
"Fernández M",4,6,121
"González C",3,15,121
"Isselin-Nondedeu F",5,19,121
"Jiménez-Alfaro B",3,3,121
"Kwon YS",5,16,121
"Marcondes-Machado LO",1,0,121
"Thiombiano A",4,6,121
"Arcangeli A",4,11,120
"Arnillas CA",1,0,120
"Ashrafzadeh MR",3,6,120
"Ball SG",1,30,120
"Barber RA",1,30,120
"Cuesta F",1,0,120
"Fischer RA",3,10,120
"Jarvis A",1,0,120
"Morris RKA",1,30,120
"Peralvo M",1,0,120
"Acosta AL",2,9,119
"Butler CJ",7,20,119
"Cao CX",4,3,119
"Dicko AH",2,18,119
"Eguiarte LE",2,0,119
"Friedland KD",4,4,119
"Giannini TC",2,9,119
"Guerrini L",2,18,119
"Gábor L",5,18,119
"Laffan SW",2,31,119
"Melo GAR",2,24,119
"Moudry V",5,18,119
"Robinson JL",2,51,119
"Scott C",2,25,119
"Taylor CA",4,0,119
"Vreysen MJB",2,18,119
"Wang HY",5,0,119
"Esperon-Rodriguez M",3,15,118
"Heming NM",5,4,118
"Hosseini N",5,8,118
"Lancelot R",2,18,118
"Liang W",4,2,118
"Robinson OJ",1,17,118
"Stabach JA",2,20,118
"Zhao JP",6,0,118
"Alves-dos-Santos I",1,9,117
"Bawa KS",1,0,117
"Garófalo CA",1,9,117
"Imperatriz-Fonseca VL",1,9,117
"Saraiva AM",1,9,117
"Stigall AL",2,12,117
"Wang XG",1,42,117
"Wei YL",1,42,117
"Wilson AM",4,11,117
"Yuan HS",1,42,117
"Heumann BW",5,23,116
"Jakes A",1,0,116
"Kim SH",6,17,116
"Loucks C",1,0,116
"Low BW",1,44,116
"Lu YY",4,26,116
"Niyati N",1,0,116
"Rodda GH",1,0,116
"Shipley BR",2,0,116
"Tan HH",1,44,116
"Urban DL",1,0,116
"Ale SB",1,23,115
"Barnes MA",4,25,115
"Buckley TR",2,5,115
"Cabrelli A",1,31,115
"Cockfield G",1,23,115
"Couvreur TLP",1,18,115
"Deblauwe V",1,18,115
"DeWalt RE",1,51,115
"Droissart V",1,18,115
"Dye SR",1,13,115
"Elphick CS",1,20,115
"Graham E",1,31,115
"Hinz L",1,51,115
"Ingty T",1,23,115
"Leschen RAB",2,5,115
"Marske KA",2,5,115
"Matthee S",3,0,115
"Paton PWC",1,20,115
"Pessino M",1,51,115
"Pinnegar JK",1,13,115
"Qureshi Q",4,3,115
"Raubenheimer D",1,23,115
"Sanchez AC",2,15,115
"Shrestha S",1,23,115
"Sipko T",2,16,115
"Sonké B",1,18,115
"Steen VA",1,20,115
"Stévart T",1,18,115
"Tweddale T",1,51,115
"Verwaeren J",1,22,115
"Waegeman W",1,22,115
"Warren R",1,13,115
"Akhavan AA",3,11,114
"Lotze HK",2,10,114
"Nicholson E",2,0,114
"Snäll T",3,15,114
"Swinnen KRR",3,4,114
"Williams SE",2,25,114
"Wilson KL",2,10,114
"Atzeni L",2,33,113
"Bai DF",2,33,113
"Chen PJ",2,33,113
"Jetschke G",2,15,113
"Jácomo ATD",1,29,113
"Mukherjee A",6,14,113
"Santos T",1,29,113
"Silveira L",1,29,113
"Sunny A",6,7,113
"Tang SH",2,14,113
"Tôrres NM",1,29,113
"Verbruggen H",2,2,113
"Vogt M",2,2,113
"Wang D",8,9,113
"Zhu HY",2,40,113
"Buitenhuis ET",1,2,112
"Gruber N",1,2,112
"Kluza DA",1,0,112
"Le Quéré C",1,2,112
"Leblanc K",1,2,112
"Liu G",5,12,112
"Liu T",6,15,112
"Luo YW",1,2,112
"Lyons DB",1,0,112
"O'Brien CJ",1,2,112
"Payne MR",1,2,112
"Pedrini P",4,10,112
"Pereira JL",1,0,112
"Richardson DM",6,15,112
"Whitsed R",3,7,112
"Xie CP",8,0,112
"Zhang H",10,0,112
"Zhang XY",8,0,112
"Aravind NA",5,38,111
"Arroyo J",1,0,111
"Darabi H",1,0,111
"Fonta WM",1,18,111
"González-Vilas L",2,0,111
"Haghighi AT",1,0,111
"Haghizadeh A",1,0,111
"Hong SH",6,0,111
"Hortal J",1,21,111
"Lee YH",6,0,111
"Lefrançois T",1,18,111
"Lo M",1,18,111
"Moghaddam DD",1,0,111
"Montarsi F",5,7,111
"Nalivan OA",1,0,111
"Panahi M",1,0,111
"Peck SL",1,18,111
"Rodríguez-Sánchez F",1,0,111
"Sall B",1,18,111
"Seck MT",1,18,111
"Tiefenbacher J",1,0,111
"Amiri M",6,10,110
"Arpaci A",1,4,110
"Chen DD",1,0,110
"Cooper AR",2,4,110
"Downie AL",4,7,110
"Ellenbroek A",3,12,110
"Harvey E",2,20,110
"Infante DM",2,4,110
"Jayasilan MA",2,0,110
"Jönsson M",2,14,110
"Li XH",6,0,110
"Mair L",2,14,110
"Malowerschnig B",1,4,110
"Merckx B",1,50,110
"Monk J",2,20,110
"Prieto R",2,2,110
"Rattray A",2,20,110
"Sass O",1,4,110
"Silva MA",2,2,110
"Steyaert M",1,50,110
"Tobeña M",2,2,110
"Vanreusel A",1,50,110
"Veith M",4,17,110
"Versace VL",2,20,110
"Vincx M",1,50,110
"You C",1,0,110
"Bartlow AW",2,0,109
"Filbee-Dexter K",4,2,109
"Rhoden CM",1,0,109
"Zhu ZL",5,0,109
"Archambault P",2,6,108
"Avon C",1,22,108
"Brown CJ",4,1,108
"Duflot R",1,22,108
"Gaire NP",2,0,108
"Ghorbanpour M",4,5,108
"Naudiyal N",2,0,108
"Pramanik M",2,19,108
"Roche P",1,22,108
"Saura S",1,18,108
"Sánchez MCM",1,18,108
"Vavrus SJ",2,11,108
"Bograd S",1,8,107
"Brodie SJ",1,8,107
"Burns J",1,16,107
"Costa DP",1,16,107
"Friedlaender AS",1,16,107
"Halpin PN",1,16,107
"Holsman KK",1,8,107
"Johnston DW",1,16,107
"Kotwicki S",1,8,107
"Li YH",6,0,107
"Lindegarth M",3,4,107
"Possingham HP",3,0,107
"Samhouri JF",1,8,107
"Shang YR",1,22,107
"Willis-Norton E",1,8,107
"Zurell D",3,4,107
"Akyol A",4,16,106
"Bischof R",1,0,106
"Botella C",2,0,106
"de Bie CAJM",3,18,106
"Dech S",1,0,106
"Fang YQ",2,2,106
"Garcia K",1,31,106
"Gulden G",1,33,106
"Hesse D",1,0,106
"Ines A",1,31,106
"Kauserud H",1,33,106
"Lasco R",1,31,106
"Li H",5,0,106
"Lyon B",1,31,106
"Pulhin F",1,31,106
"Redpath S",1,0,106
"Sanderson J",1,0,106
"Sebastian A",1,0,106
"Shapiro AC",1,0,106
"Slatculescu AM",3,11,106
"Sunarto S",1,0,106
"Tan HJ",3,0,106
"Traeholdt C",1,0,106
"Wollan AK",1,33,106
"Adibi MA",1,0,105
"Cuena-Lombraña A",3,34,105
"Filipe AF",2,9,105
"Granado-Lorencio C",1,0,105
"Grehan AJ",1,25,105
"Han RL",1,0,105
"Hull V",1,23,105
"Manjarrés-Hernández A",1,0,105
"Murillo FJ",5,5,105
"Pelayo-Villamil P",1,0,105
"Rengstorf AM",1,25,105
"Shortridge A",1,23,105
"Taktehrani A",1,0,105
"Vaamonde A",1,0,105
"Vari RP",1,0,105
"Villarino E",2,6,105
"Wang FY",1,0,105
"Wei FG",1,0,105
"Wei MT",1,0,105
"Xia PG",1,0,105
"Zhan P",2,0,105
"Bellamy CC",2,0,104
"Devillers R",3,4,104
"Dossou-Yovo ER",2,0,104
"Jung S",7,25,104
"Li SH",4,2,104
"Livdahl T",2,28,104
"Ponce-Reyes R",2,0,104
"Yaghoobi-Ershadi MR",3,0,104
"Yu H",3,1,104
"Hamilton SK",2,10,103
"Huntley JW",2,24,103
"Jacobi CM",2,10,103
"Keena MA",2,16,103
"Kreyling J",1,12,103
"Loy A",3,9,103
"Matthee CA",2,0,103
"Naimi B",11,15,103
"Nawaz Z",1,29,103
"O'Neill G",1,12,103
"Oliveira MD",2,10,103
"Oney B",1,12,103
"Rangel EF",2,0,103
"Schmitt J",2,5,103
"Cabello J",2,14,102
"Collins DP",2,36,102
"Costa H",3,14,102
"Dietz R",3,23,102
"Hill MP",4,15,102
"Hoffmann AA",4,15,102
"Kosicki JZ",5,15,102
"Morisette J",4,17,102
"Teilmann J",3,23,102
"Attorre F",6,5,101
"Carranza ML",2,9,101
"Cordellier M",1,16,101
"Gao Y",7,4,101
"Jenkins TAR",1,11,101
"Malone JB",4,10,101
"Mathis M",2,7,101
"Pfenninger M",1,16,101
"Pohlmann T",2,7,101
"Rasmussen K",2,0,101
"Reddy CS",5,23,101
"Roscioni F",2,9,101
"Sen S",3,33,101
"Weinert M",2,7,101
"Barrio-Anta M",3,0,100
"Castellanos AA",3,24,100
"Chen RD",1,0,100
"Halmy MWA",10,7,100
"Jim CY",6,0,100
"Kuhn T",2,0,100
"Kujala H",3,8,100
"López-Sánchez CA",3,0,100
"Oliva M",5,4,100
"Solhjouy-fard S",2,0,100
"Vatandoost H",6,13,100
"Wang GY",7,1,100
"Wang LK",1,0,100
"Zhao HX",3,0,100
"Atzberger C",4,7,99
"Bigg GR",1,3,99
"Bonneaud C",1,5,99
"Buhl-Mortensen P",3,0,99
"Bécares J",2,6,99
"Cameron A",3,12,99
"Chasar A",1,5,99
"Cunningham CW",1,3,99
"Deneu B",2,0,99
"Flores-Villela O",1,0,99
"Garonna AP",1,33,99
"Greenlaw ME",1,2,99
"Iezhova T",1,5,99
"Incze LS",1,2,99
"Jackson CR",2,28,99
"Lawton P",1,2,99
"Loiseau C",1,5,99
"Navarro-Sigüenza AG",2,0,99
"Ottersen G",1,3,99
"Pogson GH",1,3,99
"Sameoto JA",1,2,99
"Sehgal RNM",1,5,99
"Sepil I",1,5,99
"Smith SJ",1,2,99
"Snelgrove PVR",1,2,99
"Urbina-Cardona JN",1,0,99
"Valkiunas G",1,5,99
"Wadley MR",1,3,99
"Wei CL",1,2,99
"Williamson P",1,3,99
"Wolff NH",1,2,99
"Ahmadi K",7,0,98
"Ahrends A",1,0,98
"Buhl-Mortensen L",2,0,98
"Cha Y",1,0,98
"Ding F",2,8,98
"Go B",1,0,98
"Gugger PF",3,0,98
"Guo K",4,7,98
"Guo QH",4,20,98
"Hollingsworth PM",1,0,98
"Iannella M",3,0,98
"Jaffré T",1,0,98
"Kim T",1,0,98
"L'Huillier L",1,0,98
"Ogden NH",2,11,98
"Oke OA",1,32,98
"Radinger J",2,2,98
"Ross RE",2,28,98
"Schidelko K",4,16,98
"Shin J",1,0,98
"Veillon JM",1,0,98
"Wang CY",5,1,98
"Wulff AS",1,0,98
"Chaskovskyy O",1,15,97
"Davis RA",3,21,97
"Del Valle SY",1,0,97
"Eklöv P",1,3,97
"Fair JM",1,0,97
"González-Fernández A",4,5,97
"Gorris ME",1,0,97
"Halada L",1,15,97
"Hashim M",2,0,97
"Kabo-bah AT",2,0,97
"Kaufeld KA",1,0,97
"Kruhlov I",1,15,97
"Li SL",3,19,97
"Lu ZZ",1,8,97
"Manore CA",1,0,97
"McKelvey KS",2,3,97
"Molloy SW",3,21,97
"Murwira A",7,13,97
"Numata S",2,0,97
"Ohmann JL",2,11,97
"Ostapowicz K",1,15,97
"Sandström A",1,3,97
"Santiago-Alarcon D",1,0,97
"Shutt DP",1,0,97
"Sun YH",6,20,97
"Suzuki-Ohno Y",3,2,97
"Temple SD",1,0,97
"van Etten EJB",3,21,97
"Wakie TT",1,8,97
"Zhang YB",5,8,97
"Zhao X",2,29,97
"Clements GR",3,27,96
"Edrén SMC",1,23,96
"Fieberg J",2,7,96
"Guo JH",4,0,96
"Lee DK",3,20,96
"Liu YH",4,0,96
"Magliozzi C",2,12,96
"Nielsen CK",4,9,96
"Pagano P",2,12,96
"Pie MR",3,13,96
"Söderkvist J",1,23,96
"Yousefi M",6,11,96
"Barták V",3,18,95
"Hamilton H",3,5,95
"Hof AR",4,12,95
"Moghadam MS",1,25,95
"Rodrigues M",3,16,95
"Suárez-Mota ME",7,0,95
"Carleton SA",1,36,94
"Chapman DS",2,18,94
"Coxen CL",1,36,94
"Edinger EN",3,1,94
"Gutiérrez EE",4,1,94
"Kamino LHY",2,24,94
"Kumar M",6,15,94
"Li XL",4,3,94
"Meyer ALS",2,13,94
"Newbold T",2,24,94
"Stanton-Geddes J",1,5,94
"Tracy JL",5,10,94
"Vilas LG",2,13,94
"De Clerck O",2,0,93
"Ding LK",2,0,93
"Dominiak BC",2,0,93
"Haque U",2,8,93
"Kafash A",6,11,93
"Kim HJ",3,0,93
"Riordan EC",2,8,93
"Royer JE",2,0,93
"Ruggieri L",2,0,93
"Song JW",6,0,93
"Sultana S",2,0,93
"Tian YJ",3,0,93
"Belton GS",1,0,92
"Chen GS",1,0,92
"Esque T",1,0,92
"Freer JJ",2,7,92
"He YL",1,0,92
"Illoldi-Rangel P",3,2,92
"Inman R",1,0,92
"Ma JM",1,0,92
"Madani N",2,1,92
"Martin Y",1,9,92
"Mineur F",1,0,92
"Nazeri M",2,1,92
"Nussear K",1,0,92
"Sutton LJ",7,26,92
"Tarling GA",2,7,92
"Titeux N",1,9,92
"Tyberghein L",1,0,92
"Van Dyck H",1,9,92
"Vanwambeke SO",4,1,92
"Wang LF",2,23,92
"Xu Y",4,1,92
"Aloise G",1,0,91
"Bach K",1,0,91
"Barajas-Barbosa PM",1,0,91
"Beukema W",3,4,91
"Bovero S",1,0,91
"Böhner J",2,0,91
"Fasola M",1,0,91
"Ingram SN",2,10,91
"Johnson TL",2,6,91
"Kessler M",1,0,91
"Kupfer JA",1,25,91
"Lehnert M",1,0,91
"Lei FM",2,4,91
"Li B",4,0,91
"Lioy S",1,0,91
"Loyola R",1,5,91
"Lucieer VL",2,1,91
"Luizza MW",3,5,91
"Ma LY",3,0,91
"Marques MCM",1,5,91
"Miller RH",1,0,91
"Padial AA",1,5,91
"Qu YH",2,4,91
"Rodríguez-Merino A",5,0,91
"Romeiras MM",3,0,91
"Santicchia F",1,0,91
"Schaefer CEGR",3,9,91
"Somer T",1,0,91
"Soria-Auza RW",1,0,91
"Tricarico E",1,0,91
"Zwiener VP",1,5,91
"Barrett B",1,41,90
"Burbidge A",1,41,90
"González-Salazar C",1,40,90
"Landmann T",6,2,90
"Li YX",5,10,90
"Mathur M",11,10,90
"Mathur P",11,10,90
"Mormede S",1,23,90
"Mutanga O",7,7,90
"Nevin OT",2,8,90
"Phillips RA",2,10,90
"Trabucco A",6,9,90
"Velasco JA",1,40,90
"Vierod ADT",1,22,90
"Wang ZH",4,5,90
"Zellmer AJ",3,10,90
"Zheng XQ",2,0,90
"Beeton NJ",3,12,89
"Liu SR",2,16,89
"Lu L",3,2,89
"Pairaud I",2,8,89
"Parra JL",4,6,89
"Taviani M",3,5,89
"Wilson JRU",3,14,89
"Ahmad H",1,0,88
"Ahmad S",9,0,88
"Brasseur S",1,7,88
"Carmel Y",3,18,88
"Cerasoli F",3,0,88
"Chen YY",4,0,88
"Cordes EE",2,25,88
"Fand BB",3,27,88
"Gilani H",1,0,88
"Goheer MA",1,0,88
"Hussain K",1,0,88
"Hutto RL",1,11,88
"McDaniel PM",2,17,88
"Miller A",1,0,88
"Monahan WB",2,8,88
"Morán-Ordóñez A",1,0,88
"Pallentin A",1,0,88
"Potts SG",2,7,88
"Rawat GS",3,9,88
"Rocchini D",5,14,88
"Rota CT",1,11,88
"Scherrer D",2,19,88
"Schipper AM",2,21,88
"Serra-Diaz JM",3,6,88
"Torres LG",2,15,88
"Voelker G",1,23,88
"Walsh SJ",2,17,88
"Wang SQ",6,0,88
"Wang Y",12,12,88
"Xu X",4,0,88
"Arcos JM",1,6,87
"Barnikel G",1,9,87
"Ben Salah A",1,0,87
"Benie GB",1,0,87
"Chaiyos J",3,16,87
"Chalghaf B",1,0,87
"Chemkhi J",1,0,87
"Conoscenti C",1,3,87
"Davis AY",2,1,87
"Dayal K",1,3,87
"Deo RC",1,3,87
"Dirksen JW",1,30,87
"Gobakken T",1,30,87
"Gräwe U",2,4,87
"Harrabi M",1,0,87
"He H",2,31,87
"Herkt KMB",1,9,87
"Jiang JM",3,10,87
"Kong F",1,31,87
"Kornejady A",1,3,87
"Li ZX",5,24,87
"Lin J",5,0,87
"Lombardo L",1,3,87
"Mayala B",1,0,87
"Michael E",1,0,87
"Minor ES",2,1,87
"Næsset E",1,30,87
"Ohlson M",1,30,87
"Pratumchart K",3,16,87
"Rodríguez B",1,6,87
"Ruiz A",1,6,87
"Safi K",3,0,87
"Samadi M",1,3,87
"Santos MJ",2,24,87
"Suwannatrai K",3,16,87
"Taghizadeh-Mehrjardi R",1,3,87
"Tang L",1,31,87
"Thinkhamrop K",3,16,87
"Wang B",5,5,87
"Wang QG",4,11,87
"Wang WC",1,31,87
"Wu ZF",1,13,87
"Yang FX",1,31,87
"Yang XF",1,13,87
"Zhang YL",4,13,87
"Abrha H",3,9,86
"Ashcroft MB",2,13,86
"Ashraf U",2,0,86
"Borges-Martins M",2,0,86
"Chakraborti S",1,19,86
"Chaudhry MN",2,0,86
"Deb P",1,19,86
"Hassan AN",2,0,86
"Hothorn T",2,7,86
"Hu JL",3,1,86
"Huang LY",2,8,86
"Huang TT",3,0,86
"Johnson CN",1,22,86
"Larbes S",2,24,86
"Lemoine NP",2,1,86
"Li WK",2,15,86
"Liang L",3,22,86
"Low-Choy S",2,0,86
"Mackey B",2,0,86
"Mondal B",1,19,86
"Mukaratirwa S",2,4,86
"Paudel U",1,19,86
"Singh M",6,8,86
"Teodoro AC",5,4,86
"Thompson AR",2,8,86
"Virgós E",2,0,86
"Wang GB",4,0,86
"Watson I",2,16,86
"Abdel-Dayem MS",3,0,85
"Ballesteros-Barrera C",3,2,85
"Cayuela L",2,19,85
"Coops NC",4,9,85
"Fernández-Zamudio R",4,0,85
"García-Murillo P",4,0,85
"Lenoir J",2,6,85
"Li ZF",4,1,85
"Liu YJ",3,0,85
"Trisurat Y",3,19,85
"Wang H",7,12,85
"Wang WF",3,0,85
"Zhang WY",3,8,85
"Ahmad SR",1,0,84
"Ashraf I",1,0,84
"Cannon CH",1,15,84
"Chen WY",1,15,84
"Cho Y",2,10,84
"De Clercq EM",3,7,84
"Fiaboe KKM",1,4,84
"Fitzgerald LA",4,1,84
"Jentsch A",3,22,84
"Jerde CL",2,23,84
"Jhala YV",2,0,84
"Kairo MTK",1,4,84
"Lodge DM",2,23,84
"McKindsey CW",3,7,84
"Reshetnikov AN",1,14,84
"Roda AL",1,4,84
"Scales KL",1,10,84
"Shen XB",2,0,84
"Sohl TL",1,0,84
"van Beest FM",5,0,84
"Wittmann ME",2,23,84
"Xue YD",2,0,84
"Yang Y",8,0,84
"Zhou ZK",1,15,84
"Bastos AD",1,0,83
"Belmain SR",1,0,83
"Brettschneider H",1,0,83
"Bystriakova N",2,22,83
"Chignell SM",3,5,83
"Contrafatto G",1,0,83
"Crimmins SM",1,27,83
"Das B",7,30,83
"Dobrowski SZ",1,27,83
"Downs S",1,0,83
"Dudaniec RY",1,1,83
"Dudley JG",3,20,83
"Figueira R",1,34,83
"Hansson B",1,1,83
"Jia ZK",2,0,83
"Kirsten F",1,0,83
"Lancaster LT",1,1,83
"Latif QS",3,20,83
"Lesmeister DB",5,5,83
"Li S",4,0,83
"Menezes R",1,34,83
"Mostert E",1,0,83
"Mynsberge AR",1,27,83
"Nair D",1,0,83
"Ouédraogo A",4,1,83
"Peñas J",2,32,83
"Ready PD",2,2,83
"Saab VA",3,20,83
"Sang ZY",2,0,83
"Sousa AJ",1,34,83
"Stensgaard AS",3,11,83
"Svensson EI",1,1,83
"Sérgio C",1,34,83
"van Hooft P",1,0,83
"von Maltitz E",1,0,83
"Yin Q",2,0,83
"Bertrand R",4,17,82
"Corley JC",2,9,82
"Dai CY",1,2,82
"Goncalves E",2,1,82
"Kenchington E",4,5,82
"Lantschner MV",2,9,82
"Li L",5,6,82
"Liu J",12,3,82
"Liu X",4,0,82
"Lombraña AC",1,30,82
"Ma XW",1,0,82
"McKay BD",1,2,82
"Pasquet E",1,2,82
"Peng HB",1,0,82
"Poti M",3,10,82
"Santana F",1,0,82
"Shan JR",1,0,82
"Song G",1,2,82
"Velásquez G",2,1,82
"Wang LY",3,8,82
"Yang XJ",1,2,82
"Zhang RY",1,2,82
"Zhao N",1,2,82
"Aguiar LMS",2,2,81
"Birhane E",4,9,81
"Bonada N",1,9,81
"Côrtes LG",1,0,81
"da Mata RA",1,0,81
"De Wever A",1,9,81
"du Toit N",1,0,81
"Freyhof O",1,9,81
"Jansson R",1,12,81
"Kumar D",5,7,81
"Kéry M",3,0,81
"Liu GL",5,0,81
"Markovic D",1,9,81
"Nie SM",4,12,81
"Nilsson C",1,12,81
"Pletterbauer F",1,9,81
"Ramampiandra EC",1,0,81
"Salas L",3,0,81
"Scheidegger A",1,0,81
"Schmutz S",1,9,81
"Schuwirth N",1,0,81
"Shedd W",2,20,81
"Souza PGC",10,4,81
"Suchant R",1,17,81
"Tidon R",1,0,81
"Tisseuil C",1,9,81
"van Vuuren BJ",1,0,81
"Wang C",5,1,81
"Wydler J",1,0,81
"Younas M",1,0,81
"Brewer SK",2,11,80
"Bryn A",2,25,80
"Busch JD",1,0,80
"Davey RB",1,0,80
"Giles JR",1,0,80
"Kammlah DM",1,0,80
"Li DX",3,24,80
"Li ZG",3,3,80
"Liu DG",3,24,80
"Liu DW",5,0,80
"Lohmeyer KH",1,0,80
"Olafson PU",1,0,80
"Pound JM",1,0,80
"Scoles GA",1,0,80
"Sun X",4,0,80
"Wagner DM",1,0,80
"Wang GM",2,17,80
"Worthington TA",2,11,80
"Wu KN",3,0,80
"Wu LJ",2,3,80
"Angelstam P",1,8,79
"Angerbjörn A",1,29,79
"Baskin L",1,8,79
"Chemura A",2,0,79
"Chikurova E",1,8,79
"Esmaeili A",1,0,79
"Gueta T",2,18,79
"Kalantar B",1,0,79
"Kerr JT",3,11,79
"Khoyetskyy P",1,8,79
"Kozlo P",1,8,79
"Liu HY",6,19,79
"Morrison WR III",3,2,79
"Moura AE",1,6,79
"Parnikoza I",1,8,79
"Pliscoff P",2,14,79
"Poitevin F",1,29,79
"Ranc N",1,29,79
"Ribeiro MC",3,8,79
"Rodrigues A",1,6,79
"Rondinini C",1,29,79
"Ryan SJ",4,6,79
"Tehrany MS",1,0,79
"Wu Y",5,1,79
"Xu DP",8,0,79
"Bahman AR",1,0,78
"Batllori E",2,8,78
"Borgemeister C",4,2,78
"Briscoe NJ",3,11,78
"Chen JJ",3,0,78
"Fidelis EG",5,9,78
"Hao SH",2,0,78
"He J",4,0,78
"Hefley TJ",3,5,78
"Jiang J",6,0,78
"Jusoff K",1,0,78
"Lozier JD",2,15,78
"Ma JL",2,0,78
"Mahmud AR",1,0,78
"Manjarrez J",4,0,78
"Navarro MAP",2,8,78
"Schmidt NM",3,0,78
"Smith AB",2,24,78
"Sun PS",2,17,78
"Sun YJ",1,0,78
"Timilsina S",2,6,78
"Ye XZ",2,0,78
"Yuan XZ",1,0,78
"Zhao JC",2,0,78
"Zhuo ZH",7,0,78
"Bocher PK",2,7,77
"Boyle WK",1,0,77
"Castro-Arellano I",1,0,77
"Chakravarthi V",2,0,77
"de León AAP",1,0,77
"Dergunova N",3,2,77
"Donaldson TG",1,0,77
"Girardello M",2,2,77
"Hargrove R",1,0,77
"Husband BC",1,2,77
"Joshi PK",2,0,77
"Kaliontzopoulou A",2,18,77
"Li AI",1,0,77
"Lopez JE",1,0,77
"Maherali H",1,2,77
"Mohamed SA",6,9,77
"Müller J",2,6,77
"Nagy ZT",2,3,77
"Orsted IV",1,11,77
"Orsted M",1,11,77
"Osipov F",3,2,77
"Petrosyan V",3,2,77
"Ramachandran RM",2,0,77
"Sanjay J",2,0,77
"Shao WH",2,10,77
"Skinner MA",1,9,77
"Talbert C",2,12,77
"Talbert M",2,12,77
"Teel PD",1,0,77
"Vences M",2,3,77
"Wilder HK",1,0,77
"Wozniak E",1,0,77
"Yin WW",2,8,77
"Zhang QZ",4,0,77
"Alvarez LJ",1,14,76
"Campos JC",6,2,76
"Charre-Medellín JF",3,0,76
"Daly C",1,9,76
"Du S",2,5,76
"Duarte M",1,0,76
"Edwards EJ",1,3,76
"Foster SD",1,9,76
"García-Rangel S",1,0,76
"Gutiérrez JM",3,20,76
"Herrera I",1,0,76
"Jeon SW",4,10,76
"Kantzoura V",4,13,76
"Kouam MK",4,13,76
"Lampo M",1,0,76
"Li GQ",2,5,76
"Lucia M",1,14,76
"Machete M",1,0,76
"Pau S",1,3,76
"Sampaio I",2,0,76
"Sarà G",2,0,76
"Scardi M",3,0,76
"Sharma GP",1,0,76
"Smith JA",2,6,76
"Still CJ",1,3,76
"Stoklosa J",1,9,76
"Thapa A",3,0,76
"Theodoropoulos G",4,13,76
"Arbizu PM",2,9,75
"Brix S",2,9,75
"Descombes P",2,4,75
"Gelviz-Gelvez SM",2,0,75
"Guan JY",3,0,75
"Haq SM",5,0,75
"Herremans M",2,0,75
"Jafari R",2,0,75
"Karami P",6,8,75
"Karger DN",2,4,75
"Kolanowska M",6,5,75
"Li JM",4,0,75
"Litvinchuk SN",5,3,75
"Luchi N",1,27,75
"Maresi G",1,27,75
"Mariano-Neto E",1,16,75
"Orasi A",3,0,75
"Pena JCD",1,16,75
"Schnurr S",2,9,75
"Shi J",4,3,75
"Smeraldo S",1,27,75
"Svavarsson J",2,9,75
"Waheed M",6,0,75
"Wu JG",3,0,75
"Zhang J",6,3,75
"Ahmed N",2,0,74
"Arshad F",5,0,74
"Carranza S",3,4,74
"Chapman D",1,11,74
"Charles B",9,9,74
"Derville S",1,14,74
"Enriquez-Urzelai U",1,3,74
"Flory AR",1,15,74
"Fly EK",2,3,74
"Garrigue C",1,14,74
"He K",2,1,74
"Hilbish TJ",2,3,74
"Iovan C",1,14,74
"Kalboussi M",3,13,74
"Nicieza AG",1,3,74
"Omar K",6,12,74
"Overholt WA",3,8,74
"Pescot OL",1,11,74
"Pirtle JL",2,5,74
"Reynolds LV",1,27,74
"Rognstad RL",2,3,74
"Roy HE",1,11,74
"Tang HJ",1,3,74
"Tanner R",1,11,74
"van Katwijk MM",2,12,74
"Verma S",3,2,74
"Wethey DS",2,3,74
"Wu WB",1,3,74
"Yang P",1,3,74
"Yu QY",1,3,74
"Zewdie W",2,0,74
"Zhang DA",1,0,74
"Andrew ME",5,11,73
"Auestad I",1,20,73
"Bellgrove A",1,20,73
"Boatman ND",1,5,73
"Carvalho BM",1,0,73
"Casanova C",2,2,73
"Casanova JL",2,2,73
"Challinor AJ",1,5,73
"Chunco AJ",3,0,73
"Coulson RN",3,9,73
"Crowe A",1,5,73
"De Sanctis M",4,1,73
"Endalew AM",1,5,73
"Fiechter J",2,6,73
"Garratt MP",1,5,73
"Gorla DE",2,0,73
"Gornott C",1,0,73
"Gómez D",2,2,73
"Jiang M",2,0,73
"Khoso AG",2,24,73
"Lappage MG",1,5,73
"Laurenson L",1,20,73
"Merino ML",2,5,73
"Qin CZ",2,4,73
"Qiu XP",1,0,73
"Quinn GP",1,20,73
"Record NR",2,19,73
"Rydgren K",1,20,73
"Salvador P",2,2,73
"Sanz J",2,2,73
"Schmidtlein S",2,10,73
"Somerwill KE",1,5,73
"Taratiel D",2,2,73
"Termansen M",1,5,73
"Tu WQ",1,0,73
"Tupper B",2,19,73
"Vale MM",1,0,73
"Wang GD",2,0,73
"Wang YJ",5,0,73
"Wang ZL",4,5,73
"Xue ZS",2,0,73
"Yalew AW",1,0,73
"Yu Z",1,16,73
"Zhang KL",3,11,73
"Zhang XD",1,16,73
"Zhong YH",2,0,73
"Allevato E",1,0,72
"Andrews KS",1,6,72
"Arroyo B",2,10,72
"Atif S",3,24,72
"Aubry KB",1,0,72
"Baloch MN",1,0,72
"Barnes CL",1,6,72
"Barnett LAK",1,6,72
"Bedia J",2,20,72
"Bonanomi G",1,0,72
"Brodie S",1,6,72
"Buil MP",1,6,72
"Carlucci R",5,10,72
"Chytry M",2,4,72
"Crozier LG",1,6,72
"de Paula RC",2,7,72
"Di Pasquale G",1,0,72
"Divísek J",2,4,72
"do Amaral KB",3,0,72
"Fiedler P",1,6,72
"Fredston A",1,6,72
"Harvey CJ",1,6,72
"Haseeb M",1,0,72
"Higgins SI",3,13,72
"Hochkirch A",2,7,72
"Holmes E",1,6,72
"Jacox MG",1,6,72
"Kaplan IC",1,6,72
"Karp MA",1,6,72
"Knouft JH",3,10,72
"Limiñana R",2,10,72
"Liu OR",1,6,72
"Lu XL",1,0,72
"Luo W",1,0,72
"Machado-Machado EA",1,0,72
"Malick MJ",1,6,72
"Manyangadze T",3,2,72
"Moeller P",1,0,72
"Moroni A",1,0,72
"Muhling BA",1,6,72
"Naretto S",2,1,72
"Naucke TJ",1,0,72
"Raley CM",1,0,72
"Richerson K",1,6,72
"Samhouri J",1,6,72
"Saracino A",1,0,72
"Seary R",1,6,72
"Shirzadi MR",2,0,72
"Strange JP",3,6,72
"Tommasi D",1,6,72
"Wang P",9,2,72
"Ward EJ",1,6,72
"Baxter PWJ",1,0,71
"Bista M",1,0,71
"Brandl R",1,6,71
"Butler AB",1,15,71
"Castedo-Dorado F",2,0,71
"Cui BC",1,0,71
"Cámara-Obregón A",2,0,71
"Drazen JC",1,11,71
"Duan SS",1,0,71
"Fan H",1,0,71
"Farrell A",1,15,71
"Fernandez M",3,6,71
"Godwin D",1,15,71
"Kelley C",1,11,71
"Knape J",1,10,71
"Kneib T",1,6,71
"Lejeune P",1,3,71
"Li MS",1,0,71
"Liu SY",3,5,71
"Lu BB",1,0,71
"Martin JA",1,15,71
"McClure CJW",4,18,71
"Mekki M",2,0,71
"Moore C",1,11,71
"Morelle K",1,3,71
"Moreno IB",2,0,71
"Newman SJ",1,11,71
"Radford BT",1,11,71
"Rush SA",1,15,71
"Saha A",2,9,71
"Scholte RGC",2,10,71
"Singer A",1,10,71
"Soilhi Z",2,0,71
"Su HY",1,0,71
"Thorup K",2,13,71
"van Zonneveld M",3,0,71
"Vogler RE",2,3,71
"Wang WT",6,0,71
"Willemoes M",2,13,71
"Zhang JL",3,17,71
"Ab Lah NZ",1,0,70
"Burkhardt E",5,2,70
"Castillo EB",2,0,70
"Fei SL",2,13,70
"Fiorentino D",2,9,70
"Liu Q",7,0,70
"López RS",2,0,70
"Pichler M",3,4,70
"Roberts DA",2,0,70
"Salim JM",1,0,70
"Tracey DM",2,21,70
"Yusop Z",1,0,70
"Zhang XF",4,0,70
"Almeida CE",1,0,69
"Baker R",1,0,69
"Bennett M",3,14,69
"Brito JC",4,25,69
"Brunel S",1,0,69
"Cering L",1,20,69
"Chimbari MJ",2,0,69
"Compton TJ",2,4,69
"Costa J",1,0,69
"Dalton DT",1,4,69
"Dornak LL",1,0,69
"Dupin M",1,0,69
"Eyre D",1,0,69
"García-Callejas D",1,0,69
"Ginzler C",2,9,69
"Greenbaum E",2,1,69
"Gutierrez A",1,4,69
"Harris L",2,1,69
"Holcombe T",2,15,69
"Jarosík V",1,0,69
"Jones JB",1,6,69
"Keremane ML",1,6,69
"Kusamba C",2,1,69
"Larkin DJ",4,2,69
"Makowski D",1,0,69
"Martin K",2,11,69
"Massawe DP",1,6,69
"Minsavage GV",1,6,69
"Mosomtai G",2,4,69
"Nieto NC",2,0,69
"Ning H",6,0,69
"Penner J",2,1,69
"Pergl J",1,0,69
"Ponti L",1,4,69
"Rastegar-Pouyani E",7,10,69
"Reynaud P",1,0,69
"Rödel MO",2,1,69
"Shimwela MM",1,6,69
"Valavanis VD",2,10,69
"von Numers M",2,8,69
"Wu HX",4,2,69
"Banerjee AK",3,6,68
"Blair ME",6,1,68
"Dagamac NHA",8,0,68
"DiTommaso A",2,19,68
"Engel MS",5,4,68
"Grimmett L",1,0,68
"Han WH",1,0,68
"He ZQ",1,26,68
"Horta A",1,0,68
"Huang X",5,0,68
"Ilyas O",2,4,68
"Jaeschke A",3,4,68
"Khwarahm NR",3,0,68
"Li ZH",5,0,68
"Lorite J",1,32,68
"Martinez-Ortega MM",1,32,68
"Muñoz LM",1,32,68
"Peng LF",1,26,68
"Qiao HJ",2,14,68
"Qin Z",2,19,68
"Ramiro-Sánchez B",2,1,68
"Ray D",5,20,68
"Song JY",1,0,68
"Sun Y",3,0,68
"Wall R",2,3,68
"Wang YL",6,0,68
"Zhang JE",2,19,68
"Zhou Y",5,16,68
"Ziegler T",7,8,68
"Abecasis D",2,1,67
"Adams-Hosking C",2,0,67
"Adhikari D",7,3,67
"Benalouache N",1,0,67
"Crego RD",2,8,67
"Cui XY",1,0,67
"Dimobe K",2,0,67
"Fan HH",1,0,67
"Grantham HS",2,0,67
"Griswold T",2,10,67
"Guo H",3,8,67
"Hou XY",3,4,67
"Idohou R",7,2,67
"Jacob J",4,20,67
"Kartesz J",2,7,67
"Kawata M",2,0,67
"Leirs H",2,4,67
"Li WL",1,9,67
"Liede-Schumann S",2,6,67
"Lippi CA",3,6,67
"Luan XF",3,0,67
"Marino J",3,14,67
"Martínez-López B",2,1,67
"Masocha VF",3,4,67
"Moss PT",2,0,67
"Na XD",1,9,67
"Niittynen P",1,2,67
"Rhodes JR",2,0,67
"Rizzolli F",1,8,67
"Saucède T",3,7,67
"Sayari N",1,0,67
"Scarponi P",1,6,67
"Sun JM",3,2,67
"Tattoni C",1,8,67
"Wang X",8,0,67
"Wauchope-Drumm M",2,11,67
"Wu CS",1,9,67
"Xu L",2,2,67
"Zang SY",1,9,67
"Zhang MZ",1,0,67
"Zhou HT",1,9,67
"Arruda DM",2,0,66
"Aziz SA",1,27,66
"Barber DG",1,6,66
"Berthold P",1,15,66
"Beumer LT",2,0,66
"Cao FL",2,0,66
"Cordeiro JLP",3,2,66
"Espinosa-Lucas A",1,22,66
"Fernandes EI",2,0,66
"Fiedler W",1,15,66
"Flores-Martínez JJ",1,22,66
"Gao S",7,1,66
"Garcia N",4,1,66
"Gschweng M",1,15,66
"Haddad NM",1,23,66
"Hageer Y",1,0,66
"Jobe RT",1,23,66
"Juárez-Jaimes V",1,22,66
"Kalko EKV",1,15,66
"Kawanishi K",1,27,66
"LaPolla JS",1,12,66
"Larson ER",5,0,66
"LeBrun EG",1,12,66
"Lukovich JV",1,6,66
"Mackay KA",1,21,66
"Maes D",3,3,66
"Magintan D",1,27,66
"Martínez-Salas E",1,22,66
"McDonald DL",1,12,66
"Ng WT",2,7,66
"Oi DH",1,12,66
"Palacios DM",2,0,66
"Rayan DM",1,27,66
"Stephenson F",4,5,66
"Tavera G",1,22,66
"Traeholt C",1,27,66
"Van Meerbeek K",2,2,66
"Wilson JW",1,23,66
"Yazi MFA",1,27,66
"Aiello-Lammens M",1,26,65
"Bonaccorso E",2,3,65
"Carnaval AC",2,2,65
"Freeman LA",1,0,65
"Haq N",1,9,65
"Hoffmann MH",1,0,65
"Huang JH",2,6,65
"Jantz P",3,0,65
"Jiali H",1,0,65
"Jose S",1,0,65
"Khan ML",4,2,65
"Kleypas JA",1,0,65
"Li GL",2,0,65
"Li YY",5,0,65
"Lucas TCD",2,5,65
"Mandle L",1,0,65
"Nguyen TQ",6,7,65
"Ning S",1,0,65
"Ning W",1,0,65
"Osborne PE",1,9,65
"Pandey B",2,15,65
"Peili S",1,0,65
"Pitman AJ",1,12,65
"Priti H",2,23,65
"Roubicek AJ",1,12,65
"Sillero-Zubiri C",2,14,65
"Singh A",5,11,65
"Vineer HR",3,0,65
"von Wettberg EJ",1,0,65
"Wilson P",1,12,65
"Wogan GOU",2,2,65
"Alonso-Sarría F",3,0,64
"Assmann T",2,4,64
"Bonaldo D",2,5,64
"Chaudhary A",2,0,64
"D'Addario M",3,5,64
"De Frenne P",1,2,64
"Drees C",2,4,64
"Du MX",1,15,64
"Ferro C",1,8,64
"Frimpong EA",3,12,64
"Giménez-Casalduero F",3,0,64
"Gomariz-Castillo F",3,0,64
"Gril E",1,2,64
"Haesen S",1,2,64
"Homburg K",2,4,64
"Huang J",3,12,64
"Kopecky M",1,2,64
"Lembrechts JJ",1,2,64
"Lessmann J",1,3,64
"Liao ZY",1,15,64
"Macek M",1,2,64
"Man M",1,2,64
"Masocha M",7,6,64
"McQuillan MA",1,7,64
"Mothes CC",2,9,64
"Pace DS",2,4,64
"Pan KW",1,15,64
"Paz A",1,8,64
"Ran JH",5,1,64
"Ran Z",1,0,64
"Rice AM",1,7,64
"Safaeian R",2,6,64
"Sarikaya AG",6,7,64
"Talora DC",3,3,64
"Tian XL",1,15,64
"Venette RC",2,11,64
"Wang KQ",1,15,64
"Wild J",1,2,64
"Wu XG",1,15,64
"Yue Z",1,0,64
"Zizka G",2,6,64
"Albuquerque FS",1,19,63
"Anenkhonov O",1,3,63
"Ardestani EG",2,10,63
"Berthon K",2,4,63
"Bezsmertna O",1,22,63
"Borchsenius F",1,0,63
"Boykin KG",2,6,63
"Campbell EE",1,0,63
"Cao WC",3,0,63
"Carnegie AJ",2,4,63
"Culek M",1,3,63
"Currie DJ",1,18,63
"Donaire D",2,4,63
"Erkens RHJ",1,22,63
"Escoriza D",3,4,63
"Flanders J",2,4,63
"Guzmán CT",4,4,63
"Janská V",1,3,63
"Korolyuk A",1,3,63
"Langer MR",2,3,63
"Lashchinskyi N",1,3,63
"Leighton PA",2,11,63
"Macgregor KA",2,2,63
"McGarvey DJ",3,15,63
"Mendoza E",2,9,63
"Morey AC",2,5,63
"Nel R",1,0,63
"Owens HL",3,12,63
"Peregrym M",1,22,63
"Pressey RL",2,5,63
"Rahmanian S",3,6,63
"Rawat S",4,3,63
"Saeedi H",2,0,63
"Savoie AM",2,2,63
"Schoeman D",1,0,63
"Shariati M",1,8,63
"Shen XL",3,0,63
"Siljander M",3,14,63
"Sripa B",3,10,63
"Thyrring J",1,0,63
"Venne S",1,18,63
"Yang YX",5,14,63
"Almeida-Cortez JS",1,23,62
"Awan MN",3,0,62
"Boonmars T",2,11,62
"Butterfield HS",2,13,62
"Capinha C",4,3,62
"Collins MA",1,5,62
"Couce E",1,7,62
"Cunningham HR",1,4,62
"de Souza RA",3,0,62
"Donaldson J",2,6,62
"Galvao C",2,0,62
"Gaut BS",2,0,62
"Genner MJ",1,5,62
"Hendy EJ",1,7,62
"Kleinschmit B",1,23,62
"Koch R",1,23,62
"Koehler PG",2,0,62
"Lee D",3,10,62
"Liu JC",3,11,62
"Maes J",2,5,62
"Matsui T",6,8,62
"Mills NJ",1,15,62
"Muscatello A",1,8,62
"Nguyen TT",5,5,62
"Oldeland J",3,12,62
"Partridge JC",1,5,62
"Pereira RM",2,0,62
"Pierce GJ",2,0,62
"Purohit S",2,14,62
"Rabelo RM",2,0,62
"Rawat N",2,14,62
"Ridgwell A",1,7,62
"Samy AM",4,5,62
"Shaanker RU",1,23,62
"Stoll S",2,4,62
"Terribile LC",2,19,62
"Thompson GD",1,13,62
"Tong RJ",2,18,62
"van den Elzen R",2,10,62
"Vitale M",2,1,62
"Yang HB",2,3,62
"Zengeya FM",5,5,62
"Zhang GF",4,13,62
"Zhang LJ",2,0,62
"Aguirre-Planter E",1,0,61
"Aranda SC",1,14,61
"Bandeira SO",1,0,61
"Bao CJ",2,1,61
"Bergsma A",2,0,61
"Burns P",2,0,61
"Cabral P",1,0,61
"Catarino S",1,0,61
"Charrua AB",1,0,61
"Christensen NL",1,2,61
"Cianci D",2,0,61
"Collie JS",1,0,61
"Conley AK",1,0,61
"Cuyckens GAE",7,8,61
"Flores GE",1,21,61
"Gad AM",1,0,61
"Goetz SJ",2,0,61
"Haddad N",1,0,61
"Hengl T",3,0,61
"Huang SL",3,8,61
"Jaramillo-Correa JP",1,0,61
"Jardine CM",3,0,61
"Kendell D",1,19,61
"Khatchikian C",1,19,61
"Langan JA",1,0,61
"Large SI",1,0,61
"Li JC",2,0,61
"Link JS",1,0,61
"Liu WD",2,1,61
"Marchioro CA",5,0,61
"Martínez-Méndez N",1,0,61
"Marvaldi AE",1,21,61
"Nakazawa Y",2,6,61
"Noll M",2,0,61
"Pavón NP",1,0,61
"Probst J",2,0,61
"Real R",3,11,61
"Roger E",2,9,61
"Roig-Juñent SA",1,21,61
"Ruiz-González A",1,14,61
"Schnitzler J",2,3,61
"Shi XY",4,0,61
"Smart LS",1,2,61
"Strube C",2,0,61
"Strugariu A",2,1,61
"Sun CK",2,1,61
"Tan JF",1,17,61
"Tsiftsis S",2,2,61
"Urra F",1,14,61
"van Lammeren R",2,0,61
"Vergara M",1,14,61
"Wang ZZ",5,0,61
"Watson RA",1,0,61
"Yousefkhani SSH",10,10,61
"Yu HY",3,1,61
"Zhao R",2,0,61
"Abade L",1,2,60
"Bach R",1,0,60
"Denoël M",3,5,60
"Dickman AJ",1,2,60
"Dilkina B",1,0,60
"Do Y",1,0,60
"Ebrahimi A",3,1,60
"Foley JE",2,0,60
"García-Viñas JI",1,18,60
"Gastón A",1,18,60
"Long ZX",2,0,60
"Magalhaes MR",2,12,60
"Malekian M",4,12,60
"Marcantonio M",2,0,60
"Mohammed S",2,7,60
"Mustika PLK",3,4,60
"Norris D",1,23,60
"Park Y",4,0,60
"Pascoe EL",2,0,60
"Putra MIH",3,4,60
"Ramsey AD",1,0,60
"Rossiter SJ",1,1,60
"Rosso M",4,1,60
"Saikia P",3,4,60
"Sharma N",4,9,60
"Stevenson-Holt CD",1,0,60
"Strathearn H",1,0,60
"Sung S",1,10,60
"Urbani F",1,23,60
"Wang JY",3,0,60
"Wang LJ",5,0,60
"Wang N",5,0,60
"Watts K",1,0,60
"Worthy TH",2,7,60
"Zeng Q",3,0,60
"Zhang HT",4,0,60
"Zhang SY",3,1,60
"Zhang ZW",4,2,60
"Alavalapati J",1,21,59
"Batsaikhan ME",1,0,59
"Clark M",1,0,59
"da Rocha PLB",1,2,59
"DeMatteo KE",1,12,59
"Dubayah R",1,0,59
"Feilhauer H",2,8,59
"Finckh M",1,12,59
"Gebreslasie M",2,0,59
"Godefroid M",3,7,59
"Hancock S",1,0,59
"Heydari M",3,0,59
"Hoskin CJ",4,7,59
"Indree T",1,0,59
"Ishii HS",1,13,59
"Ito S",3,0,59
"Jin K",1,0,59
"Jin Z",2,13,59
"Kadoya T",1,13,59
"Karami O",3,0,59
"Kikuchi R",1,13,59
"Leland D",1,0,59
"Li XF",4,0,59
"Li XQ",2,6,59
"Mirhashemi H",3,0,59
"Nyamjav J",1,0,59
"Porembski S",2,0,59
"Porto TJ",1,2,59
"Ribeiro MM",5,0,59
"Roque N",5,0,59
"Rupprecht F",1,12,59
"Sapes G",2,6,59
"Shi ZM",1,0,59
"Skowronek S",2,8,59
"Suda S",1,13,59
"Sun G",1,0,59
"Van Doninck J",4,7,59
"Wang ZQ",4,10,59
"Washitani I",1,13,59
"Williams S",2,3,59
"Wolter C",1,2,59
"Wu RS",1,18,59
"Xavier JR",2,0,59
"Xiao WF",1,0,59
"Xu WM",2,0,59
"Acharya BK",2,0,58
"Ayebare S",2,4,58
"Barker GM",1,4,58
"Barragán-Torres F",3,0,58
"Bisht MPS",2,5,58
"Blank L",2,9,58
"Bloom TDS",1,6,58
"Boral D",3,1,58
"Bridge TCL",1,5,58
"Burgos JM",1,0,58
"Campbell LP",4,5,58
"DeChaine EG",1,6,58
"Flores J",3,0,58
"Flower A",1,6,58
"Forster S",2,2,58
"Fulford R",1,5,58
"Hamelin RC",1,16,58
"Hansen EM",1,6,58
"Hendon JM",1,5,58
"Hendrixson BE",3,5,58
"Hill NJ",1,5,58
"Hoffmayer ER",1,5,58
"Hufford MB",1,0,58
"Kanaskie A",1,6,58
"Li CY",2,8,58
"Li JQ",3,0,58
"Li MM",2,0,58
"Li YF",7,6,58
"McKinney JA",1,5,58
"Moktan S",3,1,58
"Niu JF",4,0,58
"Olafsdóttir SH",1,0,58
"Pepperell JG",1,5,58
"Pinedo-Alvarez C",3,0,58
"Prugh LR",1,13,58
"Ragnarsson SA",1,0,58
"Richards AL",3,6,58
"Roe AD",1,16,58
"Skagseth O",1,0,58
"Sork VL",2,0,58
"St John HK",3,6,58
"Steingrund P",1,0,58
"Tenaillon MI",1,0,58
"Tobin AJ",1,5,58
"Wang ZS",2,0,58
"Westphal M",1,13,58
"Adehan S",2,0,57
"Armstrong EM",1,19,57
"Assogbadjo AE",4,1,57
"Bar ME",1,0,57
"Bo W",1,13,57
"Bridger E",1,19,57
"Cai YP",1,16,57
"Casajus N",2,4,57
"Ceccato P",1,0,57
"Chala D",3,5,57
"Cui BH",1,13,57
"Du QL",1,0,57
"Ermgassen PSEZ",1,9,57
"Estrada-Peña A",2,0,57
"Ferreira JBC",1,0,57
"Filazzola A",2,10,57
"Ganglo JC",3,15,57
"Goulson D",2,12,57
"Gu CJ",1,13,57
"Guan DX",1,0,57
"Jay-Robert P",2,16,57
"Kerr LA",1,19,57
"Lee G",2,0,57
"Li ZW",1,16,57
"Liu LS",1,13,57
"Liu ZW",1,23,57
"Ma LQ",1,0,57
"Madder M",2,0,57
"Mills KE",1,19,57
"Naeem M",4,15,57
"Pershing AJ",1,19,57
"Rashki A",2,0,57
"Rosa AF",1,0,57
"Schirone B",1,16,57
"Sutton GF",4,4,57
"Tu YL",1,13,57
"Vega R",2,8,57
"Vessella F",1,16,57
"Whittingham MJ",3,11,57
"Wunder MB",2,1,57
"Xia SX",3,4,57
"Yan S",1,0,57
"Yang YJ",1,23,57
"Yu HB",1,13,57
"Yu XB",3,4,57
"Zhang BH",1,13,57
"Zhuoga YJ",1,13,57
"Aidoo OF",6,4,56
"Akhter S",2,27,56
"Anderson DL",4,13,56
"Antonucci A",1,0,56
"Azzolin M",2,7,56
"Bi P",1,8,56
"Bornschein MR",2,4,56
"Carafa M",1,0,56
"Ciaschetti G",1,0,56
"Claisse JT",1,0,56
"Clements ACA",1,8,56
"Falco R",2,5,56
"Fierer N",1,0,56
"Fitzgibbon A",1,0,56
"Fleisher D",1,0,56
"Gao XY",3,4,56
"González JDV",4,13,56
"Hodgson L",2,8,56
"Hoffert M",1,0,56
"Hu WB",1,8,56
"Huang XL",2,17,56
"James CS",2,8,56
"Jayahari KM",1,21,56
"Kaszta Z",4,0,56
"Khanal L",2,0,56
"Kwon TS",2,0,56
"Larsen AE",2,3,56
"Leronni V",1,6,56
"Li XY",9,1,56
"MacDonald AJ",2,3,56
"Macic V",2,0,56
"Magalhaes RJS",1,8,56
"Maharjan SK",3,3,56
"Mairota P",1,6,56
"Niño-García JP",1,0,56
"O'Neill C",2,3,56
"Padgett KA",2,3,56
"Pisut D",1,0,56
"Pondella DJ",1,0,56
"Rafizadeh S",2,11,56
"Ramoneda J",1,0,56
"Ribeiro LF",2,4,56
"Sathyakumar S",2,11,56
"Schwab S",1,0,56
"Sen M",1,21,56
"Sereewong C",2,11,56
"Sofizadeh A",4,12,56
"Sony RK",1,21,56
"Sotomayor DA",2,3,56
"Stadler M",1,0,56
"Stallard-Olivera E",1,0,56
"Stojanovic D",2,7,56
"Sun HL",1,8,56
"Sun YS",1,8,56
"Suwannatrai AT",2,11,56
"Tong SL",1,8,56
"Vargas FH",5,13,56
"Wang Q",5,2,56
"Wang YZ",3,8,56
"Wedding LM",2,1,56
"Westinga E",1,0,56
"Whitford AM",1,0,56
"Williams CM",1,0,56
"Winfrey CC",1,0,56
"Wongsaroj T",2,10,56
"Zhu ZX",2,0,56
"Acevedo P",3,1,55
"Athar M",1,0,55
"Bai WK",2,3,55
"Besnard A",1,16,55
"Broennimann O",2,0,55
"Byeon DH",6,15,55
"Carniel S",2,5,55
"Ceccarelli S",2,3,55
"Dubos N",2,17,55
"Foglini F",2,5,55
"Gnoumou A",1,0,55
"Goetze D",1,0,55
"Gregory MJ",2,5,55
"Henderson EB",2,5,55
"Hertzog LR",1,16,55
"Kueppers LM",2,1,55
"Lee CM",1,0,55
"Luitel H",1,0,55
"Mainali K",1,0,55
"Malavasi M",2,9,55
"Monterrubio-Rico TC",3,0,55
"Mota-Vargas C",3,0,55
"Nacoulma BMI",1,0,55
"Naeem S",1,0,55
"Nakashizuka T",2,0,55
"Nasab FK",4,17,55
"Ni J",4,0,55
"Nyiraneza C",1,11,55
"Odindi J",4,2,55
"Ouédraogo K",1,0,55
"Palmeirim JM",2,4,55
"Pandit S",1,0,55
"Politis GG",1,1,55
"Prates L",1,1,55
"Singh PB",1,0,55
"Soucy JPR",1,11,55
"Stein K",1,0,55
"Subedi N",2,0,55
"Tarabon S",2,3,55
"Traoré L",1,0,55
"Usio N",1,0,55
"van Aarde RJ",2,1,55
"Wang QF",3,4,55
"Wu S",2,0,55
"Zhang YZ",3,1,55
"Zhou CQ",2,3,55
"Zhou ZX",1,0,55
"Alirio J",1,0,54
"Amarnath G",1,22,54
"Anand V",1,0,54
"Angeletti L",1,5,54
"ArchMiller AA",1,2,54
"Asner GP",2,5,54
"Atickem A",5,0,54
"Babar S",1,22,54
"Bartholomay LC",1,0,54
"Bogaerts S",2,6,54
"Bove P",5,1,54
"Bucas M",2,6,54
"Calkins MT",2,5,54
"Carreiro-Silva M",1,0,54
"Cassini R",2,7,54
"Cleland J",1,0,54
"de Almeida PS",2,0,54
"DeGroote JP",1,0,54
"Dhiman RC",2,0,54
"Djordjevic V",1,0,54
"Drigo M",2,7,54
"Elle O",1,5,54
"Enríquez E",1,0,54
"Esteve MA",2,6,54
"Fernandes RF",1,13,54
"Fieberg JR",1,2,54
"Firkowski CR",1,4,54
"Forester JD",1,2,54
"Harris DJ",1,18,54
"Harvey J",2,1,54
"Henry LA",1,0,54
"Huang WJ",5,0,54
"Jiang F",4,0,54
"Johnson DH",1,2,54
"Kazanidis G",1,0,54
"Kjelgren R",1,13,54
"Larson SR",1,0,54
"Maglietta R",3,7,54
"Martínez-López O",1,0,54
"Martínez-Morales MA",1,0,54
"Messing CG",1,0,54
"Mori GM",3,4,54
"Mueller J",2,5,54
"Murton B",1,0,54
"Murua H",2,0,54
"Navarrete-Gutiérrez D",1,0,54
"Oinam B",1,0,54
"Préau C",1,16,54
"Raizer J",2,0,54
"Roberts JM",1,0,54
"Rochette S",1,5,54
"Ruiz J",2,0,54
"Sciamarelli A",2,0,54
"Shrestha RR",1,13,54
"Siaulys A",2,6,54
"Signorini M",2,7,54
"Singh IH",1,0,54
"Spearman J",1,0,54
"Street GM",1,2,54
"Sudhakar S",1,22,54
"Sugumaran R",1,0,54
"Tao YZ",1,0,54
"Trochet A",1,16,54
"Vandame R",1,0,54
"Victorero L",1,0,54
"Xiang J",1,0,54
"Yeo I",1,0,54
"Alabia ID",2,2,53
"Almasieh K",2,3,53
"Barea-Azcón JM",2,0,53
"Bekele A",4,0,53
"Bottoni L",1,9,53
"Castiglione S",2,6,53
"Cerdà A",2,0,53
"Couloigner I",3,1,53
"Dhyani S",2,5,53
"Du ZH",1,10,53
"Feidas H",3,7,53
"González-Maya JF",2,5,53
"Gür H",1,1,53
"Haig SM",2,0,53
"He SW",1,1,53
"Hu J",3,14,53
"Huang YJ",3,1,53
"Jin W",1,1,53
"Kadaverugu R",2,5,53
"Khan TU",3,0,53
"Khlyap L",2,2,53
"Koepfli KP",1,1,53
"Kuhlmann M",2,1,53
"Kumar V",4,9,53
"Lins DM",2,3,53
"Luo Y",5,0,53
"Masin S",1,9,53
"Melchionna M",2,6,53
"Monadjem A",3,0,53
"Mondanaro A",2,6,53
"Mugo R",2,0,53
"Ochoa-Ochoa LM",2,0,53
"Ortego J",1,0,53
"Osawa T",3,4,53
"Phelps NBD",3,1,53
"Pujari P",2,5,53
"Raia P",2,6,53
"Rocha RM",2,3,53
"Selvaraj JJ",4,0,53
"Wan T",1,1,53
"Warton D",1,15,53
"Xue FZ",1,10,53
"Zhao JL",4,0,53
"Ansari HM",1,14,52
"Baltensperger AP",3,5,52
"Bielby J",1,6,52
"Bosch J",2,6,52
"Castillo JA",1,2,52
"Chiaravalloti-Neto F",4,0,52
"Clow KM",5,0,52
"Connette G",1,8,52
"Dekker AH",1,0,52
"Epps CW",1,2,52
"Fabri-Ruiz S",3,0,52
"Fisher MC",1,6,52
"Frankham GJ",1,0,52
"Ghoddousi A",1,14,52
"Grenouillet G",2,3,52
"Hoang HD",1,0,52
"Hwang SJ",2,6,52
"Jeffress MR",1,2,52
"Labruna MB",2,0,52
"Le DTT",1,0,52
"Liang XC",2,1,52
"Liebhold AM",2,4,52
"Liu SH",2,0,52
"Makori DM",2,2,52
"Nemelka L",1,6,52
"Parra GJ",2,4,52
"Pellissier L",3,0,52
"Piaggio AJ",1,0,52
"Ray C",1,2,52
"Rodhouse TJ",1,2,52
"Rowley JJL",1,0,52
"Ríos-Muñoz CA",2,0,52
"Schwalm D",1,2,52
"Singh H",3,0,52
"Suárez-Seoane S",2,0,52
"Sánchez-Montes S",3,0,52
"Tran DTA",1,0,52
"Truong QN",1,0,52
"Vinh QD",1,0,52
"Walker SF",1,6,52
"Wei W",3,0,52
"Xu ZL",3,7,52
"Yokoyama J",1,0,52
"Zhao Z",3,0,52
"Acosta LE",5,6,51
"Adhikari B",4,2,51
"Altermatt F",2,0,51
"Areendran G",3,0,51
"Arthur FH",1,0,51
"Atwater DZ",1,6,51
"Auger-Rozenberg MA",2,0,51
"Barney JN",1,6,51
"Baudry J",1,12,51
"Becker-Fauser I",1,7,51
"Belaire JA",1,0,51
"Bjork JKH",1,6,51
"Cheng JH",3,0,51
"Choi Y",3,0,51
"Conradi T",2,9,51
"Cork SC",2,0,51
"Daszak P",1,0,51
"David B",2,7,51
"Dimson M",2,5,51
"Dorr FM",1,6,51
"Dunlop JA",2,7,51
"Eisen RJ",1,6,51
"Elgamal I",4,12,51
"Elsässer B",1,2,51
"Epstein JH",1,0,51
"Farfan MA",1,0,51
"Fariñas-Franco JM",1,2,51
"Farrell AD",1,20,51
"Franco M",3,12,51
"Galindo-Cruz A",2,0,51
"Ganta RR",2,20,51
"Gillespie TW",2,5,51
"Gurley ES",1,0,51
"Hahn MB",1,0,51
"Ibáñez-Bernal S",1,7,51
"Iriarte A",2,14,51
"Islam MS",1,0,51
"Janse JH",1,11,51
"Jinga P",4,1,51
"Kantola T",2,3,51
"Kelly R",1,9,51
"Kregting L",1,2,51
"Larcombe MJ",2,9,51
"Leach K",1,9,51
"Lombard AT",1,1,51
"Loss SR",1,0,51
"Luby SP",1,0,51
"Lysyk TJ",2,0,51
"Maggs CA",1,9,51
"Matutini F",1,12,51
"Milz D",1,0,51
"Miranda EBP",3,12,51
"Monestiez P",2,0,51
"Namgyal J",2,0,51
"Nasser M",6,8,51
"Neitzel DF",1,6,51
"Oatham MP",1,20,51
"Olivier PI",1,1,51
"Pain G",1,12,51
"Patz JA",1,0,51
"Pithon J",1,12,51
"Rebollar-Téllez EA",1,7,51
"Remenska D",1,11,51
"Roques A",2,0,51
"Rost J",1,11,51
"Rostant LV",1,20,51
"Sahana M",3,0,51
"Sahlean TC",1,0,51
"Schiffman EK",1,6,51
"Shao XM",3,12,51
"Shen ZH",2,5,51
"Si Q",3,13,51
"Sineau M",1,12,51
"Spiers JA",1,20,51
"Sweeney ER",1,0,51
"Urvois T",2,0,51
"Veldtman R",2,3,51
"Waltham NJ",2,2,51
"Wang A",2,9,51
"Watanabe K",4,1,51
"Young RP",2,1,51
"Zamfirescu SR",1,0,51
"Zhang GM",3,4,51
"Adams AAY",1,0,50
"Almón B",1,0,50
"Arrese B",1,0,50
"Assis J",6,1,50
"Barej MF",1,1,50
"Barratt CD",1,1,50
"Basher Z",2,4,50
"Bonewell LR",1,0,50
"Booth AJ",1,5,50
"Boulanger Y",1,0,50
"Brown S",2,11,50
"Carmona-Castro O",3,0,50
"Channing A",1,1,50
"Collier MAM",1,0,50
"Cornu C",1,6,50
"Danthu P",1,6,50
"Dash KM",1,1,50
"Dastres E",7,9,50
"Dehling JM",1,1,50
"del Río S",2,0,50
"Du Preez L",1,1,50
"Falk BG",1,0,50
"Foley DH",2,11,50
"Forero-Rodríguez JS",1,0,50
"Friedland R",2,2,50
"Gehring PS",1,1,50
"Genovesi P",1,0,50
"González-Porto M",1,0,50
"Gvozdík V",1,1,50
"Jiang LY",1,17,50
"Jiang YB",2,12,50
"Kettle CJ",2,1,50
"Klug PE",1,0,50
"Kufa CA",3,0,50
"Lawson LP",1,1,50
"Lurz PWW",1,0,50
"Marquet PA",2,0,50
"Martín-Sosa P",1,0,50
"Morys C",1,2,50
"Nori J",2,12,50
"Pabijan M",1,1,50
"Parisien MA",1,0,50
"Parra-Henao KD",1,0,50
"Pellikka PKE",2,7,50
"Penas A",2,0,50
"Peña-Peniche A",1,0,50
"Piña-Torres J",1,0,50
"Pock-Tsy JML",1,6,50
"Poudel A",4,0,50
"Qi DW",1,3,50
"Qiao GX",1,17,50
"Ramesh K",1,9,50
"Rojas-Herrera K",1,0,50
"Rueda LM",2,11,50
"Sardà-Palomera F",2,3,50
"Sarralde R",1,0,50
"Sánchez-Rodríguez JD",1,0,50
"Thomas E",2,3,50
"Toro-Cardona FA",1,0,50
"Trinidad-Domínguez CD",1,0,50
"Vieilledent G",1,6,50
"Weinsheimer F",2,3,50
"Wilkerson RC",2,11,50
"Williams AJ",2,0,50
"Zengeya TA",1,5,50
"Zhu WB",3,0,50
"Zimkus BM",1,1,50
"Aguirre-Obando OA",3,0,49
"Alam S",1,9,49
"Ali K",3,1,49
"Atauchi PJ",2,0,49
"Bhumpakphan N",2,8,49
"Bicca-Marques JC",1,0,49
"Breen P",1,11,49
"Cardoso JD",1,0,49
"Chen W",4,3,49
"Cipriano G",4,7,49
"da Silva LG",1,0,49
"de Almeida MAB",1,0,49
"De Grosso ML",1,10,49
"dos Santos E",1,0,49
"Falconer L",1,2,49
"Fanizza C",3,7,49
"Fatima SH",2,17,49
"Fuenzalida A",1,10,49
"Guerra R",1,10,49
"Hewitt JE",1,4,49
"Irwin AJ",2,1,49
"Jia JB",1,0,49
"Jiang Z",1,14,49
"Kerdelhue C",1,0,49
"Kutt A",1,2,49
"Moua Y",3,5,49
"Purohit H",1,0,49
"Quintana M",1,10,49
"Rahman S",1,9,49
"Reed DH",2,8,49
"Reid D",1,11,49
"Rogan E",1,11,49
"Romero-Salas D",2,0,49
"Ross LG",1,2,49
"Salomón O",1,10,49
"Shashank PR",2,7,49
"Singh SK",2,9,49
"Sánchez-Tapia A",3,10,49
"Telfer TC",1,2,49
"Tóth JP",2,4,49
"Wang HH",5,5,49
"Zaidi F",2,17,49
"Zhang N",4,1,49
"Ackers SH",1,7,48
"Ali S",3,0,48
"Andersen MC",1,5,48
"Barik SK",5,9,48
"Beever EA",1,5,48
"Benabou A",2,5,48
"Boebel O",3,0,48
"Cerrejón C",2,0,48
"Chen C",3,0,48
"da Cunha HF",2,5,48
"Deveson ED",1,5,48
"Dugger KM",1,7,48
"El Madihi M",2,5,48
"Fan Y",2,0,48
"Feng PY",1,5,48
"Feng Z",4,0,48
"Fenton NJ",2,0,48
"Gong LJ",2,0,48
"Greenspan E",3,4,48
"Hughes AC",3,2,48
"Hussain E",1,17,48
"Jia LM",3,0,48
"Jiang LQ",2,0,48
"Jones LA",1,7,48
"Kaboodvandpour S",1,0,48
"Laffont R",2,7,48
"Lahssini S",2,5,48
"Lawton D",1,5,48
"Lee DH",7,0,48
"Lei FW",1,0,48
"Liu DL",1,5,48
"Mellen-McLean K",2,9,48
"Moukrim S",2,5,48
"Mu XY",1,0,48
"Möller LM",1,4,48
"Olsen KA",1,7,48
"Pahlevani A",1,0,48
"Panthi S",5,2,48
"Passadore C",1,4,48
"Poorter L",2,3,48
"Rasheed SB",1,17,48
"Rasplus JY",2,3,48
"Rhazi L",2,5,48
"Rizzoli A",3,2,48
"Rouhi H",1,0,48
"Salako KV",3,0,48
"Spessa A",1,5,48
"Sterck FJ",2,3,48
"Sun CW",3,0,48
"Tian XN",3,0,48
"Tong L",1,0,48
"Valeria O",2,0,48
"Van Opzeeland I",3,0,48
"Wanghe KY",2,0,48
"Waters C",1,5,48
"Wu YM",1,0,48
"Yañez-Arenas C",2,0,48
"Zanardo N",1,4,48
"Abdullah MAR",1,0,47
"Achour H",3,7,47
"Adde A",3,1,47
"Ahumada ML",1,0,47
"Al Ahmed AM",1,0,47
"Alamgir M",1,11,47
"Anibaba QA",1,0,47
"Atkinson TH",1,4,47
"Bacigalupo A",1,0,47
"Balmot J",1,16,47
"Bockel T",1,2,47
"Boissery P",1,2,47
"Botto-Mahan C",1,0,47
"Canters F",1,0,47
"Cattan PE",1,0,47
"Chen QH",1,0,47
"Cooper SD",1,0,47
"Cossios D",1,14,47
"D'Elia J",1,0,47
"Dar SA",1,8,47
"De Cauwer V",2,0,47
"de Thoisy B",3,5,47
"Degerickx J",1,0,47
"Descamp P",1,2,47
"Deter J",1,2,47
"Dew RM",2,6,47
"Diaz R",2,1,47
"Dube T",3,10,47
"Duriez O",1,0,47
"Farcomeni A",3,5,47
"Feng ZD",2,7,47
"Fernández-Manso A",2,0,47
"Flack A",1,0,47
"Flanagan J",2,0,47
"Flojgaard C",1,6,47
"Garrido R",1,0,47
"Geurts EM",1,0,47
"Gill NS",2,5,47
"Grant WE",4,5,47
"Guerin GR",2,5,47
"Guerra C",2,6,47
"He XJ",2,0,47
"Heiden U",1,0,47
"Herrera S",1,0,47
"Holon F",1,2,47
"Hwang J",2,0,47
"Johnson M",1,0,47
"Kamilar JM",2,10,47
"Ksiksi T",3,0,47
"Lake TA",1,9,47
"Lannuzel G",1,16,47
"le Maitre D",1,7,47
"Lee JH",9,12,47
"Li YL",2,14,47
"Lowe AJ",2,5,47
"Luca S",1,0,47
"Lucherini M",1,14,47
"Lötter D",1,7,47
"Marcot BG",1,0,47
"Marre G",1,2,47
"Masuoka PM",2,6,47
"Moeller DA",1,9,47
"Moriguchi S",5,9,47
"Mouquet N",1,2,47
"Mukul SA",1,11,47
"Naderi M",5,11,47
"Okujeni A",1,0,47
"Parravicini V",1,2,47
"Paul S",7,4,47
"Petitpierre B",2,0,47
"Peña-Gómez F",1,0,47
"Priem F",1,0,47
"Quintano C",2,0,47
"Quiñones ML",1,0,47
"Reynolds JD",1,0,47
"Runquist RBD",1,9,47
"Salako G",4,8,47
"Salvà-Catarineu M",2,0,47
"Saupe EE",2,8,47
"Scacco M",1,0,47
"Searle JB",1,6,47
"Sforzi A",1,0,47
"Spector S",1,4,47
"Starzomski BM",1,0,47
"Teixeira da Silva JA",1,0,47
"Thibault M",1,16,47
"Tribot AS",1,2,47
"Turton SM",1,11,47
"van der Linden S",1,0,47
"Van Eupen C",1,0,47
"Villalba L",1,14,47
"Walker S",1,14,47
"Wikelski M",1,0,47
"Xu YL",1,0,47
"Yin YJ",1,0,47
"Young R",1,0,47
"Yu XN",1,0,47
"Zhao MY",1,0,47
"Zhao YC",1,0,47
"Zinner D",3,5,47
"Afonso P",1,1,46
"Alahmed AM",2,15,46
"Ballesteros E",1,0,46
"Banta JA",5,9,46
"Bellemare J",1,3,46
"Ben Souissi J",1,0,46
"Benedetti-Cecchi L",1,0,46
"Blaustein L",1,9,46
"Bocsi T",1,3,46
"Booth A",1,0,46
"Boström C",1,0,46
"Bradsworth N",2,6,46
"Brown N",1,10,46
"Byrne M",3,2,46
"Cebrian E",1,0,46
"Ceccherelli G",1,0,46
"Chetan N",1,0,46
"Dawson IK",1,0,46
"De Leo F",1,0,46
"Dehnhard N",1,1,46
"Deidun A",1,0,46
"Demongin L",1,1,46
"di Regalbono AF",1,7,46
"Duan XG",1,0,46
"Echeverry-Cárdenas E",2,0,46
"Eckert S",2,0,46
"Erzini K",1,1,46
"Fabbrizzi E",1,0,46
"Falace A",1,0,46
"Fan SY",2,0,46
"Fandohan AB",2,1,46
"Feria-Arroyo TP",2,0,46
"Foody GM",1,8,46
"Fraissinet S",1,0,46
"Fraschetti S",1,0,46
"Fritz U",3,6,46
"Ghazoul J",1,0,46
"Gil-Sánchez JM",1,0,46
"Giommi C",1,0,46
"Guarnieri G",1,0,46
"Gudasalamani R",1,0,46
"Guinan J",1,18,46
"Hector A",1,10,46
"Hemery G",1,10,46
"Herrera-Sánchez FJ",1,0,46
"Hill L",1,10,46
"Isaac B",2,6,46
"Jaime L",1,2,46
"Jaramillo J",1,0,46
"Jiménez J",1,0,46
"Jiménez S",1,8,46
"Kheir SM",2,15,46
"Kjær ED",1,21,46
"Li DQ",2,2,46
"Li WJ",3,0,46
"Liu F",2,2,46
"Ludynia K",1,1,46
"Mangialajo L",1,0,46
"Mannino AM",1,0,46
"Margalef-Marrase J",1,2,46
"Mariott R",1,21,46
"Masello JF",1,1,46
"McDonald MA",1,21,46
"Murk AJ",2,2,46
"Nagaraju SK",1,0,46
"Narayanagowda GK",1,0,46
"Nishino M",1,3,46
"Nottebrock H",1,8,46
"Peck M",2,3,46
"Pfukenyi DM",2,7,46
"Piazzi L",1,0,46
"Pietrobelli M",1,7,46
"Poisbleau M",1,1,46
"Praveen KK",1,0,46
"Purser A",1,18,46
"Quillfeldt P",1,1,46
"Radha KO",1,0,46
"Ramanan US",1,0,46
"Ramdani M",1,0,46
"Reyes-Bonilla H",3,0,46
"Ridoux V",2,0,46
"Rilov G",1,0,46
"Rindi L",1,0,46
"Rizzo L",1,0,46
"Russell J",1,0,46
"Sahri A",2,2,46
"Sajjad H",2,0,46
"Salehi H",2,0,46
"Scheibling RE",2,0,46
"Shams-Esfandabad B",3,0,46
"Shoko C",4,6,46
"Smart S",1,10,46
"Snickars M",1,0,46
"Sohel S",1,21,46
"Steffenson B",1,0,46
"Tanadini M",1,10,46
"Taskin E",1,0,46
"Tonnang HEZ",8,4,46
"Unnithan V",1,18,46
"van Breugel P",1,21,46
"Vasudeva GK",1,0,46
"Voigt CC",1,1,46
"Watson JEM",2,0,46
"Waugh R",1,0,46
"Wu SH",1,0,46
"Wu YJ",2,1,46
"Zou JB",3,2,46
"Aerts R",2,4,45
"Alatawi AS",2,0,45
"Alkhalifah DHM",4,0,45
"Alvarez-Martínez JM",1,0,45
"Alves F",2,0,45
"Amatulli G",2,7,45
"Beans CM",1,9,45
"Blaschke T",1,0,45
"Boogar AR",1,0,45
"Brannock PM",1,2,45
"Buebos-Esteve DE",6,0,45
"Buenemann M",1,0,45
"Bystrova D",1,6,45
"Calabuig ED",1,0,45
"Chauvier Y",1,6,45
"Chen JM",2,0,45
"Chikerema SM",1,7,45
"Cimino RO",1,0,45
"Condro AA",4,1,45
"Cooke R",1,6,45
"Crosti R",1,7,45
"da Silveira CBL",1,0,45
"de Freitas TRO",3,0,45
"Dia I",1,0,45
"Diagne CT",1,0,45
"Diallo D",1,0,45
"Diallo M",1,0,45
"Estallo EL",3,9,45
"Faye O",1,0,45
"Ferreira BP",1,0,45
"Fleitas PE",1,0,45
"Fuller TK",2,6,45
"Galiano D",3,0,45
"Galloway LF",1,9,45
"Gaspar ALB",1,0,45
"Gil JF",1,0,45
"Gonzalez NCT",1,0,45
"Gouwakinnou GN",4,0,45
"Hamad A",1,0,45
"Hanley KA",1,0,45
"He GQ",1,0,45
"Hooten MB",2,2,45
"Hozzein WN",4,0,45
"Jameel MA",5,0,45
"Jia CX",1,16,45
"Kariyawasam CS",2,5,45
"Kehl SD",1,0,45
"Kellogg E",1,15,45
"Kilawe CJ",1,0,45
"Kilkenny FF",1,9,45
"Krolewiecki AJ",1,0,45
"Lan K",1,0,45
"Leung YF",1,0,45
"Li YT",2,9,45
"Lima FP",1,2,45
"Linders TEW",1,0,45
"Lloyd H",1,16,45
"Lopez W",1,0,45
"Lu N",1,16,45
"Maida M",1,0,45
"Matope G",1,7,45
"Mbaabu PR",1,0,45
"Menon M",1,15,45
"Michez D",2,4,45
"Morrone JJ",3,6,45
"Musili PM",2,0,45
"Mwanzia VM",2,0,45
"Newburger T",1,0,45
"Nieves E",1,0,45
"Nzei JM",2,0,45
"Nüchel J",1,7,45
"Osei-Owusu J",2,2,45
"Ouyang L",1,0,45
"Pietroluongo G",1,7,45
"Poggiato G",1,6,45
"Rasmont P",2,4,45
"Ratnayake SS",2,5,45
"Redding DW",2,0,45
"Reese J",1,15,45
"Richman R",1,0,45
"Saintingan S",1,7,45
"Sall AA",1,0,45
"Schaffner U",1,0,45
"Shi JY",1,0,45
"Shiferaw H",1,0,45
"Siders ZA",3,6,45
"Stoorvogel JJ",1,0,45
"Strenzel GMR",1,0,45
"Stuart BL",2,0,45
"Svancara LK",4,1,45
"Sétamou M",2,2,45
"Símová P",2,6,45
"Tassone S",1,15,45
"Tjaden NB",2,4,45
"Travacio M",1,0,45
"Tsai WL",1,0,45
"Vergamini M",1,15,45
"Walden-Schreiner C",1,0,45
"Weaver SC",1,0,45
"White JG",1,6,45
"Witt A",1,0,45
"Woods T",1,15,45
"Xia MX",1,0,45
"Xiao W",1,7,45
"Zampollo A",1,7,45
"Zeng Z",3,0,45
"Zhou S",1,0,45
"Abou-Shaara H",2,0,44
"Amaro G",4,1,44
"Asgedom KT",1,0,44
"Baltensweiler A",1,4,44
"Bandopadhyay S",2,4,44
"Barbosa AM",2,6,44
"Bhattacharyya S",2,3,44
"Billinis C",3,2,44
"Bolom-Huet R",4,0,44
"Brassil T",1,2,44
"Caccamo G",1,2,44
"Chambers D",1,4,44
"Chatzopoulos DC",3,2,44
"Coelho MTP",2,6,44
"Coomber FG",1,0,44
"Cooper-Bohannon R",1,0,44
"Cotterill F",1,0,44
"de Blois S",1,4,44
"Escalona-Segura G",2,0,44
"Fombong AT",1,0,44
"Frate L",1,6,44
"Förster M",2,0,44
"Garcia FRM",4,5,44
"Giannakopoulos A",3,2,44
"Gil A",2,2,44
"Gonsalves L",1,2,44
"Gränzig T",2,0,44
"Hishe H",1,0,44
"Hon J",6,1,44
"Höglund J",2,3,44
"Inoue MN",3,3,44
"Irungu J",1,0,44
"Jiménez-Valverde A",2,0,44
"Kim JH",2,0,44
"Law B",1,2,44
"Lin CT",5,4,44
"Liu D",3,8,44
"Liu L",4,0,44
"Liu MY",1,0,44
"Liu WX",3,0,44
"Lorenz C",3,0,44
"Makanda TA",2,0,44
"Makau S",1,0,44
"Massaro M",2,7,44
"Mathews F",2,0,44
"McConville A",1,2,44
"Meuli RG",1,4,44
"Montemayor SI",5,8,44
"Morrison ML",4,3,44
"Mushagalusa CA",1,0,44
"Nkoba K",1,0,44
"Noulèkoun F",1,0,44
"Omid FB",3,0,44
"Ongus J",1,0,44
"Pajunen V",1,1,44
"Park K",1,0,44
"Perkins SE",2,0,44
"Périé C",1,4,44
"Raina S",1,0,44
"Riordan P",1,13,44
"Roe P",1,2,44
"Schartel TE",5,5,44
"Schoeman MC",1,0,44
"Soininen J",1,1,44
"Soutullo A",1,4,44
"Spyrou V",3,2,44
"Stanton M",1,2,44
"Stein JA",1,6,44
"Stirnemann IA",1,6,44
"Tadesse T",1,0,44
"Talbot B",2,0,44
"Taylor P",1,0,44
"Truskinger A",1,2,44
"Umair M",2,0,44
"Urios V",1,4,44
"Walthert L",1,4,44
"Webb EL",2,0,44
"Williams HM",2,14,44
"Wright PGR",1,0,44
"Zhang X",4,2,44
"Zhang ZL",2,8,44
"Abadie M",1,0,43
"Aguiar AJC",1,10,43
"Aguiar LMD",2,3,43
"Ainete M",1,9,43
"Alashaal SA",1,0,43
"Aldridge C",1,12,43
"Alharbi SA",1,0,43
"Alimi TO",1,0,43
"Almirón W",1,9,43
"Alvares DJ",1,0,43
"Alves P",1,4,43
"Amorim F",1,4,43
"Anjos-Silva EJ",1,10,43
"Ansari MJ",1,0,43
"Arevalo-Herrera M",1,0,43
"Ayllón D",1,6,43
"Baldo D",1,0,43
"Baquero RA",1,6,43
"Battini N",1,10,43
"Becker FG",1,0,43
"Bonannella C",1,0,43
"Bortolus A",1,10,43
"Bouchet PJ",1,0,43
"Conway CJ",1,4,43
"de Bruin S",1,0,43
"De Conno C",1,11,43
"De Paz O",1,4,43
"de Vries JPR",1,0,43
"Ewald M",3,4,43
"Fang JY",1,5,43
"Farías N",1,10,43
"Flenniken JM",1,0,43
"Frías-Cespedes M",1,9,43
"Fu LY",2,8,43
"Gergel SE",1,9,43
"Giachetti CB",1,10,43
"Godinho R",1,4,43
"Goldberg AR",1,4,43
"Gratton P",1,0,43
"Grech M",1,9,43
"Gullström M",1,4,43
"Guo D",1,1,43
"He JL",1,0,43
"Hebard FV",1,5,43
"Hecht G",1,0,43
"Heinzelmann L",1,0,43
"Heisig J",1,0,43
"Helmstetter NA",1,4,43
"Herold M",1,0,43
"Herrera SV",1,0,43
"Ibáñez C",1,4,43
"Jackson MM",1,9,43
"Juste J",1,4,43
"Kimathi E",4,1,43
"Kissling WD",1,0,43
"Knudby AJ",1,0,43
"Koma Z",1,0,43
"Lacerda MVG",1,0,43
"Lavalle C",1,3,43
"Li AN",1,13,43
"Li JX",3,1,43
"Logan JJ",1,0,43
"Ludueña-Almeida F",1,9,43
"Löbel S",2,5,43
"Ma JX",1,0,43
"Maneyro R",1,0,43
"Manier D",1,12,43
"Martínez-Alos S",1,4,43
"Mazzotti FJ",2,4,43
"McAlpine C",1,0,43
"McCarroll JC",2,10,43
"McKay R",1,0,43
"Meeuwig JJ",1,0,43
"Milner-Gulland EJ",1,0,43
"Mundis SJ",1,0,43
"Muys B",2,0,43
"Nicola GG",1,6,43
"Paillet FL",1,5,43
"Parente L",1,0,43
"Park JS",3,1,43
"Pérez-Suarez G",1,4,43
"Qualls WA",1,0,43
"Quinones ML",1,0,43
"Ren ZH",1,0,43
"Reyna-Hurtado R",2,5,43
"Santos H",1,4,43
"Sarkar S",3,0,43
"Sbordoni V",1,0,43
"Schmitt T",2,9,43
"Schwindt E",1,10,43
"Scridel D",2,2,43
"Shi N",1,0,43
"Siciliano S",1,0,43
"Sippy R",1,0,43
"Smith JN",2,0,43
"Solar RRC",1,0,43
"Sperling FAH",1,0,43
"Steiner KC",1,5,43
"Stevens BS",1,4,43
"Sánchez E",1,6,43
"Thickstun CR",1,0,43
"Todisco V",1,0,43
"Valkama J",2,3,43
"Vallecillo S",1,3,43
"WallisDeVries MF",1,0,43
"Wang WK",6,2,43
"Wheat CW",1,0,43
"Wilson B",2,0,43
"Windels SK",1,4,43
"Wright MN",1,0,43
"Xie B",2,0,43
"Xie GL",6,2,43
"Xie L",3,0,43
"Yan M",1,0,43
"Yang CP",1,13,43
"Zagortchev L",1,0,43
"Zakharov EV",1,0,43
"Zank C",1,0,43
"Zarzo-Arias A",3,3,43
"Zhang MX",4,8,43
"Zhang Q",6,0,43
"Zhu LQ",1,0,43
"Brandt LA",1,4,42
"Brenes-Mora E",2,5,42
"Bucklin DN",1,4,42
"Caminade C",1,0,42
"Chai SQ",1,0,42
"Chen X",9,3,42
"Chen Z",3,0,42
"Cooper DM",2,5,42
"Cui XM",2,0,42
"de Campos CB",1,0,42
"Dong PB",4,0,42
"Dong XH",5,0,42
"Duan HL",2,4,42
"Dugmore AJ",2,5,42
"Edalat M",5,9,42
"Evans A",2,1,42
"Evans KO",3,2,42
"Eyre AC",1,11,42
"Fang GF",1,0,42
"Fortini LB",1,2,42
"Gessesse B",1,0,42
"Ghanbarian G",1,0,42
"Golden N",1,0,42
"Gossner MM",1,0,42
"Guo FX",4,0,42
"Harley DKP",1,11,42
"Hartemink N",1,0,42
"He CJ",1,0,42
"Houehanou TD",3,0,42
"Ibañez-Justicia A",2,0,42
"Ibáñez-Justicia A",1,0,42
"Jacquemyn H",2,1,42
"Jiang HJ",1,0,42
"Jiang JF",2,0,42
"Johnson LE",1,0,42
"Kettenring KM",1,0,42
"Kitchener AC",2,5,42
"Kramer AM",2,0,42
"Kumar R",3,0,42
"Liao JS",1,0,42
"Lim CH",3,0,42
"Lin X",1,0,42
"Lin ZT",2,0,42
"Liu JY",4,0,42
"Long AL",1,0,42
"Lumsden LF",1,11,42
"Manaye A",2,9,42
"McComb LB",1,11,42
"McEntee JP",1,0,42
"Melgani F",1,0,42
"Melton AE",1,6,42
"Mollalo A",1,11,42
"Morato RG",1,0,42
"Mousazade M",1,0,42
"Mundy CJ",1,0,42
"Neale CMU",1,0,42
"Pearlstine LG",1,4,42
"Pei L",1,0,42
"Rajkaran A",2,3,42
"Rakosy L",1,0,42
"Reid JA",1,0,42
"Ren JH",1,0,42
"Richmond OMW",1,0,42
"Roca J",1,4,42
"Rocha J",4,6,42
"Romañach SS",1,4,42
"Schlegel RW",1,0,42
"Shotwell SK",1,0,42
"Simoncini A",4,4,42
"Soltis DE",1,6,42
"Soltis PS",1,6,42
"Speroterra C",1,4,42
"Sun SH",1,0,42
"Tesfamariam BG",1,0,42
"Tsuyama I",5,8,42
"Vrezec A",1,0,42
"Wang YP",1,0,42
"Watling JI",1,4,42
"Weinmann AE",1,2,42
"Wen XY",2,0,42
"Wilson C",2,6,42
"Wu JY",2,13,42
"Wu R",2,0,42
"Zhang HY",4,0,42
"Zhang W",5,2,42
"Zheng KR",1,14,42
"Zimmerman M",1,0,42
"Andrade AFA",1,3,41
"Aoudji AKN",2,15,41
"Bakun A",1,0,41
"Banks SC",1,0,41
"Barrett K",2,7,41
"Bassiri M",1,10,41
"Bidu G",1,6,41
"Blois JL",2,9,41
"Borges FO",4,0,41
"Caldeira RL",2,0,41
"Cao C",1,0,41
"Carboon T",1,6,41
"Carvalho OS",2,0,41
"Carver A",1,5,41
"Chapman N",1,6,41
"Cove MV",1,5,41
"Dalitz H",2,13,41
"de la Torre JA",1,5,41
"Ding WL",3,8,41
"Dobbins MT",1,5,41
"Dylewski L",4,0,41
"Díaz JCC",1,5,41
"Estrada N",1,5,41
"Fang XQ",1,0,41
"Fort J",1,5,41
"Gallagher M",2,0,41
"Game ET",1,6,41
"Gao WQ",1,8,41
"Gbètoho AJ",2,15,41
"Gilbert J",1,5,41
"Girini JM",2,3,41
"Godínez-Gómez O",1,5,41
"Goerck JM",1,5,41
"Grabowski TB",1,5,41
"Guo QQ",2,0,41
"Hu ZY",3,0,41
"Ji LQ",3,4,41
"Jimenez EC",1,5,41
"Jordan CA",1,5,41
"Kelly MJ",1,5,41
"Lei XD",1,8,41
"Lei YC",1,8,41
"Li GY",1,0,41
"Liu C",4,4,41
"Liu ML",4,0,41
"Lizcano DJ",1,5,41
"Mbatudde M",2,13,41
"Meyer N",1,5,41
"Midzi N",2,4,41
"Miller JA",1,5,41
"Miller M",1,6,41
"Montalvo V",1,5,41
"Montuy GP",1,5,41
"Moore H",1,0,41
"Moreno R",1,5,41
"Murphy BP",1,0,41
"Muñoz AR",2,4,41
"Nava DE",5,5,41
"O'Farrill G",1,5,41
"Palacio FX",2,3,41
"Poulos HM",2,3,41
"Revermann R",1,0,41
"Rivero M",1,5,41
"Rojas E",2,3,41
"Rosa R",3,0,41
"Rose H",1,3,41
"Roskaft E",2,0,41
"Saenz J",1,5,41
"Samant SS",5,8,41
"Schank CJ",1,5,41
"Scheele B",1,0,41
"Sierdsema H",2,1,41
"Skroblin A",1,6,41
"Soko W",2,4,41
"Spínola M",1,5,41
"Sáenz-Bolaños C",1,5,41
"Tang M",4,1,41
"Tang SZ",1,8,41
"Taylor K",1,6,41
"Taylor W",1,6,41
"Tian H",1,0,41
"Vahabi MR",1,10,41
"von Takach B",1,0,41
"Wen L",2,0,41
"Winkler JA",2,0,41
"Wood MA",1,5,41
"Xie YS",1,8,41
"Xing QW",1,0,41
"Xu GH",1,5,41
"Yang MS",3,8,41
"Yu HQ",1,0,41
"Zhao ZQ",2,0,41
"Zhou LM",1,0,41
"Zu YG",2,5,41
"Ajene IJ",2,7,40
"Anadón JD",2,7,40
"Andayani N",1,4,40
"Baral S",6,0,40
"Bedford F",1,12,40
"Bhandari MS",5,8,40
"Bogawski P",3,7,40
"Boughey K",1,3,40
"Brischoux F",2,11,40
"Cairns DM",1,8,40
"Cao CC",1,0,40
"Castro AJ",1,0,40
"Castro H",1,0,40
"Ceirans A",6,0,40
"Chhetri PK",1,8,40
"Chucholl C",2,4,40
"Cosby BJ",1,0,40
"De Simone W",2,0,40
"Dudgeon D",2,0,40
"Flint AL",1,12,40
"Flint LE",1,12,40
"Freeman B",2,5,40
"Gaddis KD",1,8,40
"González-Miras E",1,0,40
"Grelle CEV",2,7,40
"Gutierrez-Velez VH",2,0,40
"Hawkins C",1,3,40
"He L",4,0,40
"He QY",2,0,40
"Hessburg PF",1,0,40
"Holst S",1,9,40
"Kamble AL",1,14,40
"Kant R",5,8,40
"Kim DH",2,4,40
"Lee WK",1,0,40
"Li QJ",1,0,40
"Liu JM",2,0,40
"López E",1,0,40
"Malatesta L",3,3,40
"McCarthy JL",1,4,40
"McCarthy KP",1,4,40
"McDonnell TC",1,0,40
"Meena RK",5,8,40
"Meissner K",1,9,40
"Nekrasova O",6,0,40
"Nguyen D",1,7,40
"Pandey S",6,8,40
"Pang QZ",1,0,40
"Passos FC",1,9,40
"Petersen MJ",2,7,40
"Povak NA",1,0,40
"Pupins M",6,0,40
"Quinn A",1,9,40
"Requena-Mullor JM",1,0,40
"Reveley S",1,3,40
"Reynolds KM",1,0,40
"Rundel PW",1,8,40
"Sage KM",1,0,40
"Salter RB",1,0,40
"Sames WJ",1,6,40
"Schwan TG",1,0,40
"Shi SQ",2,0,40
"Singh R",4,1,40
"Skute A",6,0,40
"Son Y",1,0,40
"Song F",1,0,40
"Sorbe F",1,0,40
"Spake R",1,3,40
"Su FL",1,0,40
"Sullivan TJ",1,0,40
"Sundahl H",1,0,40
"Taylor AT",4,8,40
"Teglas MB",1,0,40
"van Rensburg BJ",1,15,40
"Vu TT",4,12,40
"Végvári Z",4,5,40
"Wang YQ",3,6,40
"Weber MD",2,7,40
"Weng XH",2,0,40
"Wibisono HT",1,4,40
"Wiese D",2,0,40
"Williams C",1,3,40
"Wolmarans R",1,15,40
"Xia YM",1,0,40
"Yan HM",1,0,40
"Ye PC",1,13,40
"Yoo S",1,0,40
"Zhang XM",4,0,40
"Zhang YY",4,6,40
"Abbas F",1,0,39
"Abou-Shaara HF",1,0,39
"Alaoui HM",1,4,39
"Ali F",1,0,39
"Arahou M",1,4,39
"Arriaga-Weiss S",1,0,39
"Arroyo TPF",2,0,39
"Asdal Å",1,0,39
"Bae MJ",2,6,39
"Bellerby RGJ",1,0,39
"Biaou S",2,0,39
"Blackburn TM",1,0,39
"Bonilla-Ruz C",1,0,39
"Boratynski A",2,0,39
"Brehm JM",1,0,39
"Cancino-Murillo R",1,0,39
"Chavance P",1,0,39
"Cohen TM",1,3,39
"Crayn DM",1,0,39
"Critchell K",1,0,39
"Cuda JP",2,8,39
"Cushman S",2,0,39
"De Moline AD",1,0,39
"Dor R",1,3,39
"Ducheyne E",2,7,39
"Duo HR",1,0,39
"Dutoit T",1,2,39
"Esaias WE",1,18,39
"Escobar-Dodero J",3,1,39
"Fan TT",1,0,39
"Fern RR",3,1,39
"Goosem M",1,0,39
"Goosem S",1,0,39
"Hall M",1,0,39
"Harrison PJ",1,4,39
"Hendricks JR",1,7,39
"Huang Y",2,6,39
"Jones KE",1,0,39
"Ju XF",2,0,39
"Kakudidi EK",1,11,39
"Kark S",1,3,39
"Kotta J",1,0,39
"Kuklinski P",1,0,39
"Lezama-Ochoa N",1,0,39
"Li XR",2,0,39
"Lieberman BS",1,7,39
"Logue DR",1,6,39
"Lord WD",1,0,39
"Lundström A",1,4,39
"Lämås T",1,4,39
"Mahmoodi S",4,0,39
"Mai JF",2,0,39
"Malizia RW",1,1,39
"Maruthadurai R",2,19,39
"Matthysen E",1,4,39
"Maxted N",1,0,39
"Mazur M",2,0,39
"McKinney M",1,3,39
"Mittelstet AR",1,6,39
"Monterroso-Rivas AI",2,0,39
"Muñoz-Mas R",2,0,39
"Mwanjololo M",1,11,39
"Nordén J",1,4,39
"Pacheco-Figueroa C",1,0,39
"Peters J",2,7,39
"Phillips J",1,0,39
"Radwan MH",1,0,39
"Ramesh R",2,19,39
"Rasmussen M",1,0,39
"Ratsep M",1,0,39
"Renaud PE",1,0,39
"Rhazi M",1,4,39
"Roberts HM",1,5,39
"Romo A",2,0,39
"Rubio-Rocha Y",1,0,39
"Schmidt H",1,0,39
"Serio-Silva JC",2,0,39
"Siitonen J",1,4,39
"Slagstad D",1,0,39
"Strubbe D",1,4,39
"Sun GQ",1,0,39
"Swallow A",1,4,39
"Sydes T",1,0,39
"Taylor JC",2,0,39
"Teschlade D",1,0,39
"Torres-Romero EJ",2,0,39
"Valdez-Leal JD",1,0,39
"Van Loon E",1,0,39
"Vanderduys EP",1,0,39
"Verhoest NEC",2,7,39
"Wahby I",1,4,39
"Walas L",6,0,39
"Wallhead P",1,0,39
"Wang YF",2,6,39
"Wilkinson DP",2,3,39
"Wtodarska-Kowalczuk M",1,0,39
"Yan WD",1,0,39
"York EM",1,0,39
"Zald H",1,5,39
"Zhang TJ",1,6,39
"Ackerly DD",1,5,38
"Adhikari BS",2,0,38
"Alvarado-Rybak M",2,0,38
"Astuti IP",4,1,38
"Axford JK",1,6,38
"Baldan D",2,4,38
"Ballance LT",1,0,38
"Bocksberger G",1,3,38
"Bongiorno G",2,0,38
"Breitenmoser-Würsten C",4,1,38
"Bugaj-Nawrocka A",5,0,38
"Caminade P",1,4,38
"Chatelain C",1,3,38
"Chlond D",5,0,38
"Cirujano S",1,0,38
"Costello MJ",1,0,38
"Daget P",1,3,38
"de Azevedo EB",2,0,38
"Debinski DM",2,0,38
"Devi M",1,0,38
"Dümmer I",1,0,38
"Ejaz MR",1,0,38
"Faria D",1,0,38
"Fiedler PC",1,0,38
"Fijridiyanto IA",3,1,38
"Forney KA",1,0,38
"Félix F",1,0,38
"Ganem G",1,4,38
"García-Godos I",1,0,38
"Geniez P",1,0,38
"Gomez C",2,4,38
"Gould SF",1,3,38
"Hamann A",1,0,38
"Harris RMB",1,3,38
"Hauer C",2,4,38
"Hein T",2,4,38
"Hengeveld G",1,0,38
"Hereford J",1,5,38
"Hutchinson MF",1,3,38
"Janssen T",1,3,38
"Jaoua S",1,0,38
"Jarvie S",2,1,38
"Jiang HX",2,4,38
"Jin L",4,0,38
"Knudby A",2,0,38
"Kumar P",3,9,38
"Lechner AM",1,3,38
"Lee S",5,0,38
"Lindsey PA",1,0,38
"Liu HN",1,11,38
"Liu XH",2,9,38
"Mackey BG",1,3,38
"Marnewick K",1,0,38
"McComb S",1,1,38
"Meynard CN",1,4,38
"Mischler P",1,10,38
"Mohren F",1,0,38
"Monfils AK",4,9,38
"Mougeot F",2,6,38
"Nabuurs GJ",1,0,38
"Ndlela S",4,10,38
"Obiakara MC",2,6,38
"Padalia H",1,10,38
"Pan HL",1,11,38
"Perrigault M",1,4,38
"Pillay N",1,4,38
"Porfirio LL",1,3,38
"Raharjo PD",4,1,38
"Redfern JV",1,0,38
"Ribeiro AF",1,0,38
"Saitoh SI",1,0,38
"Santillán L",1,0,38
"Sarquis JA",3,13,38
"Scaravelli D",2,0,38
"Schroth G",1,0,38
"Senay SD",2,0,38
"Sheredy C",1,0,38
"Shi WH",1,11,38
"Shi YB",1,0,38
"Smolinski S",2,4,38
"Sousa-Guedes D",2,0,38
"Sterck F",1,0,38
"Su P",2,1,38
"Terhürne R",1,0,38
"Tetley MJ",1,0,38
"van der Maaten E",1,0,38
"van der Maaten-Theunissen M",1,0,38
"Vounatsou P",1,10,38
"Wang ZB",3,7,38
"Weterings M",1,0,38
"Witono JR",4,1,38
"Xue RD",1,0,38
"Xue YT",3,4,38
"Yang J",7,0,38
"Yoon SH",1,0,38
"Yudaputra A",5,1,38
"Zhang AY",2,1,38
"Agnelli P",1,0,37
"Aguilar-Soto V",2,0,37
"Armsworth PR",1,0,37
"Bala M",2,6,37
"Barradas VL",3,6,37
"Borja A",1,10,37
"Bouma TJ",1,10,37
"Charrahy Z",1,0,37
"Chen F",2,0,37
"Cho SH",1,0,37
"Chu D",4,1,37
"Cistrone L",1,0,37
"Console G",1,0,37
"Davis EB",1,3,37
"de Jong DJ",1,10,37
"De Pasquale PP",1,0,37
"Dolch T",1,2,37
"Du WG",1,0,37
"Enders EC",1,2,37
"Fang HF",1,0,37
"Ferrer-Sánchez Y",5,0,37
"Folmer EO",1,2,37
"Garmendia JM",1,10,37
"Giam XL",1,0,37
"Gittings BM",1,5,37
"Goka K",4,7,37
"Guerra-Coss FA",2,0,37
"Gui DW",3,0,37
"He YT",4,1,37
"Hossain MA",3,0,37
"Hosseini SZ",1,0,37
"Huang SQ",1,0,37
"Ismail R",2,1,37
"Jiang ZW",1,0,37
"Kamijo T",3,7,37
"Kiepe P",1,0,37
"Kolbe K",1,2,37
"Leta S",1,0,37
"Li LL",2,7,37
"Li XW",3,0,37
"Lihan T",4,4,37
"Long JM",2,8,37
"Ma DL",3,0,37
"Maitland BM",1,2,37
"Martinoli A",1,0,37
"Melgoza-Castillo A",2,0,37
"Mucedda M",1,0,37
"Mughini-Gras L",2,0,37
"Pandit LK",1,2,37
"Pandit SN",1,2,37
"Philippart CJM",1,2,37
"Pietras M",3,5,37
"Poesch MS",1,2,37
"Pouteau R",2,9,37
"Protopopoff N",3,0,37
"Romo H",4,1,37
"Soultan A",2,1,37
"Sousa-Pinto I",2,0,37
"Spilinga C",1,0,37
"Steiner M",5,0,37
"Sun BJ",1,0,37
"Tytar V",5,0,37
"Valle M",1,10,37
"van Beusekom JEE",1,2,37
"Vidal-Garciá F",1,0,37
"Webb NJ",1,0,37
"Wu FX",3,4,37
"Yang T",3,0,37
"Zanet S",2,0,37
"Zhang WG",2,6,37
"Zhao YH",4,0,37
"Zhu ZH",2,6,37
"Achee N",1,10,36
"Albright TP",2,6,36
"Altartouri A",2,2,36
"Anderson GA",1,12,36
"Andre R",1,10,36
"Anyamba A",1,10,36
"Arthofer W",1,12,36
"Arunachalam R",1,0,36
"Baak-Baak CM",2,0,36
"Bae YS",2,0,36
"Baral K",2,2,36
"Bates PJJ",1,6,36
"Beermann I",1,0,36
"Benda P",1,6,36
"Bhandari S",2,2,36
"Biaou HSS",1,0,36
"Blackadder L",1,4,36
"Bleyhl B",1,8,36
"Bogdanowicz W",1,6,36
"Bond JE",1,3,36
"Boulcott P",1,4,36
"Brady DC",2,0,36
"Bragina E",1,8,36
"Brooke B",1,8,36
"Brooks ML",1,0,36
"Budhathoki M",1,16,36
"Burkovskiy OA",1,0,36
"Busani L",2,0,36
"Busqué J",1,14,36
"Calheiros DF",1,7,36
"Chadderton WL",1,16,36
"Chamberlin J",1,10,36
"Chan-Golston AM",1,0,36
"Chaves G",2,0,36
"Christian E",1,12,36
"Chu QQ",1,0,36
"Claborn DM",1,10,36
"Clarke J",1,4,36
"Cortés E",1,0,36
"de Tores P",1,8,36
"de Zaburlín NM",1,0,36
"Dejaco T",1,12,36
"Ding JQ",1,16,36
"Dryden MW",1,12,36
"Eger J",1,6,36
"Faulkes Z",1,1,36
"Feria TP",1,1,36
"Fernandes N",1,0,36
"Ferreira E",1,0,36
"Gajewska M",1,6,36
"García-Rodríguez A",3,0,36
"García-Vázquez U",1,0,36
"Georgopoulou E",2,2,36
"Gerasimov Y",1,0,36
"Godinho S",1,0,36
"Goodin DG",1,12,36
"Greathead C",1,4,36
"Hamilton CA",1,3,36
"Hanzlicek GA",1,12,36
"Heim RJ",1,0,36
"Heim W",1,0,36
"Hermosilla C",1,6,36
"Huang BY",2,0,36
"Huang XZ",1,7,36
"Huang Z",1,8,36
"Hölker F",2,1,36
"Hölzel N",1,0,36
"Isaia M",1,2,36
"Iturbide M",1,6,36
"Izquierdo-Muñoz A",1,0,36
"Jeschke JM",2,1,36
"Johnson G",2,4,36
"Jolma A",2,2,36
"Joseph MB",1,4,36
"Ju YR",1,10,36
"Kamp J",1,0,36
"Kampen H",2,1,36
"Kang XT",1,0,36
"Kerkow A",2,1,36
"Kim MJ",4,2,36
"Klinger RC",1,0,36
"Kpoviwanou JMRH",1,0,36
"Ktitorov P",1,0,36
"Kunwar RM",2,2,36
"Langen TA",2,4,36
"Larison B",1,0,36
"Latini RO",1,7,36
"Leitao PJ",1,8,36
"Li E",1,0,36
"Li JB",1,7,36
"Liao WK",1,0,36
"Ling L",1,0,36
"Liu DP",1,1,36
"Liu XM",1,7,36
"Liu ZL",3,0,36
"Liu ZY",3,0,36
"Llano VM",1,0,36
"Lottering RT",2,0,36
"MacPherson MP",2,4,36
"Malas N",1,1,36
"Matter SF",1,7,36
"Mira A",1,0,36
"Molina MJ",1,0,36
"Mulatti P",2,0,36
"Ndaimani H",5,1,36
"Noulekoun F",1,0,36
"Nurminen L",2,2,36
"Ozaki K",1,0,36
"Panov I",1,0,36
"Peerbhay KY",2,0,36
"Pita R",1,0,36
"Pouyan S",2,9,36
"Purcell M",1,16,36
"Rabinovich JE",2,3,36
"Radosavljevic A",1,0,36
"Ralph TMC",1,6,36
"Ramos-Esplá AA",1,0,36
"Rehan SM",1,0,36
"Rinnhofer LJ",1,12,36
"Rivera JL",1,0,36
"Rocha F",1,6,36
"Roland J",1,7,36
"Rossetto M",2,5,36
"Rubenstein DI",1,0,36
"Ruffley M",2,1,36
"Sadeghi SMM",3,3,36
"Sander MM",1,0,36
"Santos SM",1,0,36
"Sardelis M",1,10,36
"Schlick-Steiner BC",1,12,36
"Sharifian S",2,0,36
"Sharma LK",5,2,36
"Shirk AJ",2,3,36
"Singh CP",3,3,36
"Sjöberg S",1,0,36
"Small J",1,10,36
"Smirenski SM",1,0,36
"Song SS",1,9,36
"Sousa CA",2,3,36
"Steiner FM",1,12,36
"Sun XC",1,0,36
"Thaler-Knoflach B",1,12,36
"Thomas A",1,0,36
"Tiunov IM",1,0,36
"Tottrup AP",1,0,36
"Trepet S",1,8,36
"Underwood EC",1,0,36
"Vale CG",2,4,36
"Valerio F",1,0,36
"Wachter GA",1,12,36
"Wang HN",2,0,36
"Wang KC",1,0,36
"Wayne A",1,8,36
"Weetman A",1,4,36
"Werner D",2,1,36
"Wieland R",2,1,36
"Wright PJ",1,4,36
"Xu KD",2,7,36
"Yates C",1,8,36
"Yi SH",2,10,36
"Zhang DW",1,1,36
"Zhu FC",1,1,36
"Zolnerowich G",1,12,36
"Abbasi A",1,0,35
"Abedi-Astaneh F",1,0,35
"Adams JB",1,2,35
"Akbarzadeh K",1,0,35
"Annajar BB",1,0,35
"Aragón P",2,3,35
"Augé AA",1,8,35
"Azevedo EB",2,2,35
"Badano EI",2,0,35
"Balkenhol N",1,8,35
"Belkhiria J",1,0,35
"Beltramino AA",1,3,35
"Berger U",2,0,35
"Briceño NBR",1,0,35
"Briceño NRB",1,0,35
"Brodie J",3,1,35
"Callen ST",1,6,35
"Campbell TA",3,0,35
"Cano-Terriza D",1,0,35
"Cao MM",2,0,35
"Carroll D",1,2,35
"Chaves PP",3,6,35
"Cui LN",2,0,35
"Córdoba-Aguilar A",4,0,35
"Damra E",1,0,35
"Danis B",2,0,35
"Davis MA",3,7,35
"de Oca-Aguilar ACM",2,0,35
"Dellicour S",1,4,35
"Driskell A",1,0,35
"Edelhoff H",1,8,35
"El-Sheikh MA",2,0,35
"Erasmi S",1,8,35
"Erazo L",1,0,35
"Fischbein D",1,5,35
"Frans VF",1,8,35
"García-Bocanegra I",1,0,35
"Gong YF",3,0,35
"Graham EM",2,6,35
"Gregoric DEG",1,3,35
"Gu HF",2,1,35
"Gu XL",1,0,35
"Gurbillon MAB",1,0,35
"Gülçin D",5,0,35
"Hanafi HA",1,0,35
"Harris LR",1,2,35
"He BH",2,0,35
"Heshmati I",1,0,35
"Hollenbeck JP",1,11,35
"Hu YM",2,0,35
"Hysen L",1,0,35
"Jackson DA",1,4,35
"Jeliazkov A",1,0,35
"Jennings R",1,0,35
"Jiménez-Ruiz S",1,0,35
"Kastally C",1,4,35
"Keil P",1,0,35
"Khorasani N",1,0,35
"Kim E",2,10,35
"Lastra J",1,7,35
"Lecocq T",1,4,35
"Leiva F",1,7,35
"Malyutina M",1,0,35
"Manrique V",1,0,35
"Mao W",2,0,35
"Mardulyn P",1,4,35
"Mas JF",2,0,35
"McGowan PJK",3,9,35
"Melhem MB",1,0,35
"Nafar-Shalamzari R",1,0,35
"Nam Y",4,0,35
"Napp S",1,0,35
"Nayeri D",1,0,35
"Nor SM",4,4,35
"Núñez V",1,3,35
"Obenauer PJ",1,0,35
"OHASHI H",3,8,35
"Osborn KJ",1,0,35
"Parsi S",1,0,35
"Pasanisi E",1,0,35
"Pedel L",1,3,35
"Proudfoot B",2,4,35
"Qu LF",1,0,35
"Qu YF",1,0,35
"Ramirez-Reyes C",3,0,35
"Rana TS",5,0,35
"Raufi H",1,0,35
"Raw JL",1,2,35
"Reddi N",1,0,35
"Riazi B",1,0,35
"Robinson CLK",2,4,35
"Rumi A",1,3,35
"Ruokolainen K",3,6,35
"Sanchez DAC",1,0,35
"Sarmiento FO",1,0,35
"Sede MM",1,3,35
"Sheppard CS",1,8,35
"Silva C",1,7,35
"Sánchez DCA",1,0,35
"Taher TM",4,4,35
"Tang LG",1,0,35
"Taupier-Letage I",1,3,35
"Tomlinson S",2,0,35
"Tuomisto H",3,6,35
"Ustaoglu B",4,0,35
"Valqui BGK",1,0,35
"Van der Stocken T",1,2,35
"Van Niekerk L",1,2,35
"Viana DS",1,0,35
"Wheeler GS",1,0,35
"Williams D",1,0,35
"Williamson GJ",2,5,35
"Xu N",2,0,35
"Xu XC",1,0,35
"Yao XY",1,0,35
"Zhang YQ",2,0,35
"Zhou H",2,0,35
"Zou LM",1,0,35
"Akakaya HR",1,6,34
"Akmentins MS",2,3,34
"Alamri S",2,0,34
"Alvarez-Esteban R",1,0,34
"Ananjeva NB",3,13,34
"Andersen AS",1,0,34
"Anderson R",1,0,34
"Atreya K",1,11,34
"Auster PJ",1,0,34
"Babineau A",1,6,34
"Bastrup-Birk A",1,5,34
"Bateman B",1,0,34
"Baum KA",1,1,34
"Beamer D",1,6,34
"Behroozian M",7,0,34
"Bernal-Santana N",1,0,34
"Cabrera CVP",1,0,34
"Campanella F",1,0,34
"Cano E",1,0,34
"Carmona CG",1,0,34
"Casalegno S",1,5,34
"Chutipong W",3,2,34
"Clarke C",2,1,34
"Costa B",1,1,34
"Darr A",1,6,34
"Dayanandan A",1,0,34
"de Oliveira SV",2,0,34
"Delevaux JMS",1,1,34
"Dellapé PM",3,6,34
"Dobler G",1,0,34
"Donovan MK",1,1,34
"dos Santos JP",1,0,34
"Drehmann M",1,0,34
"Durrant TH",1,5,34
"Escalante T",3,3,34
"Esparza-Estrada CE",1,6,34
"Estrada-Godoy F",1,0,34
"Fachet K",1,0,34
"Flather CH",1,6,34
"Fopp F",2,0,34
"Friedlander AM",1,1,34
"Gao ER",2,0,34
"Gazeta GS",2,0,34
"Giermakowski JT",2,6,34
"Grant KR",1,0,34
"Gray LK",2,1,34
"Guo WX",2,0,34
"Gwitira I",3,3,34
"Hagos H",1,9,34
"Han WD",1,0,34
"Hansson S",1,0,34
"He Q",1,0,34
"Hossain MS",2,0,34
"Hwang E",2,0,34
"Jensen C",1,0,34
"Kendall MS",1,1,34
"Kerdelhué C",2,4,34
"Khamis F",1,7,34
"Khare PK",1,0,34
"Klinga P",1,3,34
"Kozak KH",1,6,34
"Lamsal P",1,11,34
"Langham G",1,0,34
"Lecky J",1,1,34
"Lee HS",2,10,34
"Lindau A",1,0,34
"Liu FG",2,0,34
"Lovejoy NR",2,0,34
"López-Sandoval JA",1,0,34
"Ma Y",2,3,34
"Mackenstedt U",1,0,34
"Marchese F",1,0,34
"Martins TF",1,0,34
"Massolo A",4,3,34
"McManus MC",2,1,34
"Mellin C",2,1,34
"Melo MC",3,6,34
"Michel N",1,0,34
"Mikolás M",1,3,34
"Mishra SN",2,0,34
"Monroy-Vilchis O",3,2,34
"Moran JA",2,1,34
"Muñoz RC",1,0,34
"Nemomissa S",6,0,34
"Okely M",3,7,34
"Pan XW",1,0,34
"Panjabi A",1,0,34
"Paule L",1,3,34
"Pechmann J",1,6,34
"Pekkarinen A",1,5,34
"Pereira MJR",2,2,34
"Pietersen G",1,7,34
"Pinto-Gomes C",1,0,34
"Pires-Oliveira JC",3,0,34
"Pourmanafi S",3,4,34
"Price M",2,1,34
"Radomski T",1,6,34
"Rajpoot R",1,0,34
"Ramsey JM",1,0,34
"Rank A",1,8,34
"Rasowo BA",1,7,34
"Roos C",2,6,34
"Ruiz-Sanchez E",2,1,34
"Savini A",1,0,34
"Shitara T",3,7,34
"Siddiqui MH",2,0,34
"Silva JT",1,0,34
"Smolko P",1,3,34
"Soares JRS",1,8,34
"Springer A",1,0,34
"Stamoulis KA",1,1,34
"Taylor L",1,0,34
"Tejkal M",1,3,34
"Thoma D",1,0,34
"Treglia ML",2,5,34
"Valencia-López N",1,0,34
"van Asch B",1,7,34
"Van der Mescht L",2,0,34
"Velásquez LE",1,0,34
"Wang JA",2,0,34
"Wehenkel C",2,0,34
"Welle P",1,6,34
"Williams ID",1,1,34
"Wilsey C",1,0,34
"Yin YX",1,0,34
"Akturk E",1,0,33
"Allocca V",1,0,33
"Amaral ALG",1,0,33
"Andrade-Filho JD",1,0,33
"Avila JE",1,0,33
"Baasch DM",1,3,33
"Baradevanal G",4,4,33
"Benavides-Varela C",1,0,33
"Bhatt ID",3,6,33
"Blankenship EE",1,3,33
"Buma B",1,1,33
"Chen YF",3,0,33
"Cimino MA",1,1,33
"Coda S",1,0,33
"Crawford PHC",1,9,33
"Datta A",1,8,33
"De Alban JDT",1,0,33
"De Vita P",1,0,33
"Ding CQ",2,11,33
"Dzialowski A",1,2,33
"Dörge DD",1,8,33
"El-Keblawy A",1,0,33
"Evcin O",1,0,33
"Feng HL",1,0,33
"Feniova I",1,2,33
"Ge DY",1,13,33
"Georgakarakos S",1,4,33
"Giordano AJ",3,1,33
"Groff LA",1,12,33
"Gupta RC",1,8,33
"Hallman TA",1,4,33
"Hassan WA",1,0,33
"Hayes MP",1,12,33
"Herrera-Silveira J",1,0,33
"Heydon M",4,1,33
"Hindell MA",2,0,33
"Hoagland BW",1,9,33
"Hu SJ",3,1,33
"Janssens SB",2,6,33
"Jaryan V",1,8,33
"Jha KK",6,5,33
"Jha R",6,5,33
"Jiang B",2,0,33
"Jiang X",4,0,33
"Jiao WX",1,0,33
"Jiménez-Segura L",1,0,33
"Jin JX",1,0,33
"Joshi R",1,0,33
"Ju T",3,0,33
"Karakassis I",1,4,33
"Katz TS",1,10,33
"Kim HW",4,0,33
"Kucuk O",1,0,33
"Kulakowski D",1,1,33
"Li YM",2,4,33
"Lika K",1,4,33
"Lu C",2,0,33
"Lun XC",1,0,33
"Maestri R",2,0,33
"Mahmoud AR",4,0,33
"Marks SB",1,12,33
"Mehlhorn H",1,8,33
"Mert A",3,8,33
"Ngoprasert D",2,2,33
"Niamir A",1,4,33
"Oliver MJ",1,1,33
"Palialexis A",1,4,33
"Palomino D",2,3,33
"Pang SEH",2,0,33
"Park S",2,0,33
"Perkins-Taylor IE",1,0,33
"Pinkerton MH",2,1,33
"Plumptre AJ",1,0,33
"Refoyo P",4,4,33
"Rey PL",1,0,33
"Robinson WD",1,4,33
"Rodríguez-Medina K",1,0,33
"Rogéliz CA",1,0,33
"Schwartz SD",1,0,33
"Schweiger AK",1,0,33
"Segan D",1,0,33
"Shimabukuro PHF",1,0,33
"Singh RD",1,8,33
"Smith P",2,1,33
"Soffianian A",2,0,33
"Stephan J",5,6,33
"Tantipisanuh N",2,2,33
"Tong JB",1,13,33
"Tovaranonte J",2,0,33
"Tyre AJ",1,3,33
"Uniyal SK",1,8,33
"Valencia-Rodríguez D",1,0,33
"Wang GH",4,0,33
"Wang QQ",2,0,33
"Warshavsky A",1,2,33
"Wege M",2,0,33
"Wei LJ",4,0,33
"Werblow A",1,8,33
"Wu YN",2,0,33
"Yang HQ",1,0,33
"Zhang QF",1,0,33
"Zhang YX",2,0,33
"Zhao C",4,2,33
"Zhou RB",1,0,33
"Znari M",2,6,33
"Al-Ashaal S",2,6,32
"Alexandrino ER",1,5,32
"Andrade JD",1,0,32
"Areta JI",2,4,32
"Bai JJ",1,0,32
"Bai YJ",1,0,32
"Barfod AS",1,0,32
"Barker N",2,6,32
"Batista PM",1,0,32
"Baños JV",1,1,32
"Bentlage B",1,7,32
"Bianchi R",1,0,32
"Birtsas P",2,0,32
"Boccolini D",1,0,32
"Bonfanti L",1,0,32
"Bowen AKM",1,11,32
"Capelli G",1,0,32
"Cartwright P",1,7,32
"Carvajal-Castro JD",1,0,32
"Chadaeva V",3,0,32
"Chandrashekar K",1,7,32
"Chang H",1,0,32
"Chen CT",1,6,32
"Chen JH",3,1,32
"Chen S",3,0,32
"Chen WC",1,6,32
"Chen ZJ",1,4,32
"Clements SL",1,9,32
"Corcoran D",1,0,32
"Cosín DJD",2,4,32
"Cui LJ",3,2,32
"Cummings K",1,5,32
"da Luz DTA",1,5,32
"da Silva UBT",1,0,32
"De Ridder C",1,7,32
"Dessie T",4,0,32
"do Couto HTZ",1,5,32
"Douglass S",1,5,32
"El Mouden H",1,6,32
"Erasmus BFN",2,4,32
"Fahd S",1,6,32
"Fajardo J",1,0,32
"Falk H",1,0,32
"Fandos G",1,0,32
"Fernández R",2,4,32
"Ferreira AD",1,0,32
"Ferrández M",1,6,32
"Festeau A",1,7,32
"Freake MJ",2,1,32
"Fuentes-Castillo T",1,0,32
"Gaikwad J",1,7,32
"Gaisberger H",2,0,32
"Geng WL",1,0,32
"Giménez A",1,6,32
"Gode A",1,8,32
"Gortázar C",1,1,32
"Graciá E",1,6,32
"Groenen F",1,4,32
"Gutiérrez JA",1,5,32
"Hanotte O",4,0,32
"Harris J",1,5,32
"Hill J",2,0,32
"Hockings M",1,0,32
"Holtrop A",1,5,32
"Hong B",1,4,32
"Honnay O",2,4,32
"Hou P",1,0,32
"Howell HJ",1,0,32
"Hu ZX",2,5,32
"Huang YQ",2,0,32
"Hussain SSA",1,0,32
"Iskandar E",1,0,32
"Jdeidi T",1,6,32
"Jin DADA",1,0,32
"Joshi MD",3,7,32
"Khoury C",1,0,32
"Kreb D",1,0,32
"König C",1,0,32
"LaHue NP",1,1,32
"Laman EA",1,5,32
"Leroux L",2,0,32
"Li CS",2,5,32
"Li XZ",1,0,32
"Li YD",2,0,32
"Lou YY",1,0,32
"López-Arroyo JI",1,0,32
"López-Castañeda C",1,0,32
"López-Collado J",1,0,32
"Ma YT",1,0,32
"Malchow AK",1,0,32
"Mansilla A",2,5,32
"Mao ZY",1,0,32
"Marchán DF",2,4,32
"Marmen MB",1,0,32
"Mayfield HJ",1,0,32
"Meshram NM",1,7,32
"Metallinou M",2,0,32
"Meurisse N",1,4,32
"Mtengwana B",1,6,32
"Márquez-Santos M",1,0,32
"Nascimento J",1,0,32
"Negi GS",1,0,32
"Negi N",4,5,32
"Newson SE",2,0,32
"Novo M",2,4,32
"Painuly V",1,0,32
"Pan S",1,4,32
"Patregnani T",1,0,32
"Peng DL",1,4,32
"Pierrat B",1,7,32
"Powell GVN",1,4,32
"Prasetyo LB",1,0,32
"Pshegusov R",3,0,32
"Pérez I",1,6,32
"Qu HH",1,0,32
"Ramanujam S",1,8,32
"Ranganathan S",1,7,32
"Ren JP",1,0,32
"Rezza G",1,0,32
"Robles-García PL",1,0,32
"Roman MJ",1,0,32
"Romi R",1,0,32
"Rong TQ",1,0,32
"Rouag R",1,6,32
"Rushayati SB",1,0,32
"Sampaio ACP",3,0,32
"Santikayasa IP",1,0,32
"Sarafrazi A",3,4,32
"Scherson RA",1,0,32
"Schmid H",1,0,32
"Severini F",1,0,32
"Shafiezadeh M",2,9,32
"Shao JW",1,0,32
"Shasteen D",1,5,32
"Siple MC",1,5,32
"Slimani T",1,6,32
"Smith C",1,0,32
"Sofia M",2,0,32
"Sreekumar ER",3,4,32
"Stelvig M",1,0,32
"Stevens MHH",1,11,32
"Stodola A",1,5,32
"Stroud JT",1,9,32
"Sun DQ",1,0,32
"Suroshe SS",1,7,32
"Tanner JE",2,1,32
"Tererai F",1,6,32
"Timmanna HN",1,7,32
"Vahalik P",2,0,32
"Vedel-Sorensen M",1,0,32
"Wang JJ",2,0,32
"Wee AKS",2,0,32
"Wei XP",1,0,32
"Weigel B",1,0,32
"Wiltshire KH",2,1,32
"Wood AR",1,6,32
"Xian XQ",2,0,32
"Yao WW",1,0,32
"Young MA",2,1,32
"Zhai J",1,0,32
"Zhai YY",1,4,32
"Zhang JB",1,0,32
"Zhao CJ",1,6,32
"Zhao JJ",1,0,32
"Zheng YQ",3,0,32
"Zhu HR",1,0,32
"Abdulsalih N",1,5,31
"Aguilar GD",2,3,31
"Ahmad F",1,0,31
"Alfaro-Saiz E",2,0,31
"Alkhamis MA",4,0,31
"Allen BL",1,6,31
"Alqarni AS",2,2,31
"Altamiranda-Saavedra M",6,0,31
"Apan A",1,6,31
"Ashoori A",1,9,31
"Bambach N",1,2,31
"Barnes JC",2,4,31
"Behdarvand N",1,9,31
"Bohnett E",1,0,31
"Briolant S",2,5,31
"Bryson M",1,9,31
"Burrows D",1,2,31
"Capon SJ",1,2,31
"Cassel KW",1,4,31
"Chiappa-Carrara X",2,0,31
"Cimprich DA",1,2,31
"Correia AM",1,0,31
"de Almeida FAS",1,7,31
"de Boois I",1,1,31
"de Lutio R",1,0,31
"de Witte LC",1,0,31
"Desrochers RE",1,0,31
"Dzeroski S",1,2,31
"Fakheran S",2,2,31
"Falaschi M",3,3,31
"Fida T",1,0,31
"Fischer GA",2,0,31
"Fremout T",2,0,31
"Gao HM",1,0,31
"Gilabert H",1,2,31
"Gonçalves-Seco L",1,6,31
"Hao YW",2,3,31
"Harwood TD",1,2,31
"Hassan A",1,0,31
"He X",2,0,31
"Heurich M",3,1,31
"Holmes EE",1,1,31
"Hu XN",1,10,31
"Hu YF",2,0,31
"Illés G",1,0,31
"Iverson JB",1,9,31
"Jia Y",2,0,31
"Jiao JJ",1,0,31
"Jones EE",2,0,31
"Kaaya RD",1,0,31
"Kajeguka DC",1,0,31
"Kamyab H",1,9,31
"Kelly N",1,0,31
"Kim CS",1,5,31
"Kocev D",1,2,31
"Krstic S",1,2,31
"Kumar N",2,1,31
"Kweka EJ",1,0,31
"Lawler JJ",1,2,31
"Li BN",1,10,31
"Li RY",1,2,31
"Liang CB",1,0,31
"Linaje M",2,2,31
"Linnell MA",1,4,31
"Liu DX",1,0,31
"Liu HJ",1,10,31
"Liu KK",1,2,31
"Liu XB",1,2,31
"Lokonon BE",2,0,31
"Lu YQ",1,0,31
"Ma LM",2,0,31
"McKirdy SJ",5,1,31
"Mertens A",1,6,31
"Meza FJ",1,2,31
"Miranda M",1,2,31
"Mitreski K",1,2,31
"Moradi HV",1,9,31
"Mosha FW",1,0,31
"Móricz N",1,0,31
"Naumoski A",1,2,31
"O'Neill GA",2,0,31
"Oliveira G",1,7,31
"Pan YS",2,0,31
"Pandey A",2,8,31
"Panis B",1,6,31
"Pant G",1,6,31
"Pendleton DE",1,1,31
"Peng HH",1,5,31
"Petrovan SO",1,3,31
"Piersma T",1,2,31
"Qin W",1,0,31
"Qiu HJ",1,0,31
"Rafinejad J",2,3,31
"Rastegar-Pouyani N",3,8,31
"Redfern J",1,1,31
"Rehan M",1,0,31
"Rojas-Briceño NB",3,4,31
"Ronsted N",1,6,31
"Roux E",2,5,31
"Sachter-Smith G",1,6,31
"Sanchez-Aguilar L",1,2,31
"Seyler F",2,5,31
"Shahi M",2,3,31
"Shen AH",1,0,31
"Singh P",3,0,31
"Skidmore A",3,7,31
"Song PF",1,0,31
"Stanila BD",1,9,31
"Stone PA",1,9,31
"Sutton WB",2,1,31
"Suwannatrai A",1,5,31
"Suwanweerakamtorn R",1,5,31
"Swennen R",1,6,31
"Swingle JK",1,4,31
"Tomayer A",1,0,31
"Ullah S",1,0,31
"Valente R",1,0,31
"Vandelook F",1,6,31
"Velasco N",1,2,31
"Verhoeven MA",1,2,31
"Vu DT",1,6,31
"Wang YG",1,2,31
"Wegner JD",1,0,31
"Wilsey CB",1,2,31
"Wu DT",1,0,31
"Xian YY",1,0,31
"Yang LL",4,0,31
"Yuan WG",1,0,31
"Zeb S",1,0,31
"Zeng H",3,0,31
"Zhang RJ",2,10,31
"Zhang TZ",1,0,31
"Zhao YR",2,0,31
"Zhong L",1,0,31
"Zhu BR",1,2,31
"Aarai H",1,2,30
"Akmali V",3,6,30
"Almeida AM",4,0,30
"Ash E",2,0,30
"Babalola AS",2,0,30
"Baruah PS",2,13,30
"Beisiegel B",1,7,30
"Belfiore AM",2,2,30
"Bergstrom DM",1,0,30
"Birchenough SNR",1,0,30
"Braeckman U",1,0,30
"Bricher PK",1,0,30
"Buchanan GM",2,9,30
"Cable AB",1,7,30
"Cai CN",2,0,30
"Calvo L",2,0,30
"Catucci E",3,0,30
"Chang-Martínez LA",1,0,30
"Channa P",2,0,30
"Chiaverini L",2,0,30
"Christman MC",1,7,30
"Convery I",1,8,30
"Crespi EJ",1,0,30
"da Costa SM",1,0,30
"Daase M",1,2,30
"Dalerum F",1,5,30
"Dannheim J",1,0,30
"de Menezes JFS",1,0,30
"Degraer S",1,0,30
"Deppe JL",1,7,30
"Desroy N",1,0,30
"Dodsworth JA",1,0,30
"Dossou-Yovo E",1,0,30
"Dunn JC",2,9,30
"Eriksson T",1,5,30
"Fan NQ",1,0,30
"Fernandez P",4,0,30
"Fernández-López J",3,3,30
"Ferraz SFD",1,7,30
"Foveau A",1,0,30
"Fox E",1,11,30
"Gao ZQ",2,0,30
"Garcia LPF",1,0,30
"García-Berthou E",1,3,30
"Goldberg CS",1,0,30
"Grismer LL",3,4,30
"Groen T",1,0,30
"Guo WB",1,0,30
"Haga Y",1,2,30
"Haidir IA",2,0,30
"Hartnett HE",1,0,30
"Havig JR",1,0,30
"He P",4,0,30
"Hedlund BP",1,0,30
"Hohoff TC",1,7,30
"Holstein J",1,0,30
"Holt CDS",1,8,30
"Hosaka T",2,0,30
"Hou ZW",1,0,30
"Houetchegnon T",2,4,30
"Idowu OA",2,0,30
"Jaeger JR",1,3,30
"Jiang BG",1,0,30
"Kershaw F",2,8,30
"Kunimi Y",1,2,30
"Kyaw PP",2,0,30
"Le Roux PC",2,2,30
"Liang P",1,0,30
"Liu LQ",1,0,30
"Liu WL",3,0,30
"Liu YS",1,0,30
"Lucieer A",1,0,30
"Lv JN",1,0,30
"López-Pujol J",2,0,30
"Lüskow F",1,0,30
"Marchessaux G",1,0,30
"Martemyanov VV",1,2,30
"Martínez-Sifuentes AR",3,0,30
"Masnadi F",2,3,30
"Matwin S",1,0,30
"McDonald AI",1,0,30
"Michler FU",2,3,30
"Miller-Coleman RL",1,0,30
"Murphy CA",1,3,30
"Mustapha MA",5,3,30
"Neto JGD",1,0,30
"Neupane B",2,0,30
"O'Keefe JM",1,7,30
"Pakhomov EA",1,0,30
"Prendini L",1,3,30
"Raath MJ",2,2,30
"Ramírez-Albores JE",2,0,30
"Raselimanana AP",2,2,30
"Rasphone A",2,0,30
"Rheingantz ML",1,0,30
"Riddle BR",1,3,30
"Rodríguez-Estrella R",1,0,30
"Ross CA",1,0,30
"Sano T",1,2,30
"Santos AA",3,6,30
"Sarma K",4,8,30
"Scarcella G",2,3,30
"Schmidt BR",1,0,30
"Seaborn T",1,0,30
"Shaw J",1,0,30
"Shock EL",1,0,30
"Song XJ",3,2,30
"Spear SF",1,0,30
"Sánchez-Fernández D",3,1,30
"Tan CKW",2,0,30
"Tanti B",2,13,30
"Taylor SJ",1,7,30
"Terauds A",1,0,30
"Van Hoey G",1,0,30
"Van Lancker V",1,0,30
"Varela D",2,0,30
"Verma P",2,5,30
"Viljanen SLH",1,0,30
"Wang BY",1,0,30
"Wang BZ",1,0,30
"Wang K",3,0,30
"Wang SS",1,0,30
"Wei XJ",2,0,30
"Wen JW",1,0,30
"Wrede A",1,0,30
"Xu GY",1,0,30
"Yang XH",1,0,30
"Yang XW",2,0,30
"Zhang HH",4,1,30
"Zhou LL",1,0,30
"Zhou YB",3,0,30
"Zhou YH",1,0,30
"Zhu YJ",1,0,30
"Agrillo E",1,0,29
"Alawathugoda D",1,0,29
"Albuquerque T",1,0,29
"Ardizzone G",1,4,29
"Aung MM",1,0,29
"Azman A",1,0,29
"Baek S",2,2,29
"Bandara KMA",1,0,29
"Bar-David S",1,8,29
"Barbé M",1,0,29
"Barrand ZA",1,0,29
"Barstow M",1,0,29
"Bavia ME",2,0,29
"Bellido JM",2,0,29
"Black SH",1,0,29
"Bodos V",1,0,29
"Booth DJ",1,1,29
"Boshier D",1,0,29
"Bounithiphonh C",1,0,29
"Branco CWC",1,0,29
"Cardim LL",2,0,29
"Carneiro DDMT",2,0,29
"Casella L",1,0,29
"Casey LM",1,5,29
"Castanheira I",1,0,29
"Castaño-Santamaría J",1,0,29
"Changtragoon S",1,0,29
"Chippindale PT",1,1,29
"Corrêa RF",1,0,29
"Craft ME",2,1,29
"Craver DR",1,0,29
"Cropper WP Jr",4,0,29
"Cruz EE",1,0,29
"DaVall K",1,0,29
"David DBD",1,0,29
"Davis T",1,1,29
"Delborne JA",1,4,29
"Dilts TE",1,0,29
"dos Santos LN",1,0,29
"Dung NQ",1,0,29
"Eguchi S",2,1,29
"Eiadthong W",1,0,29
"Elliott S",1,0,29
"Elloran C",1,0,29
"Engler JD",1,0,29
"Fallon CE",1,0,29
"Feng XL",2,0,29
"Filipponi F",1,0,29
"Flores-Cano JA",2,0,29
"Fogl M",1,6,29
"Forister ML",1,0,29
"Gager Y",1,3,29
"Galante M",1,0,29
"Gallen C",1,1,29
"Gavinhos C",1,0,29
"Gerassis S",1,0,29
"Giacomini G",1,4,29
"Gomes MAD",1,5,29
"Gonçalves DV",2,1,29
"Graudal L",1,0,29
"Guo LF",3,0,29
"Hamidi A",1,0,29
"Harasti D",1,1,29
"Hartvig I",1,0,29
"Henry M",1,0,29
"Hintze F",2,2,29
"Hoa TT",1,0,29
"Ilahiane L",2,0,29
"Isa SFM",1,0,29
"Jalonen R",1,0,29
"Janssens S",1,0,29
"Jepsen SJ",1,0,29
"Johnson DS",1,2,29
"Kanchanarak T",1,0,29
"Kauffman G",1,0,29
"Kemalasari D",1,0,29
"Kitratporn N",1,0,29
"Koh LP",1,0,29
"Komori O",2,1,29
"Kristensen TK",1,4,29
"Laegaard S",1,0,29
"Lagorio S",1,4,29
"Lathrop RG",3,4,29
"Le TC",1,0,29
"Ledon C",1,4,29
"Lee CT",1,0,29
"Lee SL",1,0,29
"Lehmann L",1,0,29
"Li Y",8,0,29
"Li ZP",2,0,29
"Lilleso JPB",1,0,29
"Linsky J",1,0,29
"Macêdo RL",1,0,29
"Makowsky R",1,1,29
"Mansuy N",1,0,29
"Marchi M",2,0,29
"Marshall JC",1,1,29
"Martínez-Hernández F",2,0,29
"Matthews SN",2,2,29
"Maycock C",1,0,29
"Mazza G",1,3,29
"McColl SA",1,4,29
"McKnight SJ",1,0,29
"Mcvay J",1,1,29
"Mduluza T",1,4,29
"Menchetti M",1,3,29
"Meng FY",3,0,29
"Meshgi B",4,2,29
"Miah MD",1,0,29
"Mihaljevic JR",1,0,29
"Mitasova H",1,0,29
"Mohamed R",1,0,29
"Munawaroh E",2,0,29
"Mussi B",1,4,29
"Nak HK",1,0,29
"Nazre M",1,0,29
"Negri I",1,4,29
"Nezer O",1,8,29
"Nghia NH",1,0,29
"Obeso JR",1,0,29
"Pakkad G",1,0,29
"Palanisamy K",1,0,29
"Panzeri M",1,3,29
"Pavan G",1,4,29
"Pearson T",1,0,29
"Pedersen UB",1,4,29
"Pelton EM",1,0,29
"Pezzarossa A",1,0,29
"Phourin C",1,0,29
"Ping H",1,0,29
"Porter WT",1,0,29
"Poulos DE",1,1,29
"Pushpakumara G",1,0,29
"Quinta-Nova L",1,0,29
"Ramos LT",1,0,29
"Ratnam W",1,0,29
"Reckling W",1,0,29
"Reid R",1,0,29
"Renjana E",3,0,29
"Ribeiro S",1,0,29
"Rocha O",1,0,29
"Rodgers MDM",2,0,29
"Rotheray E",1,5,29
"Russo P",1,0,29
"Saigusa Y",2,1,29
"Salkeld DJ",1,0,29
"Sang J",1,0,29
"Saranya KRL",2,1,29
"Shi FM",3,1,29
"Siddiqui BN",1,0,29
"Silva MMN",2,0,29
"Siregar IZ",1,0,29
"Slik F",1,0,29
"Smiraglia D",1,0,29
"Solihah SM",2,0,29
"Song W",2,10,29
"Sreng S",1,0,29
"Steele MO",1,0,29
"Sumedi N",1,0,29
"Takeuchi W",1,0,29
"Taramelli A",1,0,29
"Taylor AR",1,0,29
"Thea S",1,0,29
"Theilade I",1,0,29
"Tiansawat P",1,0,29
"Tolentino E Jr",1,0,29
"Umina PA",1,4,29
"Valiakos G",2,2,29
"Vennervald BJ",1,4,29
"Vinceti B",1,0,29
"Vivaldi C",1,4,29
"Volkaert HA",1,0,29
"Wachara J",1,0,29
"Wang CC",4,4,29
"Warrier RR",1,0,29
"Weerasinghe DP",1,0,29
"Wegmann K",1,0,29
"Wei GH",2,0,29
"Wilkie P",1,0,29
"Youlatos D",2,2,29
"Yuskianti V",1,0,29
"Zakaria NF",1,0,29
"Zhao YQ",5,3,29
"Zielinski WJ",1,2,29
"Zuhry ALM",1,0,29
"Özkan K",3,4,29
"Aguilar M",1,4,28
"Ahmad R",3,0,28
"Akcali C",1,0,28
"Anderson AS",1,3,28
"Antúnez P",1,0,28
"Archis JN",1,0,28
"Arnedo MA",1,0,28
"Arroyave J",1,1,28
"Barbosa NPU",1,0,28
"Barragán-Barrera DC",1,0,28
"Baxter RM",2,3,28
"Behrens E",1,4,28
"Belitz MW",2,4,28
"Bezaury-Creel JE",1,0,28
"Bidinger K",1,7,28
"Bolaños-Jiménez J",1,0,28
"Bongers F",1,5,28
"Boonratana R",4,1,28
"Botero-Acosta N",1,0,28
"Bouveret L",1,0,28
"Brown AHD",1,1,28
"Buenos P",1,0,28
"Bump JK",1,2,28
"Bunting P",1,9,28
"Calderon-Aguilera LE",1,0,28
"Canales-Cáceres R",2,0,28
"Cao GF",2,0,28
"Cardoso-Leite R",1,0,28
"Carlos LA Jr",1,0,28
"Casaer J",1,0,28
"Castelblanco-Martínez DN",1,0,28
"Chen XY",4,2,28
"Choi SH",3,0,28
"Chung JM",1,0,28
"Chung MG",1,0,28
"Chung MY",1,0,28
"Chávez-Carreño PA",1,0,28
"Conlee L",2,2,28
"Creed JC",1,0,28
"Cross DE",1,0,28
"Crump HL",1,0,28
"Cruz-Barraza JA",1,0,28
"Cueto VR",1,4,28
"Cui GF",2,0,28
"Culverwell CL",1,7,28
"Cupul-Magaña A",1,0,28
"Das S",2,5,28
"de Montgolfier B",1,0,28
"Decae AE",1,0,28
"Ding GJ",1,0,28
"Doyle JJ",1,1,28
"Drost CJ",1,0,28
"Elias RB",1,0,28
"Escalante AA",1,0,28
"Estopinan J",2,0,28
"Etnoyer PJ",1,9,28
"Etzelmüller B",1,1,28
"Fan JL",2,0,28
"Farías-Curtidor N",1,0,28
"Feng JN",1,0,28
"Flores-Villela OA",1,0,28
"Forbes KM",1,7,28
"Fournier AMV",1,2,28
"Fowle HA",1,9,28
"Freestone MW",1,0,28
"Förschler M",1,5,28
"Gajmer B",1,3,28
"Gerken AR",2,2,28
"Giliba R",1,9,28
"Girardi G",1,2,28
"Girma A",1,5,28
"Gottwald J",3,3,28
"Gui Q",1,0,28
"Guillermo-Ferreira R",1,0,28
"Hamid M",1,3,28
"Harbert RS",1,1,28
"Hardy A",1,9,28
"Harisena NV",1,7,28
"Harman RR",2,2,28
"Henry KA",1,0,28
"Hill ED",1,4,28
"Hjort J",1,1,28
"Holmes GD",1,0,28
"Hu ZK",1,0,28
"Ibarra-Cerdeña CN",2,0,28
"Jahn AE",1,4,28
"Jha A",2,1,28
"Jobe T",1,0,28
"John E",1,9,28
"Jones CC",1,6,28
"Jones GM",2,3,28
"Khanal S",2,0,28
"Khani A",1,0,28
"Khuroo AA",1,3,28
"Kikuchi D",1,0,28
"Kim KJ",1,0,28
"King SL",1,2,28
"Kinlan B",1,9,28
"Koo KS",2,0,28
"Kubota Y",2,0,28
"Lado C",1,4,28
"Laituri M",2,3,28
"Lancheros-Neva R",1,0,28
"Le MD",4,0,28
"León-Paniagua L",2,4,28
"Li ZJ",1,0,28
"Liao MY",1,0,28
"Lin LL",2,0,28
"Linde CC",2,0,28
"Luksenburg JA",1,0,28
"López-Martínez V",2,0,28
"López-Pérez RA",1,0,28
"Marshall L",3,2,28
"Martinez PA",6,0,28
"McCluskey EM",2,0,28
"McGrady M",1,6,28
"Mellinger J",1,0,28
"Mesa-Gutiérrez R",1,0,28
"Mills M",2,2,28
"Mohapatra J",1,3,28
"Mota FMM",3,3,28
"Moulton TP",1,0,28
"Murphy H",1,0,28
"Murphy MT",1,4,28
"Mutai NC",1,7,28
"Nabati N",1,0,28
"Nakaoka M",1,1,28
"Nautiyal MC",1,3,28
"Neves DM",1,0,28
"Ning SY",1,0,28
"Novaes MC",1,0,28
"Olivero J",2,7,28
"Onuma M",2,5,28
"Orejas C",3,1,28
"Pandya HA",1,3,28
"Park SJ",1,0,28
"Paz-García DA",1,0,28
"Penado A",1,7,28
"Perkins M",1,2,28
"Pfennig KS",1,0,28
"Phillips RD",2,0,28
"Pinna MS",1,8,28
"Ramos EA",1,0,28
"Reis FV",1,0,28
"Reiter N",1,0,28
"Richard K",1,0,28
"Rindfuss RR",1,6,28
"Roberts O",1,9,28
"Rocha-Olivares A",1,0,28
"Roehrdanz PR",1,5,28
"Ruiz-Aquino F",2,0,28
"Rutten A",2,0,28
"Saavedra-Sotelo NC",1,0,28
"Schaefer SA",1,1,28
"Semwal SC",1,3,28
"Serio C",1,2,28
"Shao MH",2,0,28
"Shieldcastle MC",1,2,28
"Silayo D",1,9,28
"Silva LD",1,0,28
"Singh G",2,5,28
"Stewart JR",2,2,28
"Sudo K",1,1,28
"Sulis E",1,8,28
"Sullivan AR",1,2,28
"Sussmilch FC",1,0,28
"Swarts ND",1,0,28
"Terraube J",1,6,28
"Thomas CJ",1,0,28
"Tian ER",1,0,28
"Tolgensbakk J",1,1,28
"Tonetto AF",1,0,28
"Treml EA",2,1,28
"Tuero DT",1,4,28
"Ujanen J",1,1,28
"Uusitalo R",1,7,28
"Valenzuela-Encinas C",1,0,28
"Vapalahti O",1,7,28
"Venus V",1,5,28
"Verdery AM",1,6,28
"Verma A",1,3,28
"Vilardi GC",1,0,28
"Vilarinho AC",1,0,28
"Wagner D",1,9,28
"Wang HL",2,0,28
"Wilkin P",2,7,28
"Williams HW",1,0,28
"Wouyou HG",1,0,28
"Wright MM",1,0,28
"Xiao Y",1,0,28
"Xiao YS",3,3,28
"Xie N",1,0,28
"Yang ZQ",2,3,28
"Yotsukura N",1,1,28
"Yuan GY",1,0,28
"Zhang C",2,0,28
"Zhang QY",2,1,28
"Zhang XJ",3,0,28
"Zimmermann F",2,0,28
"Zliobaite I",3,0,28
"Zossou-Akete AG",1,0,28
"Adaszek L",1,0,27
"Ahrens RNM",1,6,27
"Amaral DT",2,1,27
"Amirkhiz RG",2,2,27
"Andreone F",1,2,27
"Ascher JS",2,2,27
"Azam C",1,4,27
"Bani L",1,1,27
"Barbosa RV",1,0,27
"Bashir B",1,0,27
"Bassi E",1,1,27
"Bazzi G",1,0,27
"Bedair H",4,4,27
"Bergero V",1,1,27
"Bernardes M",1,5,27
"Bian X",2,1,27
"Bodker R",1,0,27
"Bothwell HM",1,0,27
"Brochier C",1,4,27
"Calvete C",1,7,27
"Can E",1,0,27
"Cao AC",1,0,27
"Cao S",1,6,27
"Cardador L",2,3,27
"Carvalha F",1,6,27
"Casale F",1,1,27
"Castro ACF",1,2,27
"Chahouki MAZ",2,5,27
"Chemollo M",1,1,27
"Chen L",3,0,27
"Chen LJ",1,0,27
"Cheuk ML",1,0,27
"Choudhary JS",2,11,27
"Chu JWF",1,0,27
"Clark JT",1,8,27
"Contreras-Medina R",1,0,27
"Cosson E",1,4,27
"Crottini A",1,2,27
"da Fonseca IP",1,0,27
"Dalapicolla J",2,0,27
"de Lanuza GPI",1,0,27
"Dergousoff SJ",2,0,27
"Devlin AT",2,1,27
"Dobrovolski R",1,3,27
"Dolch R",1,2,27
"Dong BX",1,6,27
"Dong ZP",1,6,27
"Ducharme-Barth ND",1,6,27
"Duerler RS",1,0,27
"Duffy K",1,0,27
"Dufresnes C",1,0,27
"Edmonds D",1,2,27
"El-Kassaby YA",2,0,27
"El-Serehy HA",1,0,27
"Estrada-Pena A",1,0,27
"Fabbri E",1,1,27
"Fathi S",3,2,27
"Feng QS",1,0,27
"Figueiredo EO",3,10,27
"Figueiredo SMD",4,10,27
"Fonderflick J",1,4,27
"Franco FF",2,1,27
"Freeman KLM",1,2,27
"Frutos N",1,3,27
"Gale KSP",1,0,27
"Georgian S",1,0,27
"Ghirardi R",1,3,27
"Gilissen NLM",1,4,27
"Glaw F",1,2,27
"Gorfine H",2,1,27
"Granados-Sánchez D",1,0,27
"Griggio M",1,2,27
"Guillet A",1,1,27
"Guillot J",1,0,27
"Guo G",1,8,27
"Hammami S",2,3,27
"Hanafi-Bojd A",1,3,27
"Hardy GES",1,0,27
"Hashim MJ",1,0,27
"Holcombe TR",2,2,27
"Huang YL",1,0,27
"Hurskainen P",1,0,27
"Hutengs C",1,0,27
"Jahanifard E",1,3,27
"Jiang JY",1,6,27
"Jin CY",1,0,27
"Jones TT",1,6,27
"Kivinen S",1,0,27
"Kobayashi D",1,6,27
"Kong N",1,8,27
"Kumari P",1,0,27
"Kuusela S",1,0,27
"Lai GY",2,1,27
"Lang JY",1,8,27
"Lathrop A",1,2,27
"Leikola N",1,0,27
"Lengyel S",1,2,27
"Leynaud GC",1,3,27
"Li CJ",4,0,27
"Li D",1,0,27
"Li QY",2,1,27
"Liao WB",3,0,27
"Lin HL",1,0,27
"Litvinchuk S",1,2,27
"Loken B",3,1,27
"Longoni V",1,1,27
"Lucientes J",1,7,27
"Luna-Vega I",1,0,27
"Luppi M",1,1,27
"Ma JF",1,6,27
"Makepeace BL",1,0,27
"Mali SS",2,11,27
"Mao XJ",3,2,27
"Martin S",1,6,27
"Mi ZY",1,0,27
"Milne MG",1,2,27
"Minuti G",3,0,27
"Misbari S",1,0,27
"Mizsei E",1,2,27
"Mondal K",1,3,27
"Moore JH",1,0,27
"Moore M",1,2,27
"Moraes EM",2,1,27
"Murphy RW",1,2,27
"Mücher CA",1,4,27
"Naithani S",2,8,27
"Navidpour S",1,3,27
"Nephin J",1,0,27
"Newbury H",1,0,27
"Ng WL",1,0,27
"Noël J",1,2,27
"Ohler A",1,2,27
"Oliveira JVM",2,1,27
"Ong XR",1,2,27
"Orioli V",1,1,27
"Overgaauw P",1,0,27
"Page B",1,0,27
"Pal SC",2,0,27
"Patrizzi NS",1,3,27
"Pearson-Prestera W",1,3,27
"Pfliegler WP",1,2,27
"Pham CT",3,5,27
"Pisa G",1,1,27
"Pérez BJG",1,7,27
"Qin YX",1,6,27
"Qiu J",2,0,27
"Quekenborn D",1,4,27
"Randi E",1,1,27
"Randrianantoandro C",1,2,27
"Raynor J",1,6,27
"Regmi GR",2,7,27
"Rieske LK",1,8,27
"Rodrigues JFM",2,6,27
"Rooper C",1,0,27
"Rosa GM",1,2,27
"Rosanov JM",1,0,27
"Rushton SP",1,2,27
"Sahragard HP",3,0,27
"Sankar K",1,3,27
"Santacruz-Carrillo M",1,0,27
"Santos-Hernández AF",1,0,27
"Sanuy D",2,0,27
"Saporetti F",1,1,27
"Seddon PJ",3,1,27
"Seo C",2,0,27
"Shankhwar R",4,8,27
"Sittaro F",1,0,27
"Slotow R",1,0,27
"Smirnov NA",1,0,27
"Smith A",2,0,27
"Solofo JF",1,2,27
"Spilotros G",1,1,27
"Suchan T",1,0,27
"Sumida PYG",1,0,27
"Suwal MK",2,7,27
"Szabolcs M",1,2,27
"Taleb N",1,1,27
"Taylor NP",2,1,27
"Thomas JC",1,2,27
"Tian W",2,0,27
"Truong TTA",1,0,27
"van Leeuwen P",1,2,27
"Viganò E",1,1,27
"Villanueva-Morales A",1,0,27
"Vincent ACJ",1,2,27
"Virkkala R",1,0,27
"Vitulano S",1,1,27
"Vohland M",1,0,27
"Vági B",1,2,27
"Wang KM",1,0,27
"Wani IA",1,0,27
"Wilkening J",1,3,27
"Xia F",1,6,27
"Xie AT",1,6,27
"Yahya NN",1,0,27
"Ye SF",1,6,27
"Yoshimura C",3,3,27
"Zakham F",1,0,27
"Zappi DC",2,1,27
"Zhan SP",2,1,27
"Zhao WX",1,6,27
"Zheng HS",3,2,27
"Zheng L",3,0,27
"Zheng ZY",1,6,27
"Zhu XM",1,6,27
"Üveges B",1,2,27
"Abdalgawad AA",1,0,26
"Adamu D",1,0,26
"Adedayo O",1,0,26
"Adeleke M",1,0,26
"Adeogun A",1,0,26
"Adesola M",1,0,26
"Adetunji O",1,0,26
"Afify AE",1,0,26
"Ahlm C",1,0,26
"Ahmadi J",1,0,26
"Akasaka M",1,2,26
"Aksoy ÖK",2,0,26
"Amajoh C",1,0,26
"An M",3,0,26
"Ande A",1,0,26
"Angetter LS",1,3,26
"August TA",1,5,26
"Awolola S",1,0,26
"Azevedo JMN",1,6,26
"Bai G",2,0,26
"Baird A",1,2,26
"Balsalobre A",1,0,26
"Bean TM",1,3,26
"Beazley L",1,5,26
"Betancourt JL",1,3,26
"Bisht MS",1,5,26
"Bol L",1,6,26
"Boratynska K",1,0,26
"Borz SA",1,0,26
"Brickman D",1,5,26
"Brigham L",1,3,26
"Brunken U",1,3,26
"Bryan K",1,3,26
"Byun BK",1,0,26
"Caldeira R",1,0,26
"Cao W",1,0,26
"Carlile N",1,4,26
"Carstens BC",2,1,26
"Chandra N",1,5,26
"Checkley S",2,1,26
"Cheng JM",2,0,26
"Cheng R",2,1,26
"Clark SL",1,0,26
"Crowder DW",2,0,26
"Dalmaris E",1,2,26
"Damaneh JM",1,0,26
"Daskum A",1,0,26
"de la Hera I",1,0,26
"de Zwaan DR",1,2,26
"Dewanji A",1,6,26
"Dey A",2,1,26
"Dickson ME",1,0,26
"Dinis A",1,0,26
"Dogara M",1,0,26
"Dönmez AA",1,0,26
"Echeverria MG",1,0,26
"El-Hawagry MSA",2,0,26
"Erola J",1,4,26
"Esema M",1,0,26
"Espinosa-García FJ",1,0,26
"Faltas EM",1,0,26
"Fernández-González S",1,0,26
"Ferreira R",1,0,26
"Fischer JC",1,0,26
"Frid L",1,3,26
"Froese N",1,2,26
"Galvis P",1,6,26
"Gannier A",1,6,26
"Gao L",1,0,26
"Gavaghan DJ",1,5,26
"Gavish Y",2,4,26
"Ginwal HS",3,8,26
"Griffin-Nolanb RJ",1,0,26
"Gullison RE",1,6,26
"Hamilton HH",1,1,26
"Han HX",2,1,26
"Hardner J",1,6,26
"Hassan MA",1,0,26
"Hassan YM",1,0,26
"He JM",1,0,26
"Heinänen S",1,4,26
"Houéhanou T",1,10,26
"Ingram M",1,5,26
"Inyama PU",1,0,26
"Izekor RT",1,0,26
"Jalal JS",1,5,26
"Ji YP",2,0,26
"Jiang N",2,1,26
"Joshi BD",4,1,26
"Kennedy P",1,0,26
"Khodri NF",3,3,26
"Kniveton D",1,2,26
"Kusumoto B",1,0,26
"Lee EJ",1,0,26
"Leonardi G",3,6,26
"Li BX",1,0,26
"Li P",3,3,26
"Li QX",1,0,26
"Li W",4,2,26
"Liang ZR",1,0,26
"Lin S",1,0,26
"Lingwal S",1,5,26
"Liu RF",1,0,26
"Loeb SC",1,1,26
"Loqman S",1,5,26
"Lu MY",1,3,26
"Lu XP",1,0,26
"Lázaro-Lobo A",2,0,26
"Mahmoud MA",1,0,26
"Mariscal A",1,2,26
"Marti GA",1,0,26
"Martin GD",1,0,26
"Masroor R",2,8,26
"McInerny G",1,5,26
"Minissale P",1,0,26
"Mullinax JM",1,0,26
"Murray C",2,1,26
"Musa J",1,0,26
"Naeem OM",1,0,26
"Naguib RM",1,0,26
"Nasiri V",1,0,26
"Niles L",2,1,26
"Nunes N",1,0,26
"Obembe A",1,0,26
"Ojianwuna C",1,0,26
"Okoko OO",1,0,26
"Olagundoye O",1,0,26
"Olakiigbe A",1,0,26
"Olayemi I",1,0,26
"Olsson AD",1,3,26
"Olsson GE",1,0,26
"Omo-Eboh M",1,0,26
"Omotayo A",1,0,26
"Ouinsavi CAIN",3,0,26
"Outammassine A",1,5,26
"Oyeniyi T",1,0,26
"Pal V",1,5,26
"Pan LH",1,0,26
"Park JK",1,0,26
"Perez AM",3,0,26
"Perry GLW",1,0,26
"Pitts JP",1,0,26
"Planillo A",2,0,26
"Poot P",1,2,26
"Pérez-Rodríguez A",1,0,26
"Pérez-Tris J",1,0,26
"Ramalho CE",1,2,26
"Rapp HT",1,5,26
"Rawat B",1,5,26
"Ren HY",1,0,26
"Roberts EM",1,5,26
"Rosner-Katz H",1,0,26
"Ross GS",1,6,26
"Salako B",1,0,26
"Salako VK",1,10,26
"Sambo O",1,0,26
"Samdi L",1,0,26
"Samuel R",1,0,26
"Scheick BK",1,0,26
"Segal RD",1,4,26
"Selonen V",2,3,26
"Sinka M",1,0,26
"Skach S",1,1,26
"Smith ML",2,1,26
"Sodé IA",1,10,26
"Soliman MM",2,0,26
"Stabler LB",1,5,26
"Sullivan J",2,1,26
"Susevich ML",1,0,26
"Tank DC",2,1,26
"Tecot SR",1,6,26
"Thake P",1,0,26
"Thomson LJ",1,4,26
"Thorn J",1,2,26
"Tirira D",1,2,26
"Tiwari LM",1,5,26
"Tran DV",3,9,26
"Uhomoibhi P",1,0,26
"Veneklaas EJ",1,2,26
"Vihotogbé R",1,10,26
"Vukcevic D",1,5,26
"Wakie T",1,0,26
"Wan FH",2,0,26
"Wang HR",1,0,26
"Wang MM",1,0,26
"Wang XX",4,1,26
"Westwood R",2,1,26
"Wheeler EA",1,5,26
"Wiersma YF",2,5,26
"Williams KA",1,0,26
"Wilson JS",1,0,26
"Wilson S",1,2,26
"Winters EA",1,1,26
"Wu LH",1,4,26
"Xu H",1,0,26
"Xue DY",2,1,26
"Yang XL",3,0,26
"Yayo A",1,0,26
"Zeimes CB",1,0,26
"Zhang A",1,0,26
"Zhou WY",1,0,26
"Zhuang DF",1,0,26
"Zielinska M",1,0,26
"Zizka A",1,3,26
"Zouhair S",1,5,26
"Adiga A",2,7,25
"Aguilar-Domínguez M",1,0,25
"Alcántara JM",1,2,25
"Almazán-Núñez RC",1,0,25
"Almeida AP",1,3,25
"Almeida M",1,2,25
"Alonso ME",1,0,25
"Anand A",3,0,25
"Arcidiacono C",3,0,25
"Arias-Aguilar A",1,2,25
"Arizmendi MD",1,0,25
"Atkinson I",1,6,25
"Baird D",1,6,25
"Bastida JM",1,2,25
"Becker I",1,0,25
"Bezerra B",1,2,25
"Bonatelli IAS",1,1,25
"Borges PAV",3,0,25
"Botero-Acosta A",1,0,25
"Boys WA",1,12,25
"Bried JT",1,12,25
"Brockington SF",1,0,25
"Brodie JF",3,1,25
"Burgess BJ",1,0,25
"Burgman M",1,0,25
"Casini R",2,0,25
"Castañeda N",2,0,25
"Catalano GA",3,0,25
"Ceia-Hasse A",1,0,25
"Chin LJ",1,1,25
"Chu ML",1,0,25
"Chávez C",1,0,25
"Clubbe C",1,0,25
"D'Urso PR",3,0,25
"Das AK",2,6,25
"de la Estrella M",1,0,25
"de León AP",1,0,25
"Dhakal M",2,0,25
"Di Marco M",1,4,25
"Dias-Silva LH",1,2,25
"do Rosário VE",1,3,25
"Dolotbakov A",1,0,25
"Dominguez-Granda L",1,5,25
"Dong JY",3,0,25
"du Feu RJ",1,0,25
"Dymytrova L",1,5,25
"Eaton DAR",1,1,25
"Edwards NR",1,4,25
"Eisenlohr P",1,9,25
"Eizirik E",2,2,25
"Figueroa DR",1,0,25
"Filz KJ",1,9,25
"Flores-Rodríguez P",1,0,25
"Fric ZF",2,1,25
"Funke SW",1,0,25
"Gaisser B",1,3,25
"Gale GA",2,2,25
"Ganey JL",1,3,25
"Ganybaeva M",1,0,25
"García A",1,4,25
"Garrido-Garduño T",1,0,25
"Gillespie LE",1,0,25
"Gilligan D",1,1,25
"Gobeyn S",1,5,25
"Gomes E",1,3,25
"Gopar-Merino F",1,0,25
"Growns I",1,1,25
"Guo XL",2,0,25
"Gutiérrez RJ",1,3,25
"Guzman JA",1,0,25
"Hailu BT",2,8,25
"Haywood J",1,0,25
"Healey SP",1,3,25
"Hedwall SJ",1,3,25
"Hending D",3,1,25
"Heung B",1,0,25
"Higginbottom TP",2,0,25
"Hinojosa-Díaz IA",2,0,25
"Hinton MG",2,2,25
"Hoagland SJ",1,3,25
"Holden PB",1,4,25
"Hollings T",1,0,25
"Howse MWF",1,0,25
"Hu CY",2,0,25
"Hu HD",1,0,25
"Huang ZLY",2,0,25
"Jaime R",1,2,25
"Jewell C",1,0,25
"Jha PK",2,7,25
"Jian SQ",3,0,25
"Jnawali SR",2,0,25
"Johnson SB",1,9,25
"Jucá T",1,2,25
"Jung M",1,0,25
"Kaewkes S",1,5,25
"Kamrani E",1,0,25
"Kanchanasaka B",1,6,25
"Kavgaci A",1,0,25
"Knetter SJ",3,1,25
"Koban MB",1,0,25
"Konvicka M",2,1,25
"Kramer SC",1,0,25
"Kumbula ST",1,0,25
"Lazkov G",1,0,25
"Lee M",1,10,25
"Lester PJ",1,0,25
"Lin WC",1,3,25
"Lin YP",1,3,25
"Liu HL",2,0,25
"Lopes-Lima M",2,0,25
"Maci F",2,0,25
"Mackinder B",1,0,25
"Madera P",2,0,25
"Maes R",1,3,25
"Mafongoya P",1,0,25
"Malcolm K",1,3,25
"Mdegela RH",1,4,25
"Mechenich MF",2,0,25
"Mehrabian A",1,9,25
"Meijer C",1,0,25
"Mendoza-Fernández AJ",2,0,25
"Minhós-Yano I",1,1,25
"Mischiatti FL",1,2,25
"Morante JC",1,3,25
"Moriasi DN",1,0,25
"Muniappan R",2,7,25
"Mwakapeje ER",1,4,25
"Nair NK",2,0,25
"Nava-Bolaños A",2,0,25
"Ndimuligo SA",1,4,25
"Nonga HE",1,4,25
"Nowak MM",2,7,25
"Nyakarahuka L",1,4,25
"Pacheco XP",1,0,25
"Palagi J",2,0,25
"Parenti MS",1,0,25
"Patten MA",1,12,25
"Pavlek M",1,1,25
"Piggott MD",1,0,25
"Praveen J",1,0,25
"Rachlow JL",3,1,25
"Reis E",1,3,25
"Rey PJ",1,2,25
"Robiansyah I",3,1,25
"Robinson A",1,0,25
"Rocha-Ortega M",2,0,25
"Rodrigues PMS",1,9,25
"Romeiro-Brito M",1,1,25
"Rook L",1,4,25
"Rosas LEN",1,0,25
"Rourke M",1,1,25
"Sanderlin JS",1,3,25
"Scheidegger C",1,5,25
"Scheldeman X",2,0,25
"Schwartz MK",1,3,25
"Seamans ME",1,3,25
"Semwal M",2,0,25
"Shalpykov K",1,0,25
"Shrestha BB",2,7,25
"Siepielski AM",1,12,25
"Sierra-Morales P",1,0,25
"Silva CR",1,2,25
"Silva JO",1,9,25
"Skjerve E",1,4,25
"Smith BD",1,12,25
"Smith IT",3,1,25
"Solidoro C",2,3,25
"Starks PJ",1,0,25
"Steel J",1,9,25
"Stofer S",1,5,25
"Sultangaziev O",1,0,25
"Tan ZM",1,0,25
"Tesana S",1,5,25
"van Andel M",1,0,25
"Van Damme K",2,0,25
"Van Damme P",2,0,25
"Vargas-Jaimes J",1,0,25
"Volk M",1,5,25
"Vynne C",1,3,25
"Wang GJ",3,1,25
"Wang XC",1,0,25
"Wen YF",3,0,25
"Widick IV",2,4,25
"Williams LR",3,9,25
"Williams MG",3,9,25
"Wu B",1,0,25
"Wu WY",1,3,25
"Wu XT",2,0,25
"Yun JY",2,0,25
"Yuzammi",3,1,25
"Zhang YP",2,1,25
"Zhou YG",1,0,25
"Zvidzai M",3,2,25
"Örücu ÖK",1,9,25
"Adams ML",1,0,24
"Adhikari R",1,0,24
"Aerts JM",1,0,24
"Altunel AO",1,0,24
"Amici V",2,2,24
"Anastácio PM",1,0,24
"Arakelyan M",1,0,24
"Arifin NAT",2,3,24
"Arzamendia V",2,13,24
"Asad SA",2,7,24
"Austrich A",2,2,24
"Baig A",2,7,24
"Baig S",2,7,24
"Banha F",1,0,24
"Barbini SA",2,3,24
"Bell DM",2,0,24
"Bobrov V",1,0,24
"Bronstein O",1,0,24
"Butman D",1,3,24
"Cai B",2,0,24
"Campbell RD",1,0,24
"Canning AD",2,1,24
"Cao L",2,0,24
"Carrasco J",1,2,24
"Cartes JL",1,2,24
"Chang Q",3,2,24
"Chen XS",1,0,24
"Chernoff B",1,3,24
"Chettri N",1,0,24
"Chiatante G",4,4,24
"Cova BO",1,0,24
"Cristaldi MA",2,13,24
"Cutter P",1,2,24
"da Silva JP",1,0,24
"Da Silva M",1,2,24
"Danielyan F",1,0,24
"Davis CA",3,0,24
"Davis CC",1,0,24
"Dhyani D",1,5,24
"Diaz-Carballido PL",1,0,24
"Dorjee S",1,0,24
"Dujardin S",1,0,24
"Dvorák T",1,0,24
"Elmore RD",3,0,24
"Estes AB",1,0,24
"Farnworth MJ",1,2,24
"Fifield DA",1,0,24
"Flyer-Adams JG",1,0,24
"Fonseca EOL",1,0,24
"Foster T",1,0,24
"Frimpong E",1,0,24
"Fuhlendorf SD",3,0,24
"Fuller PL",1,3,24
"Gaff HD",2,6,24
"Gama M",1,0,24
"Gao WF",1,9,24
"Gaywood M",1,0,24
"Geri F",2,2,24
"Giraudo AR",2,13,24
"Gjerdrum C",1,0,24
"Gonçalves L",1,2,24
"Gordon DP",2,0,24
"Gottschalk MS",2,5,24
"Grassman LI",1,2,24
"Grisham BA",2,0,24
"Gurung RB",1,0,24
"Gwakisa PS",1,0,24
"Gómez-Ruiz EP",1,0,24
"Hadrava J",1,0,24
"Han SX",2,0,24
"Harada M",1,3,24
"Havel JE",1,7,24
"He XY",1,0,24
"Hekimoglu O",2,2,24
"Helgen KM",1,7,24
"Hendrickx M",1,0,24
"Hiramatsu K",1,3,24
"Hooshmandi M",1,0,24
"Huaranca JC",1,2,24
"Jenks KE",1,2,24
"Jiang Y",3,0,24
"Joly K",1,0,24
"Jones M",3,5,24
"Kays R",1,7,24
"Khalil T",2,7,24
"Khubaib N",2,7,24
"Kilshaw K",1,0,24
"Kim C",3,0,24
"Kitamura S",1,2,24
"Kittlein MJ",2,2,24
"Knapp M",1,0,24
"Koldasbayeva D",2,0,24
"Kroh A",1,0,24
"Kropp JP",2,7,24
"Kuyucu AC",2,2,24
"Lacher TE",1,0,24
"LaFrance K",1,0,24
"Leimgruber P",1,2,24
"Lieske DJ",1,0,24
"Linard C",1,0,24
"Liu HC",1,0,24
"Lockaby BG",1,0,24
"Luo WX",2,0,24
"Lynam AJ",1,2,24
"Lyu RD",2,0,24
"Ma YJ",1,0,24
"Manish K",1,6,24
"Mapelli FJ",2,2,24
"Martín-García L",2,0,24
"Marushchak O",3,0,24
"Mendoza-Gonzalez G",1,0,24
"Meyer H",2,0,24
"Michaels SR",1,0,24
"Miranda R",1,0,24
"Montori A",2,0,24
"Mora MS",2,2,24
"Moreno-Mateos D",1,0,24
"Nawrot T",1,0,24
"Newman JC",1,0,24
"Ngonyoka A",1,0,24
"Nnko HJ",1,0,24
"Omelchenko A",1,0,24
"Pandit MK",1,6,24
"Pearson K",1,0,24
"Pereira JA",1,2,24
"Pradhan P",2,7,24
"Price V",1,2,24
"Pérez NB",1,2,24
"Racey PA",1,0,24
"Reis J",1,0,24
"Rew J",1,0,24
"Riddell EA",1,0,24
"Riegel C",1,0,24
"Rozmajzl PJ",1,0,24
"Sears MW",1,0,24
"Sharma V",3,9,24
"Shi SL",1,0,24
"Sindato C",1,0,24
"Song K",2,0,24
"Songsasen N",1,2,24
"Sousa R",1,0,24
"Stas M",1,0,24
"Steinmetz R",1,2,24
"Stewart S",2,3,24
"Stromdahl EY",1,0,24
"Sukmasuang R",1,2,24
"Sylaios G",1,0,24
"Tanaka KR",1,3,24
"Tanakura T",1,3,24
"Tanner EP",3,0,24
"Tao JP",2,0,24
"Tenzin T",1,0,24
"Thakur M",3,0,24
"Thakur S",3,1,24
"Thapa S",2,0,24
"Torun P",1,0,24
"Trigo TC",1,2,24
"Tsikliras A",1,0,24
"Tulloch V",1,2,24
"Téllez-Valdés O",3,0,24
"Umar M",2,7,24
"Van Nieuwenhuyse A",1,0,24
"Van Orshoven J",1,0,24
"Vander Zanden MJ",1,7,24
"Varshavskiy A",1,0,24
"Villarreal-Guerrero F",1,0,24
"Wang ML",1,9,24
"Welch H",1,5,24
"Westwood AR",2,0,24
"Williams LA",1,0,24
"Winder L",1,2,24
"Xu JK",1,0,24
"Xu YN",1,0,24
"Yan CZ",2,0,24
"Yanez-Arenas CA",1,0,24
"Yao CJ",1,4,24
"Yao M",2,0,24
"Yu S",1,0,24
"Yu WH",2,0,24
"Yue Y",1,0,24
"Zhang F",2,1,24
"Zhang PD",2,0,24
"Zhang WZ",1,0,24
"Zhang ZJ",4,0,24
"Zhao NX",1,9,24
"Zhao ZX",1,0,24
"Zheng YL",1,0,24
"Zipperer W",1,0,24
"Abotsi KE",1,0,23
"Adjonou K",1,0,23
"Akhomgotov A",1,0,23
"Alarcón-Guerrero J",1,0,23
"Alegana V",1,0,23
"Aliabadian M",4,2,23
"Allegrezza M",1,0,23
"Alwar MSS",1,0,23
"Améndola-Pimenta M",1,0,23
"Araujo MB",1,0,23
"Arneri E",1,3,23
"Arroyo-Rodríguez V",1,0,23
"Attias N",1,2,23
"Badano E",1,0,23
"Badra PJ",1,4,23
"Bai YW",1,0,23
"Bain RES",1,0,23
"Barberá C",1,0,23
"Bayle É",1,6,23
"Beca-Carretero P",1,0,23
"Beeman SP",1,0,23
"Birnbaum P",1,6,23
"Bittner RE",1,0,23
"Bittner T",1,0,23
"Blanchard R",1,1,23
"Blanchard É",1,6,23
"Bonin CA",1,0,23
"Breed MF",1,2,23
"Brough T",2,0,23
"Buhk C",1,0,23
"Burslem DFRP",2,1,23
"Cabanellas-Reboredo M",1,0,23
"Caeiro-Dias G",1,0,23
"Calixto-Pérez E",1,0,23
"Cao YT",1,0,23
"Carlton JT",1,1,23
"Cassan JJ",1,6,23
"Cedillo-Rodríguez IE",1,0,23
"Chang MH",2,0,23
"Chen D",2,0,23
"Chen YH",4,0,23
"Chitata T",1,0,23
"Cortés-Melendreras E",1,0,23
"Cossarini G",2,3,23
"Crawshaw D",1,0,23
"Crochet PA",1,0,23
"Czortek P",2,0,23
"Daniel WM",1,4,23
"Daugherty MP",3,3,23
"Davis CL",1,0,23
"de Aguiar AV",2,0,23
"de Medeiros CM",4,3,23
"de Oliveira BG",1,2,23
"de Sousa VA",1,0,23
"Delucchi L",1,0,23
"Demissew S",2,1,23
"Desbiez ALJ",1,2,23
"Di Musciano M",1,0,23
"Dias PAD",1,0,23
"Domingo C",1,0,23
"Ducci F",1,0,23
"Duscher T",2,6,23
"Esplá AAR",1,0,23
"Farahat EA",3,0,23
"Fatemi SS",1,9,23
"Favre A",1,0,23
"Fet V",1,2,23
"Firouzabadi PZ",1,0,23
"Fofonoff P",1,1,23
"Fragoso JMV",1,0,23
"Francelino MR",1,0,23
"Frattaroli AR",1,0,23
"Gallego D",3,0,23
"Giordano A",2,1,23
"Gomes CP",1,0,23
"González A",2,5,23
"González JM",2,0,23
"Graham LJ",1,0,23
"Gwatirisa C",1,0,23
"Haase P",1,4,23
"Hall J",2,1,23
"Hansen GJA",2,2,23
"Hassan LM",3,0,23
"He MX",1,0,23
"Hequet V",1,6,23
"Hernández-Urcera J",1,0,23
"Hopperstad KA",1,6,23
"Hu CC",2,2,23
"Hu QC",1,0,23
"Hyseni C",2,4,23
"Ibanez T",1,6,23
"Isajlovic I",1,3,23
"Jia DW",1,0,23
"Johnson BN",1,0,23
"Johnson S",1,0,23
"Jung J",2,0,23
"Kalarikkal RK",2,0,23
"Kim Z",2,0,23
"Koenraadt CJM",1,0,23
"Koirala RK",1,0,23
"Kokou K",1,0,23
"Kokutse AD",1,0,23
"Koleff P",1,0,23
"Kuemmerlen M",1,4,23
"Kurpis J",1,0,23
"Levine RS",1,0,23
"Lewallen EA",1,0,23
"Li JT",1,0,23
"Li YZ",2,1,23
"Liang J",1,0,23
"Libralato S",2,3,23
"Liu XJ",2,0,23
"Lu ZP",1,0,23
"Luís C",1,0,23
"Mahamane A",1,0,23
"Majidi-Rad M",2,2,23
"Manfredi C",1,3,23
"Marsh CJ",1,4,23
"Martín FJG",1,0,23
"Matuszak S",1,0,23
"McCallum KP",1,2,23
"McGlathery KJ",1,1,23
"Misiuk B",3,0,23
"Molano-Flores B",1,0,23
"Mollaeva M",1,0,23
"Monfils MJ",3,7,23
"Montecchiari S",1,0,23
"Morrison AM",1,0,23
"Moulins A",2,1,23
"Muellner-Riehl AN",1,0,23
"Mukanga C",1,0,23
"Mupfiga ET",1,0,23
"Murcia J",1,0,23
"Murray CC",1,1,23
"Nelson JC",1,1,23
"Nocentini S",1,0,23
"Nopp-Mayr U",2,6,23
"O'Connell J",2,0,23
"O'Farrell PJ",1,1,23
"Ojeda-Ruiz MA",2,0,23
"Oliveira GD",1,0,23
"Oliveira LFB",1,0,23
"Oláh-Hemmings V",1,2,23
"Oreska MPJ",1,1,23
"Orth RJ",1,1,23
"Pan K",1,0,23
"Pan Y",3,0,23
"Panzeri D",2,3,23
"Petatán-Ramírez D",2,0,23
"Piechaud N",2,5,23
"Pinacho-Guendulain B",1,0,23
"Pinho C",1,0,23
"Planas M",1,0,23
"Poudel M",1,0,23
"Pozo-Montuy G",1,0,23
"Rabiou H",1,0,23
"Rahimi M",1,9,23
"Ramos-Fernández G",1,0,23
"Rangel-Negrín A",1,0,23
"Ravanbakhsh H",1,9,23
"Reale M",1,3,23
"Reeves PA",1,0,23
"Regueira M",1,0,23
"Reilley A",1,0,23
"Reiskind MH",1,6,23
"Reynolds MG",1,0,23
"Rezayan H",1,0,23
"Richards CM",1,0,23
"Robinson O",1,0,23
"Roesler EL",1,0,23
"Roxburgh L",1,6,23
"Ruiz GM",1,1,23
"Russo T",2,3,23
"Sa W",1,0,23
"Sablirova Y",1,0,23
"Sadidi J",1,0,23
"Safaei M",1,0,23
"Saputra MH",5,0,23
"Segla KN",1,0,23
"Seo D",2,0,23
"Serrato-Cruz MA",1,0,23
"Shang QH",1,0,23
"Sharma S",4,5,23
"Shim T",2,0,23
"Sifner SK",1,3,23
"Simkanin C",1,1,23
"Song J",2,0,23
"Sourou KNB",1,0,23
"Spedicato MT",1,3,23
"Srivastava PK",2,0,23
"Steenkamp PJ",1,0,23
"Stefenon VM",1,0,23
"Stengel DB",1,0,23
"Steves B",1,1,23
"Subramanian S",2,6,23
"Szydlowski M",1,0,23
"Takken W",1,0,23
"Tang XY",1,0,23
"Tembotova F",1,0,23
"Tepsich P",2,1,23
"Tesei G",1,0,23
"Timilsina R",1,0,23
"Unnasch RS",1,0,23
"Unnasch TR",1,0,23
"Urquiza-Haas T",1,0,23
"van Heerden H",1,0,23
"van Schalkwyk OL",1,0,23
"van Wijnen AJ",1,0,23
"Vandrot H",1,6,23
"Veloso GV",1,0,23
"Vergara J",2,1,23
"Verhoeven MR",2,2,23
"Vetter VMS",1,0,23
"Vilela R",1,0,23
"Vrgoc N",1,3,23
"Wahl V",1,0,23
"Walsh JR",2,2,23
"Walsh MC",1,0,23
"Wang WG",1,0,23
"Wardrop NA",1,0,23
"Wasowicz P",1,0,23
"Wiberg PL",1,1,23
"Wierzcholska S",1,0,23
"Wijewickrama T",1,0,23
"Wilcox DJ",2,1,23
"Wright JA",1,0,23
"Yin W",1,0,23
"Yorita KL",1,0,23
"Yu WY",2,0,23
"Zaya D",1,0,23
"Zhu QL",1,0,23
"Zuccarello V",1,0,23
"Zupa W",1,3,23
"Abreu EF Jr",1,0,22
"Ahmed AS",2,0,22
"Alsamadisi AG",1,0,22
"Alves SMD",1,6,22
"Amindin A",1,6,22
"An B",2,0,22
"Anastasiu P",1,3,22
"Andersen AN",1,0,22
"Anioke CC",1,0,22
"Arimoto H",1,0,22
"Arkumarev V",1,1,22
"Arsanjani JJ",1,0,22
"Asadu CC",1,0,22
"Astorga F",1,0,22
"Bachmann Y",1,7,22
"Bagaria G",1,0,22
"Bariotakis M",1,0,22
"Barthwal S",1,7,22
"Bastos S",1,0,22
"Beher J",1,1,22
"Beninde J",1,0,22
"Bennett LT",1,0,22
"Bentley AC",1,6,22
"Bergman DL",1,1,22
"Bologna MA",1,5,22
"Bombi P",1,5,22
"Bounas A",1,1,22
"Brandt P",1,4,22
"Breck SW",1,1,22
"Brodbelt DC",1,0,22
"Brook BW",1,0,22
"Brugger K",2,3,22
"Cabrera O",2,1,22
"Caetano JM",1,6,22
"Cain JW",1,1,22
"Cardozo G",1,1,22
"Castanas E",1,0,22
"Castañeda-Alvarez NP",1,5,22
"Catchpole B",1,0,22
"Chandra K",2,0,22
"Chen CM",1,2,22
"Chen XJ",2,0,22
"Cheng YC",1,4,22
"Chiaraviglio M",1,1,22
"Chiquito EA",1,0,22
"Chitale V",1,4,22
"Choreftakis M",1,0,22
"Chowdhuri I",1,0,22
"Chukwuekezie OC",1,0,22
"Cobben MMP",1,5,22
"Cunha RGT",1,2,22
"Dawson TP",2,0,22
"de Andrade AJ",1,0,22
"de Carvalho MDL",1,0,22
"de la Hoz CF",2,0,22
"Del Toro I",1,0,22
"Delaney TW",1,0,22
"Di Cola V",1,1,22
"Dias EF",1,0,22
"Diengdoh VL",1,0,22
"Dobrev V",1,1,22
"Dobson B",1,0,22
"Dogunro FA",1,0,22
"Dong M",2,4,22
"Doyle JM",1,0,22
"Drus GM",1,6,22
"Duclos M",1,0,22
"Enquist BJ",1,6,22
"Ervin GN",2,0,22
"Ezihe EK",1,0,22
"Ezzy L",1,2,22
"Fan R",2,1,22
"Fedrigo M",1,0,22
"Fernandes ACM",1,0,22
"Ferraz KMPMB",1,0,22
"Ferreira RB",2,6,22
"Flödl P",1,0,22
"Frances AL",1,1,22
"Fredle M",1,1,22
"Fu DY",1,0,22
"Fuller TL",1,4,22
"Funk A",1,0,22
"Gan L",3,2,22
"Georgescu L",1,0,22
"Gillingham PK",1,2,22
"Gomes G",1,0,22
"Gonzalez G",1,0,22
"Gonzalez RQ",1,0,22
"González CR",2,3,22
"Gorzo JM",1,3,22
"Green SJ",1,0,22
"Gumpinger C",1,0,22
"Guo Q",2,2,22
"Hamilton CM",1,3,22
"Hasui E",1,2,22
"Hayward J",1,0,22
"Hermes SCNM",1,0,22
"Hlavati-Sirka V",1,3,22
"Hogendoorn K",2,6,22
"Holder AM",1,0,22
"Houndonougbo JSH",2,1,22
"Huang L",4,0,22
"Huang TC",1,0,22
"Huang W",1,0,22
"Hueffer K",2,0,22
"Hunt M",1,0,22
"Hussein IA",1,0,22
"Höfer S",1,0,22
"Iketani G",1,0,22
"Jazwa M",1,2,22
"Jedrzejczak E",1,2,22
"Jogan N",1,3,22
"Jovanovic S",1,3,22
"Juanes JA",2,0,22
"Jácome G",1,3,22
"Kanwal KS",2,8,22
"Karousou R",1,0,22
"Kasel S",1,0,22
"Katurji M",1,0,22
"Khoury CK",1,5,22
"Kik C",1,5,22
"Klichowska E",1,2,22
"Koufaki MI",1,0,22
"Koç DE",3,0,22
"Kret E",1,1,22
"Laffaille P",1,0,22
"Laina D",1,0,22
"Lakshmi TV",1,0,22
"Lakusic D",1,3,22
"Lamboley Q",1,2,22
"Lanfri S",1,1,22
"Lata S",2,4,22
"Lek S",1,0,22
"Lenihan-Clarke MA",1,0,22
"Li JY",2,0,22
"Li MH",2,3,22
"Lionis C",1,0,22
"Liu JS",1,0,22
"Liu RL",1,2,22
"Luo J",4,0,22
"Lykke AM",1,7,22
"Lü JP",1,0,22
"Maciel C",1,0,22
"Maghenda M",1,0,22
"Maitner BS",1,6,22
"Malizia LR",2,0,22
"Maltby M",1,2,22
"Manolopoulos A",1,1,22
"Markarian A",1,0,22
"Menegatti JA",1,0,22
"Meng JS",1,0,22
"Miller AD",1,1,22
"Mohamed AM",1,0,22
"Mohammed AH",1,0,22
"Mokhtari A",1,0,22
"Molina-Burgos BE",1,0,22
"Mollah TH",1,0,22
"Momohara A",2,3,22
"Moura M",1,0,22
"Musarella CM",2,1,22
"Naithani HB",1,7,22
"Nikolic T",1,3,22
"Nikolov SC",1,1,22
"Nitschke CR",1,0,22
"Ntagounakis G",1,0,22
"Nwangwu UC",1,0,22
"O'Neill DG",1,0,22
"Obunga G",1,0,22
"Ochu JC",1,0,22
"Oikonomou I",1,0,22
"Oliver L",1,1,22
"Olson JR",1,0,22
"Ondei S",1,0,22
"Onwude OC",1,0,22
"Pacheco S",1,0,22
"Padonou EA",1,7,22
"Pandey VV",1,7,22
"Pastrana RG",2,0,22
"Peery MZ",1,3,22
"Percequillo AR",1,0,22
"Pereira DGS",1,2,22
"Perez-Navarro MA",1,0,22
"Peña-Gómez FT",1,0,22
"Peñafiel-Ricaurte A",1,0,22
"Piniewski M",1,0,22
"Pirintsos SA",1,0,22
"Pitt J",1,2,22
"Pliszko A",1,2,22
"Poo-Muñoz D",1,0,22
"Popgeorgiev GS",1,1,22
"Prescott MM",1,5,22
"Puente A",2,0,22
"Qian ZQ",1,2,22
"Qiu DY",2,0,22
"Ramos FN",1,2,22
"Ramírez-Mejía D",1,4,22
"Ready JS",1,0,22
"Reid B",1,3,22
"Rezaei S",1,5,22
"Ribbons RR",1,0,22
"Ribeiro BR",1,2,22
"Rivas M",2,2,22
"Rojas-Hucks S",1,0,22
"Roth PRO",1,0,22
"Rotllan-Puig X",2,0,22
"Roxburgh SH",1,0,22
"Rubel F",2,3,22
"Rubolini D",2,0,22
"Sacramento M",1,2,22
"Saied AH",1,0,22
"Salvi D",1,5,22
"Saravia V",1,1,22
"Sardos J",1,0,22
"Saxena J",1,7,22
"Schaefer H",1,0,22
"Shadloo S",1,5,22
"Shekhar C",1,7,22
"Shi Y",2,0,22
"Shishir S",1,0,22
"Si-Moussi S",2,3,22
"Silva VX",1,2,22
"Silva-Oliveira GC",1,0,22
"Simons-Legaard E",2,0,22
"Sinsin B",1,7,22
"Sinzar-Sekulic J",1,3,22
"Smith J",2,0,22
"Smykal P",1,0,22
"Socha J",1,0,22
"Song YB",2,4,22
"Sosa-Nishizaki O",2,0,22
"Souma M",1,0,22
"Sourvinos G",1,0,22
"Stevens KB",1,0,22
"Stevens N",1,2,22
"Stewart SB",1,0,22
"Still SM",1,1,22
"Stuart CE",1,0,22
"Swearer SE",1,1,22
"Swemmer AM",1,2,22
"Szostak M",1,0,22
"TagEldin RA",1,0,22
"Tang SL",2,4,22
"Taylor C",1,0,22
"Tchakerian M",1,6,22
"Teixeira IR",1,6,22
"Teka O",1,7,22
"Thabet HS",1,0,22
"Thai VN",1,0,22
"Tiefenbacher JP",1,6,22
"Toro F",1,0,22
"Tran LT",1,0,22
"Traveset A",2,0,22
"Treher AC",1,1,22
"Trotter EFL",1,0,22
"Tsuyuzaki S",1,0,22
"Valdes LML",1,0,22
"van Hintum TJL",1,5,22
"van Treuren R",1,5,22
"Varga K",1,2,22
"Varga Z",1,2,22
"Velevski M",1,1,22
"Vickers H",1,0,22
"Vignoli L",1,5,22
"Vilela P",1,3,22
"Vladimirov V",1,3,22
"Wada N",1,0,22
"Weiskittel A",2,0,22
"Woziwoda B",1,0,22
"Xie ZY",2,6,22
"Yang M",2,0,22
"Yap JYS",1,5,22
"Ye H",1,0,22
"Yoo C",1,3,22
"Yu HL",2,1,22
"Yuan SS",1,2,22
"Zeng B",2,4,22
"Zeraatkar A",2,6,22
"Zhang XW",3,0,22
"Zhao DQ",1,0,22
"Zheng HY",1,0,22
"Zhou SD",1,0,22
"Zhou T",3,0,22
"Zimmermann M",1,5,22
"Zormpa OG",1,0,22
"Abai MR",2,3,21
"Agoundé G",3,4,21
"Aguirre N",1,1,21
"Ahadiyat A",1,0,21
"Al-Shammery KA",1,0,21
"Alencar LRV",1,0,21
"Amaludin NA",1,1,21
"Andersen JC",3,1,21
"Anderson C",2,0,21
"Ashiagbor G",1,1,21
"Ballester MVR",1,3,21
"Barker B",2,0,21
"Barker J",1,2,21
"Bayin CH",1,3,21
"Belant J",2,2,21
"Bellini G",1,13,21
"Bertram DF",1,3,21
"Bischof K",1,2,21
"Bringloe TT",1,2,21
"Bryans N",2,0,21
"Busch J",1,1,21
"Carni A",1,0,21
"Carrasco P",1,0,21
"Castro K",1,4,21
"Cenni L",1,2,21
"Chang YQ",2,0,21
"Christie D",1,4,21
"Chyn K",2,1,21
"Cigarroa-Toledo N",1,0,21
"Comas M",1,0,21
"Cook G",1,4,21
"Cordes E",1,4,21
"Costa PR",2,0,21
"Crafton RE",1,7,21
"Damen T",1,7,21
"Damus M",1,4,21
"Danquah E",1,1,21
"Dao E",1,3,21
"Dave R",1,1,21
"de Vogel E",1,3,21
"Deka JR",2,6,21
"Dempsey SJ",1,0,21
"Derkarabetian S",1,2,21
"Diaz-Balteiro L",1,0,21
"DiBacco C",1,5,21
"Do MS",2,1,21
"Doan TM",1,0,21
"Edgar KM",1,1,21
"Elkinton JS",3,1,21
"Engle DM",1,0,21
"Eskandari S",1,9,21
"Fan CJ",1,0,21
"Fan XL",1,3,21
"Fang LQ",1,0,21
"Fernandez IC",1,0,21
"Ferreira EJL",1,7,21
"Fisher C",1,4,21
"Fonseca CR",1,2,21
"Fuchs AJ",1,4,21
"Förderer EM",1,1,21
"Gantchoff M",2,2,21
"Garcia-Rejon JE",1,0,21
"Garzon-Lopez C",1,4,21
"Gehring TM",2,1,21
"Gese EM",1,0,21
"Gilbert CC",1,4,21
"Grünwald CI",1,0,21
"Guedes MC",1,3,21
"Gupta HS",1,0,21
"Günter S",1,1,21
"Hannah L",1,1,21
"Hastings J",1,4,21
"Hattab T",1,4,21
"Hauffe HC",1,2,21
"Hazarika A",2,6,21
"Hernández-Quiroz NS",1,0,21
"Hildebrandt P",1,1,21
"Hirawake T",1,2,21
"Hofmann EP",1,0,21
"Hong SC",1,4,21
"Huercha",1,3,21
"Huettrnann F",1,0,21
"Idri A",3,0,21
"Iglesias-Merchan C",1,0,21
"Immitzer M",1,7,21
"Jacoby DMP",1,2,21
"James PMA",1,3,21
"Jennings AP",1,1,21
"Jiménez-Alvarado D",1,2,21
"Jiménez-Velázquez G",1,0,21
"Kane K",1,0,21
"Karami S",2,0,21
"Kellner K",1,0,21
"Khamis FM",3,1,21
"Khoo E",1,1,21
"Kim DI",2,0,21
"Kim KH",1,11,21
"Kluever BM",1,0,21
"Kobryn H",2,0,21
"Kohl L",1,4,21
"Koniakin S",1,0,21
"Koop AL",1,4,21
"Kramer K",1,4,21
"Kudusi K",1,0,21
"Kulkarni N",1,0,21
"Kübler D",1,1,21
"Laeseke P",1,2,21
"Lan Z",1,0,21
"Lewis C",1,4,21
"Li BW",1,0,21
"Li HP",1,0,21
"Li SY",1,0,21
"Li WY",3,0,21
"Li YK",1,3,21
"Liao SK",2,2,21
"Lissovsky AA",2,6,21
"Lonsinger RC",1,0,21
"Lopes VM",2,0,21
"Lortie CJ",1,3,21
"Lowen JB",1,5,21
"Machain-Williams C",1,0,21
"Magarey R",1,4,21
"Manshoor N",1,0,21
"Martinez B",1,2,21
"Martins M",1,0,21
"Martins MR",1,0,21
"Martorano LG",1,3,21
"Massetti L",1,2,21
"Maycock CR",1,1,21
"McGonigle C",1,2,21
"McShea WJ",1,2,21
"Meyers EKM",1,2,21
"Millar L",1,4,21
"Miller JR",1,0,21
"Moeini MM",1,0,21
"Mohammady M",1,9,21
"Montoya-Zumaeta JG",1,0,21
"Mora E",1,0,21
"Morales NS",1,0,21
"Mosandl R",1,1,21
"Mueller UG",1,0,21
"Mwachala G",1,7,21
"Nakazawa YJ",1,0,21
"Nath AJ",2,6,21
"Newman MF",1,1,21
"Newton L",1,4,21
"Nilus R",1,1,21
"Noviello N",1,2,21
"Oliveira BF",1,2,21
"Ong RC",1,1,21
"Ortiz-Urbina E",1,0,21
"Pallarés S",2,1,21
"Park D",3,1,21
"Parkinson CL",1,0,21
"Patah PA",1,3,21
"Pedziwiatr K",1,7,21
"Pereira JT",1,1,21
"Pierzchalska J",1,7,21
"Pleguezuelos JM",1,0,21
"Puerto FI",1,0,21
"Pórtoles J",1,0,21
"Qian QA",1,0,21
"Ramellini S",2,2,21
"Rasolohery A",1,1,21
"Rasomavicius V",1,0,21
"Rautsaw RM",1,0,21
"Razali SHA",1,3,21
"Reyes-Solis G",1,0,21
"Rima P",1,7,21
"Roberts H",1,4,21
"Roehrdanz P",1,1,21
"Rogers WE",1,5,21
"Rombouts B",1,4,21
"Saitoh S",1,2,21
"Santibáñez-López CE",1,2,21
"Santos CF",2,0,21
"Sarkar MS",1,0,21
"Saunders M",1,4,21
"Scasta JD",1,0,21
"Scavetta JT",1,0,21
"Schatz G",1,1,21
"Schiefer F",1,4,21
"Schmidt DN",1,1,21
"Schuiteman A",1,3,21
"Seal JN",1,0,21
"Senula SF",1,0,21
"Silva ACD",1,7,21
"Silva B",1,1,21
"Simons AL",2,0,21
"Smeins FE",1,5,21
"Sole CL",2,0,21
"Soliman D",1,0,21
"Song RQ",1,3,21
"Stevens RD",2,4,21
"Stimm B",1,1,21
"Sugau JB",1,1,21
"Suns R",1,0,21
"Syah AF",1,2,21
"Takeuchi Y",1,4,21
"Taxmamat D",1,0,21
"Therriault TW",1,5,21
"Tikhonov G",2,0,21
"Tolvanen A",3,0,21
"Tourne DCM",1,3,21
"Tuominen S",2,0,21
"Ulloa-Garcia A",1,0,21
"Valdes PJ",1,1,21
"Van De Kerchove R",1,4,21
"van Vugt R",1,3,21
"Velazco YK",1,0,21
"Veron G",1,1,21
"Waits LP",1,0,21
"Warrie J",1,4,21
"Waterson AM",1,1,21
"Weber M",1,1,21
"West A",1,4,21
"Wiland-Szymanska J",1,7,21
"Wonkka CL",1,5,21
"Xia H",1,0,21
"Yousefi S",1,9,21
"Zeilinger J",1,1,21
"Zhang HX",1,0,21
"Zhang LW",1,0,21
"Zhong MC",1,0,21
"Zhou YD",6,0,21
"Abatzogtou JT",1,0,20
"Adams EM",1,0,20
"Alipour S",4,0,20
"Amdouni J",1,3,20
"Andrews G",1,0,20
"Arnoldi I",1,0,20
"Arruda AG",1,0,20
"Asgarian A",1,0,20
"Ashley MV",1,0,20
"Avilés JM",2,3,20
"Bagaria P",1,0,20
"Bao M",1,3,20
"Ben Hassine T",1,3,20
"Bertola LV",2,7,20
"Bognar J",1,1,20
"Brost BM",1,1,20
"Candeloro L",1,3,20
"Carraretto D",1,0,20
"Chamberlain D",2,0,20
"Chang YJ",1,0,20
"Chen HL",1,3,20
"Cheng JL",4,0,20
"Ci MT",2,0,20
"Conte A",1,3,20
"Crear DP",1,0,20
"Curtis TH",1,0,20
"Cuthrell DL",2,7,20
"Dad JM",2,0,20
"Dai MJ",1,0,20
"Daï EH",1,0,20
"Deng MM",1,0,20
"Dias NP",1,5,20
"Dinets V",1,0,20
"Ding XL",1,0,20
"Dorfman DS",1,0,20
"dos Santos R",1,3,20
"Downey R",1,0,20
"Drohan AF",1,0,20
"Du BB",1,0,20
"Du HM",1,0,20
"El-Sherbeny GA",1,0,20
"Esmaeili H",3,0,20
"Estrada-Avalos J",2,0,20
"Fakhfekh EA",1,3,20
"Fukui S",1,3,20
"Gabrieli P",1,0,20
"Gaichas SK",1,0,20
"Garrote G",1,3,20
"Geary M",3,1,20
"Gill AB",1,0,20
"Goel S",2,6,20
"Goodman AM",3,3,20
"Grant J",1,3,20
"Guerreiro M",1,0,20
"Gül S",4,4,20
"Haase D",1,0,20
"He JF",2,0,20
"Hemery LG",1,3,20
"Henkel SK",1,3,20
"Hotes S",1,0,20
"Hu BW",1,0,20
"Huang QY",1,0,20
"Huang RJ",1,0,20
"Ippoliti C",1,3,20
"Jacobs LEO",1,0,20
"Jenkins DA",1,0,20
"Kang B",1,0,20
"Kim DE",1,0,20
"Kini S",1,6,20
"Kinlan BP",1,0,20
"Kurapov AL",1,3,20
"LaRue M",1,0,20
"Lausch A",1,0,20
"Layog HNB",1,0,20
"Lecomte N",1,0,20
"Lee H",1,0,20
"Leroux SJ",2,3,20
"Li HE",2,0,20
"Li PX",1,6,20
"Li WN",1,0,20
"Li ZQ",2,2,20
"Liang WW",1,3,20
"Lin DR",1,3,20
"Lin KJ",1,0,20
"Lin TE",2,1,20
"Liu WH",1,3,20
"Liu YN",1,0,20
"Liu YT",2,0,20
"Loeun KL",1,0,20
"Lu H",1,0,20
"Lu LH",1,0,20
"Lu SL",1,3,20
"López G",1,3,20
"Ma SY",1,0,20
"Mamasig GDNS",1,0,20
"Marion SR",1,3,20
"Martínez-Díaz MG",1,0,20
"Martínez-Rincón RO",3,0,20
"Mawere KK",1,0,20
"Mendoza LR",1,4,20
"Methratta ET",1,0,20
"Morano JL",1,0,20
"Morrison RB",1,0,20
"Mosca A",1,0,20
"Murillo LCS",1,0,20
"Müller FA",1,5,20
"N'andu RJ",1,0,20
"Negri A",1,0,20
"Nicol SJ",1,0,20
"Nizinski MS",1,0,20
"O'Hara RB",2,0,20
"Packer DB",1,0,20
"Paula JR",1,0,20
"Perovic PG",3,3,20
"Probert PK",1,0,20
"Pélissier R",1,2,20
"Qiao K",1,6,20
"Raman S",3,6,20
"Ramírez-Amezcua Y",1,0,20
"Rashid I",2,0,20
"Reef R",1,0,20
"Ringor AMD",1,0,20
"Roberto P",1,0,20
"Rodríguez A",2,0,20
"Romsos CG",1,3,20
"Sacatelli R",1,1,20
"Santos CP",1,0,20
"Sarma J",1,0,20
"Savini G",1,3,20
"Schaefer JA",1,0,20
"Scheuer S",1,0,20
"Sghaier S",1,3,20
"Shameer TT",3,6,20
"Sharifi M",2,5,20
"Sharma CM",1,0,20
"Simmons GS",2,2,20
"Simón MA",1,3,20
"Soresinetti L",1,0,20
"Stein RW",1,5,20
"Steinmann VW",1,0,20
"Stranges S",2,1,20
"Stryszowska KM",1,4,20
"Suel H",1,9,20
"Sun P",1,0,20
"Tanaka N",2,3,20
"Teschke K",1,0,20
"Tong D",1,2,20
"Tora S",1,3,20
"Tran L",1,3,20
"Valkó O",1,0,20
"Vilalta C",1,0,20
"Villanueva-Díaz J",2,0,20
"Vogt J",1,3,20
"Wan HT",1,3,20
"Wang MQ",1,0,20
"Wang PC",1,0,20
"Wang RX",2,0,20
"Wang WP",1,0,20
"Washington-Allen R",1,3,20
"Waterbury B",1,0,20
"Wei J",1,0,20
"Wellmann T",1,0,20
"Wen YT",1,0,20
"White AL",1,6,20
"Wiggins G",1,3,20
"Wood ACL",1,0,20
"Woods B",1,0,20
"Wu CC",1,0,20
"Xie WY",1,0,20
"Yan YD",2,0,20
"Yannic G",1,0,20
"Ye HC",1,0,20
"Ye ZJ",1,0,20
"Zanamwe C",1,0,20
"Zeng QH",1,3,20
"Zhang CY",1,0,20
"Zhang DL",1,0,20
"Zhang MR",1,0,20
"Zhang P",4,0,20
"Zhao BY",1,0,20
"Zhao RM",1,0,20
"Zhou RC",1,3,20
"Zhou XF",1,0,20
"Zhu WQ",1,6,20
"Zuquim G",2,0,20
"Abbott JC",1,4,19
"Aeby S",1,0,19
"Aguilera M",1,0,19
"Aguirre-Acosta N",1,0,19
"Aitken SN",1,0,19
"Alataway A",1,0,19
"Albouy C",2,0,19
"Alejandro GJ",1,6,19
"Allen KE",1,0,19
"Alvarez-Mejía LM",1,0,19
"Anamza T",1,0,19
"Angel-Vallejo MC",1,0,19
"Apolloni A",1,0,19
"Arauz R",1,0,19
"Asadi A",1,2,19
"Banag C",1,6,19
"Banterng P",1,0,19
"Barabanov AV",1,2,19
"Bekele T",2,3,19
"Belyaeva NG",1,0,19
"Bergman JC",2,3,19
"Biollaz F",1,0,19
"Biteye B",1,0,19
"Black SA",1,0,19
"Bloom EH",1,0,19
"Bogliani G",2,0,19
"Bolongon G",1,1,19
"Bowman DMJS",1,0,19
"Briceño-Zuluaga FJ",1,0,19
"Briones MJI",1,0,19
"Brown RM",1,0,19
"Bucak T",1,0,19
"Burlakova LE",2,5,19
"Carrascal LM",1,2,19
"Carrete M",1,3,19
"Castillo MLC",1,3,19
"Celada C",2,0,19
"Cerna MYH",2,0,19
"Chaves AV",1,0,19
"Chivers LS",1,1,19
"Chuman T",1,0,19
"Ciss M",1,0,19
"Colhoun K",1,1,19
"Collins SD",1,4,19
"Cooper JC",1,0,19
"Costa LM",1,0,19
"Cürebal I",2,0,19
"Dahlke J",1,0,19
"De Fuentes-Vicente JA",1,0,19
"Delgado MD",2,0,19
"Demjan P",1,0,19
"Dewidar AZ",1,0,19
"Dick JTA",1,0,19
"Divino F",1,3,19
"Dong Y",1,0,19
"Dreslerova D",1,0,19
"Du CH",1,0,19
"Duffy CAJ",1,0,19
"Edinger E",2,3,19
"Eisenhauer N",1,0,19
"Ekmekçi FG",1,0,19
"El Din SB",1,0,19
"Elansary HO",1,0,19
"Espinoza E",1,0,19
"Fall AG",1,0,19
"Fall M",1,0,19
"Fei T",2,1,19
"Ferreira ED",1,0,19
"Feuillet-Hurtado C",1,0,19
"Fielding AH",2,1,19
"Finn KJ",2,3,19
"Finucci B",1,0,19
"Ford NB",2,7,19
"Francis MP",1,0,19
"Freeman MS",1,0,19
"Freitas GHS",1,0,19
"Fumagalli L",1,0,19
"Gahn MCB",1,0,19
"Gantchoff MG",2,0,19
"García-Marín EJ",1,0,19
"Geerts S",1,0,19
"Ghorbani A",2,5,19
"Ghyoumi R",1,2,19
"Gonkhamdee S",1,0,19
"Greub G",1,0,19
"Guerra CA",1,0,19
"Guo XZ",2,0,19
"Gutiérrez-Cabrera AE",1,0,19
"Hamdiah S",1,0,19
"Hanberry BB",1,7,19
"Hasselmann KJQ",1,0,19
"Hearn A",1,0,19
"Hensz CM",1,0,19
"Heptner LF",1,0,19
"Hernández-Bermejo JE",1,0,19
"Herrera-Molina F",1,0,19
"Hime PM",1,0,19
"Hochmair HH",1,3,19
"Hong G",1,0,19
"Houghton JDR",1,1,19
"Hu F",2,0,19
"Huang LF",1,0,19
"Huerta H",1,0,19
"Iizuka K",1,0,19
"Illan JG",1,0,19
"Ingenloff K",1,0,19
"Irlich UM",1,0,19
"Jensen AS",1,0,19
"Jhala HY",1,0,19
"Jiang HL",1,0,19
"Jiang QW",1,0,19
"Jimenez L",1,0,19
"Jiménez JLA",1,0,19
"Jin Y",2,0,19
"Joan E",1,0,19
"Jones PJ",1,0,19
"Joost S",1,0,19
"Jordano D",2,6,19
"Kang YH",1,1,19
"Karatayev AY",2,5,19
"Karichu MJ",3,4,19
"Katawatin R",1,0,19
"Kaya C",1,0,19
"Ketchum J",1,0,19
"Kiabi BH",2,3,19
"Kislov DE",1,0,19
"Klaassen M",1,0,19
"Klimley P",1,0,19
"Koehler G",1,2,19
"Kolar J",1,0,19
"Komp E",1,0,19
"Konowalik K",1,0,19
"Korznikov KA",1,0,19
"Krestov PV",1,0,19
"La Montagna D",1,0,19
"Lababpour A",1,0,19
"Labarca-Rojas Y",1,0,19
"Lalechére E",1,0,19
"Larson M",1,5,19
"Lasinio GJ",1,3,19
"Lee-Yaw JA",2,3,19
"Lefroy EC",1,0,19
"Li HQ",2,0,19
"Li SZ",3,0,19
"Li ZS",1,0,19
"Lieskovsky T",1,0,19
"Lima DP Jr",1,0,19
"Lin HY",2,3,19
"Liu SX",1,1,19
"Lomba A",1,0,19
"Lundy MG",1,1,19
"Lyra ML",2,0,19
"Ma JW",1,0,19
"Ma YS",1,0,19
"MacKenzie WH",1,0,19
"Mahony CR",1,0,19
"Manz R",1,0,19
"Marques TA",1,0,19
"Marsden SJ",2,1,19
"Mathieu J",1,0,19
"Mañosa S",1,3,19
"McIntyre NE",1,4,19
"Mettaz S",1,0,19
"Miao YJ",1,0,19
"Michalska E",1,0,19
"Milardi M",1,0,19
"Miranda MS",1,0,19
"Mitsuhashi H",1,2,19
"Molina X",1,3,19
"Montecino V",1,3,19
"Mousavi SM",1,2,19
"Newton SF",1,1,19
"Ochoa J",1,0,19
"Olson KV",1,0,19
"Paddock CD",2,0,19
"Pei J",1,0,19
"Peng PH",3,0,19
"Petersen G",1,0,19
"Petrenko TY",1,0,19
"Peñaherrera-Palma C",2,0,19
"Pickens BA",2,1,19
"Prestele R",1,2,19
"Prots B",1,0,19
"Qian ZH",1,0,19
"Quero JL",1,0,19
"Ribeiro LC",1,0,19
"Rochat E",1,0,19
"Roder S",1,0,19
"Rodriguez-Burgos AM",1,0,19
"Rodríguez-Rey GT",1,0,19
"Romportl D",1,0,19
"Rondon SI",1,0,19
"Rossenrode T",1,0,19
"Sandoval JDR",2,0,19
"Scheffrahn RH",1,3,19
"Sibold JS",1,0,19
"Sidder AM",1,0,19
"Silva DD",1,0,19
"Silva PHVBP",1,0,19
"Simpson M",1,0,19
"Snyder WE",1,0,19
"Stehmann JR",1,8,19
"Steiner T",1,0,19
"Sterkhova VV",1,0,19
"Swart C",1,5,19
"Tan CD",1,0,19
"Tang JH",2,0,19
"Tapondjou NWP",1,0,19
"Tarifeño CMO",2,0,19
"Tarkan AS",1,0,19
"Teles WS",1,0,19
"Thiney U",1,0,19
"Thomas DM",1,0,19
"Thrippleton T",1,6,19
"Tiemann JS",3,0,19
"Tong YX",1,0,19
"Tonini F",1,3,19
"Trnka M",1,0,19
"Téllez-Rendón JL",1,0,19
"Uematsu Y",1,2,19
"Ushimaru A",1,2,19
"Villalobos G",1,0,19
"Visser V",1,0,19
"Vuilleumier S",1,0,19
"Vázquez-Sánchez M",2,0,19
"Walters AD",2,7,19
"Wang JM",1,0,19
"Wenninger EJ",1,0,19
"Whitehorn P",1,2,19
"Wohleb CH",1,0,19
"Wu GF",1,1,19
"Wu XF",1,0,19
"Yan LP",2,0,19
"Yan YS",1,0,19
"Yang XS",1,1,19
"Yin JF",1,0,19
"Yogurtçuoglu B",1,0,19
"Zalba SM",2,1,19
"Zanatta DT",3,1,19
"Zarco-Gonzalez MM",2,2,19
"Zeiss R",1,0,19
"Zeng R",1,0,19
"Zhang GS",1,0,19
"Zhang M",1,0,19
"Zhang XK",1,0,19
"Özdel MM",2,0,19
"Adamowski W",2,0,18
"Adedeji BE",1,4,18
"Adeola AC",1,4,18
"Agostini I",1,4,18
"Amich F",4,9,18
"Andrade-Velázquez M",1,0,18
"Arbetman MP",1,2,18
"Argenti G",1,0,18
"Artoni RF",1,0,18
"Authier M",1,0,18
"Ayoola AO",1,4,18
"Azrag AG",1,8,18
"Bang M",1,0,18
"Barquín J",1,0,18
"Bartonova A",1,0,18
"Basen T",1,0,18
"Becerra-López JL",1,0,18
"Bellin N",2,0,18
"Bidegain G",1,0,18
"Bindi M",1,0,18
"Blevins E",1,2,18
"Brantschen J",1,0,18
"Brazeau S",1,0,18
"Brinker A",1,0,18
"Brzozowski M",1,0,18
"Buren A",1,4,18
"Bye R",1,4,18
"Calixto-Rojas M",1,0,18
"Castelar B",1,2,18
"Catolfi F",1,0,18
"Cavalcante ADB",1,0,18
"Chang YL",1,0,18
"Chen J",4,0,18
"Chen SR",1,0,18
"Chen YL",3,0,18
"Chick A",1,3,18
"Cho KH",1,0,18
"Choi W",1,0,18
"Commerford JL",1,2,18
"Cooke S",1,0,18
"Cooper ML",2,3,18
"Davie H",1,0,18
"de León GPP",1,0,18
"DeMatteo K",1,4,18
"Deng JF",1,0,18
"Di Bitetti MS",1,4,18
"Dibari C",1,0,18
"Djotan GK",1,9,18
"Duarte A",1,0,18
"Dullo BW",2,0,18
"Duncan MI",1,0,18
"Eddy ZB",1,2,18
"Edwards C",1,1,18
"El Alaoui O",2,0,18
"Elverici C",1,2,18
"Farhadinia MS",1,1,18
"Favi GA",3,4,18
"Feldmeier S",1,2,18
"Fergnani PN",1,2,18
"Ferreira MR",2,0,18
"Flores-Tolentino M",3,0,18
"Freund KA",1,0,18
"Frias-De-Diego A",1,2,18
"Fuentes-Yaco C",1,4,18
"Fukushima M",1,1,18
"Gaier AG",1,0,18
"Gibson LA",1,0,18
"Gillich B",1,0,18
"Giménez AL",1,1,18
"Glenn EM",1,1,18
"Gnanguènon-Guéssè D",1,9,18
"Gonzalez-Mirelis G",1,0,18
"González-Ferreras AM",1,0,18
"González-Hernández A",1,0,18
"Graeser P",1,1,18
"Gudex-Cross D",1,0,18
"Harmon CL",1,0,18
"Harmon P",1,0,18
"Harris C",1,1,18
"Hayat U",2,0,18
"Heinemann G",1,2,18
"Hendrickx G",3,0,18
"Hernández MDM",1,0,18
"Hernández-Baz F",1,0,18
"Hernández-Herrera JA",1,0,18
"Hilts DJ",1,1,18
"Hollen B",1,1,18
"Holmes I",1,0,18
"Holzmann I",1,4,18
"Ichinose T",1,1,18
"Irisson JO",2,0,18
"Ishii J",1,1,18
"Islas-Trejo B",1,0,18
"Itagawa S",1,1,18
"Jafari A",1,8,18
"James NC",1,0,18
"Jang CJ",1,0,18
"Jara M",1,2,18
"Jenkins JMA",1,0,18
"Jiang JP",2,0,18
"Jiang K",2,2,18
"Jin JW",1,0,18
"Johnston KM",1,0,18
"Kakpo SB",2,9,18
"Kavhu B",4,0,18
"Kellenberger B",2,0,18
"Kennedy ES",1,3,18
"Keyser SR",1,0,18
"Kim JJ",1,0,18
"Kim YO",1,0,18
"Kinloch JE",1,0,18
"Kishore BSPC",1,0,18
"Kluth G",1,0,18
"Knauer F",1,0,18
"Koo YM",1,0,18
"Korb S",1,0,18
"Kotchi SO",1,0,18
"Koura K",1,9,18
"Kouwenberg AL",1,4,18
"Kramp K",1,0,18
"Kusak J",2,0,18
"Laituri MJ",1,0,18
"Lawson J",1,4,18
"Lentz DL",1,4,18
"Levin ML",1,0,18
"Liu H",2,0,18
"Liu JN",2,0,18
"Liu W",3,0,18
"Louvrier J",1,0,18
"Ludwig A",1,0,18
"López-Quílez A",2,0,18
"Machado G",1,2,18
"Magnuson EE",1,0,18
"Manzanilla-Quiñones U",1,0,18
"Marotte E",1,4,18
"Marshall BM",1,0,18
"Martin GM",1,1,18
"Martinson EJ",1,2,18
"McLaren K",1,0,18
"McLauchlan KK",1,2,18
"Mehler K",2,4,18
"Mendoza-Carranza M",1,0,18
"Mirzaei R",2,8,18
"Mokany K",1,0,18
"Moors-Murphy H",1,4,18
"Morales-Villafaña R",1,0,18
"Moriondo M",1,0,18
"Moritz C",1,0,18
"Mutambu S",1,2,18
"Naghipour AA",3,6,18
"Nava S",1,0,18
"Nishigaki M",1,1,18
"Nneji LM",1,4,18
"Oexle S",1,0,18
"Oladipo SO",1,4,18
"Olmstead J",1,0,18
"Omotoso O",1,4,18
"Onadeko AB",1,4,18
"Ottewell KM",1,0,18
"Pangle KL",1,1,18
"Park J",2,1,18
"Pauli JN",1,0,18
"Pelechaty M",1,0,18
"Penteriani V",2,0,18
"Peñas FJ",1,0,18
"Pfeifer MA",1,2,18
"Pinacho-Pinacho CD",1,0,18
"Poopatanapong A",1,1,18
"Popovic M",2,3,18
"Potts WM",1,0,18
"Prevosti FJ",1,1,18
"Pérez-Miranda R",1,0,18
"Rameshprabu N",1,5,18
"Reinhardt I",1,0,18
"Reis RP",1,2,18
"Resasco J",1,0,18
"Rieger S",1,0,18
"Rodiles-Hernández R",1,0,18
"Rodriges RO",1,2,18
"Rolfsmeier SJ",1,2,18
"Romero-Sánchez ME",1,0,18
"Ros A",1,0,18
"Rossi V",2,0,18
"Rubio-Godoy M",1,0,18
"Ruff ZJ",1,0,18
"Rustam",4,0,18
"Sadeghi M",2,0,18
"Sahariah D",2,8,18
"Sanhueza J",1,2,18
"Santos MH",1,0,18
"Sauz-Sánchez JD",1,0,18
"Scheele BC",1,1,18
"Schefczyk L",1,2,18
"Schiaffini MI",1,1,18
"Schmitz OJ",1,0,18
"Searle K",1,1,18
"Shahsavarzadeh R",1,1,18
"Sharma A",2,4,18
"Shaw RE",1,0,18
"Shi L",5,0,18
"Sohn D",1,0,18
"Sopniewski J",1,1,18
"Spencer PB",1,0,18
"Stagliano N",1,0,18
"Steyer K",1,0,18
"Stier N",1,0,18
"Strine CT",1,0,18
"Swamy PS",1,5,18
"Takekawa JY",2,0,18
"Travouillon KJ",1,0,18
"Trigo D",1,3,18
"Trindade WCF",1,0,18
"Tuia D",2,0,18
"Udyawer V",2,0,18
"Ugwumba AAA",1,4,18
"Uzarski DG",1,1,18
"Valente JJ",1,0,18
"Valentini A",1,0,18
"van der Werf W",1,0,18
"van Tiel N",2,0,18
"Velázquez-Pérez AH",1,0,18
"Vetaas OR",2,3,18
"Virgili A",1,0,18
"Weldy MJ",1,0,18
"Wenzler-Meya M",1,0,18
"Werenkraut V",1,2,18
"Wimmer T",1,4,18
"Xu W",1,0,18
"Yamada Y",1,1,18
"Yan DH",2,0,18
"Yan WF",1,0,18
"Yang TL",1,0,18
"Yoshida T",1,1,18
"Yoshimizu MH",1,2,18
"Zamani-Ahmadmahmoodi R",1,8,18
"Zbinden R",2,0,18
"Zelenev VV",1,0,18
"Zha JJ",1,0,18
"Zheng YA",1,0,18
"Zhu SM",1,0,18
"Zhu TS",1,0,18
"Zong S",1,0,18
"Zuckerberg B",1,0,18
"Abad-Uribarren A",1,0,17
"Acarer A",2,0,17
"Adorf F",2,3,17
"Aghighi H",1,6,17
"Alia-Tejacal I",1,0,17
"Allen AN",1,0,17
"Alírio J",4,1,17
"Anderson BJ",1,0,17
"Arnell AP",1,0,17
"Athanasiou LV",1,0,17
"Avila LJ",1,1,17
"Azrag AGA",3,5,17
"Bald L",3,0,17
"Bangelesa F",1,0,17
"Barbier E",1,0,17
"Baudena A",1,0,17
"Baughman C",1,0,17
"Baughman O",1,0,17
"Bayne EM",2,0,17
"Bedar J",1,0,17
"Beltran M",1,0,17
"Beszteri B",1,2,17
"Bettega C",1,0,17
"Bhavsar D",1,6,17
"Binggeli A",1,0,17
"Bobo ED",2,1,17
"Bonke R",1,3,17
"Bortolamiol S",1,0,17
"Brewer MJ",1,0,17
"Broadley HJ",2,1,17
"Brown DJ",3,0,17
"Brunsell NA",1,2,17
"Burriel AR",1,0,17
"Cadima X",1,0,17
"Carricaburu JC",1,0,17
"Castañeda G",1,2,17
"Castro-Llanos F",2,0,17
"Chaibva P",1,0,17
"Chandora R",1,4,17
"Chauhan S",1,8,17
"Chawla A",2,0,17
"Chen BY",1,2,17
"Chen M",1,1,17
"Cheng LF",2,0,17
"Chidumayo E",1,2,17
"Choi G",1,0,17
"Ciarleglio M",1,0,17
"Cobo A",1,0,17
"Cohen M",1,0,17
"Cramer MD",1,1,17
"Cuevas XG",1,3,17
"Cushing PE",2,2,17
"D'Acunto LE",1,3,17
"da Silva PH",2,0,17
"Dai QL",1,0,17
"de la Garza OH",1,2,17
"de Queiroz TF",1,0,17
"DeLuca WV",1,1,17
"Deng T",3,0,17
"Di Stefano J",1,2,17
"Ding YZ",1,0,17
"Doddachowdappa S",1,0,17
"Dou HL",2,0,17
"Du ZX",2,0,17
"Dubois T",2,1,17
"Dudov S",1,6,17
"Fang PF",1,0,17
"Feldman RE",1,1,17
"Feng YQ",2,0,17
"Floyd TM",1,7,17
"Fontanilles P",1,0,17
"Fu AH",1,0,17
"Gadsden H",1,2,17
"Gao CX",2,0,17
"Gao CY",2,0,17
"Gao HL",1,2,17
"Gao HY",2,0,17
"Gara M",1,0,17
"García L",3,0,17
"García-De la Peña C",1,2,17
"Gardenal CN",1,0,17
"Garrett KA",2,1,17
"Gasanov M",1,0,17
"Georges JY",3,0,17
"Ghoshal S",1,8,17
"Gomez-Ballesteros M",1,0,17
"González-Ittig RE",1,0,17
"Grillo M",3,0,17
"Guo WY",1,0,17
"Habib B",2,1,17
"Haider MS",1,0,17
"Hao XQ",1,2,17
"Hazzi NA",1,0,17
"Hernando MD",1,0,17
"Hernández-Máximo E",1,3,17
"Hertig E",1,0,17
"Hill SE",1,0,17
"Hillen J",2,3,17
"Holopainen M",1,2,17
"Holsinger LM",1,0,17
"Hong Z",1,2,17
"Hormiga G",1,0,17
"Hu DZ",1,0,17
"Hu FX",1,0,17
"Hua Y",2,0,17
"Hulagappa T",1,0,17
"Iverson LR",1,2,17
"Jakubowska-Gabara J",1,0,17
"Jia P",1,0,17
"Jubert A",1,3,17
"Junchompoo C",1,1,17
"Jung JK",1,0,17
"Jutapruet S",1,1,17
"Jähnig SC",2,4,17
"Kang JH",2,0,17
"Kanishka RC",1,4,17
"Kantere M",1,0,17
"Kawamichi T",1,0,17
"Keane RE",1,0,17
"Khine PK",1,0,17
"Kiedrzynska E",1,0,17
"Kiedrzynski M",1,0,17
"Kiesel J",2,4,17
"King DI",1,1,17
"Kittiwattanawong K",1,1,17
"Kmecl P",1,0,17
"Korner F",1,0,17
"Krief S",1,0,17
"Krystufek B",2,2,17
"Kubiak BB",1,0,17
"Kusch A",1,0,17
"Laubhan MK",1,1,17
"Lee SK",3,2,17
"Lemos-Espinal JA",1,2,17
"Li RA",1,0,17
"Li RQ",1,0,17
"Li WB",2,0,17
"Lin YC",2,0,17
"Lindner R",1,0,17
"Liu DT",2,0,17
"Loehman R",1,0,17
"Lombard F",1,0,17
"Ludwick D",1,2,17
"Luo YM",2,3,17
"Lyon NJ",1,0,17
"Lyytikäinen-Saarenmaa P",1,2,17
"López DS",1,3,17
"Ma DF",1,0,17
"Majumdar K",3,1,17
"Makki T",1,6,17
"Mallaiah KK",1,0,17
"Man L",1,0,17
"Martin C",1,2,17
"Mastrototaro F",2,1,17
"Matkan AA",1,6,17
"Mbindo K",1,2,17
"McCullough JLK",1,0,17
"McMahon LA",1,0,17
"Megna YS",2,1,17
"Merkenschlager C",1,0,17
"Midgley JJ",1,1,17
"Minoli I",1,1,17
"Morando M",1,1,17
"Moullec F",1,0,17
"Mulhall SJ",1,2,17
"Mutascio HE",1,3,17
"Nagy K",2,6,17
"Nam HK",1,0,17
"Nandi SK",1,6,17
"Niassy S",3,1,17
"Nigam P",2,1,17
"Nogareda C",1,3,17
"Noronha SE",1,5,17
"Norris ES",1,0,17
"Nottingham S",1,6,17
"Ohlemüller R",1,0,17
"Oleson EM",1,0,17
"Onofre KFA",2,1,17
"Ou GL",1,0,17
"Paeth H",1,0,17
"Panda RM",2,6,17
"Pandav B",2,1,17
"Pande V",1,6,17
"Papier CM",1,0,17
"Patiño F",1,0,17
"Pedrotti ML",1,0,17
"Pelletier J",1,2,17
"Pelletier TA",1,6,17
"Pennec F",1,0,17
"Pertel W",1,3,17
"Peters MP",1,2,17
"Phimmachak S",1,0,17
"Pinkernell S",1,2,17
"Pinto JRR",1,5,17
"Pittman SE",1,3,17
"Prado E",1,0,17
"Prasad AM",1,2,17
"Pryke JS",1,0,17
"Pukalchik M",1,0,17
"Pérez-de la NB",1,0,17
"Pöhacker J",1,0,17
"Raghavendra D",1,0,17
"Raj K",3,0,17
"Ralston J",1,1,17
"Ramos AH",1,3,17
"Ramos JH",1,3,17
"Ramírez-Bustos II",1,0,17
"Ran WW",4,2,17
"Rangwala I",1,0,17
"Ren ZP",2,0,17
"Resano-Mayor J",1,0,17
"Riul P",2,3,17
"Rizwan M",1,0,17
"Rodriguez-Basalo A",1,0,17
"Roy A",1,6,17
"Rubinic B",1,0,17
"Saarenmaa H",1,2,17
"Saina JK",1,0,17
"Sakornwimon W",1,1,17
"Samways MJ",1,0,17
"Sanchez F",1,0,17
"Santamarina S",2,0,17
"Santos RR",1,3,17
"Sarikaya O",3,10,17
"Schano C",1,0,17
"Schatz AM",1,0,17
"Schiaparelli S",3,0,17
"Seamster VA",2,1,17
"Seguya A",1,0,17
"Shadrin D",1,0,17
"Shaltout K",2,4,17
"Sharma R",4,2,17
"Sheinvar L",1,0,17
"Siampale A",1,2,17
"Sierra S",1,0,17
"Sill SR",1,0,17
"Silva TR",1,5,17
"Singh D",1,4,17
"Sitters H",1,2,17
"Sivongxay N",1,0,17
"Sokos C",1,0,17
"Son SJ",1,0,17
"Song YH",5,2,17
"Stratmann TSM",1,7,17
"Strinella E",1,0,17
"Su QT",2,0,17
"Sun S",2,0,17
"Sun WB",2,0,17
"Surpur S",1,0,17
"Svensson MS",1,0,17
"Tang XP",1,0,17
"Tariq M",1,6,17
"Teimori A",1,6,17
"Teofanova D",1,3,17
"Teufelbauer N",1,0,17
"Theissinger K",3,0,17
"Theron KJ",1,0,17
"Torres J",2,0,17
"Trainor A",1,2,17
"Tregubova P",1,0,17
"Tsokana CN",1,0,17
"Uicab JVC",1,3,17
"Uys VM",1,1,17
"Vaschetto LM",1,0,17
"Velázquez J",5,0,17
"von Holdt JRC",1,1,17
"Wang HC",3,0,17
"Wang JD",1,0,17
"Wang LG",1,0,17
"Wang W",5,0,17
"Wang YH",3,0,17
"Wilkening JL",1,0,17
"Williams N",1,0,17
"Winder IC",1,0,17
"Wren JLK",1,0,17
"Wu YQ",1,2,17
"Wu ZJ",1,0,17
"Xiao YA",2,0,17
"Xu WH",1,0,17
"Xu YF",2,0,17
"Yoo N",1,0,17
"Yuan SJ",1,2,17
"Zeuss D",4,0,17
"Zhan ZJ",1,0,17
"Zhang HJ",3,0,17
"Zhang TX",2,0,17
"Zhang YJ",5,0,17
"Zhong J",1,2,17
"Zhou B",2,0,17
"Zhou YX",2,0,17
"Zielinska KM",1,0,17
"Zollner PA",1,3,17
"Zou ZR",2,0,17
"Çiçek K",6,0,17
"Özcan AU",5,0,17
"Afroosheh M",1,2,16
"Ajani PA",1,0,16
"Ajorlo M",1,0,16
"Alemu SW",2,0,16
"Alonso-Redondo R",1,0,16
"Amat F",1,0,16
"Andrade-Piedra JL",1,1,16
"Ardoin NM",1,1,16
"Armitage DW",1,0,16
"Arotolu TE",2,0,16
"Ashford OS",1,2,16
"Astaras C",1,0,16
"Athni TS",2,0,16
"Avci M",2,0,16
"Bacigalupe LD",1,0,16
"Banik D",2,0,16
"Barquín-Diez J",1,0,16
"Barrera CSV",1,0,16
"Bastiaansen JWM",2,0,16
"Beauprez GM",1,0,16
"Belcik M",1,2,16
"Biltekin D",2,0,16
"Blandford BL",1,9,16
"Boal CW",1,0,16
"Boumezzough A",2,0,16
"Bourque SD",1,0,16
"Boussaa S",2,0,16
"Boutry S",1,0,16
"Boutsis G",1,0,16
"Broadley S",1,8,16
"Brodrick PG",1,1,16
"Buddenhagen CE",1,1,16
"Buhlmann KA",1,0,16
"Butler MJ",1,0,16
"Camp CD",1,0,16
"Cao JP",1,0,16
"Chaves LF",2,2,16
"Chaves LJ",1,2,16
"Chen QL",1,0,16
"Chou E",1,4,16
"Choudhury RA",1,1,16
"Chuang TW",2,0,16
"Ciach M",1,2,16
"Coca-Abia MM",1,1,16
"Collette LKD",1,2,16
"Collins T",1,4,16
"Coudrat C",1,4,16
"Cree A",1,1,16
"Cunningham AA",1,0,16
"Cursach J",1,2,16
"Cuttitta A",1,0,16
"Dai LB",1,0,16
"Davies SC",1,0,16
"de Lima VVF",1,0,16
"Denton RD",1,0,16
"Dong ZK",1,0,16
"Drouineau H",1,0,16
"El-Khalafy MM",4,0,16
"El-Makawy AM",1,3,16
"Estay SA",1,0,16
"Etherton BA",1,1,16
"Fakhry AM",1,3,16
"Far AJ",1,2,16
"Fei S",1,9,16
"Ficklin DL",1,3,16
"Fields C",1,0,16
"Finkel ZV",1,0,16
"Flint WD",1,0,16
"Fong MY",1,0,16
"Forbes GA",1,1,16
"Forio MAE",2,0,16
"Fornel R",1,0,16
"Fries AC",1,0,16
"Fuentes-Pérez JF",1,0,16
"Gaertner JA",1,1,16
"Galanaki A",1,0,16
"García-González ME",1,0,16
"García-Vega A",1,0,16
"Gazis IZ",1,0,16
"Glidden CK",2,0,16
"Goczal J",1,2,16
"Gonser RA",1,0,16
"Grattarola F",1,0,16
"Gregr EJ",1,0,16
"Greinert J",1,0,16
"Grossardt T",1,9,16
"Guan YY",1,0,16
"Guo C",2,0,16
"Gupta A",1,0,16
"Haggarty DR",1,0,16
"Hamid MHB",1,0,16
"Han DY",1,0,16
"Hansen MC",1,0,16
"Hanski I",1,3,16
"Hao CY",1,1,16
"Harrison PA",1,5,16
"Hayashibara T",1,0,16
"He XZ",1,0,16
"Henault JA",1,2,16
"Heneidy SZ",1,3,16
"Heraghty SD",1,0,16
"Herrera R",1,0,16
"Hodgdon C",1,0,16
"Hooper S",1,0,16
"Hu YQ",1,3,16
"Huh JH",1,0,16
"Jacobsen CD",1,0,16
"Jantz SM",1,0,16
"Janus A",1,0,16
"Jelip J",1,0,16
"Jiang YY",2,0,16
"Jiménez FA",2,0,16
"Jokinen M",1,3,16
"Jones DOB",1,2,16
"Jordan GJ",1,5,16
"Jung JB",1,0,16
"Kaminski MJ",2,1,16
"Kandel K",1,4,16
"Kang L",2,0,16
"Kebede FG",2,0,16
"Keith DA",1,0,16
"Kennedy RE",1,0,16
"Kindong R",1,0,16
"Kiyota M",1,0,16
"Klute D",1,0,16
"Komen H",2,0,16
"Kominos T",1,0,16
"Konwar P",2,0,16
"Kou XJ",1,0,16
"Koubbi P",1,0,16
"Krock B",1,0,16
"Kromann P",1,1,16
"Kruijer H",1,1,16
"Kruusmaa M",1,0,16
"Krüger AP",1,0,16
"Kyle SC",1,0,16
"Lambert P",1,0,16
"Lau YL",1,0,16
"Lavoie C",1,1,16
"Lessard J",1,0,16
"Li CF",2,1,16
"Li DD",1,0,16
"Llorente V",1,1,16
"Lulla V",1,0,16
"Ma QY",1,0,16
"Ma YY",1,0,16
"Mafuwe K",1,8,16
"Mahony MJ",1,0,16
"Manzanedo RD",1,0,16
"Markus A",1,0,16
"Martellos S",2,1,16
"Maxwell SM",1,4,16
"McCovey K",1,0,16
"McGinty N",1,0,16
"Migli D",1,0,16
"Min MS",2,2,16
"Mitchell JC",1,0,16
"Miyamoto M",1,0,16
"Mockford SW",1,0,16
"Moen R",1,0,16
"Mohamed HF",1,0,16
"Mongare R",2,1,16
"Mordecai EA",2,0,16
"Morehouse RL",2,1,16
"Moro-Abad L",1,0,16
"Moyo S",1,8,16
"Mucioki M",1,0,16
"Mudin RNB",1,0,16
"Murase H",1,0,16
"Mursidawati S",1,0,16
"Mysliwy M",1,0,16
"Nackoney J",1,0,16
"Nahrung HF",1,0,16
"Nakamura T",1,0,16
"Navarrete I",1,1,16
"Navarro N",1,0,16
"Naves RV",1,2,16
"Neupane D",2,0,16
"Nguyen TH",2,9,16
"Niemiec RM",1,1,16
"Numminen E",1,3,16
"Otieno BA",1,0,16
"Palacios-Rodriguez G",1,0,16
"Palasio RGS",2,0,16
"Pandey MK",1,0,16
"Park GE",1,0,16
"Patti B",1,0,16
"Pauley TK",2,0,16
"Paumier A",1,0,16
"Penafiel-Ricaurte A",1,0,16
"Penman TD",1,0,16
"Phang WK",1,0,16
"Pintea L",1,0,16
"Pither J",1,2,16
"Pitman J",1,0,16
"Pittao E",2,1,16
"Prudic KL",2,0,16
"Pérez GT",1,0,16
"Pérez MS",1,0,16
"Qu H",1,5,16
"Qu J",1,0,16
"Quinci EM",1,0,16
"Rajan S",3,4,16
"Rammou DL",1,0,16
"Ramos E",2,0,16
"Rana P",2,6,16
"Regan TJ",1,0,16
"Rewicz A",1,0,16
"Rewicz T",1,0,16
"Ripy JB",1,9,16
"Roberts JJ",1,0,16
"Rodríguez-Rey M",1,0,16
"Rosenbaum HC",1,4,16
"Ross CH",1,0,16
"Ruiz M",1,2,16
"Runge JA",1,0,16
"Rutrough A",1,2,16
"Sahu N",2,0,16
"Saltré F",1,1,16
"Sangil C",1,0,16
"Sanz-Ronda FJ",1,0,16
"Sarna-Wojcicki D",1,0,16
"Scariot A",1,0,16
"Schofield PJ",1,1,16
"Schulte-Geldermann E",1,1,16
"Scofield RP",1,1,16
"Senn J",2,3,16
"Sevilha AC",1,0,16
"Shekede MD",2,1,16
"Shen YJ",1,0,16
"Shi X",2,4,16
"Shin Y",5,1,16
"Shiroyama R",2,2,16
"Soares TN",2,2,16
"Sosa-Gutiérrez C",1,0,16
"Soto-Azta C",1,0,16
"Sowerwine J",1,0,16
"Stech M",1,1,16
"Steinbauer MJ",1,0,16
"Strindberg S",1,4,16
"Stryszowska-Hill KM",1,0,16
"Sulá AIP",1,1,16
"Sánchez-Salguero R",1,0,16
"Tan LH",1,1,16
"Teixeira CM",2,0,16
"Telles MPC",1,2,16
"Thakur PK",2,0,16
"Thomas-Sharma S",1,1,16
"Tian SQ",1,0,16
"Timmer J",1,0,16
"Tobler M",2,1,16
"Torri M",1,0,16
"Tsutsumi M",1,0,16
"Tuan R",2,0,16
"Tuhtan JA",1,0,16
"Turvey ST",3,1,16
"Um Y",1,0,16
"Vaissi S",1,2,16
"Valenzuela-Sánchez A",1,0,16
"Vallejo-Trujillo A",2,0,16
"Valois ZJ",1,2,16
"Van Pelt WE",1,0,16
"VanCompernolle M",1,3,16
"VanderWaal KL",1,0,16
"Vaz UL",1,1,16
"Veera SNS",1,6,16
"Veneros J",2,0,16
"Vieira TB",2,0,16
"Vigouroux T",1,1,16
"Vogiatzakis IN",2,0,16
"Vásquez IA",1,0,16
"Vásquez-Aguilar AA",2,0,16
"Wang FG",2,1,16
"Wang LC",1,0,16
"Wang RH",2,0,16
"Ware J",2,3,16
"Wood DA",1,2,16
"Wooten JA",1,0,16
"Worth JRP",1,5,16
"Wu HS",1,1,16
"Wu L",6,0,16
"Wu WP",1,0,16
"Xi BY",1,0,16
"Xiao JM",1,0,16
"Xing Y",1,1,16
"Yang JF",1,1,16
"Yu JSD",1,0,16
"Zhai L",2,0,16
"Zhang FX",6,0,16
"Zhang MH",2,0,16
"Zhang SN",2,1,16
"Zhang YH",3,0,16
"Zhao CY",1,2,16
"Zheng WQ",1,1,16
"Zhong Y",2,0,16
"Zhou YT",2,0,16
"Zhu DP",1,0,16
"Örücü  OK",1,0,16
"Abd-Allah EF",1,0,15
"Abe S",1,0,15
"Acedo C",1,0,15
"Adams EC",1,0,15
"Adavoudi R",1,0,15
"Akutse KS",2,1,15
"Alcaraz-Segura D",1,0,15
"Alemayehu B",1,0,15
"Almodarresi A",1,1,15
"Alvarez G",1,1,15
"Amador-Alcalá S",1,0,15
"Amaro GC",5,4,15
"Amininasab SM",3,3,15
"Amorim A",1,0,15
"Andrews C",1,0,15
"Araque A",1,0,15
"Arque-Chunga W",1,0,15
"Athanasakopoulou Z",1,0,15
"Bajat B",1,0,15
"Balbuena-Serrano A",1,0,15
"Ballesteros M",1,0,15
"Barros-Rosa L",1,0,15
"Bartek JM",1,2,15
"Baruah UD",1,8,15
"Bauer B",1,0,15
"Bawri A",1,8,15
"Bayles BR",1,2,15
"Bernard RTF",1,0,15
"Biddle R",1,4,15
"Bonello P",2,1,15
"Borthakur SK",1,5,15
"Bos M",1,2,15
"Bovcon ND",1,0,15
"Brown AL",1,0,15
"Caballero A",1,0,15
"Cai XW",1,4,15
"Caroli P",1,3,15
"Carrera-Treviño R",1,0,15
"Carreón-Arroyo G",1,0,15
"Carter JR",1,2,15
"Cedrola PV",1,0,15
"Chapple S",1,0,15
"Chaskopoulou A",1,0,15
"Chen EB",1,0,15
"Chen FY",2,0,15
"Chen ZL",3,0,15
"Cheng J",1,0,15
"Cheverría-Pacheco L",1,0,15
"Chirenda J",1,1,15
"Cianciullo S",1,3,15
"Cipriano C",1,0,15
"Cobb NS",1,4,15
"Coller NM",1,0,15
"Colonello JH",1,0,15
"Comino E",2,0,15
"Cortés F",2,0,15
"Cuervo-Robayo AP",3,0,15
"Cáceres AG",1,0,15
"D'Amato AW",1,0,15
"Davies-Mostert HT",1,0,15
"de Arruda PHZ",1,0,15
"de Groot GA",1,2,15
"De Wysiecki AM",2,0,15
"Deadwyler MC",1,0,15
"Deka K",1,5,15
"Devi A",3,0,15
"Dhami B",2,0,15
"Diamantopoulos V",1,0,15
"Didier KA",1,0,15
"Dixon KW",1,1,15
"Dorr BS",1,5,15
"Edvardsen A",1,4,15
"Eisenlohr PV",2,0,15
"Elmoor-Loureiro LMA",1,1,15
"Esswein ST",1,5,15
"Ewald J",1,1,15
"Fajardo-Yamamoto A",1,0,15
"Farr DR",1,0,15
"Fekrat L",1,0,15
"Feng XN",2,0,15
"Fenollosa E",2,0,15
"Fernandes-Salvador JA",1,0,15
"Fernández-Ceular A",1,0,15
"Fisher RJ",1,0,15
"Fisher-Phelps M",1,0,15
"Flores A",1,0,15
"Foster JR",1,0,15
"Franch M",2,0,15
"Gaggiotti OE",1,1,15
"Galamatis D",1,0,15
"García-Aguilar MC",1,0,15
"Georgakopoulos G",1,0,15
"Ghosh T",1,0,15
"Giantsis IA",1,0,15
"Gibbs PM",1,0,15
"Glon HE",1,2,15
"Goienetxea I",1,0,15
"Goikoetxea N",1,0,15
"Gon N",1,0,15
"Granado I",1,0,15
"Guglielmo L",2,0,15
"Gutiérrez JD",1,0,15
"Gutiérrez R",1,0,15
"Haines ML",1,0,15
"Hale J",1,0,15
"Harings NM",1,1,15
"Hashem A",1,0,15
"Heath ACG",1,8,15
"Hernández-Guzmán R",2,0,15
"Homechaudhuri S",1,0,15
"Hou YF",1,4,15
"Houniet DT",1,0,15
"Hu XY",1,4,15
"Huang JL",1,0,15
"Hussain SA",1,0,15
"Häring T",1,1,15
"Ibaibarriaga L",1,0,15
"Irigoyen AJ",1,0,15
"Islam K",2,6,15
"Islam KN",2,6,15
"Jain A",2,0,15
"Jang Y",3,1,15
"Jaureguizar AJ",2,0,15
"Johnson RJ",1,5,15
"Julaie L",1,0,15
"Kalita B",1,8,15
"Kan W",2,0,15
"Kaseloo EA",1,0,15
"Kasera K",1,0,15
"Kiema J",1,0,15
"Kilibarda M",1,0,15
"Kingston T",1,0,15
"Kiser AH",2,0,15
"Kleijn D",1,2,15
"Kotov AA",1,1,15
"Kotzé I",1,3,15
"Krause CM",1,4,15
"Kritas SK",1,0,15
"Kruger SE",1,0,15
"Krunic N",1,0,15
"Kuraru S",1,0,15
"Latham OC",1,0,15
"Lawrence KE",1,8,15
"Lin BR",1,0,15
"Linden J",1,2,15
"Liu CX",3,1,15
"Liu DS",2,1,15
"Llamas F",1,0,15
"Lorah PA",1,0,15
"Lorini ML",1,2,15
"Luo GH",1,0,15
"Luo GM",3,2,15
"López-Díaz JOM",1,0,15
"López-Ordoñez T",2,0,15
"Ma FZ",2,0,15
"Machado NG",1,0,15
"Magrini S",1,0,15
"Makino T",1,0,15
"Marais C",1,3,15
"Marchesani N",1,0,15
"Marsden S",1,4,15
"Martínez-Vega RA",1,0,15
"Masendu R",1,1,15
"Matin S",1,3,15
"Maurya A",3,0,15
"Mberikunashe J",1,1,15
"Melville J",1,0,15
"Mendieta-Oviedo R",1,0,15
"Milessi AC",2,0,15
"Mirzaei M",1,1,15
"Mishra B",1,3,15
"Mohan D",1,0,15
"Mondol S",1,0,15
"Mori H",1,0,15
"Morita K",1,0,15
"Mpellou S",1,0,15
"Musher LJ",1,1,15
"Méndez-Encina FM",1,0,15
"Méndez-González J",1,0,15
"Nagata N",1,0,15
"Nath MJ",1,8,15
"Negiz MG",1,4,15
"Neiss UG",1,0,15
"Nengovhela A",1,2,15
"Nie H",1,4,15
"Nixon AE",1,0,15
"Nkurunziza E",1,0,15
"Nobrega CC",1,0,15
"Noce S",1,0,15
"Novozhilov YK",1,0,15
"Nájera-Luna JA",1,0,15
"Okamoto KW",1,0,15
"Omondi S",1,0,15
"Orth DJ",1,6,15
"Ouko E",1,0,15
"Palaoro AV",1,1,15
"Palli M",1,0,15
"Panja S",1,0,15
"Papageorgiou K",1,0,15
"Park B",2,2,15
"Parker DM",1,0,15
"Patil A",2,0,15
"Pennington DD",1,4,15
"Perry RW",2,1,15
"Petridou E",1,0,15
"Pica A",1,0,15
"Pilgrim M",1,4,15
"Podder A",1,0,15
"Pomroy WE",1,8,15
"Quincoces I",1,0,15
"Raghu S",1,0,15
"Ramírez-León MR",1,0,15
"Ramírez-Mendoza Z",1,0,15
"Randklev CR",2,0,15
"Reger B",1,1,15
"Ren ZL",1,4,15
"Rezaei HR",3,1,15
"Richins AE",1,0,15
"Ritchie EG",1,0,15
"Roberts S",1,2,15
"Romo-Curiel AE",1,0,15
"Rose JP",1,0,15
"Rosette J",1,0,15
"Rossini L",2,0,15
"Roy SJ",1,8,15
"Saikia A",1,8,15
"Salas EAL",1,1,15
"Santini M",1,0,15
"Sarkar D",2,0,15
"Sarma B",1,5,15
"Scheper J",1,2,15
"Schnittler M",1,0,15
"Sentürk Ö",1,4,15
"Shah MA",2,2,15
"Shan YM",1,4,15
"Shchepin ON",1,0,15
"Sheehan KL",1,5,15
"Shiravand B",1,1,15
"Shrestha N",2,0,15
"Smith CH",2,0,15
"Solis-Ponce I",1,4,15
"Sousa FDR",1,1,15
"Standaert W",2,1,15
"Stone L",1,4,15
"Stralberg D",1,0,15
"Suarez-Minguez J",1,0,15
"Sánchez-Carnero N",2,0,15
"Tafti AAD",1,1,15
"Talukdar G",3,0,15
"Terenziani A",2,0,15
"Terzano D",1,3,15
"Tesi G",1,0,15
"Thom G",1,1,15
"Tinago W",1,1,15
"Todd BD",1,0,15
"Tolley KA",1,0,15
"Touloudi A",1,0,15
"Treves A",2,0,15
"Tsakris A",1,0,15
"Tuley PA",1,0,15
"Valencia-Mazo JD",1,0,15
"Varela LG",1,2,15
"Vela D",1,0,15
"Vitasovic-Kosic I",1,0,15
"Viverette CB",1,0,15
"Vodounnon MEJ",2,0,15
"Vrioni G",1,0,15
"Vázquez-Domínguez E",2,0,15
"Wahome A",1,0,15
"Wallace J",1,0,15
"Wambua M",1,0,15
"Wang CX",1,0,15
"Wei Q",2,0,15
"Whittington-Jones BM",1,0,15
"Wilson RM",1,0,15
"Woyzichovski J",1,0,15
"Wu KF",1,0,15
"Xie LY",1,0,15
"Yang XD",3,0,15
"Yang YB",1,4,15
"Yao NN",1,4,15
"Yarrow GK",1,5,15
"Yañez-Trujillano HH",1,0,15
"Young A",2,0,15
"Yáñez-Arenas C",3,0,15
"Zarco-González MM",1,0,15
"Zeng LY",1,0,15
"Zhang FG",1,0,15
"Zhang GL",3,0,15
"Zhang S",3,0,15
"Zhang TC",1,0,15
"Zhang XC",1,0,15
"Zhang XL",4,0,15
"Zhao G",3,0,15
"Zhao RX",1,0,15
"Zhao W",1,0,15
"Adham D",1,0,14
"Adu BW",1,0,14
"Agoston A",1,6,14
"Agudo JAS",3,2,14
"Aguilar R",1,1,14
"Ai ZP",1,0,14
"Almalki M",1,2,14
"Alrashidi M",1,2,14
"An FY",1,0,14
"Andrews S",1,3,14
"Angulo DF",1,1,14
"Appelhans T",1,3,14
"Arias-Alzate A",2,0,14
"Arias-Del Razo I",1,0,14
"Ascencio E",1,3,14
"Azarnivand H",1,0,14
"Azpiroz AB",1,0,14
"Bachman M",1,1,14
"Bae S",2,0,14
"Bai J",2,0,14
"Barbosa FG",1,0,14
"Barna K",1,6,14
"Barros M",1,4,14
"Becerril-García EE",1,0,14
"Bechara J",1,6,14
"Bell JR",1,3,14
"Bencke GA",1,0,14
"Bercachy C",1,6,14
"Bergmann LR",1,2,14
"Bhusal DR",2,2,14
"Blanco J",1,1,14
"Bobrowski M",2,0,14
"Bolek MG",1,1,14
"Bourhis Y",1,3,14
"Brook M",1,2,14
"Brunton AJ",2,0,14
"Bssler C",1,1,14
"Bui CM",1,0,14
"Buongermini E",1,4,14
"Caballero-Viñas C",1,0,14
"Caley MJ",1,1,14
"Canas RQ",1,0,14
"Cano JAF",1,0,14
"Cano-Ortiz A",1,0,14
"Cazorla CG",1,0,14
"Cecchi G",2,2,14
"Chapple DG",2,1,14
"Charbel E",1,6,14
"Chen BX",1,0,14
"Chiu MC",2,0,14
"Choe H",2,0,14
"Chong ST",1,0,14
"Clay R",1,0,14
"Coetzee J",1,0,14
"Coetzee JA",2,0,14
"Colucci M",1,3,14
"Conroy GC",1,0,14
"Constantine R",1,1,14
"Cook JA",1,1,14
"Cook M",1,3,14
"Crates R",2,1,14
"Cummings KS",1,0,14
"Curasi SR",1,0,14
"Davies A",1,1,14
"de Lima AA",2,0,14
"de Sosa I",1,1,14
"del Río MG",1,0,14
"Dellapé G",1,0,14
"Demps KE",1,1,14
"Deng YM",2,0,14
"Di Giacomo AS",1,0,14
"Di XF",1,0,14
"Di XY",1,0,14
"Dias RA",1,0,14
"Dobor L",1,0,14
"Domínguez-Vega H",1,0,14
"Dorjee K",1,0,14
"Dorji K",1,0,14
"dos Santos AP",1,0,14
"Downie A",1,4,14
"Drake J",1,2,14
"Draque J",1,4,14
"Escobar-Flores JG",2,0,14
"Estrada P",1,2,14
"Fan XY",3,0,14
"Farchadi N",1,2,14
"Farquhar JE",2,1,14
"Farris CM",1,0,14
"Fehérvári P",1,6,14
"Fetcher N",1,0,14
"Fischer K",1,0,14
"Flamme MJ",1,1,14
"Fontana CS",1,0,14
"Forbey JS",1,1,14
"Fortin MJ",1,3,14
"Fountain-Jones NM",2,0,14
"Franceschini C",1,0,14
"Frelat R",1,1,14
"Fuentes-Rodriguez D",1,0,14
"Gardner L",1,0,14
"Gergely J",1,6,14
"Gervazoni P",1,0,14
"Goncharenko I",1,3,14
"Goodale E",2,0,14
"Guerrero-Izquierdo T",1,0,14
"Guillamón OS",1,1,14
"Guo HD",1,0,14
"Guo XM",1,0,14
"Gómez-Ortiz Y",1,0,14
"Hamer GL",1,2,14
"Hamilton ONP",1,1,14
"Hamrick JL",1,2,14
"Hanasaki N",1,0,14
"Hanelt B",1,1,14
"Harkins C",1,1,14
"Harnos A",1,6,14
"Heath JA",1,1,14
"Heinsohn R",2,1,14
"Heredia-Bobadilla RL",1,0,14
"Hernández-Lambraño RE",3,0,14
"Hewitt RE",1,0,14
"Hlásny T",1,0,14
"Holyoak M",1,0,14
"Honeck E",1,0,14
"Hong MS",1,0,14
"Hu RG",1,3,14
"Huang HK",1,0,14
"Huang K",1,3,14
"Huard JR",1,1,14
"Ileke KD",1,0,14
"Irwin L",1,2,14
"Ishihama F",1,0,14
"Jiang AW",2,0,14
"Jiang WW",1,0,14
"Johnson NA",1,0,14
"Jung TS",1,1,14
"Kafaei S",2,4,14
"Kappes BB",1,0,14
"Kapuka A",1,0,14
"Karol KG",2,0,14
"Khosravani A",1,2,14
"Kim YJ",1,0,14
"Kozmian-Ledward L",1,1,14
"Krakhmalnyi A",1,3,14
"Krakhmalnyi M",1,3,14
"Kubota K",1,1,14
"Kumar B",2,0,14
"Kumari M",2,5,14
"Laface VLA",1,0,14
"Lafleur PM",1,0,14
"Lee W",1,2,14
"Leonardi M",1,3,14
"Lestina J",1,3,14
"Li WW",1,0,14
"Li ZZ",1,0,14
"Liao Y",1,0,14
"Liu CS",1,0,14
"Liu MZ",1,0,14
"Liu P",1,0,14
"Liu WY",3,0,14
"Liu ZJ",1,0,14
"Loehle C",1,2,14
"Longcore T",1,0,14
"Lopez RR",1,0,14
"Loranty MM",1,0,14
"Luo L",1,0,14
"Luo XQ",2,0,14
"Ma B",1,0,14
"MacDonald SO",1,1,14
"Machunter J",1,0,14
"Macintyre R",1,0,14
"Mack MC",1,0,14
"Maher SP",1,3,14
"Mahiny AS",2,1,14
"Mammides C",2,0,14
"Manica A",1,3,14
"Manly BFJ",1,2,14
"Marcon AP",1,0,14
"Marin P",1,1,14
"Martin KLM",1,0,14
"Martin P",1,0,14
"Martin TG",1,1,14
"Martínez ML",1,0,14
"May JL",1,0,14
"Mejía-Jurado E",1,0,14
"Mendez M",1,4,14
"Mendoza-González G",1,0,14
"Meng QK",1,0,14
"Mengersen K",1,1,14
"Merrill A",1,2,14
"Micucci P",1,4,14
"Milne AE",1,3,14
"Moradi H",2,1,14
"Moradi-Asl E",1,0,14
"Morse R",1,1,14
"Mosavi A",1,0,14
"Mossivand AM",1,0,14
"Myers-Smith IH",1,0,14
"Nagy A",1,6,14
"Natale E",1,1,14
"Natali SM",1,0,14
"Nauss T",1,3,14
"Neira F",1,2,14
"Neu A",1,0,14
"Noguera-Urbano EA",3,0,14
"Nörenberg L",1,0,14
"O'Connell MJ",1,2,14
"Oberbauer SF",1,0,14
"Ode PJ",1,3,14
"Ogbourne SM",1,0,14
"Ojeda J",2,3,14
"Oksanen J",1,0,14
"Olabimi IO",1,0,14
"Oraie H",1,2,14
"Ovaskainen O",1,0,14
"Palatitz P",1,6,14
"Parker TC",1,0,14
"Pauli BP",2,1,14
"Peairs F",1,3,14
"Phan DV",2,5,14
"Pinto MP",1,0,14
"Pocco ME",1,0,14
"Poussin C",1,0,14
"Pozzi AV",1,3,14
"Prakash O",1,0,14
"Puerta P",1,1,14
"Quiner CA",1,0,14
"Quiroga MP",1,4,14
"Rahimian H",1,2,14
"Ramírez-Rodríguez R",3,7,14
"Randin CF",1,3,14
"Rathore N",1,0,14
"Raykov V",2,0,14
"Reinoso H",1,1,14
"Ren ZC",2,0,14
"Repenning M",1,0,14
"Rhodes CG",1,2,14
"Rocha AV",1,0,14
"Roig SA",1,0,14
"Romero D",2,0,14
"Rossi T",1,0,14
"Sabater L",1,0,14
"Sacks BN",2,1,14
"Saghafipour A",1,0,14
"Sah SAM",2,1,14
"Sandoval S",2,0,14
"Sandoval-Martínez J",1,0,14
"Sanguet A",1,0,14
"Sanil R",2,4,14
"Sawyer YE",1,1,14
"Scattolini MC",1,0,14
"Scerri EML",1,3,14
"Scheibler EE",1,0,14
"Schickhoff U",2,0,14
"Schmidt-Rhaesa A",1,1,14
"Schoeman DS",1,0,14
"Schwab N",1,0,14
"Shannon R",1,1,14
"Shao WJ",1,0,14
"Sharma MK",1,0,14
"Shen YY",1,0,14
"Shobrak M",1,2,14
"Shoraka HR",2,1,14
"Shortall CR",1,3,14
"Slabakova V",2,0,14
"Solt S",1,6,14
"Sonnentag O",1,0,14
"Sorgonà A",1,0,14
"Sosa A",1,0,14
"Souto CP",1,4,14
"Spampinato G",1,0,14
"Stewart HA",1,4,14
"Sun ER",1,1,14
"Syartinilia",2,2,14
"Székely T",1,2,14
"Takhampunya R",1,0,14
"Tan WC",3,1,14
"Tanaka K",1,1,14
"Tang JF",1,0,14
"Tang ZH",2,0,14
"Tarnian F",1,0,14
"Tavilla G",1,0,14
"Thakur D",1,0,14
"Tinkle ZK",1,1,14
"Tirado JL",1,6,14
"Tobgay S",1,0,14
"Trapnell DW",1,2,14
"Tshabalala T",1,1,14
"Ur Rahman A",1,0,14
"Van Echelpoel W",1,0,14
"Vasquez VL",1,0,14
"Velikova V",1,3,14
"Vázquez JT",1,1,14
"Waller T",1,4,14
"Wang LH",2,1,14
"Wangdi T",1,0,14
"Wangyel S",1,0,14
"Wei SC",1,0,14
"Weidinger J",2,0,14
"Whitehead DA",1,0,14
"Wiemers M",1,0,14
"Wu YP",1,3,14
"Wullschleger SD",1,0,14
"Wyatt GE",1,2,14
"Wyler N",1,0,14
"Wüstenhagen N",1,3,14
"Xiang B",1,0,14
"Xiang YZ",2,0,14
"Xie Y",2,0,14
"Xue L",1,0,14
"Yan X",2,0,14
"Yang N",1,0,14
"Yang Q",2,0,14
"Yang RX",1,0,14
"Yin ZY",1,2,14
"Zesati SAV",1,0,14
"Zhai TQ",1,0,14
"Zhao XZ",1,0,14
"Zhen J",1,0,14
"Zlateva I",2,0,14
"Abbas FI",1,4,13
"Adhikari S",2,0,13
"Akpinar MB",1,0,13
"Akyürek Z",1,0,13
"Alvares CA",1,0,13
"Amorim CA",1,0,13
"Angio MH",2,0,13
"Aprilianti P",1,0,13
"Ariati SR",1,0,13
"Arikan-Akdagli S",1,0,13
"Arnedo M",1,1,13
"Ashby S",1,1,13
"Aulagnier S",2,0,13
"Avtar R",1,0,13
"Ayala S",1,0,13
"Babic MN",1,0,13
"Backeljau T",1,1,13
"Bagheri H",1,5,13
"Barac A",1,0,13
"Barnhart PR",1,2,13
"Battisti C",1,1,13
"Beebe S",1,0,13
"Bekar I",1,0,13
"Beklioglu M",1,0,13
"Belhaj A",1,0,13
"Bender JB",1,0,13
"Bennas N",1,0,13
"Bernardo CSS",1,0,13
"Berteaux D",1,0,13
"Bester MN",1,0,13
"Biastoch A",1,0,13
"Biuw M",1,0,13
"Borzée A",5,1,13
"Bostanaru AC",1,0,13
"Boubli JP",1,0,13
"Branco VV",1,0,13
"Brandao J",1,0,13
"Brandt M",1,0,13
"Brito S",1,0,13
"Brownscombe JW",2,0,13
"Bugmann H",1,0,13
"Burton AC",1,0,13
"Buruchara R",1,0,13
"Buss DL",1,0,13
"Busser N",1,0,13
"Bybee SM",3,2,13
"Camacho R",1,1,13
"Canale GR",1,0,13
"Cao HT",1,5,13
"Cardoso P",1,0,13
"Carneiro FM",1,0,13
"Carroll EL",1,0,13
"Carvalho JC",1,0,13
"Cascalho J",1,0,13
"Castilho R",1,1,13
"Castro-Díez P",1,0,13
"Cech T",1,0,13
"Chen SY",1,0,13
"Chen TY",1,1,13
"Chergui B",1,0,13
"Chisholm L",2,5,13
"Choi D",1,0,13
"Coetzee T",1,0,13
"Cogliati M",1,0,13
"Contarini M",1,0,13
"Cooke EL",2,1,13
"Coombes M",2,1,13
"Correia L",1,0,13
"Cumming S",1,1,13
"Dalla Rosa L",1,0,13
"Daru BH",1,0,13
"Darveau M",1,1,13
"Dayanandan S",1,4,13
"de Andreazzi CS",1,2,13
"De Azeredo-Espin AML",1,0,13
"de Bruyn PJN",1,0,13
"De KJ",1,0,13
"de Klerk HM",1,0,13
"de Lucena WG",1,0,13
"de Oliveira JA",1,2,13
"Dehaghi IM",1,0,13
"Di Sora N",1,0,13
"Do TA",1,5,13
"Dong X",2,1,13
"Drenkhan R",1,0,13
"Dumlupinar I",1,0,13
"Dusfour I",1,5,13
"Efstratiou MA",1,0,13
"Eggers B",1,1,13
"Elbanna SM",1,0,13
"Ergin C",1,0,13
"Esler KJ",1,0,13
"Esposto MC",1,0,13
"Evangelista P",2,4,13
"Farzaliyev V",1,0,13
"Fatah AMA",1,0,13
"Fedorenko L",2,0,13
"Fensholt R",1,0,13
"Ferraz SFDB",1,0,13
"Ferretti NE",1,1,13
"Firdiana ER",2,0,13
"Fisher RN",1,0,13
"Fitzgerald M",1,3,13
"Fong JJ",1,1,13
"Fragkopoulou E",3,0,13
"Frenkel M",1,0,13
"Fresia P",1,0,13
"Fritz H",1,0,13
"Fusco-Costa R",1,0,13
"Gabriel R",1,0,13
"Gandarilla-Aizpuro FJ",1,2,13
"Ganie AH",1,2,13
"Garcia LG",1,0,13
"Garvita RV",1,0,13
"Gholizadeh H",1,0,13
"Gibson LM",1,1,13
"Gillam EH",1,2,13
"Ginal P",2,1,13
"Giri K",1,6,13
"Girod R",1,5,13
"Gittins G",1,0,13
"Gitto A",1,0,13
"Gonçalves CI",1,0,13
"Gonçalves JR",1,0,13
"Grossman JJ",1,0,13
"Guegan H",1,0,13
"Guerbois C",1,0,13
"Guerrero EL",1,2,13
"Guimaraes A",1,0,13
"Gullage L",1,3,13
"Gunde-Cimerman N",1,0,13
"Gungneux JP",1,0,13
"Güran M",1,0,13
"Ha TM",1,7,13
"Hadly EA",1,1,13
"Handayani T",1,0,13
"Handini E",1,0,13
"Hansteen TH",1,0,13
"Harrington GN",1,0,13
"Haydett KM",1,0,13
"He MH",1,0,13
"Hepp CM",1,0,13
"Herr H",1,0,13
"Herrera J",2,0,13
"Hevia M",1,0,13
"Heya HM",1,1,13
"Hiernaux P",1,0,13
"Higa RCV",1,0,13
"Hirata S",1,3,13
"Holeva-Eklund WM",1,0,13
"Hsieh CF",1,1,13
"Hu JM",1,1,13
"Hutabarat PWK",2,0,13
"Hutchinson RA",1,0,13
"Huvenne VAI",1,0,13
"Hyman G",1,0,13
"Ingberman B",1,0,13
"Innal D",1,0,13
"Ireland M",1,0,13
"Jackson JA",1,0,13
"Jackson KM",1,0,13
"Jafari AA",1,5,13
"James DA",1,4,13
"Jeppesen E",1,0,13
"Jiang QT",1,0,13
"Jin N",2,0,13
"Jin T",1,3,13
"Jones J",2,1,13
"Jones-Farrand DT",1,0,13
"Jonikaite E",1,0,13
"Jordaens K",1,1,13
"Juswara LS",1,0,13
"Kamel M",2,0,13
"Kang A",1,1,13
"Kannan R",1,4,13
"Katarzyte M",1,0,13
"Katungi E",1,0,13
"Kazama S",2,0,13
"Kearney SP",1,0,13
"Kennedy AS",1,0,13
"Kerkaert JD",1,0,13
"Khadka KK",1,4,13
"Kim JS",2,1,13
"Kimathi EK",1,1,13
"Kiss O",2,3,13
"Klanderud K",1,1,13
"Klingspor L",1,0,13
"Knight JF",1,0,13
"Korkmaz M",1,0,13
"Koru M",1,0,13
"Kou GQ",1,0,13
"Krafft BA",1,0,13
"Kurath G",1,1,13
"Larrivée M",1,0,13
"Launey S",1,0,13
"Lea MA",1,0,13
"Leon Y",1,1,13
"Leseberg NP",1,0,13
"Li JL",2,0,13
"Li JR",1,0,13
"Li SR",1,1,13
"Li XD",2,0,13
"Li Z",1,0,13
"Li ZT",1,0,13
"Liao BL",1,0,13
"Liao HH",1,3,13
"Lindstrom U",1,0,13
"Linhoss AC",1,1,13
"Liu QQ",1,0,13
"Loures-Ribeiro A",1,0,13
"Lu TT",1,0,13
"Lu ZY",1,0,13
"Luan XY",1,0,13
"Luo M",2,0,13
"Lv YH",1,0,13
"Maeda EE",1,7,13
"Magadzire N",1,0,13
"Magroski LM",1,0,13
"Malik I",1,0,13
"Mangit F",1,0,13
"Mannu R",1,0,13
"Mares M",1,0,13
"Marques AC",1,0,13
"Mastrangelo T",1,0,13
"Mateos A",1,0,13
"Matsuzawa T",1,3,13
"McClelland CJR",1,0,13
"McDonald T",1,0,13
"McFarland KP",1,0,13
"Meijer WG",1,0,13
"Mejía JR",1,0,13
"Melchers WJG",1,0,13
"Meletiadis J",1,0,13
"Mendoza-Becerril MD",1,0,13
"Meng DR",1,0,13
"Meriggi A",2,2,13
"Messenger LA",3,0,13
"Min SH",1,1,13
"Mishra BP",1,0,13
"Mohan R",1,0,13
"Monteiro ELD",1,0,13
"Moon J",2,0,13
"Morales MM",1,3,13
"Morales-Linares J",2,0,13
"Moratelli R",1,2,13
"Mortazavi MS",2,0,13
"Mouta N",2,0,13
"Mu CS",3,0,13
"Mullett M",1,0,13
"Murphy SA",1,0,13
"Muyobela J",1,0,13
"Mychajliw AM",1,1,13
"Naqinezhad A",1,0,13
"Nastasa V",1,0,13
"Nath PC",1,6,13
"Ndao B",1,0,13
"Nguyen HV",1,7,13
"Nguyen MD",1,5,13
"Nibbelink N",2,0,13
"Nielsen K",1,0,13
"Nozar SLM",2,0,13
"Nukazawa K",3,0,13
"Ogola J",1,1,13
"Ogony L",1,1,13
"Ogris N",1,0,13
"Ogunc D",1,0,13
"Ombura FLO",1,1,13
"Onyambu GK",1,1,13
"Ota H",1,1,13
"Ozhak B",1,0,13
"Pacheco JP",1,0,13
"Pandey N",2,0,13
"Pardi MI",2,0,13
"Patrao C",1,1,13
"Pausas JG",1,0,13
"Pelletier KC",1,0,13
"Pellikka P",1,7,13
"Peng C",2,0,13
"Peper ST",1,0,13
"Pessoa AD",1,0,13
"Petter G",1,0,13
"Pettorelli N",1,1,13
"Pezzatti GB",1,0,13
"Pham NT",1,5,13
"Piraino S",1,0,13
"Pires MM",1,2,13
"Pirk CWW",1,0,13
"Plant KJ",1,0,13
"Ponte NB",1,2,13
"Poudel AS",1,2,13
"Powell GS",3,2,13
"Presley SM",1,0,13
"Prigitano A",1,0,13
"Psaralexi M",1,2,13
"Purnomo DW",2,0,13
"Puspitaningtyas DM",2,0,13
"Pédarros É",1,0,13
"Périco E",1,2,13
"Quesada CA",1,0,13
"Ragab SH",2,0,13
"Ramírez-García A",1,0,13
"Ranque S",1,0,13
"Reiss C",1,0,13
"Renner S",1,2,13
"Renteria-Villalobos M",1,0,13
"Reyes C",1,0,13
"Richards J",2,1,13
"Rigal F",1,0,13
"Robinson SL",1,0,13
"Rocha DG",1,0,13
"Rodríguez J",1,0,13
"Romanò L",1,0,13
"Rubyogo JC",1,0,13
"Rufino M",1,1,13
"Rupp E",1,1,13
"Rusu RO",1,0,13
"Sabino R",1,0,13
"Sahlén G",1,2,13
"Saldaña-López A",1,0,13
"Salmanmahiny A",1,0,13
"Salva-Catarineu M",1,0,13
"Sampaio A",1,0,13
"Santora JA",1,0,13
"Saputra R",1,0,13
"Scheftel J",1,0,13
"Schumacher M",1,0,13
"Schwarzkopf FU",1,0,13
"Secchi ER",1,0,13
"Sefidy K",1,5,13
"Segal E",1,0,13
"Sekiewicz K",1,0,13
"Serrao EA",3,0,13
"Sheng QQ",1,0,13
"Shi JJ",1,0,13
"Shivaprakash KN",1,4,13
"Shukla PK",2,4,13
"Sileshi GW",1,6,13
"Silva FE",1,0,13
"Silva G",1,1,13
"Silva S",1,0,13
"Silveira LF",2,0,13
"Silver M",1,0,13
"Slingsby JA",1,0,13
"Sofi II",1,2,13
"Sommer C",1,0,13
"Song YZ",2,0,13
"Spada A",2,2,13
"Speranza S",1,0,13
"Stenhouse GB",1,0,13
"Stephens JH",1,0,13
"Stoetzel HJ",1,0,13
"Street G",1,0,13
"Sudarmono S",1,0,13
"Suicmez B",1,0,13
"Sun JN",1,0,13
"Sun LX",1,0,13
"Suárez-Atilano M",1,0,13
"Ta NT",1,5,13
"Ta TN",1,7,13
"Taba-Morales G",1,0,13
"Tang J",2,0,13
"Tanga CM",1,1,13
"Tavsanoglu C",1,0,13
"Tehupeiory-Kooreman M",1,0,13
"Thain S",1,0,13
"Thapamagar T",1,2,13
"Thorne JH",2,1,13
"Tiffin HS",1,0,13
"Tiwari S",2,0,13
"Tokody B",2,3,13
"Tong XY",1,0,13
"Torabian S",2,5,13
"Townsend J",1,0,13
"Tran HTP",1,5,13
"Tran QB",1,7,13
"Tran VD",1,7,13
"Tubby K",1,0,13
"Ullerud HA",1,1,13
"Usmadi D",2,0,13
"Valderrama L",1,0,13
"Vanhove M",1,0,13
"Vega-Mares JH",1,0,13
"Vega-Rivera JH",1,0,13
"Velegraki A",1,0,13
"Venkatramanan S",1,2,13
"Veríssimo C",1,0,13
"Vilella FJ",1,0,13
"Viles H",2,1,13
"Vinha B",1,0,13
"Viquerat S",1,0,13
"Waluda CM",1,0,13
"Wanda IF",1,0,13
"Wang YR",1,0,13
"Wati RK",1,0,13
"Wawangningrum H",1,0,13
"Wibowo ARU",1,0,13
"Wiggers MS",1,0,13
"Will J",1,0,13
"Willmes C",1,0,13
"Wilson JK",1,0,13
"Wilson-Fallon AN",1,0,13
"Wistuba M",1,0,13
"Wu GM",1,0,13
"Wu JH",5,0,13
"Xiao BH",1,0,13
"Xing YF",1,0,13
"Yang JB",1,0,13
"Yang ML",1,0,13
"Yang MX",1,0,13
"Yang XR",1,3,13
"Ye XM",1,0,13
"Yerli SV",1,0,13
"Yilmaz G",1,0,13
"Yin DH",1,0,13
"Young SJ",1,0,13
"Yu RD",1,0,13
"Yu Y",1,0,13
"Yu YL",1,0,13
"Yu YS",1,0,13
"Yuan L",3,0,13
"Yusuf AA",1,0,13
"Zhai YP",1,0,13
"Zhang HR",1,0,13
"Zhao GY",1,0,13
"Zhao RA",1,0,13
"Zhao ZH",1,0,13
"Zhong YD",1,0,13
"Zhou HM",1,0,13
"Zhou XN",2,0,13
"Çeriktioglu N",1,0,13
"Çolak MA",1,0,13
"Özgencil IK",1,0,13
"Acosta ANC",1,0,12
"Adiko AEG",1,0,12
"Agarwal M",1,0,12
"Agbangla C",2,0,12
"Aguilar-Medrano R",2,0,12
"Aguirre-Macedo ML",1,0,12
"Alexander GJ",2,1,12
"Alexandre RJR",1,0,12
"Alonso JM",1,0,12
"Alvarez F",2,3,12
"Alvarez O",2,5,12
"Alves M",1,0,12
"Ambrose RF",1,0,12
"Amuri NA",2,0,12
"An K",3,0,12
"Andam-Akorful SA",1,0,12
"Anderegg WRL",1,0,12
"Andrews P",1,0,12
"Andriamahazoarivosoa P",1,0,12
"Anton AM",1,0,12
"Ar B",3,0,12
"Arroyo GM",1,0,12
"Asare DB",1,0,12
"Asl ST",1,6,12
"Atanasov N",1,1,12
"Atkinson S",1,0,12
"Atsumi K",1,0,12
"Ayer S",2,0,12
"Bahri BA",1,0,12
"Bailey H",1,0,12
"Baines M",1,0,12
"Barca B",1,0,12
"Barros FSM",1,2,12
"Bates M",1,0,12
"Baumel A",1,0,12
"Bean B",1,0,12
"Beckham JL",1,0,12
"Bejder L",1,0,12
"Bergmeier E",1,0,12
"Bernardo-Silva J",1,0,12
"Bhatta KP",2,0,12
"Bizama G",2,3,12
"Blackburn JK",1,0,12
"Bogusch P",1,0,12
"Bonilla HR",1,1,12
"Bontzorlos V",1,1,12
"Borah T",1,0,12
"Borgerson C",1,0,12
"Bosomprah S",1,0,12
"Boyer I",2,0,12
"Buffington KJ",1,0,12
"Bumbangi FN",1,0,12
"Cacciola S",1,0,12
"Cao GQ",1,0,12
"Carlesso A",1,1,12
"Carrell JD",1,0,12
"Casas-Martínez M",1,0,12
"Casazza ML",1,0,12
"Castañeda S",1,0,12
"Castillo-Peralta MD",1,0,12
"Castro-Sosa R",1,0,12
"Cayuela H",1,0,12
"Celone M",1,0,12
"Ceylan Y",3,3,12
"Chamani A",2,0,12
"Charimari L",1,0,12
"Chaverra A",1,2,12
"Chavez SG",1,0,12
"Chen HY",2,0,12
"Chen XG",1,1,12
"Chilengi R",1,0,12
"Chisenga CC",1,0,12
"Chisola MN",1,0,12
"Christensen J",1,0,12
"Chu JS",2,0,12
"Coimbra J",1,0,12
"Comia-Geneta G",1,0,12
"Company JB",1,0,12
"Correia LL",1,0,12
"Crawford BM",1,0,12
"Cropper WP",2,1,12
"Cruz-Escalona VH",3,0,12
"Cunha M",1,0,12
"Cunha MR",1,0,12
"Cárdenas TA",1,0,12
"Cózar A",1,0,12
"D'Elía G",1,0,12
"da Costa DP",1,2,12
"Dao HT",1,1,12
"de la Cruz A",1,0,12
"de Rivera OR",1,0,12
"Del Pino-Machado A",2,0,12
"Dennis TE",1,4,12
"Devkota A",1,5,12
"Ding ZY",1,0,12
"Djursvoll P",1,2,12
"Dogbo SF",1,0,12
"Dong YD",1,0,12
"Dong YY",3,0,12
"Dougherty ER",1,0,12
"Du LX",1,0,12
"Duarte LB",3,1,12
"Duker AA",1,0,12
"Dunford J",1,0,12
"Eleftherakos K",1,2,12
"Erb JD",1,0,12
"Eshetae MA",1,1,12
"Eskandarzadeh N",2,4,12
"Esser LF",4,0,12
"Estes L",1,2,12
"Ezra D",1,0,12
"Fandel AD",1,0,12
"Feng ZY",1,4,12
"Fischhoff IR",2,1,12
"Fisher A",1,0,12
"Flores-González E",1,0,12
"Flores-López CA",1,0,12
"Forouzannia M",1,0,12
"Freire R",1,0,12
"Fthenakis GC",1,2,12
"Fuentes-Allende N",2,0,12
"Fujiki S",1,0,12
"Gale N",1,1,12
"Gallego R",1,4,12
"Gandhi KJK",1,0,12
"Gao WY",1,0,12
"Gao YY",1,0,12
"Garrick RC",1,2,12
"Gebauer J",1,0,12
"Genroku T",1,0,12
"Germishuizen I",1,1,12
"Getz WM",1,0,12
"Glatz R",1,3,12
"Goedecke F",1,0,12
"Gold-Bouchot G",1,0,12
"Golden CD",1,0,12
"Golynsky EA",1,4,12
"Gomez-Díaz JD",1,0,12
"Gong HB",1,5,12
"Gonçalves JF",1,0,12
"Gould JR",1,1,12
"Grainger M",1,0,12
"Grandin U",1,0,12
"Griffiths J",1,0,12
"Gryzb E",1,0,12
"Gu JB",1,1,12
"Guarino R",1,0,12
"Guevara-Carrizales A",1,0,12
"Guilbault E",3,2,12
"Haidarian M",1,6,12
"Hallstan S",1,0,12
"Ham GS",1,1,12
"Hamidi K",2,4,12
"Han BA",2,1,12
"Han RC",2,0,12
"Hanf D",1,0,12
"Hansen LH",1,0,12
"Hasegawa M",2,0,12
"Hathcock CD",1,0,12
"Herrera JP",1,0,12
"Hetherington TE",1,0,12
"Hieronimo P",2,0,12
"Hines E",1,1,12
"Hlerema G",1,0,12
"Hodgson AJ",1,0,12
"Hoelmer KA",1,1,12
"Holding ML",1,0,12
"Honrado J",1,0,12
"Hoover AL",1,0,12
"Hosseinian Yousefkhani SS",1,4,12
"Hosseinzadeh MS",2,0,12
"Hu Q",1,0,12
"Hu SY",1,0,12
"Huffman MA",1,0,12
"Hurtado-Moreno AP",1,0,12
"Hwang JH",2,0,12
"Hwang SY",1,1,12
"Ingwersen D",1,1,12
"Ivajnsic D",1,1,12
"Jacinto-Padilla J",2,0,12
"Jahn R",1,0,12
"Jang HJ",2,0,12
"Jaradat A",3,0,12
"Jarchow CJ",1,0,12
"Jia N",1,0,12
"Jiang BY",1,0,12
"Jing ZY",1,0,12
"Johnson MD",1,0,12
"Johnson RK",1,0,12
"Johnson SE",1,0,12
"Jones C",1,4,12
"Juin M",1,0,12
"Kafle S",2,0,12
"Kazemi SM",2,0,12
"Knez N",1,0,12
"Korbou F",1,2,12
"Krasnov H",1,0,12
"Kusch J",1,0,12
"Kwarteng A",1,0,12
"Kwarteng EVS",1,0,12
"Kwenda G",1,0,12
"Lahaye E",1,1,12
"Lai ZT",1,1,12
"Lavadie-Bulnes AF",1,0,12
"Lavery S",1,4,12
"Lavorato A",1,1,12
"Layola MRR",1,0,12
"Le Divelec R",1,0,12
"Leijs R",1,3,12
"Lemus-Mejía L",1,0,12
"Lewis ML",1,1,12
"Li JH",1,0,12
"Liang YM",1,0,12
"Ligocki IY",1,0,12
"Lin SL",1,4,12
"Lin ZS",1,5,12
"Lipps GJ",1,0,12
"Liu DY",1,0,12
"Liu LP",1,0,12
"Liu PW",1,1,12
"Ljubomirov T",1,0,12
"Luo G",1,0,12
"López-Blanco E",1,0,12
"Ma XF",1,0,12
"MacDonald GM",1,0,12
"MacDonald IR",1,2,12
"MacFarland DM",1,0,12
"Maciel JR",1,0,12
"Madzima E",1,0,12
"Maharjan S",1,5,12
"Mahmoudi A",1,1,12
"Mahony M",2,2,12
"Mallarino V",1,0,12
"Malo JE",2,0,12
"Manangazira P",1,0,12
"Manolaki P",1,0,12
"Marcenò C",1,0,12
"Mata C",2,0,12
"Matos FL",1,0,12
"Mavrogianni VS",1,2,12
"Mbedzi J",1,0,12
"Mburu MM",1,0,12
"McBroom J",1,0,12
"McDonald E",1,0,12
"Meade D",1,0,12
"Mei M",1,0,12
"Melendo-Luque M",2,6,12
"Meparishvili G",1,0,12
"Mhlanga G",1,0,12
"Midzi SM",1,0,12
"Migheli Q",1,0,12
"Migliore J",1,0,12
"Milanovich JR",1,2,12
"Montes CR",1,0,12
"Moody A",1,4,12
"Mooney K",1,0,12
"Mousikos A",1,0,12
"Mueller K",1,0,12
"Munguira ML",2,1,12
"Munna AH",2,0,12
"Munro HL",1,0,12
"Munyati S",1,0,12
"Mutambu SL",1,0,12
"Muthukrishnan R",1,0,12
"Mutsaka-Makuvaza MJ",1,0,12
"Médail F",1,0,12
"Nakamura Y",1,4,12
"Navarro G",1,0,12
"Ncube A",1,0,12
"Nemésio A",1,0,12
"Neville P",1,0,12
"Newman G",2,3,12
"Nishi H",1,0,12
"Nishida Y",2,0,12
"Njoroge P",1,0,12
"Noble-James T",1,2,12
"Norberto M",1,0,12
"Noriyuki S",1,1,12
"Norton DC",1,0,12
"Nur N",1,0,12
"Nuñez-Penichet C",2,0,12
"Ogburn MB",1,0,12
"Olszewski P",1,0,12
"Onywere S",1,1,12
"Orba Y",1,0,12
"Ortega-Rubio A",2,0,12
"Osei FB",1,0,12
"Ou J",1,0,12
"Overton CT",1,0,12
"Painter CW",1,0,12
"Pais S",1,0,12
"Pawlikowski T",1,0,12
"Pecor DB",1,0,12
"Peerbhay K",1,1,12
"Pena SA",1,0,12
"Peng DM",2,0,12
"Peng YQ",2,0,12
"Petersen WJ",2,0,12
"Peterson MS",3,0,12
"Petford MA",2,1,12
"Philip J",1,0,12
"Phinney AI",1,0,12
"Phiri I",1,0,12
"Pianço MC",1,3,12
"Pili A",1,1,12
"Poisson MA",1,0,12
"Pollett S",1,0,12
"Popa AF",1,0,12
"Potter A",1,0,12
"Pôças I",3,1,12
"Qi XZ",1,5,12
"Qian CJ",1,0,12
"Qin J",1,4,12
"Qin YJ",2,0,12
"Quaye-Ballard JA",1,0,12
"Quiroga-Carmona M",1,0,12
"Rakotondrafarasata ER",1,0,12
"Ramos F",1,0,12
"Randrianasolo JLRR",1,0,12
"Rasolofoniaina BJR",1,0,12
"Rayner L",1,1,12
"Rebollar-Alviter A",1,0,12
"Renner I",3,2,12
"Reyes-Haygood SJ",1,0,12
"Rice AN",1,0,12
"Richardson A",1,0,12
"Rickart EA",1,0,12
"Roell BJ",1,0,12
"Romero-Figueroa G",1,0,12
"Rosencranz JA",1,0,12
"Rowe RJ",1,0,12
"Runge C",1,1,12
"Sahagún-Sánchez FJ",2,0,12
"Saikia J",1,0,12
"Salazar-Golez NL",1,0,12
"Samal P",3,0,12
"Samuel-Sualibios MR",1,0,12
"Sana L",1,1,12
"Sande NC",1,0,12
"Sangoony H",1,5,12
"Saniee K",1,0,12
"Saraf PN",3,0,12
"Savini T",2,0,12
"Sawa H",1,0,12
"Schipper J",1,0,12
"Schmid-Egger C",1,0,12
"Schmitz A",1,0,12
"Schneider SA",1,1,12
"Schooler SL",1,0,12
"Schultz-Fellenz ES",1,0,12
"Scrivanti LR",1,0,12
"Seidel DP",1,0,12
"Seladis-Ocampo NA",1,0,12
"Sewell MA",1,4,12
"Shen HJ",2,0,12
"Shu QL",1,0,12
"Sichangi AW",2,0,12
"Siga A",1,0,12
"Silva GA",2,0,12
"Silva K",1,0,12
"Silva M",1,2,12
"Silva R",1,0,12
"Simaiakis SM",1,2,12
"Simubali L",1,0,12
"Simulundu E",1,0,12
"Simunyandi M",1,0,12
"Simuunza MC",1,0,12
"Singh PP",1,2,12
"Singh SP",2,1,12
"Sleith RS",1,0,12
"Snead AA",3,0,12
"Soltani S",1,5,12
"Song CH",1,4,12
"Song L",1,2,12
"Sousa LM",1,0,12
"Spanos SA",1,2,12
"Sparks T",1,0,12
"Srivastava J",3,0,12
"Stauffer BA",1,0,12
"Stefanova E",1,0,12
"Stefanova K",1,0,12
"Stiers I",1,0,12
"Struecker BP",1,2,12
"Szczypek J",1,0,12
"Sánchez-Corderol V",1,0,12
"Tack JLP",1,0,12
"Tan C",2,0,12
"Tembo J",1,0,12
"Terry RC",1,0,12
"Thomas KA",1,0,12
"Thompson BE",1,0,12
"Thorne KM",1,0,12
"Tian D",1,0,12
"Tian F",1,0,12
"Tian L",1,2,12
"Tiwary R",1,2,12
"Tong XH",2,0,12
"Tongasoa L",1,0,12
"Torres-Irineo E",1,0,12
"Tshuma C",1,0,12
"Tulloch A",1,1,12
"Turner WC",1,0,12
"Tuttu G",2,0,12
"Twerd L",1,0,12
"Urcádiz-Cázares FJ",3,0,12
"Ushio M",1,0,12
"Vahabi M",1,5,12
"Valdez L",1,0,12
"Valdés-Lozano D",1,0,12
"van der Heide C",1,0,12
"van Kleunen M",1,0,12
"van Steenderen CJM",2,0,12
"Vancine MH",2,0,12
"Vargas-Gómez MG",1,0,12
"Velu RM",1,0,12
"Vicente JR",1,0,12
"Vidal-Martínez VM",1,0,12
"Villablanca F",1,0,12
"Von Hardenberg A",2,3,12
"Wan YQ",2,0,12
"Wang BH",1,0,12
"Wang JT",1,0,12
"Wang QS",1,0,12
"Wang SJ",2,1,12
"Wang XQ",1,0,12
"Washmin N",1,0,12
"Webb M",1,1,12
"Wei H",1,0,12
"Weir CR",1,0,12
"Willén E",1,0,12
"Wisniowski B",1,0,12
"Woiso DA",2,0,12
"Wolf A",1,0,12
"Wood JK",1,0,12
"Wright PC",1,0,12
"Wu MK",1,0,12
"Wu TS",1,0,12
"Wu WH",1,0,12
"Xia DP",1,0,12
"Xiao CH",1,0,12
"Xu J",2,0,12
"Xu SH",1,0,12
"Yang HL",2,0,12
"Yang JS",1,0,12
"Yang PF",1,0,12
"Yang PP",1,0,12
"Yao CYA",1,0,12
"Yao DD",1,4,12
"Yao WH",1,0,12
"Ye RZ",1,0,12
"Yin CL",1,0,12
"Yin HX",1,0,12
"Young N",2,3,12
"Yuan XF",1,0,12
"Zembal RL",1,0,12
"Zeveloff SI",1,3,12
"Zhang R",4,0,12
"Zhang YK",1,1,12
"Zhao HH",1,0,12
"Zhao SM",1,0,12
"Zheng D",1,0,12
"Zheng ZH",1,0,12
"Zhong JS",1,0,12
"Zhou JN",1,1,12
"Zhou YM",1,0,12
"Zhu CD",2,0,12
"Zhu JF",1,0,12
"Zhu WJ",1,0,12
"Zhu X",2,1,12
"Zhu XY",2,0,12
"Zhu YG",2,0,12
"Zimmermann D",1,0,12
"Zorenko T",1,1,12
"Zárrate-Charry DA",1,0,12
"[Anonymous]",1,3,12
"Öz M",1,2,12
"Özdemir S",3,2,12
"Aapala K",1,0,11
"Abdolshahnejad M",1,0,11
"Acheson ES",1,0,11
"Achu AL",1,0,11
"Acosta-Pachón TA",1,0,11
"Adhikari H",2,0,11
"Ahmadi A",2,0,11
"Ahmed I",1,4,11
"Aksoy S",1,2,11
"Al-Obaid S",1,6,11
"Alharbi S",1,6,11
"Almaraz RD",1,1,11
"Alvarez J",1,3,11
"Andersen D",1,0,11
"Angel DN",1,1,11
"Arias S",1,0,11
"Aslam S",2,0,11
"Babey L",1,0,11
"Bahamon N",1,0,11
"Bai CQ",2,0,11
"Bale S",1,0,11
"Bartonová AS",2,1,11
"Bateta R",1,2,11
"Beazley KF",1,0,11
"Beevy SS",1,0,11
"Bella EM",1,2,11
"Benner J",1,0,11
"Benson JA",1,1,11
"Bhatt BP",1,5,11
"Biesmeijer K",1,0,11
"Bishop AP",1,2,11
"Blinnikov MS",1,2,11
"Bocquenet Y",1,0,11
"Bonini",1,1,11
"Bonino MF",1,0,11
"Borner L",1,1,11
"Borz A",1,0,11
"Bossenbroek JM",1,1,11
"Braks MAH",1,0,11
"Burkett-Cadena ND",1,0,11
"Bush PG",1,0,11
"Buthelezi MNM",1,0,11
"Caccone A",1,2,11
"Cai PM",1,0,11
"Calvert M",2,2,11
"Carlson DM",1,0,11
"Carlson ML",1,2,11
"Carroll ML",2,0,11
"Carter S",1,0,11
"Castella E",1,0,11
"Castillo-Torres PA",1,0,11
"Castro MC",1,0,11
"Castro-Navarro J",1,0,11
"Chavshin AR",1,0,11
"Cheah HY",1,0,11
"Chen HH",2,0,11
"Cheng YF",1,0,11
"Chi J",1,0,11
"Chong ET",1,6,11
"Chong JP",1,0,11
"Chung HI",2,0,11
"Cifuentes-Ossa MA",1,0,11
"Collins K",1,1,11
"Corona-López AM",1,0,11
"Corrêa RC",1,1,11
"Corti P",1,3,11
"Cortés AJ",2,0,11
"Crail TC",1,1,11
"Crickenberger S",1,0,11
"Cruz-Rodriguez CA",2,0,11
"Cuvelier S",1,3,11
"Córdova-Tapia F",1,0,11
"Da Rosa ROL",1,3,11
"da Silva AM",1,0,11
"Dabiri F",1,0,11
"Daniel J",1,0,11
"David L",1,0,11
"de Azevedo TS",2,0,11
"De Kort H",1,0,11
"de la Cruz DR",2,0,11
"De Meester L",1,0,11
"De Troyer N",1,0,11
"de Viana ML",1,1,11
"Declerck SAJ",1,0,11
"Delaney JT",2,0,11
"Deng M",3,1,11
"Desneux N",1,0,11
"Dhakar MK",1,5,11
"Dhyani R",1,0,11
"Dietrich CH",2,2,11
"Ding S",1,0,11
"Doka S",1,0,11
"Donaire-Barroso D",1,0,11
"Du HR",1,0,11
"du Toit JT",1,1,11
"Dutrieux É",1,0,11
"Eberle J",1,0,11
"Enan R",1,6,11
"Espinosa-Zaragoza S",1,0,11
"Espíndola A",1,1,11
"Fackovcová Z",1,0,11
"Fang Y",2,0,11
"Fernández P",1,5,11
"Flores-Palacios A",1,0,11
"Font X",1,6,11
"Ford BM",1,1,11
"Ford D",1,6,11
"Franco-Estrada D",1,0,11
"Fredriksson G",3,0,11
"Früh L",1,1,11
"GadAllah S",1,6,11
"Gailike B",1,2,11
"Garcia-Garin O",1,0,11
"García JJ",1,0,11
"Gardezi SMH",1,4,11
"Gearman M",1,2,11
"Gertzen EL",1,0,11
"Gewiss LR",1,0,11
"Gfrerer V",1,0,11
"Gheyas AA",1,0,11
"Ghoohestani G",1,0,11
"Giamininola EM",1,1,11
"Gil J",1,0,11
"Goethals P",1,0,11
"Gonzalez MA",1,1,11
"González-Rivero M",1,0,11
"Gouvêa L",1,0,11
"Granata M",2,2,11
"Graziano G",1,2,11
"Griffin KJ",1,0,11
"Gros P",1,0,11
"Gul H",1,0,11
"Gupta AK",1,0,11
"Guttová A",1,0,11
"Gómez JDM",1,1,11
"Habel JC",1,0,11
"Hadi UK",2,4,11
"Haeger JF",1,5,11
"Hafeez M",1,0,11
"Hand BK",1,0,11
"Hassangavyar MB",1,0,11
"He WW",1,2,11
"Hedge LH",1,0,11
"Helleman P",1,0,11
"Hickcox RP",2,0,11
"Hight SD",1,0,11
"Hoegh-Guldberg OI",1,0,11
"Holtgrieve GW",1,0,11
"Hong YC",1,0,11
"Horrocks J",1,0,11
"Hu E",1,2,11
"Huang QL",1,0,11
"Imani S",2,4,11
"Ingrisch S",1,0,11
"Iwasaki Y",1,1,11
"Ji QE",1,0,11
"Jiang HB",2,0,11
"Johnson DJ",1,0,11
"Johnston EL",1,0,11
"Junkiert L",1,0,11
"Kami HG",3,3,11
"Kebede A",1,0,11
"Keller SR",1,0,11
"Khan I",1,4,11
"Khosravi H",1,0,11
"Kidov AA",1,1,11
"Kim D",2,0,11
"Kim J",3,1,11
"Kimball JS",1,0,11
"Ko CC",1,0,11
"Konlechner TM",1,0,11
"Krawchuk M",1,0,11
"Krebs RA",1,1,11
"Lai WF",1,0,11
"Lamas CY",1,1,11
"Lamb M",1,2,11
"Lecheta MC",1,1,11
"Lee MG",2,0,11
"Legrand T",1,0,11
"Lemmens P",1,0,11
"Lertzman K",1,0,11
"Li CC",1,0,11
"Li DL",1,0,11
"Li K",4,0,11
"Li KJ",1,0,11
"Liang CT",1,3,11
"Liao JR",1,0,11
"Linde E",1,0,11
"Lockwood JL",2,3,11
"Long YJ",1,0,11
"Looney C",2,0,11
"Lozano-Jaramillo M",1,0,11
"Luikart G",1,0,11
"Luo C",2,0,11
"Luo LL",1,0,11
"López-Hernández F",2,0,11
"Maharaj SS",1,4,11
"Malele I",1,2,11
"Mandrak NE",1,0,11
"Mao JX",1,0,11
"Marambio J",1,3,11
"Marle P",1,0,11
"Martens K",1,0,11
"Martin D",1,0,11
"Martinetti D",1,1,11
"Martinez JOL",1,1,11
"Maslova I",1,0,11
"Mattern T",2,0,11
"Matushkina KA",1,1,11
"Mayor H",1,0,11
"McCusker MR",1,0,11
"McKenna JE",1,0,11
"Medina J",1,0,11
"Mehrnejad MR",2,4,11
"Mendez F",1,3,11
"Meng FH",1,0,11
"Meng Y",1,2,11
"Mi XY",1,2,11
"Miqueli E",1,0,11
"Mireji PO",1,2,11
"Moonlight P",1,0,11
"Moradi E",1,0,11
"Morales-Osorio JG",1,0,11
"Morris RL",1,0,11
"Motazakker M",1,0,11
"Moura MO",1,1,11
"Muhlfeld CC",1,0,11
"Munir A",1,4,11
"Munné-Bosch S",1,0,11
"Munzi S",1,0,11
"Mura MP",1,0,11
"Murcia S",1,3,11
"Murilla G",1,2,11
"Nadeem MS",4,0,11
"Nagahama N",1,0,11
"Naidoo T",1,0,11
"Namitha LH",1,0,11
"Nandi D",2,0,11
"Napier M",1,0,11
"Nasif O",1,6,11
"Negi VS",1,0,11
"New M",1,4,11
"Ngo HN",3,0,11
"Nguyen HQ",2,0,11
"Nielsen J",1,0,11
"Nijssen B",1,0,11
"Ojanguren-Affilastro AA",3,0,11
"Okeyo WA",1,2,11
"Okoth S",1,2,11
"Oliveira RS",1,0,11
"Ongaro S",1,0,11
"Ortiz DT",1,1,11
"Othman SN",4,1,11
"Pandit K",1,0,11
"Paoli L",1,0,11
"Pastore H",1,3,11
"Patoka J",2,0,11
"Pennington RT",1,0,11
"Petrie W",1,0,11
"Phan TQ",1,0,11
"Pititto F",1,0,11
"Pless E",1,2,11
"Plowright AA",1,0,11
"Poggi S",1,1,11
"Puentes MEM",1,1,11
"Pérez MRV",1,1,11
"Pérez N",1,6,11
"Pérez-De La O NB",1,0,11
"Qazi AW",1,4,11
"Quesada T",1,0,11
"Quevedo P",1,3,11
"Ramírez-Gil JG",1,0,11
"Rankin AM",1,1,11
"Ratrimomanarivo F",1,0,11
"Reeves LE",1,0,11
"Reyes-Hernández H",1,0,11
"Riquier J",1,0,11
"Robb LA",1,0,11
"Rodriguez JP",1,3,11
"Rodriguez L",1,0,11
"Rodríguez-Recio M",2,0,11
"Rodríguez-Rojas JJ",1,0,11
"Roels K",1,0,11
"Romano C",1,0,11
"Rosenfeld S",1,3,11
"Rosero-Henao LV",1,0,11
"Rowland L",1,0,11
"Runting RK",1,0,11
"Saarimaa M",1,0,11
"Saarman NP",1,2,11
"Santos JM",1,0,11
"Sarania B",1,0,11
"Sasic M",1,3,11
"Schaffner F",1,0,11
"Schnase JL",2,0,11
"Schrama M",1,0,11
"Schroeder MA",1,0,11
"Schvartz T",1,0,11
"Schwarz MP",1,6,11
"Scuderi A",1,0,11
"Sebasky ME",1,0,11
"Seefeldt SS",1,2,11
"Shabbir A",2,0,11
"Shao J",2,0,11
"Shen SK",1,0,11
"Shi CY",1,0,11
"Silva MC",1,0,11
"Silvestre M",1,1,11
"Singh AK",1,5,11
"Slaveykova V",1,0,11
"Sloyer KE",1,0,11
"Snyder SD",3,1,11
"Stevens MI",1,6,11
"Stewart BA",1,1,11
"Strain EMA",1,0,11
"Stroo A",1,0,11
"Tafesse B",1,0,11
"Tan MK",1,0,11
"Tavanpour T",2,4,11
"Taylor DR",1,0,11
"Taylor J",2,2,11
"Teucher M",1,0,11
"Thorin S",1,0,11
"Timoner P",1,0,11
"Toledo-Hernández VH",1,0,11
"Tuya F",1,0,11
"Ullah F",1,0,11
"Umphrey GJ",1,0,11
"Unlu I",1,0,11
"Urtasun MM",1,1,11
"Van Daele F",1,0,11
"van der Beek JG",1,0,11
"van Heezik Y",2,0,11
"van Rees CB",1,0,11
"van Slobbe J",1,0,11
"van Wieren JF",1,0,11
"Varone L",1,0,11
"Vasquez C",1,0,11
"Verovnik R",1,3,11
"Vighi M",1,0,11
"Villari C",1,0,11
"Vitelletti ML",2,0,11
"Wahab RBA",1,0,11
"Walter M",1,3,11
"Wang DX",2,0,11
"Wen GW",1,0,11
"Westwood A",1,0,11
"Wouters RM",1,0,11
"Xiang T",2,0,11
"Yang C",2,1,11
"Yang JL",3,0,11
"Yang S",1,0,11
"Yang WJ",2,0,11
"Ye LQ",1,0,11
"Yeh HT",1,0,11
"Young MJ",2,0,11
"Zaman-ul-Haq M",1,4,11
"Zambrano L",1,0,11
"Zelaya PV",1,3,11
"Zhang ZH",3,0,11
"Zhi XL",1,0,11
"Zhong LQ",1,0,11
"Zong SX",2,0,11
"Zu Q",1,0,11
"Abedin I",3,0,10
"Abrego M",1,2,10
"Adkins S",2,0,10
"Aguiar AMF",1,0,10
"Ahmed R",2,0,10
"Ahn KS",1,2,10
"Al-Mokadem AZ",1,0,10
"Alakoski R",1,0,10
"Alaniz AJ",1,0,10
"AlAshaal S",3,2,10
"Albouy B",1,0,10
"Alcala-Canto Y",1,0,10
"Alfaro-Shigueto J",1,2,10
"Alkishe A",1,0,10
"Almarinez BJM",1,0,10
"Alqahtani MSM",2,0,10
"Alvarez-Filip L",1,0,10
"Amalin DM",1,0,10
"Amano T",1,2,10
"Amorim IR",1,0,10
"Ancillotto L",1,1,10
"Andersen M",1,2,10
"Andraka S",1,2,10
"Araujo FHV",1,0,10
"Archibald CL",1,0,10
"Artun O",2,1,10
"Ayan S",3,0,10
"Aycrigg J",1,2,10
"Bagchi A",1,0,10
"Baker RJ",1,1,10
"Bandara APMJ",1,0,10
"Baneschi I",1,0,10
"Barisic S",1,3,10
"Barrowclough GF",1,0,10
"Barry EJDV",2,2,10
"Battisti E",1,0,10
"Beauvais G",1,2,10
"Belcher T",1,2,10
"Benabdi M",1,0,10
"Bennett AM",1,0,10
"Bermejo A",1,0,10
"Berov D",1,0,10
"Bertini A",1,0,10
"Bertollo LAC",1,0,10
"Bongiorni L",1,0,10
"Botejue M",1,0,10
"Bridges AEH",2,0,10
"Brito MJ",1,2,10
"Brown T",1,5,10
"Bryan BA",1,0,10
"Buchanan T",1,0,10
"Burke A",1,0,10
"Bush MB",1,0,10
"Bustos LC",1,2,10
"Butler L",1,2,10
"Cai HY",1,0,10
"Calvisi L",1,0,10
"Cameron MM",1,2,10
"Campos FA",1,3,10
"Cari I",1,2,10
"Carrasco L",1,0,10
"Carrera JP",1,1,10
"Carvajal JM",1,2,10
"Carvajal TM",1,0,10
"Carvalho GS",1,1,10
"Castellanos-Mejía MC",1,0,10
"Catry I",1,3,10
"Cavalcante AD",1,0,10
"Cerrano C",1,0,10
"Cervantes-Valencia ME",1,0,10
"Chang YY",1,4,10
"Chen JQ",2,1,10
"Cheshmedzhiev S",1,3,10
"Chiarucci A",2,0,10
"Chikuruwo C",1,1,10
"Chisholm LA",1,4,10
"Choi YS",1,2,10
"Chong KC",1,0,10
"Choudhury AS",1,0,10
"Choudhury P",1,0,10
"Church WB",1,0,10
"Cioffi MB",1,0,10
"Clarke RH",2,1,10
"Clavijo L",1,2,10
"Cocas L",1,2,10
"Collas FPL",1,0,10
"Coupland GT",2,0,10
"Cravo D",1,0,10
"Crawshaw L",1,0,10
"Cristobal L",1,2,10
"Cuthbert RJ",1,4,10
"Cuéllar-Ordaz JA",1,0,10
"Cáceres V",1,2,10
"D'Anastasi B",1,0,10
"da Silva AF",1,0,10
"Daba D",1,0,10
"Dadashi-Jourdehi A",1,0,10
"Davy CM",1,0,10
"de Carvalho MAAP",1,0,10
"de Freitas JGR",1,0,10
"De La Puente J",1,0,10
"de Paz N",1,2,10
"Deshwal A",1,0,10
"Dessie B",1,0,10
"Dimitrov L",1,0,10
"dos Santos JB",1,0,10
"Dávila JAQ",1,2,10
"Earley RL",1,0,10
"Edirisinghe G",1,0,10
"El Abdouni I",1,0,10
"El-Kenany ET",1,0,10
"Emery RN",2,0,10
"Ezaz T",1,0,10
"Fadri MJA",1,0,10
"Fairchild M",1,2,10
"Fang SM",1,0,10
"Faulkner KT",2,0,10
"Feldberg E",1,0,10
"Feng T",2,0,10
"Ferede B",1,0,10
"Ferreira SR",1,0,10
"Ferroglio E",1,0,10
"Figueroa-Castillo JA",1,0,10
"Flantua SGA",1,0,10
"Flores NY",1,0,10
"Fonda F",2,2,10
"French KO",1,4,10
"Freymueller NA",1,0,10
"Gabadage D",1,0,10
"Galhardas H",1,0,10
"Gambi MC",1,0,10
"Ganapati PS",1,5,10
"Gao B",1,0,10
"Gao F",1,0,10
"Gassah R",1,0,10
"Genthner E",1,0,10
"Gestich CC",1,0,10
"Gichua MK",1,4,10
"Gikonyo FN",1,4,10
"Gituru RW",1,4,10
"Giuntini S",1,1,10
"Giusti M",1,0,10
"Gnanakumar G",1,0,10
"Gong CX",1,0,10
"González-Arango C",1,0,10
"González-Barrios FJ",1,0,10
"Gotthardt T",1,2,10
"Grez AA",1,0,10
"Griffiths S",1,2,10
"Groth JG",1,0,10
"Guo L",2,0,10
"Guo XD",1,0,10
"Hafen T",1,4,10
"Hagemans K",1,0,10
"Hall MJR",1,2,10
"Halvarsson P",1,0,10
"Hamilton MA",1,1,10
"Hannan-Jones M",1,2,10
"Haque E",1,6,10
"Hardman CJ",1,1,10
"Harris AJ",2,0,10
"He KS",1,0,10
"Herrera M",1,2,10
"Herrán M",1,1,10
"Heupel MR",1,0,10
"Hewitt DG",1,0,10
"Higgie M",1,3,10
"Hill TR",1,2,10
"Hiller TL",2,0,10
"Holley CT",1,4,10
"Hou GL",2,0,10
"Hourston M",1,0,10
"Householder JE",1,1,10
"Howell K",2,1,10
"Hromada M",1,2,10
"Hu GW",1,4,10
"Hu RC",2,2,10
"Hua JY",1,0,10
"Huan YZ",1,0,10
"Huang YP",1,0,10
"Ibarra-Velarde F",1,0,10
"Ierardi R",1,0,10
"Innocenti C",1,0,10
"Jack KM",1,3,10
"Jamali F",2,0,10
"Jiang XH",1,0,10
"Jiang YX",1,0,10
"Jim C",1,0,10
"Jiménez-Segura LF",1,0,10
"Jorgensen N",2,1,10
"Joshi M",2,1,10
"Kageyama M",1,0,10
"Kagnew B",1,0,10
"Kampichler C",1,1,10
"Karamfilov V",1,0,10
"Karuppannasamy A",1,5,10
"Katuwal HB",1,0,10
"Kauhala K",1,0,10
"Keinath D",1,2,10
"Kelly M",2,0,10
"Kennedy JS",1,5,10
"Khalaf SMH",2,0,10
"Kim G",2,0,10
"Kimball RT",1,0,10
"Ko D",1,2,10
"Koestel Z",1,0,10
"Kundu S",4,0,10
"Kuzmenko T",1,3,10
"Laaribya S",2,0,10
"Labecka AM",1,0,10
"Lamelas-López L",1,0,10
"Lan Y",1,0,10
"Landis JB",1,0,10
"Larson DM",1,0,10
"Lasina R",1,0,10
"Leclercq N",1,0,10
"Lee SB",1,2,10
"Lee TC",1,0,10
"Lee TG",1,0,10
"Lee YS",1,2,10
"Legaspi JC",1,0,10
"Lei YH",1,0,10
"Lei YX",1,0,10
"Leuven RSEW",1,0,10
"Li DY",1,0,10
"Li KR",1,0,10
"Liao YL",1,0,10
"Lima DJ",1,0,10
"Liu QZ",3,0,10
"Llanes DAM",1,3,10
"Lochner EN",1,0,10
"Lombardi JV",1,0,10
"Lonneker J",1,2,10
"Lopes DH",1,0,10
"Lopez J",1,2,10
"Lopez-Sanchez CA",1,0,10
"Lum SKY",1,0,10
"Lun F",1,0,10
"Luo DW",1,0,10
"Luo ZW",1,0,10
"Lynce I",1,0,10
"Lyu N",1,4,10
"Ma XH",1,0,10
"Macedo FL",1,0,10
"MacSwiney MC",1,0,10
"Madadi H",2,0,10
"Madurapperuma BD",1,0,10
"Makowe IA",1,1,10
"Maluleke XG",1,4,10
"Manco BN",1,1,10
"Manea E",1,0,10
"Mangel JC",1,2,10
"Manquinho V",1,0,10
"Mantas TP",1,0,10
"Mao LF",1,0,10
"Marchán-Rivadeneira MR",1,1,10
"Marques AT",1,3,10
"Marquez-Linares MA",1,0,10
"Martinez-Macias KJ",1,0,10
"Mauck WM",1,0,10
"McCartney KR",1,0,10
"McMichael CNH",1,0,10
"Mehdizadeh R",1,1,10
"Melo-Merino SM",1,0,10
"Meng AP",1,0,10
"Merlo ME",1,0,10
"Meschini A",1,3,10
"Minghetti E",1,2,10
"Morgan F",1,0,10
"Mosisa GB",2,1,10
"Mota JF",1,0,10
"Muharsini S",1,2,10
"Mukherjee T",3,0,10
"Musundire R",2,1,10
"Márquez-Guerrero SY",1,0,10
"Mânzu C",1,1,10
"Namyatova AA",1,0,10
"Neal JC",1,0,10
"Nezami B",1,0,10
"Nicolaï MPJ",1,0,10
"Nishikawa K",2,2,10
"Nitschke C",1,0,10
"Nomoto K",1,2,10
"Ofori BY",1,0,10
"Oliva-Cruz M",1,0,10
"Oliveira EA",1,0,10
"Oliveira EHC",1,0,10
"Olivera L",1,2,10
"Ortega-Andrade HM",1,0,10
"Ortner O",1,0,10
"Palagi E",1,1,10
"Palahnuk A",1,0,10
"Palma M",1,0,10
"Panwar P",1,0,10
"Paquin S",1,0,10
"Pardavila X",1,0,10
"Parejo D",1,0,10
"Parra E",1,0,10
"Paucar C",1,0,10
"Perez MF",1,0,10
"Perotto-Baldivieso HL",1,0,10
"Piedra R",1,2,10
"Pienaar B",1,2,10
"Pinto CM",1,1,10
"Pogue CD",1,4,10
"Polineni S",1,0,10
"Popgeorgiev G",2,3,10
"Provenzale A",1,0,10
"Pyare S",1,2,10
"Pérez-García FJ",1,0,10
"Pérez-Huaripata M",1,2,10
"Quintela-Sabarís C",1,0,10
"Radchuk V",1,0,10
"Ragonezi C",1,0,10
"Ras M",1,1,10
"Rasamsetti S",1,0,10
"Reis F",1,0,10
"Ren C",1,0,10
"Rendón L",1,2,10
"Renz M",2,1,10
"Resende M",1,0,10
"Rguez-Baron JM",1,2,10
"Rheindt FE",1,0,10
"Ricchi A",1,0,10
"Riel-Salvatore J",1,0,10
"Rimal B",1,0,10
"Rinde E",1,0,10
"Roberts SPM",1,0,10
"Rodríguez LH",1,2,10
"Rodríguez-Gómez F",1,0,10
"Rodríguez-Ruiz J",1,0,10
"Rosca I",1,1,10
"Roveta C",1,0,10
"Ruiz BC",1,0,10
"Ráb P",1,0,10
"Sachisuko A",1,1,10
"Salem AZM",1,0,10
"Sales RK",1,0,10
"Salmerón-Sánchez E",1,0,10
"Sanders K",1,0,10
"Sanderson RA",1,2,10
"Sangelantoni L",1,0,10
"Santana H",1,2,10
"Santos-Reis M",1,0,10
"Schwartz T",1,3,10
"Schöbel C",1,1,10
"Schöngart J",1,1,10
"Scognamillo DG",1,0,10
"Segura-Castruita MA",1,0,10
"Selvalakshmi S",1,0,10
"Seo HY",1,2,10
"Shaltout SK",1,0,10
"Shang WL",1,0,10
"Sharma HP",1,0,10
"Shastri O",1,0,10
"Shi C",1,0,10
"Shi FC",1,0,10
"Shi XW",1,0,10
"Shim J",1,0,10
"Shimelash D",1,0,10
"Shirose L",1,0,10
"Silva LOE",1,0,10
"Silva P",1,0,10
"Sing SE",1,0,10
"Siqueira-Silva T",3,0,10
"Smagghe G",1,0,10
"Soares AO",1,0,10
"Sohel SI",1,6,10
"Sollmann R",1,0,10
"Solís-Montero L",1,0,10
"Somaweera R",1,0,10
"Song XQ",1,0,10
"Souza FHS",1,0,10
"Spathelf M",1,2,10
"Stow AJ",1,0,10
"Struebig M",1,0,10
"Summers DM",1,0,10
"Sun H",2,0,10
"Sun HY",1,0,10
"Sun YX",1,0,10
"Sundaravadivel P",1,0,10
"Surasinghe TD",1,0,10
"Suárez J",1,2,10
"Symes WS",1,0,10
"Sánchez AC",1,0,10
"Sîrbu I",1,0,10
"Tagyan AI",3,0,10
"Taleshi H",2,0,10
"Tan DJX",1,0,10
"Tang LL",1,0,10
"Tapia EE",1,1,10
"Tassie N",2,1,10
"Tavera MAA",1,0,10
"Taye W",1,0,10
"Tefera B",1,0,10
"Teo KM",1,0,10
"Teruel B",1,0,10
"Terui S",1,2,10
"Tewes ME",1,0,10
"Thompson DI",1,2,10
"Tian LW",1,0,10
"Tian S",2,0,10
"Tian T",1,0,10
"Tizzani P",1,0,10
"Todorova V",1,0,10
"Toranj-Zar H",1,0,10
"Trainito E",1,0,10
"Tran D",1,0,10
"Ullah H",1,6,10
"Ushiyama K",1,2,10
"van der Lingen S",1,1,10
"Vandamme P",1,0,10
"Varotti C",1,0,10
"Veelenturf C",1,2,10
"Vega-Polanco M",1,0,10
"Vellingiri G",1,5,10
"Venkatasamy B",2,5,10
"Vera-Montenegro Y",1,0,10
"Verdone CJ",1,2,10
"Vereecken NJ",1,0,10
"Vergara PM",1,0,10
"Viana P",1,0,10
"Villegas M",1,0,10
"Viviano A",1,1,10
"Vrac M",1,0,10
"Wallace BP",1,2,10
"Wallentin G",1,0,10
"Walton K",1,2,10
"Wang DY",2,0,10
"Wanga VO",1,4,10
"Ward D",1,0,10
"Ward SM",1,0,10
"Wardhana AH",1,2,10
"Wearne LJ",1,2,10
"Weekers T",1,0,10
"Weemaels AI",1,0,10
"Wiggins GJ",1,0,10
"Will R",1,0,10
"Williams AG",1,0,10
"Winrich A",1,0,10
"Wint GRW",2,0,10
"Witkowski ETF",1,2,10
"Wood T",1,0,10
"Wu QL",1,0,10
"Wu X",1,0,10
"Xi SY",1,0,10
"Xu JL",2,0,10
"Xu T",1,0,10
"Yin S",1,0,10
"Yu W",1,0,10
"Yuan HY",1,0,10
"Zamfirescu O",1,1,10
"Zamfirescu S",1,1,10
"Zangi B",1,0,10
"Zhang B",2,0,10
"Zhang HB",1,0,10
"Zhang QJ",1,0,10
"Zhang RQ",1,0,10
"Zhang SQ",2,0,10
"Zhang YC",1,0,10
"Zhang YN",1,0,10
"Zhang Z",3,0,10
"Zheng PF",1,0,10
"Zhou GJ",1,0,10
"Zhou ZB",1,0,10
"Zondervan JR",1,0,10
"Zou CS",1,0,10
"Zárate P",1,2,10
"Abatih E",1,1,9
"Abedin J",1,0,9
"Abidin KZ",1,1,9
"Acharya AK",1,0,9
"Adelabu S",1,0,9
"Adjorlolo C",1,4,9
"Adomou AC",2,4,9
"Afatondji CU",1,0,9
"Aguado-Bautista O",1,0,9
"Aguayo R",1,2,9
"Ahmad A",3,2,9
"Airee J",1,0,9
"Akoègninou A",1,4,9
"Alegria C",1,0,9
"Alexander N",2,0,9
"Alharbi J",1,0,9
"Alkhaibari AM",1,0,9
"Allauja-Salazar EE",1,0,9
"Alström P",1,2,9
"Althaus F",1,1,9
"Althoff SL",2,0,9
"Alvarez-Jara M",1,0,9
"Alves DFR",1,0,9
"Anders O",1,0,9
"Andrén H",1,0,9
"Angst C",1,0,9
"Arbelo M",2,0,9
"Areshi SM",1,0,9
"Armanini M",1,2,9
"Arthur AL",1,1,9
"Atkinson D",1,0,9
"Azrag AAG",1,0,9
"Bagrade G",1,0,9
"Bai GX",1,0,9
"Bai XF",2,0,9
"Baici JE",1,0,9
"Bailly D",3,0,9
"Bajpai R",1,1,9
"Balestrieri A",1,2,9
"Ballesteros-Mejia L",1,0,9
"Banks WE",1,0,9
"Barboni D",1,0,9
"Barboza E",1,0,9
"Barela I",1,2,9
"Barros F",1,0,9
"Barros-Alves SD",1,0,9
"Beckley LE",1,0,9
"Bedoya-Canas LE",1,0,9
"Bell T",2,0,9
"Belotti E",1,0,9
"Bernal-Valle S",1,0,9
"Bhassu S",1,1,9
"Biguezoton AS",1,1,9
"Bills P",1,0,9
"Binda VA",1,0,9
"Bloukounon-Goubalan AY",1,0,9
"Boehnert T",1,0,9
"Boisserie JR",1,0,9
"Bonilla DL",1,0,9
"Bouchet D",1,1,9
"Bowman J",1,0,9
"Bradford R",1,0,9
"Brewin PE",1,0,9
"Brickle P",1,0,9
"Brum FT",2,1,9
"Bufka L",1,0,9
"Burger LM",1,2,9
"Bustamante R",1,3,9
"Caballero P",1,2,9
"Camps D",1,0,9
"Canals M",1,3,9
"Capelli E",1,2,9
"Carvalho GC",1,0,9
"Casas E",2,0,9
"Cassano CR",1,0,9
"Cassey P",2,0,9
"Castro EC",1,4,9
"Cazarre L",1,0,9
"Cen P",1,0,9
"Cerne R",1,0,9
"Cerrato C",1,0,9
"Chan SS",1,1,9
"Chandra A",1,3,9
"Chavasseau O",1,0,9
"Chaves A",1,0,9
"Chen LY",2,0,9
"Chen ZQ",1,0,9
"Cherubini C",2,0,9
"Cho K",1,0,9
"Choi K",2,0,9
"Christ LR",1,1,9
"Clark LG",1,1,9
"Contoux C",1,0,9
"Cook CN",1,1,9
"Cooke SJ",1,0,9
"Coppini G",2,0,9
"Cord AE",1,0,9
"Cortez C",1,2,9
"Costa Y",1,0,9
"Cota-Durán A",1,0,9
"Cotrina-Sanchez A",1,4,9
"Cotrina-Sánchez A",1,0,9
"Crouch N",1,0,9
"Cunneyworth PMK",1,0,9
"Da Re D",1,1,9
"Dassou GH",2,4,9
"Datta BK",2,1,9
"Dawlings F",1,1,9
"de Almeida AC",1,0,9
"de Araujo HFP",2,0,9
"De K",1,3,9
"de Oliveira LR",1,0,9
"de Oliveira RP",1,1,9
"de Souza HJ",1,0,9
"De Vleeschouwer KM",1,0,9
"Deal C",1,0,9
"Deangelis DL",1,0,9
"Del-Rio G",1,0,9
"Delabie JHC",1,0,9
"Deng RX",3,0,9
"Deng XQ",4,0,9
"Dere A",1,0,9
"Devenish-Nelson ES",1,0,9
"Di Gíacomo EE",1,3,9
"Diatta AA",1,0,9
"Diatta L",1,0,9
"Diatta M",1,0,9
"Diez JM",1,1,9
"Dimauro G",2,0,9
"Diop F",1,0,9
"Dittrich A",1,0,9
"Djidohokpin D",1,4,9
"do Amaral IS",1,0,9
"Doka SE",1,0,9
"Dolabella SS",1,0,9
"Dolz G",1,0,9
"Domic E",1,2,9
"Dong AR",1,0,9
"Dong XW",1,0,9
"Dossa LH",1,0,9
"Drouet-Hoguet N",1,0,9
"Du YQ",2,0,9
"Duan DL",2,0,9
"Duengen D",1,2,9
"Dula M",1,0,9
"Dávila NV",1,3,9
"Egizi A",1,0,9
"El Aboudi A",1,1,9
"Elmalki M",1,1,9
"Embaby DM",1,0,9
"Embert D",1,2,9
"Farougou S",1,1,9
"Farrugia TJ",1,0,9
"Federman R",1,0,9
"Feng JL",1,0,9
"Figueroa DE",1,3,9
"Figueroa DP",1,3,9
"Flores SMLM",1,3,9
"Flores-Mara R",1,3,9
"Fluteau F",1,0,9
"Fong A",1,3,9
"Fonseca DM",1,0,9
"Froján CB",1,1,9
"Fuxjäger C",1,0,9
"Gao W",1,4,9
"Garcia I",1,0,9
"García-Meléndez E",1,6,9
"Gaucherel C",1,1,9
"Gautam J",1,0,9
"Ge QQ",1,0,9
"Gerhard P",1,2,9
"Gibert C",1,0,9
"Giovannini A",1,0,9
"Giulian J",1,0,9
"Godoy BS",1,2,9
"Gomercic T",1,0,9
"Gonet JM",1,3,9
"Gong S",1,0,9
"Gontrand F",1,1,9
"Gonzales L",1,2,9
"Gonzàlez BA",1,0,9
"González ON",1,3,9
"González-Acosta AF",1,0,9
"Goslee SC",1,3,9
"Goudiaby A",1,0,9
"Graham KK",1,0,9
"Gregorin R",1,0,9
"Guan R",1,0,9
"Guerrero M",1,2,9
"Guo CM",1,0,9
"Gutiérrez-Espeleta GA",1,0,9
"Guy C",1,0,9
"Guy F",1,0,9
"Guzman BK",1,0,9
"Habibzadeh N",2,2,9
"Hao WY",1,0,9
"Hao Y",1,2,9
"Haywood CJ",1,0,9
"Henderson AF",1,0,9
"Hendrian R",1,1,9
"Henry ER",1,0,9
"Hernández-Baños BE",1,0,9
"Hernández-Carmona GH",1,0,9
"Holt EA",1,0,9
"Hong J",1,0,9
"Hoover JD",1,3,9
"Hossain M",1,1,9
"Houinato MRB",1,0,9
"Huber D",1,0,9
"Hudson MA",2,1,9
"Hughes FM",1,1,9
"Humphries GRW",1,0,9
"Hutabarat P",1,1,9
"Hüttmann F",1,0,9
"Ingram DJ",1,0,9
"Iriarte HJ",1,0,9
"Jaboyedoff M",1,0,9
"Jager H",1,0,9
"James AM",2,0,9
"James SA",1,3,9
"Janarthanam MK",1,3,9
"Jardim JG",1,1,9
"Jarnevich C",1,1,9
"Jedrzejewski W",1,0,9
"Jenkins C",1,0,9
"Jiang DM",1,0,9
"Jiménez AA",1,3,9
"Johnson CM",1,0,9
"Johnson GE",1,0,9
"Johnson SM",1,0,9
"Jones TC",1,0,9
"Kamjing A",1,0,9
"Karacaoglu C",1,0,9
"Kenny A",1,1,9
"Kent R",1,0,9
"Kerr I",1,0,9
"Keyimu M",1,0,9
"Kharel B",1,0,9
"Kierulff MCM",1,0,9
"Kikuchi S",1,1,9
"Kitching IJ",1,0,9
"Ko DW",2,0,9
"Kong XK",1,0,9
"Kont R",1,0,9
"Koné B",1,0,9
"Korban M",1,0,9
"Kosinski Z",1,0,9
"Koubek P",1,0,9
"Kowalczyk R",1,0,9
"Kraaij T",1,0,9
"Kreig JAF",1,0,9
"Kremer P",1,0,9
"Krofel M",1,0,9
"Krojerová-Prokesová J",1,0,9
"Kubala J",1,0,9
"Kutal M",1,0,9
"Lajtha K",1,1,9
"Lamichhane P",1,0,9
"Larrea-Alcázar DM",1,2,9
"Lee GS",1,0,9
"Leisz SJ",1,3,9
"Lempereur L",1,1,9
"Liang SS",1,0,9
"Liang XZ",1,4,9
"Liao RQ",1,0,9
"Linnell JDC",1,0,9
"Linsoussi CA",1,0,9
"Liria J",1,0,9
"Liu LJ",1,0,9
"Liu YC",1,0,9
"Liu YF",2,0,9
"Liu YL",1,0,9
"Liu YZ",1,0,9
"Lombardini M",1,2,9
"Lu JH",1,0,9
"Lucifora LO",1,3,9
"Ludwig T",2,2,9
"Luebert F",1,0,9
"Lugo MA",1,0,9
"Lumini E",1,0,9
"Luo QM",1,0,9
"Luo YK",1,0,9
"Lynch SC",1,3,9
"López-Iborra GM",1,3,9
"López-López A",1,0,9
"Ma QQ",1,0,9
"Machado CCC",2,0,9
"MacLean MG",1,0,9
"Malahlela OE",1,4,9
"Maldonado M",1,2,9
"Mandal MSH",2,0,9
"Mansor MS",1,1,9
"Martins",1,0,9
"Martín-Alfageme S",1,6,9
"Martínez-Flores G",1,0,9
"Marín-Enriquez E",1,0,9
"Marín-Monroy EA",1,0,9
"Mashiane K",1,0,9
"Mashlawi AM",1,0,9
"Mattisson J",1,0,9
"Mayaka TB",1,0,9
"Mbow C",1,0,9
"McClintic L",1,2,9
"McCulloch-Jones EJ",1,0,9
"McDonald MM",1,0,9
"Menzou K",1,1,9
"Middelhoff TL",1,0,9
"Midwood JD",1,0,9
"Miller DA",1,3,9
"Mitchell WF",1,1,9
"Mo HH",1,0,9
"Modabbernia G",3,2,9
"Molinari-Jobin A",1,0,9
"Montag LFD",1,2,9
"Montaño R",1,2,9
"Montesinos-Tubee DB",1,0,9
"Montgomery C",1,0,9
"Moo SSB",1,0,9
"Moore D",1,0,9
"Morales AE",1,0,9
"Mosini A",1,2,9
"Mouafo ADT",1,0,9
"Mu KL",1,0,9
"Mustoni A",1,2,9
"Mutke J",1,0,9
"Muñoz A",1,2,9
"Männil P",1,0,9
"Nance AH",1,1,9
"Narvaez Z",1,0,9
"Nath S",1,0,9
"Nazri N",1,1,9
"Neves LG",1,0,9
"Nevitt GA",1,0,9
"Ngwayi ICN",1,0,9
"Noûs C",1,0,9
"Núñez G",1,0,9
"Odden J",1,0,9
"Oeser J",1,0,9
"Ogawa R",1,2,9
"Okarma H",1,0,9
"Oliveira LC",1,0,9
"Oliveira T",1,0,9
"Olwoch JM",1,4,9
"Ortiz-Malavasi EE",1,0,9
"Osone Y",1,1,9
"Otero O",1,0,9
"Ou JM",1,0,9
"Ouachinou JMAS",2,4,9
"Ouedraogo AS",1,1,9
"Padial JM",1,2,9
"Pagon N",1,0,9
"Palkar RS",1,3,9
"Pan ZM",1,0,9
"Pang YX",1,0,9
"Parish E",1,0,9
"Park JJ",1,0,9
"Passoni G",1,0,9
"Payne R",1,0,9
"Pereira JB",1,0,9
"Persson J",1,0,9
"Phosri K",1,0,9
"Poignant GR",1,2,9
"Pontarini R",1,2,9
"Pradeep NS",1,0,9
"Price DC",1,0,9
"Puddu G",2,0,9
"Pulparambil H",1,0,9
"Pysek P",1,1,9
"Pérez-García B",1,0,9
"Raboy BE",1,0,9
"Raghavan R",1,1,9
"Rainey T",1,0,9
"Ramoelo A",1,0,9
"Ramstein G",1,0,9
"Ramírez-Barrera SM",1,0,9
"Ran F",1,0,9
"Reichle S",1,2,9
"Remm J",1,0,9
"Righetti D",1,2,9
"Robles-Bello SM",1,0,9
"Rochlin I",1,0,9
"Rodríguez YJC",1,0,9
"Rohani ER",1,0,9
"Roilo S",1,0,9
"Rowcliffe JM",1,0,9
"Ruhm J",1,0,9
"Ruiz-Olmo J",1,0,9
"Rus JD",1,4,9
"Ryu J",1,0,9
"Ré R",3,0,9
"Rêgo MA",1,0,9
"Sacau M",1,1,9
"Saccotelli L",2,0,9
"Saegerman C",1,1,9
"Sainz-Villegas S",1,0,9
"Sambou B",1,0,9
"Sambou H",1,0,9
"Sambou M",1,0,9
"Sambou S",1,0,9
"Sanderson MA",1,3,9
"Sane S",1,0,9
"Santoro JA",1,0,9
"Sarmento RA",2,0,9
"Schmidt K",1,0,9
"Schnadelbach AS",1,1,9
"Scott S",1,3,9
"Selim TA",1,0,9
"Sellappan K",1,3,9
"Sen I",1,6,9
"Sepulchre P",1,0,9
"Serniak LT",1,1,9
"Sessa EB",2,0,9
"Shi PY",1,0,9
"Si H",1,0,9
"Siegrist J",1,1,9
"Signer S",1,0,9
"Singh AP",1,3,9
"Song CC",1,0,9
"Song GQ",1,0,9
"Sonnenschein R",1,0,9
"Sorokin SJ",1,1,9
"Soteras F",1,0,9
"Souron A",1,0,9
"Stachura-Skierczynska K",1,0,9
"Stohlgren T",1,1,9
"Stokes D",1,0,9
"Sun HX",1,0,9
"Sychrová M",1,1,9
"Tang XR",1,0,9
"Tardio BMR",1,0,9
"Tarikahya-Hacioglu B",1,0,9
"Tedonzong LRD",1,0,9
"Tehrani NA",1,0,9
"Tena-Morelos C",1,0,9
"Tesfamariam B",2,0,9
"Topani R",1,1,9
"Tossou GM",1,4,9
"Tronstad LM",2,1,9
"Tyshenko MG",1,0,9
"Tám B",1,0,9
"Téllez-García L",1,0,9
"Uniyal VP",1,3,9
"Upreti DK",1,1,9
"Valentin DN",1,0,9
"Valiati VH",1,0,9
"Vezy R",1,1,9
"Vieira JPS",1,1,9
"Vielma A",1,0,9
"Vignoles A",1,0,9
"Vilchez FF",1,3,9
"Viterbi R",1,0,9
"Vitorino MD",1,1,9
"Vogt K",1,0,9
"Voyron S",1,0,9
"Vythalingam LM",1,1,9
"Vázquez-López M",1,0,9
"Waessle JA",1,3,9
"Wang M",2,0,9
"Wang Z",3,0,9
"Wani ZA",2,0,9
"Wantai S",1,0,9
"Weeks AR",1,1,9
"Weigend M",1,0,9
"Weinhäupl C",1,0,9
"Whannou HRV",1,0,9
"Whiteman A",1,0,9
"Williams A",1,1,9
"Williams GM",1,0,9
"Wu SB",1,0,9
"Xi F",1,0,9
"Xiao KT",3,0,9
"Xie SY",1,0,9
"Xu HL",1,0,9
"Xu YH",1,0,9
"Xue J",1,0,9
"Yan LM",1,0,9
"Yao KP",1,1,9
"Ye WX",1,0,9
"Yuswandi AY",1,1,9
"Yédomonhan H",2,4,9
"Zaini IHA",1,1,9
"Zannou OM",1,1,9
"Zarnetske PL",1,0,9
"Zeigler SL",1,0,9
"Zeng FJ",1,0,9
"Zhai YJ",1,0,9
"Zhang CH",2,0,9
"Zhang FH",1,0,9
"Zhao M",1,2,9
"Zhao S",1,0,9
"Zhao YJ",3,0,9
"Zhao YL",1,0,9
"Zhou J",1,0,9
"Zhou L",1,0,9
"Özüdogru B",1,0,9
"Abdelalim ITI",1,0,8
"Abeijon LM",2,0,8
"Abir KA",1,0,8
"Acharya DK",1,0,8
"Acharya PM",1,0,8
"Acharya SN",1,0,8
"Adula M",1,0,8
"Ai XR",1,0,8
"Akins JR",1,0,8
"Albanese B",1,0,8
"Ali MRM",1,0,8
"Allu E",1,0,8
"Alves RRN",1,0,8
"Alviar NAE",1,0,8
"Andreas J",1,1,8
"Andrew SM",1,0,8
"Andrews-Goff V",1,0,8
"Arar A",1,2,8
"Arriagada A",2,0,8
"Asmarani D",1,2,8
"Atmowidi T",1,2,8
"Ayushi K",1,1,8
"Ayyappan N",1,1,8
"Azadi H",1,0,8
"Babalik AA",1,4,8
"Babu KN",1,1,8
"Bacci L",1,0,8
"Bagi I",1,0,8
"Bakhshiganje M",1,0,8
"Baltag ES",2,0,8
"Baral HS",1,1,8
"Barman D",1,0,8
"Barry J",1,0,8
"Baumbach DS",1,0,8
"Beaulieu F",1,1,8
"Belayhun M",1,0,8
"Bennecke S",1,1,8
"Berg DJ",1,1,8
"Bezerra DMM",1,0,8
"Bhat P",1,4,8
"Bhusal A",1,0,8
"Biesinger Z",1,4,8
"Biglary N",1,2,8
"Bishop CA",1,0,8
"Boggie MA",1,0,8
"Bolam S",1,0,8
"Bonet JA",1,0,8
"Boone MD",1,0,8
"Bounar R",1,2,8
"Bourn N",1,0,8
"Bourque CPA",1,0,8
"Brown MA",1,1,8
"Bruestle E",1,4,8
"Budy P",1,0,8
"Bulman CR",1,0,8
"Burrows H",1,0,8
"Buttke DE",1,0,8
"Buée M",1,0,8
"Byju G",1,1,8
"Bässler C",1,0,8
"Börner K",1,0,8
"Büntgen U",1,0,8
"Cai HW",1,0,8
"Camargos LM",1,2,8
"Camp M",1,0,8
"Campos-Arceiz A",1,0,8
"Cao ZY",1,0,8
"Capriles JM",1,3,8
"Caryl FM",1,0,8
"Castiglione C",1,4,8
"Cerbie GM",1,1,8
"Chakerhosseini M",1,2,8
"Chamberlin AJ",1,0,8
"Chang BL",1,0,8
"Chang J",1,0,8
"Chen SH",2,0,8
"Chen T",3,0,8
"Chetan MA",1,0,8
"Childs ML",1,0,8
"Choobchian S",1,0,8
"Choudhury T",1,0,8
"Cilliers D",1,0,8
"Coelho FD",1,0,8
"Coetzee H",1,0,8
"Cohen J",1,0,8
"Corrêa AS",1,0,8
"Cotton S",1,1,8
"Craighead K",1,0,8
"Cronk BD",1,0,8
"Crystal-Ornelas R",1,0,8
"Cuevas-Yáñez K",1,0,8
"Cuzin F",1,1,8
"da Silva NR",1,0,8
"Dai GH",1,0,8
"Daniel GM",1,0,8
"Daoudi M",1,0,8
"Daoudi MM",1,0,8
"Dash BP",1,0,8
"Dauphin B",1,0,8
"Davenport A",1,0,8
"Davis ALV",1,0,8
"Dawson CA",1,0,8
"Dayan T",2,0,8
"de Beer CJ",1,0,8
"de Oliveira GS",1,0,8
"De Urioste-Stone SM",1,0,8
"Dey B",1,0,8
"Diego JASS",1,0,8
"Ding J",2,0,8
"Doherty PJ",1,0,8
"Doke J",1,0,8
"Domic AI",1,3,8
"Domingues MM",1,0,8
"Dong JJ",1,0,8
"Dong XD",1,0,8
"Donnelly JP",1,0,8
"Dornik A",1,0,8
"Double M",1,0,8
"Drenske S",1,0,8
"Duan YZ",2,0,8
"Dunbar SG",1,0,8
"Dutt HC",1,1,8
"Díaz-Luque JA",1,0,8
"Edinur HA",1,0,8
"Egli S",1,0,8
"Escalante MA",1,0,8
"Evans S",1,0,8
"Fa JE",1,0,8
"Fatima T",1,3,8
"Feng B",2,0,8
"Feng CX",1,0,8
"Feng Q",1,0,8
"Fernández-Haeger J",1,1,8
"Ferreira LC",1,0,8
"Fieldsend TW",1,1,8
"Figueroa MML",1,0,8
"Fincham JI",1,0,8
"French G",1,0,8
"Fuller L",1,0,8
"Gammonley JH",1,0,8
"García-Carrasco JM",1,0,8
"García-De León FJ",1,0,8
"Gardner AM",1,0,8
"Gheisari M",1,0,8
"Gil-T F",1,1,8
"Gilardi JD",1,0,8
"Golynsky EE",1,5,8
"Gompper ME",1,0,8
"Gong JR",1,0,8
"González-Arias J",1,0,8
"Goodman LB",1,0,8
"Gorsky D",1,4,8
"Gour R",1,1,8
"Grabow M",1,0,8
"Greenfield P",1,0,8
"Guarnieri LD",1,0,8
"Gufi Y",1,0,8
"Guillot C",1,0,8
"Gupta R",1,2,8
"Gurung S",1,1,8
"Gutierrez FCU",1,0,8
"Gutiérrez-Salazar P",1,0,8
"Gámez-Brunswick C",1,0,8
"Hackett HM",1,0,8
"Haeni M",1,0,8
"Hafidi M",1,0,8
"Hagen R",1,0,8
"Halford G",1,0,8
"Haque A",1,0,8
"Harpke A",1,0,8
"Harvey JA",1,0,8
"Hauber ME",1,0,8
"He DK",1,0,8
"Hernández-Leal P",1,0,8
"Herrera-Ulloa A",2,0,8
"Hintsa S",1,0,8
"Hiraldo F",1,0,8
"Hodgson JA",1,0,8
"Hodhod MS",1,0,8
"Holderied M",1,1,8
"Holsinger KW",1,0,8
"Horníková M",1,0,8
"Hou SL",1,0,8
"Hou YJ",1,0,8
"Howe GT",1,4,8
"Hu RJ",1,0,8
"Hu YX",1,0,8
"Hua JQ",1,0,8
"Huang CH",1,0,8
"Huang HM",2,0,8
"Huang LL",1,0,8
"Huang SS",4,0,8
"Huang TS",1,0,8
"Huang WY",1,0,8
"Hur JS",1,0,8
"Hurford A",2,0,8
"Ikeda K",1,0,8
"Ion MC",1,0,8
"Islam M",1,0,8
"Jacques J",1,0,8
"Jamir C",1,0,8
"Jangid AK",2,0,8
"Jashimuddin M",1,6,8
"Jenner C",1,0,8
"Jenner M",1,0,8
"Jetty S",1,1,8
"Jia YF",3,0,8
"Jiang LL",1,0,8
"Jiménez LM",2,0,8
"Jin JH",1,0,8
"Jin X",1,0,8
"John BA",1,0,8
"Johnson TR",1,1,8
"Joshi KK",3,0,8
"Jourdan J",1,0,8
"Karami A",1,0,8
"Karimi S",1,0,8
"Karl JW",2,1,8
"Kelley MB",1,1,8
"Kennerley RJ",1,1,8
"Keretz SS",2,0,8
"Kiatoko N",1,2,8
"Kiefer S",1,0,8
"Kimmig S",1,0,8
"Kirk DA",1,0,8
"Knee W",1,1,8
"Knetter JM",1,0,8
"Korennoy F",2,0,8
"Kotlík P",1,0,8
"Kouba Y",1,2,8
"Koç I",2,0,8
"Krause PJ",1,0,8
"Krysko KL",1,1,8
"LaRose SH",1,0,8
"Larsen KW",1,0,8
"Lasker HR",1,0,8
"Leary J",1,1,8
"Levi T",1,0,8
"Li HT",1,0,8
"Li PP",1,0,8
"Li SF",3,0,8
"Li XB",1,0,8
"Liang CZ",1,0,8
"Lieberthal BA",1,0,8
"Lima MR",2,0,8
"Lin SM",1,5,8
"Lin XK",1,0,8
"Litts T",1,0,8
"Liu XG",1,0,8
"Liu Z",3,0,8
"Llano JHG",2,0,8
"Llorente GA",1,0,8
"Louvrier JLP",1,0,8
"Lu K",2,0,8
"Lu S",1,0,8
"Luo MJ",1,0,8
"Luo YH",1,0,8
"Luo YQ",1,3,8
"Lush L",1,1,8
"Ma YX",1,0,8
"Mahnken B",1,1,8
"Maia RR",1,0,8
"Maida JR",1,0,8
"Malone SL",1,1,8
"Mandal S",3,0,8
"Mandyam S",1,1,8
"Mao RR",1,0,8
"Mapunda KK",1,0,8
"Marková S",1,0,8
"Martini M",1,0,8
"Martín B",1,0,8
"Martínez-Peña F",1,0,8
"Martínez-Quintana A",1,0,8
"Mas B",1,0,8
"Mason JA",1,0,8
"Masy'ud B",1,0,8
"Matsuzawa Y",1,0,8
"McBride SE",1,0,8
"McCabe G",1,1,8
"McCue AJ",1,1,8
"McGrath MJ",1,1,8
"McShea W",1,0,8
"Mdluli S",1,0,8
"Medrano-Vizcaíno P",1,0,8
"Meena B",1,0,8
"Mehrabian AR",1,2,8
"Meidaliyantisyah",1,2,8
"Mekuriaw A",1,0,8
"Mendonc CLF",1,0,8
"Mercer F",1,0,8
"Mesquita PCMD",1,0,8
"Metaxas A",1,1,8
"Mirabolfathy M",1,0,8
"Mironova V",2,0,8
"Mishra DR",1,0,8
"Miya MS",1,0,8
"Mohammad N",1,2,8
"Molinier V",1,0,8
"Moller L",1,0,8
"Monteiro MV",1,0,8
"Morris TJ",2,0,8
"Morzaria-Luna HN",1,0,8
"Moser B",1,0,8
"Moyaba P",1,0,8
"Mu T",1,0,8
"Mulama M",1,1,8
"Mulandane FC",1,0,8
"Mundia CN",1,0,8
"Nabi G",2,0,8
"Nanini F",1,0,8
"Nath TK",1,6,8
"Naugle DE",1,0,8
"Ndungu N",1,2,8
"Nelson BR",1,0,8
"Neves L",1,0,8
"Nooghabi SN",1,0,8
"Nouidjem Y",1,2,8
"Nowak MC",1,0,8
"Ntshangase J",1,0,8
"Nurjanah S",1,2,8
"Nuñez-Miño JM",1,1,8
"Obregón R",1,1,8
"Oh SY",1,0,8
"Ohira M",1,0,8
"Olagunju TE",1,4,8
"Oneto S",1,1,8
"Onrubia A",1,0,8
"Orlov NL",1,5,8
"Orucu OK",1,4,8
"Oskolski AA",1,0,8
"Ovruski SM",2,0,8
"Oyebanji OO",1,4,8
"Pal AK",1,0,8
"Pandey P",2,2,8
"Parnum IM",1,0,8
"Parsons MJG",1,0,8
"Parthasarathy N",1,1,8
"Pati S",1,0,8
"Patiño R",1,2,8
"Peng JH",1,0,8
"Peréz-García JM",1,1,8
"Peter M",1,0,8
"Pietczak C",1,0,8
"Pinheiro-Mesquita SF",1,0,8
"Pinter A",1,0,8
"Pitcairn MJ",1,1,8
"Piwowarczyk R",1,0,8
"Plasencia-Vázquez AH",5,0,8
"Pompe LR",1,0,8
"Pratt PD",1,1,8
"Priawandiputra W",1,2,8
"Pukazhenthi B",1,0,8
"Punzalan D",1,3,8
"Pârvulescu L",1,0,8
"Pérez-López E",1,0,8
"Quinn CB",1,0,8
"Quintela-Sabaris C",1,0,8
"Rabiei-Dastjerdi H",1,0,8
"Rahman DA",2,0,8
"Rahman MF",1,6,8
"Rai ID",1,1,8
"Raji P",1,1,8
"Rajkumar M",1,2,8
"Ramírez-Huerta AL",1,0,8
"Ranaei M",1,3,8
"Recopuerto-Medina LM",1,0,8
"Redowan M",1,0,8
"Reginato M",2,0,8
"Renz JR",1,0,8
"Rianti P",1,0,8
"Riera S",1,0,8
"Rimal N",1,0,8
"Romer AS",2,0,8
"Roseman EF",2,0,8
"Rounsville TF",1,0,8
"Rowe L",1,3,8
"Ruiz-Luna A",1,0,8
"Safavian S",2,4,8
"Salgado-Kent C",1,0,8
"Salinas L",1,0,8
"Santana AD",1,0,8
"Santos FA",1,0,8
"Santos JRM",1,0,8
"Santoso B",1,2,8
"Sarkar T",1,0,8
"Sarvestani GS",1,0,8
"Sasse DB",1,0,8
"Saunders BJ",1,0,8
"Savage M",1,0,8
"Scholtz CH",1,0,8
"Seid MA",1,3,8
"Setiawan T",1,2,8
"Shabani AA",2,1,8
"Shahimi S",1,0,8
"Shartova N",2,0,8
"Shebl MA",1,0,8
"Sheikh HI",1,0,8
"Shen L",2,0,8
"Shewring M",2,0,8
"Shi XM",1,0,8
"Shiny R",1,1,8
"Simoes CRMD",1,0,8
"Simoes N",2,0,8
"Simonato G",1,0,8
"Singh B",1,1,8
"Singleton AL",1,0,8
"Soares MA",1,0,8
"Sodergren CJ",1,1,8
"Sokolow SH",1,0,8
"Solihin DD",1,2,8
"Soliman EP",1,0,8
"Song LY",1,0,8
"Souviron-Priego L",1,0,8
"Spigoloni ZA",1,2,8
"Sproll L",1,0,8
"Sreenath KR",3,0,8
"Stefanie HI",1,0,8
"Steidinger BS",1,0,8
"Stevenson P",1,0,8
"Stobbe U",1,0,8
"Straka TM",1,0,8
"Subedi TR",1,1,8
"Sui XY",1,0,8
"Sun ZY",1,0,8
"Tabet S",1,2,8
"Taioe MO",1,0,8
"Techato K",1,0,8
"Tegel W",1,0,8
"Tella JL",1,0,8
"Temunovic M",2,0,8
"Tesfaye M",1,0,8
"Thainiramit P",1,0,8
"Thakur KK",1,4,8
"Thums M",1,0,8
"Tims AR",1,1,8
"Tong STY",1,0,8
"Tosa MI",1,0,8
"Tseng HY",1,5,8
"Tsumura Y",2,1,8
"Ureta C",2,0,8
"Vaishnav V",2,0,8
"Valle-Levinson A",1,4,8
"van Etten J",1,0,8
"van Rensburg L",1,0,8
"Varga F",2,0,8
"Venter GJ",1,0,8
"Vicente-Vírseda JA",1,0,8
"Virani MZ",1,1,8
"Vogt R",1,0,8
"Vélez J",1,0,8
"Waititu JM",1,0,8
"Walsworth TE",1,0,8
"Wan MJ",1,0,8
"Wang CB",1,0,8
"Wang JH",4,0,8
"Wang JZ",1,0,8
"Wang ZM",2,0,8
"Wei SH",1,0,8
"Wei XX",1,0,8
"Weiler DA",1,0,8
"Wilcken CF",1,0,8
"Wilson M",2,0,8
"Woo JJ",1,0,8
"Woolnough DA",2,0,8
"Wright MK",1,0,8
"Xiao X",1,0,8
"Xiao ZZ",2,0,8
"Xin XB",1,0,8
"Xu ZW",1,0,8
"Xue HJ",1,1,8
"Yacelga M",1,0,8
"Yan CY",1,0,8
"Yan YM",1,0,8
"Yang GS",1,0,8
"Yang K",2,0,8
"Yang TT",2,0,8
"Ye Z",1,1,8
"Yin JX",2,0,8
"Yizhaq H",1,0,8
"Youngquist MB",1,0,8
"Yu CY",1,0,8
"Yu DW",1,0,8
"Yu T",1,0,8
"Yuan F",1,3,8
"Yuan QF",1,0,8
"Yuan XW",1,0,8
"Yue JJ",1,0,8
"Zang RG",1,0,8
"Zauza EAV",1,0,8
"Zelikhina S",2,0,8
"Zhai YF",1,0,8
"Zhang DX",1,0,8
"Zhang FM",4,0,8
"Zhang HC",1,0,8
"Zhang JQ",1,1,8
"Zhang LX",1,0,8
"Zhang VM",1,3,8
"Zhang XB",1,0,8
"Zhang ZD",1,0,8
"Zhao CM",1,0,8
"Zhao JQ",2,3,8
"Zhao JS",1,0,8
"Zheng S",1,0,8
"Zhou HY",2,0,8
"Zhu HJ",4,0,8
"Zhu L",2,0,8
"Zhu M",1,0,8
"Zhu R",1,0,8
"Zimmer SN",1,0,8
"Zou X",1,3,8
"Zumbado-Ulate H",2,0,8
"Zweifel R",1,0,8
"Abella SR",1,1,7
"Adillah KP",1,0,7
"Adimi A",1,0,7
"Aditya G",1,0,7
"Agounde G",3,1,7
"Aguilar-Vega C",2,0,7
"Al Faruqi I",1,0,7
"Al-Andal A",2,0,7
"Al-Munqedhi BMA",1,0,7
"Alatou D",1,0,7
"Alencar JBR",1,0,7
"Alesheikh AA",1,0,7
"Alexander NR",1,0,7
"Allen J",1,0,7
"Alvarez-Jiménez J",1,0,7
"Amar A",2,0,7
"Ammar HH",1,0,7
"Amspacher K",1,0,7
"An JD",1,0,7
"Anderson RC",1,0,7
"Anisafitri S",1,0,7
"Anugra BG",1,0,7
"Armelloni EN",1,0,7
"Arroyo F",1,0,7
"Arumugam S",1,0,7
"Asadi H",1,1,7
"Asgharzadeh M",1,0,7
"Atkinson PM",1,1,7
"Atria M",1,0,7
"Awuah-Mensah KA",1,2,7
"Babu NN",1,0,7
"Baginsky C",1,0,7
"Bamisile BS",1,2,7
"Barman H",1,0,7
"Barradas-Miranda VL",1,0,7
"Bartolomé C",1,0,7
"Basri C",1,0,7
"Becker D",1,0,7
"Benko-Iseppon AM",1,0,7
"Bennett D",1,2,7
"Bentley J",1,0,7
"Bergquist R",2,0,7
"Bernardes S",1,0,7
"Birkinshaw C",1,0,7
"Blanchard T",1,0,7
"Blanchard W",1,0,7
"Blanchon DJ",1,1,7
"Blewitt M",1,2,7
"Boldt JL",1,0,7
"Borkin LJ",1,0,7
"Bounaceur F",2,0,7
"Brim J",1,0,7
"Brubaker RL",1,0,7
"Bruce E",1,2,7
"Bui VB",2,2,7
"Burckhardt D",1,0,7
"Caldwell S",1,0,7
"Campbell J",1,0,7
"Cano HGO",2,0,7
"Capera-Aragones P",2,0,7
"Casas-Andreu G",1,0,7
"Catterall C",1,0,7
"Cezón K",1,3,7
"Chadaeva VA",2,0,7
"Chan MYC",1,0,7
"Cheeseman AE",1,1,7
"Chen Q",2,0,7
"Chengere SA",1,0,7
"Chidawanyika F",1,0,7
"Chikowore G",1,0,7
"Cho W",1,0,7
"Clark RW",1,0,7
"Cleary J",1,0,7
"Cobb VA",1,0,7
"Codella A",1,0,7
"Colquhoun I",1,0,7
"Colvin R",1,0,7
"Comay O",1,0,7
"Cortés D",1,0,7
"Costa AA",1,0,7
"Cotton AM",1,0,7
"Cross CL",1,0,7
"Cui P",1,2,7
"Cui SY",1,0,7
"Cui YW",1,0,7
"Cummins CE",1,0,7
"Curtis AN",1,0,7
"Da W",1,0,7
"Dai YE",1,0,7
"Dai YW",1,0,7
"Dallas JW",1,0,7
"Dangelmayr G",1,0,7
"Dar JA",1,0,7
"Dart K",1,0,7
"Darvish J",1,1,7
"Davies KP",1,2,7
"de Aguiar CVS",1,0,7
"de Andrés-Herrero M",1,0,7
"de Knegt HJ",1,0,7
"de Luis M",1,0,7
"de Vos A",1,0,7
"Deacon J",1,1,7
"del Rio C",1,0,7
"Deng CP",1,0,7
"Devi V",1,0,7
"Devkota RS",1,0,7
"Diggle P",1,1,7
"Ding GL",1,0,7
"Ding H",1,2,7
"Dobigny G",1,0,7
"Drew J",1,0,7
"Duan K",1,0,7
"Díaz-Varela E",3,0,7
"Eaker J",1,0,7
"Embling C",1,0,7
"Escalera-Vázquez LH",1,0,7
"Esfahani MT",2,0,7
"Espinosa-garcIa FJ",1,2,7
"Estrada AS",1,2,7
"Evans MJ",1,0,7
"Ezov E",1,0,7
"Fauzi AI",1,0,7
"Favalesso MM",1,0,7
"Feng XH",1,0,7
"Feng Y",2,0,7
"Fernández-Guisuraga JM",1,0,7
"Ferrer-Ferrando D",1,0,7
"Field R",1,0,7
"Finck EJ",1,1,7
"Fletcher RJ Jr",2,0,7
"Foote H",1,1,7
"Ford WM",1,1,7
"Fore SR",1,1,7
"Forest F",1,0,7
"Foxall E",2,0,7
"Fragaszy DM",1,0,7
"Freeman M",1,0,7
"Frost C",1,0,7
"Fu M",1,0,7
"Fuad HAH",1,0,7
"Fuchs J",1,0,7
"Fulekar MH",1,0,7
"Fungjanthuek J",1,0,7
"Gaafar ARZ",1,0,7
"Galián J",1,0,7
"Gallegos J",1,0,7
"Gao J",1,0,7
"Garcia JL",1,0,7
"García AL",1,0,7
"Garshelis DL",1,0,7
"Gaston MS",1,0,7
"Gatheru M",1,0,7
"Gebrehiwot K",1,0,7
"Giraudoux P",1,0,7
"Godwin C",1,0,7
"Golubovic A",1,0,7
"Gomez T",2,0,7
"Goncalves-Oliveira RC",1,0,7
"Gong ZX",1,0,7
"Goodman A",1,0,7
"Goodwin B",1,0,7
"Gouwakinnou G",1,4,7
"Grabovac D",1,0,7
"Greenville A",1,0,7
"Grinnell M",1,0,7
"Grishchenko M",1,0,7
"Grisnik M",1,0,7
"Guang QW",1,2,7
"Guida RJ",1,1,7
"Guimaraes ATB",1,0,7
"Gupta NK",1,0,7
"Gushki RS",1,0,7
"Gwynne-Evans D",1,1,7
"Güizado-Rodríguez MA",1,0,7
"Hadfield R",2,0,7
"Hahn B",1,0,7
"Haines WP",1,0,7
"Hanscom RJ",1,0,7
"Hardman RH",1,0,7
"Harter-Marques B",1,1,7
"He HY",1,0,7
"He N",1,0,7
"Hebert PDN",1,0,7
"Heidari N",1,1,7
"Hendrawan VSA",1,0,7
"Hernández-Roldán JL",1,0,7
"Hespanhol H",1,3,7
"Higuchi N",1,0,7
"Hill MJ",1,1,7
"Hills R",1,0,7
"Hoffmann S",1,0,7
"Hofmeyr MD",1,0,7
"Hong FT",1,0,7
"Hossain MM",1,0,7
"Hosseini SF",1,1,7
"Howard AM",1,0,7
"Hu X",1,0,7
"Hu YG",1,0,7
"Huang GY",1,0,7
"Huang JF",1,0,7
"Huang JX",1,0,7
"Huang LS",1,0,7
"Huang LT",1,0,7
"Huang MJ",1,0,7
"Huang QH",1,0,7
"Huang XW",1,0,7
"Ihlow F",1,0,7
"Ito F",1,1,7
"Jalilvand H",1,1,7
"Jayaram A",1,0,7
"Jearakul D",1,0,7
"Jebali A",1,0,7
"Jiang RH",1,0,7
"Jin Q",1,0,7
"John C",1,0,7
"Jojo H",1,0,7
"Jones A",1,2,7
"Jongsakul K",1,0,7
"Joshi C",1,0,7
"Joyner TA",2,1,7
"Kabalak M",3,0,7
"Kadaouré I",1,0,7
"Kamal M",2,0,7
"Kamau P",1,0,7
"Kameyama T",1,1,7
"Kang W",1,0,7
"Kara E",1,0,7
"Karunakaran K",1,0,7
"Kaunain NN",1,0,7
"Kazakov VI",1,0,7
"Ke ZY",1,2,7
"Khieu V",1,0,7
"Kim GY",1,0,7
"Kim H",2,0,7
"Kim I",1,0,7
"Kim S",3,0,7
"Kindlmann P",1,2,7
"King CB",1,0,7
"Kirac A",1,4,7
"Kishimoto T",1,1,7
"Knyazeva S",1,0,7
"Koch MA",1,0,7
"Kong FC",1,0,7
"Kornilev YY",1,2,7
"Kuang TH",1,0,7
"Kuntawunginn W",1,0,7
"Laala A",1,0,7
"Labarga JMM",1,0,7
"Lang KM",1,0,7
"Lashkari M",1,0,7
"Latty T",1,0,7
"Lavery T",1,0,7
"Lawson KN",1,0,7
"Lee SJ",3,0,7
"Legaard K",1,0,7
"Lei JC",1,2,7
"Lemoine D",1,0,7
"Letessier TB",1,0,7
"Li CG",1,0,7
"Li HL",3,0,7
"Li HR",2,0,7
"Li HZ",1,0,7
"Li NK",1,0,7
"Li QW",1,0,7
"Lin RY",1,0,7
"Lindenmayer D",1,0,7
"Liu FN",1,0,7
"Liu PH",1,0,7
"Loffland HL",1,0,7
"Lone AN",1,0,7
"Long XY",3,0,7
"Lorini LM",1,0,7
"Lu QB",1,0,7
"Lu YF",1,0,7
"Ludwig DW",1,0,7
"Lukina N",1,0,7
"Luna S",1,3,7
"Luo MK",1,0,7
"Luu VQ",3,2,7
"López R",1,0,7
"López-Reyes K",1,0,7
"Ma HQ",1,0,7
"Ma JB",1,0,7
"Ma JG",1,0,7
"Ma L",1,0,7
"Maddene M",1,0,7
"Mafla SB",1,0,7
"Mafla-Mills ZB",1,0,7
"Majtyka T",1,0,7
"Makaya PV",1,0,7
"Malabet FM",1,0,7
"Malik K",1,1,7
"Manda L",1,0,7
"Mandujano MAC",1,0,7
"Mannocci L",1,0,7
"Mao MF",1,2,7
"Marr SM",1,0,7
"Marsh K",1,0,7
"Marston C",1,0,7
"Martinez-Campos AR",1,0,7
"Martinez-Silvestre A",1,0,7
"Martinez-Valderrama J",1,0,7
"Martinková N",1,0,7
"Martorell C",1,0,7
"Martín J",1,0,7
"Marín-Enríquez E",2,0,7
"Mayol M",1,0,7
"Mbobo T",1,1,7
"McPherson TY",1,1,7
"Medina FM",1,0,7
"Memarsadeghi N",1,0,7
"Mendoza-alfaro R",1,3,7
"Merino-Santi RE",1,0,7
"Mikulane S",1,0,7
"Min JL",1,0,7
"Moe KC",1,0,7
"Molgora JME",1,1,7
"Morales L",1,0,7
"Mori N",1,0,7
"Mosee AN",1,1,7
"Moser D",2,0,7
"Moulatlet GM",1,0,7
"Moura TD",2,0,7
"Mu B",1,0,7
"Muasya AM",2,0,7
"Mubeen I",1,0,7
"Mudgal PP",1,0,7
"Mukhopadhyay C",1,0,7
"Munkhbaatar M",1,0,7
"Munkhbayar K",1,0,7
"Murray CM",1,0,7
"Muñoz IJ",1,0,7
"Mzumara TI",2,0,7
"Múrria C",1,0,7
"Naumov B",1,2,7
"Navarro-Martínez A",1,0,7
"Neill DA",1,0,7
"Nemaungwe TM",1,0,7
"Nguyen HM",1,0,7
"Nielsen C",1,0,7
"Niu Y",1,0,7
"Norman CM",1,1,7
"Oduro A",1,0,7
"Ogle C",1,0,7
"Olivares FJ",1,0,7
"Onjalalaina GE",1,0,7
"Orlova-Bienkowskaja MJ",1,0,7
"Osses P",1,0,7
"Ouinsavi C",1,4,7
"Oxborough RM",1,0,7
"Pandey PC",1,0,7
"Pathak B",1,0,7
"Patrón-Rivero C",1,0,7
"Paul P",1,0,7
"Peacock H",1,0,7
"Peichoto ME",1,0,7
"Pena-Peniche A",1,3,7
"Peng YT",1,0,7
"Petersen SL",2,0,7
"Petzold A",1,0,7
"Peña MA",1,0,7
"Phillips JL",1,0,7
"Pidtana K",1,0,7
"Pintilioaie AM",1,0,7
"Plotnikova A",1,0,7
"Pollonais CW",1,1,7
"Pons JM",1,0,7
"Post E",1,0,7
"Potrokhov O",1,0,7
"Prasad A",2,0,7
"Primatika RA",1,0,7
"Prys-Jones R",1,0,7
"Pshegusov RH",2,0,7
"Putrika A",1,0,7
"Pérez-Jiménez JC",1,0,7
"Pérez-Suárez M",1,0,7
"Qi Y",1,0,7
"Qian MB",1,0,7
"Qie XT",1,0,7
"Qiu HX",1,0,7
"Que JL",1,0,7
"Quebedeaux KB",1,0,7
"Quéré JP",1,0,7
"Rabaiotti D",1,0,7
"Raherilalao MJ",1,0,7
"Rahim PPA",1,0,7
"Rajabizadeh M",2,1,7
"Ramírez-Magil G",1,0,7
"Rana LRS",1,0,7
"Rao RC",1,0,7
"Raoul F",1,0,7
"Raseebut C",1,0,7
"Razafitsalama J",1,0,7
"Redeña-Santos JC",1,0,7
"Riba M",1,0,7
"Riccardelli L",1,0,7
"Richard FJ",1,2,7
"Ridley JCH",1,0,7
"Robe LJ",1,0,7
"Robert K",2,0,7
"Roberts CL",1,1,7
"Rodrigues HB",1,0,7
"Rogan A",1,0,7
"Rowland C",1,0,7
"Rubinoff D",1,0,7
"Rubio GD",1,0,7
"Ruiz H",1,0,7
"Rurik AJ",1,0,7
"Sakti AD",1,0,7
"Salgado-Ugarte IH",1,0,7
"Salica MJ",1,0,7
"Samraoui KR",1,1,7
"Sanchez Z",1,0,7
"Sanchez-Martinez P",1,0,7
"Santana GD",1,0,7
"Santoso C",1,0,7
"Sau S",1,0,7
"Saxton NA",2,2,7
"Sayasone S",1,0,7
"Sbaraglia C",1,1,7
"Scanu M",1,0,7
"Schepina NA",1,0,7
"Schilman PE",1,0,7
"Schofield LN",1,0,7
"Sedda L",1,1,7
"Segura GE",1,1,7
"Setiawan Y",1,0,7
"Sfîca L",1,0,7
"Shadman M",2,2,7
"Shakoori Z",1,0,7
"Shalisko V",1,0,7
"Shang JC",1,0,7
"Shashkov M",1,0,7
"Sheehan S",1,2,7
"Shetty U",1,0,7
"Shevchenko N",1,0,7
"Shipman PD",1,0,7
"Siddiqui S",1,0,7
"Siegel RB",1,0,7
"Siegmund A",1,0,7
"Silva H",1,0,7
"Silveira TCL",1,1,7
"Skorinov DV",1,0,7
"Smith WJ",1,1,7
"Smolinsky R",1,0,7
"Sofan P",1,0,7
"Song C",1,0,7
"Song PB",3,0,7
"Sornsakrin S",1,0,7
"Soufiène S",1,0,7
"Spitzweg C",1,0,7
"Spring M",1,0,7
"Steger C",1,0,7
"Stewart K",1,0,7
"Stipkova Z",1,2,7
"Stoyanov A",1,2,7
"Strickland C",1,0,7
"Su JH",1,0,7
"Su SQ",1,0,7
"Suazo-Ortuño I",1,0,7
"Sudarnika E",1,0,7
"Sumiarto B",1,0,7
"Sun JQ",1,0,7
"Sun YY",4,0,7
"Sutton W",1,0,7
"Suzuki K",2,1,7
"Sánchez-García FJ",1,0,7
"Sánchez-Vizcaíno JM",2,0,7
"Sürmen M",1,0,7
"Tafazoli M",1,1,7
"Taffs K",1,0,7
"Takala-Harrison S",1,0,7
"Talavera G",1,0,7
"Tan YC",2,0,7
"Tanis BP",1,1,7
"Tao JC",1,0,7
"Tarroso P",2,1,7
"Taukenova A",1,0,7
"Teal E",1,0,7
"Teixeira KO",1,1,7
"Teles BR",1,0,7
"Thames D",1,0,7
"Thameur B",1,0,7
"Thebaud C",1,0,7
"Thompson M",1,0,7
"Tiamiyu BB",2,0,7
"Tian GH",1,0,7
"Tian YY",1,0,7
"Tikhonova E",1,0,7
"Treviño-Garza EJ",2,0,7
"True MC",1,1,7
"Truong N",1,0,7
"Tyson RC",2,0,7
"Tzankov N",1,2,7
"Utami I",1,0,7
"Uthaimongkol N",1,0,7
"Vaira M",1,0,7
"Vamberger M",1,0,7
"van Dalen EMSP",1,0,7
"Varamballi P",1,0,7
"Vargas-Ramírez M",1,0,7
"Varghese AO",1,1,7
"Veldkornet DA",1,1,7
"Verboom GA",1,0,7
"Viera V",1,0,7
"Vila R",1,0,7
"VillaseÑor JL",1,2,7
"Vorsino AE",1,0,7
"Vázquez AHP",1,1,7
"Vázquez-García JA",1,0,7
"Walentowitz A",1,0,7
"Walker DM",1,0,7
"Wang DL",1,0,7
"Wang HX",1,0,7
"Wang S",2,1,7
"Wang SB",1,0,7
"Wang SY",2,0,7
"Wang WL",1,0,7
"Wang WQ",2,0,7
"Wang YK",1,0,7
"Wang ZC",1,0,7
"Waniwa EO",1,0,7
"Warren B",1,0,7
"Waters N",1,0,7
"Webber MM",1,0,7
"Wei XY",1,0,7
"Weiser F",1,0,7
"Weniger GC",1,0,7
"White L",1,0,7
"Winarni NL",1,0,7
"Wirga M",1,0,7
"Wojnarski M",1,0,7
"Wu C",1,0,7
"Wu H",3,0,7
"Wu LY",1,0,7
"Wu XY",1,0,7
"Xi HM",1,0,7
"Xi TY",1,0,7
"Xia S",1,0,7
"Xia YL",2,0,7
"Xiang DL",3,0,7
"Xu HG",1,2,7
"Xu P",1,0,7
"Xu YJ",1,2,7
"Xu ZB",1,0,7
"Yamashita M",1,0,7
"Yamontche C",1,4,7
"Yan XZ",1,0,7
"Yang FL",1,0,7
"Yang LS",1,0,7
"Yang YP",2,0,7
"Yom-Tov Y",1,0,7
"Yu JX",1,0,7
"Yu XL",1,0,7
"Yu XT",1,0,7
"Yuan X",2,0,7
"Yuan XY",1,0,7
"Zain AFM",1,0,7
"Zakharov E",1,0,7
"Zaytsev A",1,0,7
"Zhang DY",2,0,7
"Zhang HS",1,0,7
"Zhang XR",3,0,7
"Zhao JY",1,0,7
"Zhao T",1,0,7
"Zheng G",1,0,7
"Zheng JX",1,0,7
"Zhigila DA",2,0,7
"Zhou HJ",1,0,7
"Zhou RY",1,0,7
"Zhou XH",1,0,7
"Zhu GR",1,0,7
"Zhu HH",1,0,7
"Zworykin DD",1,0,7
"Abdel ZZ",1,0,6
"Abdeliyev BZ",1,0,6
"Abed MH",1,1,6
"Abudu M",1,0,6
"Acre MR",1,0,6
"Adjacou DM",2,0,6
"Adkins ED",1,0,6
"Akorful SCA",1,0,6
"Akpagana K",1,0,6
"Alabdulhafith B",1,0,6
"Alavi SJ",2,0,6
"Albrecht MA",1,0,6
"Alcalá R",1,0,6
"Ali SA",1,2,6
"Ali SK",1,0,6
"Alizadeh M",1,2,6
"Alt KG",1,0,6
"Alvarez-Alvarez P",2,0,6
"Alwahiby A",1,0,6
"Amat E",1,0,6
"Amirchakhmaghi N",1,0,6
"Amri M",1,2,6
"An QH",1,0,6
"Anacleto TCS",1,1,6
"Anakha M",2,0,6
"Andersen MD",1,1,6
"Angwafo TE",1,1,6
"Anjum KM",1,1,6
"Ansah-Owusu J",1,0,6
"Appawu MA",1,0,6
"Arellano E",1,0,6
"Arismendi I",1,0,6
"Arslan G",1,0,6
"Asaduzzaman M",1,0,6
"Asafu-Adjaye A",1,0,6
"Bach HG",2,0,6
"Badcock-Scruton J",1,0,6
"Badjana HM",1,0,6
"Baez JC",1,0,6
"Bai SH",1,0,6
"Baranowska M",1,0,6
"Barbante C",1,0,6
"Barber X",1,0,6
"Barbosa-Silva MS",1,0,6
"Barreto L",1,1,6
"Barro A",1,0,6
"Batawila K",1,0,6
"Bañuelos-Revilla JE",1,0,6
"Bean MG",1,0,6
"Beatty CD",1,0,6
"Beer M",1,0,6
"Beh E",1,2,6
"Beh EJ",1,0,6
"Bektas V",1,0,6
"Bellis J",1,0,6
"Benavides IF",2,0,6
"Bernardini I",1,0,6
"Bertuzzo E",1,0,6
"Bespalov M",1,0,6
"Bespalov S",1,0,6
"Bettinger P",1,0,6
"Bi JY",1,0,6
"Bin Muzaffar S",2,0,6
"Binothman A",2,0,6
"Birkhofer K",2,1,6
"Biswas A",2,0,6
"Bizhanova N",1,0,6
"Bizhanova NA",1,0,6
"Blair C",1,1,6
"Boakye DA",1,0,6
"Boakye HA",1,0,6
"Boensch D",1,0,6
"Bogdanovic S",1,0,6
"Bolatuly A",1,0,6
"Bontrager M",1,0,6
"Borburema HDS",1,0,6
"Borràs J",1,1,6
"Bosch RA",1,1,6
"Both C",1,0,6
"Bowden JJ",1,0,6
"Boyer F",1,0,6
"Bozorg-Omid F",1,0,6
"Brasileiro CA",1,0,6
"Breeden C",1,0,6
"Britvec M",1,0,6
"Brooks B",1,0,6
"Brown KM",1,1,6
"Bröring U",1,1,6
"Buendia-Espinoza JC",1,0,6
"Bugoni L",1,0,6
"Burchfield D",1,0,6
"Butcher BA",2,0,6
"Byeon J",2,0,6
"Büsse S",1,0,6
"Cabangbang-Jaranilla JT",2,0,6
"Caccioppoli R",1,0,6
"Cahuich-Damian JE",1,0,6
"Cai YY",1,0,6
"Calderòn-Sanou I",1,0,6
"Calderón JM",1,0,6
"Camacho E",1,1,6
"Campos-Soldini MP",1,0,6
"Candan O",1,0,6
"Cao SY",1,0,6
"Capó M",1,1,6
"Cardoso JA",1,0,6
"Castiblanco V",1,0,6
"Castro-Resendiz CA",1,0,6
"Causio S",1,0,6
"Cechin SZ",1,0,6
"Cecino G",1,0,6
"Chambers T",1,0,6
"Chauhan JS",1,0,6
"Chen LF",1,1,6
"Chen NN",1,0,6
"Chen SL",1,0,6
"Chiwona-Karltun L",1,0,6
"Christensen V",1,0,6
"Cipollini D",1,2,6
"Cocozza C",1,0,6
"Coffey E",1,0,6
"Cohen JM",1,0,6
"Coll M",1,0,6
"Collins CM",1,0,6
"Conesa D",1,0,6
"Cook J",2,0,6
"Coppoletta M",1,0,6
"Corrêa-do-Nascimento GS",2,0,6
"Cortés-Fernández I",1,1,6
"Cottee-Jones HEW",1,0,6
"Cruz DD",1,0,6
"Cuellar-Zambrano C",1,0,6
"Cutler JS",1,0,6
"Cézilly F",1,1,6
"Dadjou F",1,0,6
"Dadzie SK",1,0,6
"Dahian PS",1,1,6
"Dalfes HN",2,0,6
"Dalrymple SE",1,0,6
"Dargahi MD",1,1,6
"Das A",1,1,6
"David AS",1,0,6
"David S",1,0,6
"Davidson ER",1,1,6
"Davis SL",1,2,6
"Davison G",1,0,6
"Dayal R",1,0,6
"de Almeida TM",2,0,6
"De Franco F",1,0,6
"De La Cruz JL",1,0,6
"De Liberato C",1,0,6
"De Lucia GA",1,0,6
"de Nobrega MF",1,0,6
"Del Lesto I",1,0,6
"Diaz-Aguilar I",1,0,6
"Dilshad S",1,0,6
"Ding XJ",1,0,6
"Domínguez SLD",1,1,6
"Dong BZ",1,0,6
"Dong ZH",1,0,6
"Du J",1,1,6
"Dufour P",1,0,6
"Duncan NP",1,2,6
"Dunyach L",1,0,6
"Durazzano T",1,0,6
"Dutton P",1,1,6
"Dutucu AA",1,0,6
"Dáttilo W",1,0,6
"Eckhardt LG",1,0,6
"Eduardo AA",1,0,6
"Eiben J",1,2,6
"Elam C",1,0,6
"Enkossa T",2,0,6
"Ermenegildi A",1,0,6
"Ertürk A",1,0,6
"Esmailzadeh O",2,0,6
"Espitia P",1,0,6
"Essl F",2,0,6
"Falcao JCF",1,0,6
"Fan LR",1,0,6
"Farag PF",1,0,6
"Fatemi M",1,2,6
"Fei SW",1,0,6
"Feigin S",1,0,6
"Felipe TC",1,1,6
"Feng ML",1,2,6
"Feng XY",1,0,6
"Ferguson DK",1,0,6
"Ferguson SH",1,1,6
"Fernandes FD",1,0,6
"Fernández EB",1,1,6
"Figueroa-Jimenez JJ",2,0,6
"Fiorucci A",1,0,6
"Florian D",1,0,6
"Fonge BA",1,0,6
"Fonseca É",1,0,6
"Fotang C",2,1,6
"Frade N",1,0,6
"Frempong KK",1,0,6
"Fu C",1,0,6
"Fu CL",2,0,6
"Fu KY",1,0,6
"Fuster-Alonso A",1,0,6
"Gabayno-Laguatan NA",2,0,6
"Gabrieli J",1,0,6
"Gabrielli S",1,0,6
"Gagnon P",1,0,6
"Gamez-Brunswick C",1,0,6
"Gao CQ",1,0,6
"Garcés-Vargas J",1,0,6
"García-García CG",1,0,6
"Gasparovicová P",1,0,6
"Gbadamassi R",1,0,6
"Gehara M",1,0,6
"Ghanem ME",1,2,6
"Gielly L",1,0,6
"Giunchi D",2,0,6
"Gomez-Jimenez MI",1,0,6
"Gonzalez RM",1,0,6
"Gonzáles P",1,0,6
"González CAM",1,1,6
"González-Hernández H",1,0,6
"Gonçalves GSR",2,0,6
"Gordon DR",1,0,6
"Goschen WS",1,1,6
"Gouveia SF",2,0,6
"Grachev A",1,0,6
"Grachev Y",1,0,6
"Gradoni L",1,0,6
"Granata A",1,0,6
"Gray SS",1,2,6
"Greslebin AG",1,0,6
"Gu X",2,0,6
"Gu XD",1,0,6
"Guan TP",1,0,6
"Gumbi BC",1,0,6
"Guo MY",1,0,6
"Guo WW",1,0,6
"Guo XK",1,0,6
"Gupta S",1,0,6
"Gómez-P LM",1,0,6
"Habrová H",1,0,6
"Hale AM",1,0,6
"Halim A",1,0,6
"Han S",1,0,6
"Hansen NC",1,0,6
"Hao ZQ",2,0,6
"Hargan KE",1,0,6
"Hashmi SGM",1,1,6
"Hawlena D",1,0,6
"He ZB",1,1,6
"He ZP",3,0,6
"Heineman KD",1,0,6
"Heinz M",1,0,6
"Henn KA",1,0,6
"Henning B",1,2,6
"Hernandez LM",1,0,6
"Hernández M",1,0,6
"Hernández-Rodríguez D",1,0,6
"Herron SA",1,0,6
"Hesami N",1,2,6
"Heya H",1,0,6
"Hidalgo-Contreras JV",1,0,6
"Higdon JW",1,1,6
"Hinz LC",1,2,6
"Huang JP",2,0,6
"Huang XY",1,0,6
"Huang ZL",3,0,6
"Hui CM",1,0,6
"Hultine K",1,0,6
"Hunter LTB",1,0,6
"Ibarra-Cerden CN",1,0,6
"Ismail RBY",1,0,6
"Iwan D",1,0,6
"Jabeen A",2,0,6
"Jadin RC",1,1,6
"Jaf AA",1,0,6
"Javed SMM",1,4,6
"Jenkins TL",1,0,6
"Jeong A",1,0,6
"Jezkova T",1,1,6
"Jia W",1,0,6
"Jiang H",1,0,6
"Jinamoy S",1,0,6
"Joharchi MR",1,0,6
"Joyner A",1,0,6
"Julián AL",1,1,6
"Kagayama S",1,0,6
"Kahl SS",1,2,6
"Kaky ED",1,0,6
"Kamezaki N",1,0,6
"Kang LX",1,0,6
"Kassegne K",1,0,6
"Kaur S",2,0,6
"Kaye TN",1,0,6
"Keir MJ",1,0,6
"Kemp A",1,0,6
"Kessinger P",1,0,6
"Khalighifar A",1,0,6
"Khan S",1,1,6
"Khan WA",1,1,6
"Khan Z",1,2,6
"Kharouba HM",1,0,6
"Kim M",1,0,6
"Kim TH",2,0,6
"Kim YH",1,0,6
"Kingston K",1,0,6
"Klasner F",1,2,6
"Kocaman S",1,0,6
"Kolipaka S",1,0,6
"Kolluru V",2,1,6
"Kong JQ",1,1,6
"Kong Z",1,0,6
"Koo S",1,0,6
"Korzeniewicz R",1,0,6
"Kowalkowski W",1,0,6
"Kozlowski G",1,0,6
"Krausman PR",1,1,6
"Kunz M",1,0,6
"Kvifte GM",1,0,6
"Lacuesta-Jalotjot TEJ",2,0,6
"Laszlo AM",1,2,6
"Lecci R",1,0,6
"Lechner BE",1,0,6
"Lee AR",1,0,6
"Lee C",1,0,6
"Lee MA",2,0,6
"Lee Y",1,0,6
"Lei JL",1,0,6
"Lei ML",1,0,6
"Leite GR",2,0,6
"Lemessa D",2,0,6
"Lemos CA",1,0,6
"Leski T",1,0,6
"Li NN",1,0,6
"Li R",1,0,6
"Li ZC",1,0,6
"Liao H",2,0,6
"Limbo-Dizon JE",2,0,6
"Lin PF",1,1,6
"Lin Y",1,0,6
"Link SO",1,0,6
"Lionnet C",1,0,6
"Liparini A",1,0,6
"Littlefield T",1,0,6
"Liu JF",2,0,6
"Liu TX",2,0,6
"Liu XR",1,0,6
"Ljubicic I",1,0,6
"Loebmann D",1,0,6
"Lopez-Collado CJ",1,0,6
"Lopez-Collado J",1,0,6
"Lopez-Colladoa J",1,0,6
"Lu X",1,0,6
"Lu ZH",1,0,6
"Lukhele SM",1,0,6
"Lukowski A",1,0,6
"Luo CZ",1,0,6
"Lusseau D",2,0,6
"Lutz-Carrillo D",1,0,6
"Lv S",1,0,6
"López AM",1,0,6
"López-Bao JV",2,0,6
"Ma WD",1,0,6
"Ma WS",1,0,6
"Machado-Stredel F",1,0,6
"Mackin-McLaughlin J",1,0,6
"MacMillan HA",1,0,6
"Magliano A",1,0,6
"Magzamen S",1,0,6
"Maheshwari A",1,1,6
"Mahlaba TAM",1,0,6
"Mai ACG",1,0,6
"Mamba ML",1,0,6
"Mandas L",1,0,6
"Marcelli M",1,0,6
"Mari L",1,0,6
"Marinho-Soriano E",1,0,6
"Marsboom C",2,0,6
"Martin JT",1,1,6
"Martin RO",1,0,6
"Martineau A",1,0,6
"Martinez-Almoyna C",1,0,6
"Martinez-Ochoa ED",1,0,6
"Martínez-Montoya JF",1,0,6
"Martínez-Mota R",1,0,6
"Maschinski J",1,0,6
"Masum SM",1,0,6
"Matsushima N",2,0,6
"Mceachern K",1,0,6
"McFadden-Hiller JE",1,0,6
"McRae SB",1,0,6
"Meijaard E",1,0,6
"Melese D",2,0,6
"Meltus QJ",2,1,6
"Mendivil TC",1,0,6
"Mendoza M",1,1,6
"Meng HW",1,0,6
"Menges ES",1,0,6
"Merchant D",1,0,6
"Merry K",1,0,6
"Mestre-Tomás J",1,0,6
"Mi CX",1,0,6
"Michel MJ",1,0,6
"Michelangeli FA",1,0,6
"Mine K",1,0,6
"Miquel C",1,0,6
"Mittermeier JC",1,0,6
"Miyazaki T",1,0,6
"Moameri M",1,0,6
"Moghaddam MG",2,0,6
"Mohsin M",1,2,6
"Moise ERD",1,0,6
"Mondal S",2,0,6
"Morovati M",1,0,6
"Mostafazadeh R",1,0,6
"Moubarak M",1,0,6
"Munosiyei P",1,1,6
"Murgia A",1,0,6
"Murray S",1,0,6
"Mussagalieva RS",1,0,6
"Muzaffar SB",1,0,6
"Münkemüller T",1,0,6
"Naftal L",1,0,6
"Narine LL",1,0,6
"Nath A",1,1,6
"Nava-García E",1,0,6
"Neice AA",1,0,6
"Nemani S",1,0,6
"Newman SH",1,0,6
"Nguyen TA",1,0,6
"Nhung CTH",1,0,6
"Nishihiro J",2,0,6
"Niño-Vega GA",1,1,6
"Noedoost F",1,0,6
"Nores MJ",2,0,6
"Nowell MS",1,0,6
"O'Dell R",1,0,6
"Ofei MK",1,0,6
"Ogano D",1,0,6
"Oh SH",2,0,6
"Ohlmann M",1,0,6
"Olivos JA",1,0,6
"Olmos-Oropeza G",1,0,6
"Orlofske SA",1,1,6
"Osei JHN",1,0,6
"Ospina-Garcés SM",1,0,6
"Otero-Colina G",1,0,6
"Owens JR",1,0,6
"Padua S",1,0,6
"Palacio-Núñez J",1,0,6
"Palmer R",1,0,6
"Paludo D",1,0,6
"Parihar JS",1,0,6
"Park C",3,0,6
"Park H",1,0,6
"Park P",1,0,6
"Parker SD",1,0,6
"Parsons EW",1,0,6
"Parvin F",1,2,6
"Pathak AK",1,0,6
"Pattanavibool A",1,0,6
"Pattrick P",1,1,6
"Patyk KA",1,0,6
"Pavlovic NB",1,0,6
"Pelea LP",1,1,6
"Pennino MG",1,0,6
"Peralta PA",2,0,6
"Perkin JS",1,0,6
"Perroy R",1,2,6
"Perveen N",1,0,6
"Peterson CL",1,0,6
"Phiri C",1,0,6
"Pi-Bansa S",1,0,6
"Piazzolla D",1,0,6
"Picanço MM",2,0,6
"Piermattei V",1,0,6
"Pisdamkham C",1,0,6
"Placyk JS",1,2,6
"Pombi M",1,0,6
"Pooja U",1,2,6
"Poonswad P",1,0,6
"Possley J",1,0,6
"Poulenard J",1,0,6
"Pouramin M",1,0,6
"Pourhallaji M",1,1,6
"Pouyani ER",1,1,6
"Prommer M",2,0,6
"Prospero S",1,0,6
"Pu JY",1,0,6
"Putzu N",1,0,6
"Pérez-Costas E",1,0,6
"Pérez-Girón JC",2,0,6
"Qi ZY",1,0,6
"Qian H",1,0,6
"Qiao YP",1,0,6
"Qin ZQ",1,0,6
"Qiu JM",1,0,6
"Quijano-Carranza JA",1,0,6
"Quinn M",1,0,6
"Radcliffe C",1,0,6
"Raiter KG",1,0,6
"Raj M",1,4,6
"Ramazanpour J",1,2,6
"Rametov N",1,0,6
"Rametov NM",1,0,6
"Rawal RS",1,1,6
"Ray A",1,0,6
"Reemts CM",1,0,6
"Renaud J",1,0,6
"Rezende M",1,0,6
"Riccardi T",1,0,6
"Riga F",1,0,6
"Robbiati FO",2,0,6
"Robinson TP",1,0,6
"Rodríguez P",1,0,6
"Rodríguez S",1,1,6
"Rodríguez-Aguilar O",1,0,6
"Romano GM",1,0,6
"Rombolà P",1,0,6
"Romiti F",1,0,6
"Román JFC",1,0,6
"Roos RE",1,0,6
"Rouichi S",1,2,6
"Roy S",2,0,6
"Ruder MG",1,0,6
"Rusch GM",1,0,6
"Rutgrink ALJ",1,0,6
"Sadia S",1,0,6
"Saeed S",1,1,6
"Sailaukhanuly A",1,0,6
"Saillard A",1,0,6
"Salice CJ",1,2,6
"Sallemi G",1,0,6
"Sant'Ana LCD",3,0,6
"Santos CD",1,0,6
"Santos-Fita D",1,0,6
"Saparbayev S",1,0,6
"Saparov K",1,0,6
"Saran S",2,0,6
"Sarkar UK",1,0,6
"Sasa M",2,0,6
"Scagnoli E",1,0,6
"Scheuerman P",1,0,6
"Schierack P",1,1,6
"Schultz J",1,0,6
"Scuro M",1,0,6
"Searcy MT",1,0,6
"Sedaghat MM",1,0,6
"Serna-Lagunes R",2,0,6
"Sevcík M",1,0,6
"Shamim SK",1,2,6
"Shanee S",2,0,6
"Shang CP",1,0,6
"Shapiro JT",1,0,6
"Shehzad W",1,1,6
"Shekhar R",1,1,6
"Shelton P",2,0,6
"Shi QW",1,0,6
"Shin DB",1,0,6
"Sibiya MD",1,0,6
"Sidlauskas B",1,0,6
"Sigona A",1,0,6
"Sihombing RI",1,0,6
"Simelane F",1,0,6
"Singh RK",1,0,6
"Siry J",1,0,6
"Sklepic L",1,0,6
"Smith JAM",1,0,6
"Song YG",1,0,6
"Song YL",1,0,6
"Soto-Rojas L",1,0,6
"Sparagano OA",1,0,6
"Stanley TA",1,0,6
"Statham MJ",1,1,6
"Steenbeek J",1,0,6
"Stella E",1,0,6
"Stephan R",1,0,6
"Stephenson N",1,2,6
"Stetler J",1,0,6
"Stevens JR",1,0,6
"Stevens TK",1,0,6
"Stober J",1,0,6
"Strohbach B",1,0,6
"Strydom NA",1,1,6
"Suleman S",1,1,6
"Sun SM",1,0,6
"Sun ZS",1,0,6
"Sutherland LN",1,0,6
"Sveegaard S",2,0,6
"Sydenham MAK",1,0,6
"Takahashi H",1,0,6
"Taniguchi M",1,0,6
"Tao H",1,0,6
"Tawiah-Mensah CNL",1,0,6
"Taylor A",1,0,6
"Taylor DD",1,0,6
"Teixeira MC",1,0,6
"Templeton A",1,0,6
"Thampan J",1,0,6
"Thongsikem S",1,0,6
"Tian QY",1,1,6
"Titus JH",1,0,6
"Titus PJ",1,0,6
"Treble MA",1,1,6
"Tremblay P",1,0,6
"Trinh-Dinh H",1,0,6
"Tripathi H",1,0,6
"Trotter L",1,0,6
"Tédonzong LRD",2,1,6
"Ubukata H",1,0,6
"Ueno S",1,0,6
"Vahalík P",1,0,6
"van Dongen R",1,0,6
"van Huyssteen R",1,1,6
"van Toor ML",1,0,6
"van Welzen PC",1,0,6
"Varoux M",1,0,6
"Vasconcellos MM",1,0,6
"Veerasamphan V",1,0,6
"Venter ZS",1,0,6
"Verma PK",1,0,6
"Vigil SL",1,0,6
"Vilardo C",1,0,6
"Visser M",1,0,6
"Wala K",1,0,6
"Wan R",1,0,6
"Wan XF",1,1,6
"Wang CM",2,0,6
"Wang XD",1,0,6
"Wang YC",3,0,6
"Wang ZF",2,0,6
"Ward RL",1,0,6
"Ware JL",1,0,6
"Wegmann M",1,0,6
"Wei HJ",1,2,6
"Wen A",1,0,6
"Wessely J",1,0,6
"Wilgan R",1,0,6
"Williams DA",1,0,6
"Williamson PS",1,0,6
"Williamson SD",1,0,6
"Willie J",1,1,6
"Willingham AL",1,0,6
"Willoughby JR",1,0,6
"Winck G",1,0,6
"Wittmer HU",1,1,6
"Wu ET",1,0,6
"Wu JZ",1,0,6
"Wu TH",1,0,6
"Wu XD",1,0,6
"Wu YB",1,0,6
"Xia MZ",1,0,6
"Xin Q",2,0,6
"Xiu CL",1,0,6
"Xu ZH",1,0,6
"Xue JB",1,0,6
"Xue JZ",2,0,6
"Xue YX",1,0,6
"Yan XL",1,0,6
"Yang MW",1,0,6
"Yang TM",1,0,6
"Yang WT",1,1,6
"Yang XX",1,0,6
"Yang XY",2,0,6
"Yao HY",1,0,6
"Yessimseit DT",1,0,6
"Yousefzadeh H",1,0,6
"Youssefi F",1,0,6
"Yu JY",1,0,6
"Yu RT",1,0,6
"Yu SP",1,0,6
"Yuan ZQ",2,0,6
"Yuh YG",2,1,6
"Zamora-Elizalde MC",1,0,6
"Zare M",1,0,6
"Zeinalabedini M",2,0,6
"Zhang FQ",1,0,6
"Zhang JP",2,0,6
"Zhang JX",1,0,6
"Zhang SJ",1,0,6
"Zhao HQ",1,0,6
"Zhao YS",1,0,6
"Zhaparkulov T",1,0,6
"Zheng KY",2,0,6
"Zhou JY",2,0,6
"Zhu XF",1,0,6
"Zhu XQ",1,0,6
"Zingoni E",1,1,6
"Zirihi GN",1,0,6
"Abdullah NI",2,0,5
"Abel I",1,0,5
"Accrombessi M",1,0,5
"Adoha CJ",1,0,5
"Agboho PA",1,0,5
"Agboyi LK",2,2,5
"Aguilar ACMD",1,0,5
"Ahmed T",1,0,5
"Ahrné K",1,0,5
"Akinro B",1,0,5
"Akogbéto MC",1,0,5
"Akpodji S",1,0,5
"Al-Razi H",1,0,5
"Alahmed A",1,2,5
"Alaoui A",1,0,5
"Alghariani MS",1,0,5
"Ali A",3,0,5
"Alizadeh-Noughani M",1,0,5
"Allmon WD",1,0,5
"Alvares-Carvalho SV",1,0,5
"Alzate-Marin AL",1,0,5
"An KG",1,0,5
"Anderson BM",1,0,5
"Arabameri A",1,0,5
"Artaev O",1,0,5
"Artigas RC",1,1,5
"Asfaw Z",1,0,5
"Assefa A",2,0,5
"Athamanakath J",1,1,5
"Aulló-Maestro ME",1,0,5
"Aunins A",1,0,5
"Avci A",1,0,5
"Avery RH",1,0,5
"Avila GA",1,0,5
"Aviñoa-Arias A",1,0,5
"Avotins A",1,0,5
"Badillo-Saldaña LM",1,0,5
"Balantic C",1,1,5
"Ballard G",1,1,5
"Ballari D",1,0,5
"Banerjee K",1,0,5
"Barahoei H",1,0,5
"Barbero-Bermejo I",1,0,5
"Barcelona JF",1,0,5
"Barman T",1,0,5
"Barreto AB",1,0,5
"Barreto C",1,0,5
"Barrett JE",1,0,5
"Barrios-Leal D",1,0,5
"Barrios-Montivero AE",1,0,5
"Baskale E",1,0,5
"Bayne P",1,1,5
"Belay G",1,0,5
"Bellchambers LM",1,0,5
"Ben-Said M",1,0,5
"Benaradj A",1,0,5
"Benton HK",1,0,5
"Berggren Å",1,0,5
"Bernardo L",1,0,5
"Bhardwaj P",1,0,5
"Bharti DK",1,0,5
"Bhusal KP",1,0,5
"Biber-Freudenberger L",1,0,5
"Biggs E",2,0,5
"Bist BS",1,0,5
"Blackburn LM",1,0,5
"Blanc M",1,0,5
"Bolte L",1,1,5
"Bonifácio-Anacleto F",1,0,5
"Boruff B",2,0,5
"Boubekraoui H",1,0,5
"Boyer D",1,0,5
"Boyte S",1,1,5
"Brandao MV",1,0,5
"Braun MJ",1,0,5
"Brown B",1,0,5
"Byun JH",1,0,5
"Cai CY",1,0,5
"Cai MY",1,0,5
"Calatayud PA",1,0,5
"Campbell CA",1,1,5
"Campbell JA",1,0,5
"Campbell MD",1,0,5
"Camps GA",2,0,5
"Cano I",1,1,5
"Canturk U",1,0,5
"Cao X",1,0,5
"Caputo P",1,0,5
"Cardozo-Urdaneta A",1,0,5
"Caruso NC",1,0,5
"Castro MD",1,0,5
"Cennamo P",1,0,5
"Cerro RD",1,0,5
"Chadwick J",1,0,5
"Chang KY",2,1,5
"Chang YP",1,0,5
"Chen AP",1,0,5
"Chen RF",1,0,5
"Chen YE",1,0,5
"Chi ZH",1,1,5
"Chirombo J",1,0,5
"Chitungo B",1,1,5
"Cho IH",1,0,5
"Chowdhary MA",1,0,5
"Chung OS",1,0,5
"Clarfeld L",1,1,5
"Coetsee C",1,0,5
"Colihueque N",1,0,5
"Cong L",1,0,5
"Consalter R",1,0,5
"Cosgrove CF",1,0,5
"Costa HC",2,0,5
"Coyle B",1,0,5
"Crespo-Luengo G",1,0,5
"Croppi S",1,0,5
"Crowley KD",1,0,5
"Csabai Z",1,0,5
"Cuezzo MG",1,0,5
"Cunningham MA",1,0,5
"Curti M",1,1,5
"Cárdenas A",1,0,5
"Cárdenas DC",1,1,5
"D'Antonio CM",1,0,5
"Da Costa-Ribeiro MCV",1,0,5
"Da Rold G",1,0,5
"Dabrowski T",1,0,5
"Dai S",1,0,5
"Dalgarno S",1,0,5
"Dalvand Y",1,0,5
"Dang GTH",1,2,5
"Dangbénon E",1,0,5
"das Chagas KPT",1,0,5
"Das N",2,0,5
"Dawah H",1,2,5
"de Abreu CHM",1,0,5
"de Freitas BAL",1,0,5
"de Klerk J",1,0,5
"De Luca D",1,0,5
"de Mendonça RFB",1,0,5
"de Oliveira ME",1,0,5
"de Oliveira ML",1,0,5
"de Paula AS",1,0,5
"de Rezende DT",1,0,5
"de Rooij M",1,0,5
"de Souza EMS",1,0,5
"Del Guacchio E",1,0,5
"Delgadillo C",1,0,5
"Demir MA",2,0,5
"DeStefano S",1,2,5
"di Martino G",1,0,5
"Dilbe Ö",1,0,5
"Dindaroglu T",1,0,5
"Ding NF",1,0,5
"Dolezal J",1,0,5
"Dong WP",2,0,5
"Donmez S",1,0,5
"Donovan T",1,1,5
"Dorrington A",1,0,5
"Doucet JL",1,1,5
"Drew A",1,0,5
"Driggers WB",1,0,5
"Du H",1,0,5
"Duarte JMB",1,0,5
"Duminil J",1,1,5
"Edelson M",1,0,5
"Edington CJ",1,0,5
"Egbueri JC",1,0,5
"El-Barougy RF",1,0,5
"El-Shabasy A",1,0,5
"Elias EEI",1,0,5
"Ellis J",1,0,5
"Ellis JS",1,1,5
"Enari H",1,0,5
"Erdem R",1,0,5
"Evans SN",1,0,5
"Evtimova V",1,0,5
"Falconi N",1,2,5
"Fan CB",1,0,5
"Farnsworth A",1,0,5
"Farouk H",1,0,5
"Farr JJ",1,0,5
"Fassinou A",1,0,5
"Fayolle A",1,1,5
"Feizabadi HA",1,2,5
"Feng DL",1,0,5
"Feng HQ",1,0,5
"Fernandes APB",1,0,5
"Ferrer-Paris JR",1,0,5
"Ficsór M",1,0,5
"Filatov S",1,0,5
"Finn JT",1,2,5
"Flores-Pérez N",1,0,5
"Fonseca E",1,0,5
"Francesconi F",1,1,5
"Furey T",1,0,5
"Gadri HS",1,0,5
"Galarza X",1,0,5
"Galetti PM Jr",1,0,5
"Galvao-Silva FL",2,0,5
"Ganje MB",1,0,5
"Gao YT",1,0,5
"Gara TW",1,0,5
"Garber PA",1,0,5
"García LV",1,1,5
"Gayler S",1,0,5
"Ge QS",1,0,5
"Geange SW",1,0,5
"Gebru G",1,0,5
"Gedalof Z",1,0,5
"Geng RJ",1,0,5
"Ghallab A",1,0,5
"Ghassemi-Khademi T",1,0,5
"Gheyas A",1,0,5
"Ghimire P",1,0,5
"Ghimire R",1,0,5
"Ghoshal A",1,0,5
"Giannico V",1,1,5
"Giorgi A",2,0,5
"Giupponi L",2,0,5
"Golovatyuk L",1,1,5
"Gomes LJ",1,0,5
"González JMS",1,1,5
"Gonçalves CF",1,0,5
"Goodbody TRH",1,0,5
"Goonatilake SD",2,0,5
"Gopi GV",2,1,5
"Gorel AP",1,1,5
"Gorsich E",1,0,5
"Goudarzi F",1,1,5
"Graves KP",1,0,5
"Gregório I",1,0,5
"Grimm-Seyfarth A",1,1,5
"Grotta-Neto F",1,0,5
"Grzybowski JA",1,2,5
"Guedes RNC",1,0,5
"Guimaraes R",1,0,5
"Guo W",2,0,5
"Gutiérrez-Granados G",1,0,5
"Guzmán-Rodríguez L",1,0,5
"Gómez-Llano JH",2,0,5
"Gómez-Rodríguez RA",1,0,5
"Gülcin D",1,0,5
"Habibi I",1,0,5
"Hafernik J",1,0,5
"Hall GB",1,0,5
"Hammoud Y",1,0,5
"Hampel H",1,0,5
"Hao WL",1,0,5
"Hao ZX",1,0,5
"Harris WE",1,1,5
"Hartman JH",2,0,5
"Hasan S",1,0,5
"Hassel K",1,0,5
"Hatab AA",1,0,5
"Havill NP",1,0,5
"Hazzazi Y",1,0,5
"He HL",1,0,5
"He S",1,0,5
"Heap MJ",1,0,5
"Henebry G",1,1,5
"Henle K",1,1,5
"Hernández OG",1,1,5
"Hilderbrand RH",1,1,5
"Holloway P",1,0,5
"Hong Y",1,0,5
"Hopkins MJ",1,0,5
"Hoque F",1,0,5
"Hovey RK",1,0,5
"Hsieh YT",1,0,5
"Hsu RCC",1,0,5
"Hu BX",1,0,5
"Huang AM",1,0,5
"Huang B",1,0,5
"Huang JR",1,0,5
"Huang ZY",1,0,5
"Huber K",1,1,5
"Hughes JM",1,0,5
"Huitink M",1,0,5
"Huml JV",1,1,5
"Ihtimanska MK",1,0,5
"Ilgaz C",1,0,5
"Immergluck LC",1,0,5
"Iqbal A",1,0,5
"Itaya S",1,0,5
"Jain K",1,1,5
"Jarchow M",1,1,5
"Jendritzki I",1,0,5
"Ji HY",1,0,5
"Ji MS",1,0,5
"Jin XS",1,0,5
"Johansson T",1,0,5
"John R",1,1,5
"Johnson AS",1,0,5
"Johnson EL",1,0,5
"Jones CM",1,0,5
"Joseph L",1,0,5
"Jung BJ",1,0,5
"Jurestovsky D",1,1,5
"Kambewa EA",1,0,5
"Kang WM",2,0,5
"Kanwar N",1,0,5
"Karami M",1,2,5
"Karlin M",1,0,5
"Karunarathna S",1,0,5
"Kellner CA",1,0,5
"Kenderov L",1,0,5
"Kendrick GA",1,0,5
"Kerakova MY",1,0,5
"Kerus V",1,0,5
"Khan SN",1,0,5
"Kheir S",1,2,5
"Ki SJ",1,0,5
"Kim BH",1,0,5
"Kim HK",1,0,5
"Kim SW",1,0,5
"Kiraç A",1,0,5
"Kislov D",1,0,5
"Klenke R",1,1,5
"Knights AM",1,0,5
"Kohler DB",2,0,5
"Konzewitsch N",1,0,5
"Korznikov K",1,0,5
"Koukpo CZ",1,0,5
"Koyama A",1,0,5
"Krestov P",1,0,5
"Kulkarni P",1,0,5
"Kumlutas Y",1,0,5
"Kuo TC",2,1,5
"Kwan KY",1,0,5
"La Sala LF",1,0,5
"Labuschagne K",1,0,5
"Lafortezza R",1,1,5
"Lan YF",1,0,5
"Lapuz RSC",1,0,5
"Lara-Tufiño JD",1,0,5
"Lawrence B",1,0,5
"Le ATK",1,2,5
"Lee JK",1,0,5
"Lee SW",2,0,5
"Lei HX",1,0,5
"Leite FSF",1,0,5
"Lemma M",1,0,5
"Lemon M",1,0,5
"Leong T",1,0,5
"Li BY",1,0,5
"Li GP",1,0,5
"Li HH",1,1,5
"Li MB",1,0,5
"Li QS",3,0,5
"Lim NTL",2,0,5
"Lima-Ribeiro MS",1,2,5
"Lima-Silva LG",1,0,5
"Lin HC",1,0,5
"Lin HJ",1,0,5
"Lin XT",1,0,5
"Lis B",1,0,5
"Lis JA",1,0,5
"Liu S",1,0,5
"Liu XX",1,0,5
"Liu ZX",1,0,5
"Lobato FD",1,0,5
"Lopes PHQ",2,0,5
"Low M",1,0,5
"Lu PF",1,0,5
"Lu ZC",1,0,5
"Lucas FMF",1,0,5
"Lunt DJ",1,0,5
"Luo CL",1,0,5
"Luo QH",1,0,5
"Lupia F",1,0,5
"Luskin MS",2,0,5
"Luu AT",1,2,5
"Luvall JC",1,0,5
"Lyons K",1,0,5
"Ma CS",1,0,5
"Ma G",1,0,5
"Ma SM",1,0,5
"Machado CB",1,0,5
"Mahmood T",4,0,5
"Makaula P",1,0,5
"Manente V",1,0,5
"Maphanga T",1,0,5
"Marchant R",1,0,5
"Mardani M",1,3,5
"Martínez PA",1,0,5
"Mason I",1,0,5
"Mateo-Sánchez MC",1,0,5
"Mathewson HA",1,2,5
"Maya-Miranda S",1,0,5
"Mazzotta E",1,0,5
"Mazzucato M",1,0,5
"Mbewe RB",1,0,5
"McCabe JD",1,1,5
"MCfarland TM",1,2,5
"McMullin RT",1,1,5
"Medina RG",2,0,5
"Meegaskumbura M",1,0,5
"Meentemeyer R",1,0,5
"Mella-Romero J",1,0,5
"Menke K",1,0,5
"Merino-De-Miguel S",1,0,5
"Mersey JE",1,0,5
"Metzger MJ",1,0,5
"Miao GT",1,0,5
"Minutillo F",1,0,5
"Miranda J",1,0,5
"Mirshamsi O",1,0,5
"Missihoun AA",1,0,5
"Moeinadini A",2,0,5
"Mohammadi H",1,2,5
"Molina FB",1,0,5
"Monavari SM",1,2,5
"Mongil-Manso J",2,0,5
"Montesinos B",1,0,5
"Moreno M",1,0,5
"Moreno-Calles AI",1,0,5
"Moritz MA",1,0,5
"Mortensen JL",1,1,5
"Mosallam HAA",1,0,5
"Mouttet R",1,0,5
"Myers CE",1,0,5
"Naghibi A",1,0,5
"Naher H",1,0,5
"Najar-Rodriguez A",1,0,5
"Narantsetseg A",1,0,5
"Nascimento LB",1,0,5
"Ndlovu H",1,0,5
"Neto IR",1,0,5
"Newlands NK",1,0,5
"Ngufor C",1,0,5
"Nieto C",1,0,5
"Nieto PD",1,0,5
"Niu MM",2,0,5
"Nkolokosa C",1,0,5
"Nyári AS",1,1,5
"O'Mahony DT",1,0,5
"O'Mahony J",1,0,5
"Obber F",1,0,5
"Obico JJA",1,0,5
"Ocampo CB",1,0,5
"Odjo EM",1,0,5
"Ojeda AA",1,0,5
"Ojeda RA",1,0,5
"Onikura N",1,0,5
"Organ JF",1,2,5
"Ossè R",1,0,5
"Ottó B",1,0,5
"Ozel HB",1,0,5
"Ozkazanc NK",1,0,5
"Padonou GG",1,0,5
"Paes JD",2,0,5
"Paine T",1,0,5
"Pal S",1,0,5
"Pan XB",1,1,5
"Pandit PS",1,0,5
"Parameswaran S",1,0,5
"Paraseth P",1,0,5
"Park IW",1,0,5
"Park SR",2,0,5
"Parkinson AM",1,0,5
"Passos FD",1,0,5
"Patel V",2,0,5
"Pauli N",2,0,5
"Pedrali D",2,0,5
"Pelser PB",1,0,5
"Peres PHD",1,0,5
"Petrenko T",1,0,5
"Peña-Loyola PJ",1,0,5
"Pham TM",1,2,5
"Pilditch C",1,0,5
"Poudyal LP",1,0,5
"Poursalem S",1,3,5
"Power SN",1,0,5
"Prudhomme C",1,1,5
"Pulatoglu AO",1,0,5
"Pulighe G",1,0,5
"Puri S",1,0,5
"Pérez-Valladares CX",1,0,5
"Qian QQ",1,0,5
"Qiao HL",1,0,5
"Qiao Q",1,0,5
"Qiao XW",1,0,5
"Qie QY",1,0,5
"Qiu JS",1,0,5
"Qiu QZ",1,0,5
"Quock C",1,0,5
"Ragy HG",1,0,5
"Rajaratnam R",1,1,5
"Rakhshani E",1,0,5
"Ramírez-Bautista A",1,0,5
"Ramírez-Morales I",1,0,5
"Ran Q",1,0,5
"Ranaie M",1,2,5
"Ranta PBM",1,0,5
"Ray H",1,0,5
"Raza MF",1,0,5
"Rebelo MT",1,0,5
"Reed JM",1,1,5
"Refaat AM",1,0,5
"Ribalaygua J",1,0,5
"Ribeiro KAF",1,2,5
"Rigge M",1,1,5
"Rivera-Parra JL",1,0,5
"Rodrigues SJM",1,0,5
"Rodríguez AS",2,0,5
"Rodríguez-Clark KM",1,0,5
"Rodríguez-Moreno A",1,0,5
"Rojas EAG",1,0,5
"Romero J",1,0,5
"Rosa J",2,0,5
"Rossi RV",1,0,5
"Rousse P",1,0,5
"Ru DF",1,0,5
"Rust GS",1,0,5
"Sajjad A",1,0,5
"Sakamaki-Enari H",1,0,5
"Sala S",2,0,5
"Salata C",1,0,5
"Salazar MAJ",1,0,5
"Saldanha J",1,0,5
"Sallam M",1,2,5
"Salvati MV",1,0,5
"Salvatore MR",1,0,5
"Sanchooli N",1,1,5
"Santosh M",1,0,5
"Saraf S",1,1,5
"Sass EM",1,1,5
"Sawka-Gadek N",1,0,5
"Schmidt DJ",1,0,5
"Schondube JE",1,0,5
"Scorolli AL",1,0,5
"Semedo TBF",1,0,5
"Sen R",1,1,5
"Senbeta AF",1,0,5
"Serrano-Rodríguez A",3,0,5
"Sevik H",1,0,5
"Sgubin S",1,0,5
"Shahriari A",1,0,5
"Shan XJ",1,0,5
"Shanker K",1,0,5
"Shao HA",2,0,5
"Sharma D",1,0,5
"Shen S",1,0,5
"Shinoda M",1,0,5
"Shitikov VK",1,1,5
"Shogren C",1,0,5
"Shuuno M",1,0,5
"Sibanda M",1,0,5
"Sidick A",1,0,5
"Silva-Mann R",1,0,5
"Simonetti JA",1,0,5
"Simov N",1,0,5
"Sivadas A",1,0,5
"Sobral-Souza T",1,0,5
"Sominanhouin A",1,0,5
"Sotomayor G",1,0,5
"Soufi RA",1,0,5
"Sovi A",1,0,5
"Speed JDM",1,0,5
"Stefanov T",1,0,5
"Steinfartz S",1,1,5
"Stoianova D",1,0,5
"Stothard JR",1,0,5
"Streito JC",1,0,5
"Sultan MS",1,0,5
"Sumayli M",1,0,5
"Sun GL",1,0,5
"Sun SQ",1,0,5
"Sun YK",1,0,5
"Sylas VP",1,1,5
"Sánchez-Agudo JA",1,0,5
"Sánchez-Mercado A",1,0,5
"Tai AKR",1,0,5
"Tang C",2,1,5
"Tang W",2,0,5
"Tang Z",1,0,5
"Tangena JAA",1,0,5
"Tarquino-Carbonell AP",1,0,5
"Taylor MI",1,1,5
"Tewari LM",1,0,5
"Thomas P",1,1,5
"Thomas VA",1,0,5
"Thomisch K",1,0,5
"Thurtell L",1,1,5
"Tian CH",1,0,5
"Tihelka E",1,0,5
"Tildesley M",1,0,5
"Tkaczyk M",1,0,5
"Tokponon TF",1,0,5
"Tomao P",1,0,5
"Tomar S",1,0,5
"Tonkyn D",1,0,5
"Tonyaloglu EE",2,0,5
"Toro S",1,0,5
"Tretiach M",1,1,5
"Tsai JM",1,0,5
"Tsendeekhuu T",1,0,5
"Tseng KY",1,0,5
"Tsuyuki S",1,1,5
"Tungalag R",1,0,5
"Tuttu U",1,0,5
"Tyufekchieva V",1,0,5
"Uchiyama K",1,0,5
"Uhart M",1,0,5
"Uriostegui JM",1,0,5
"Uzun A",3,1,5
"Valderrama-Ardila C",1,0,5
"Varadinova ED",1,0,5
"Varghese A",1,1,5
"Varli A",1,0,5
"Vazquez MS",1,0,5
"Velazquez A",1,0,5
"Vernes K",1,1,5
"Vidanapathirana DR",1,0,5
"Vidinova Y",1,0,5
"Vieira FD",1,0,5
"Vieira TRS",1,0,5
"Vogliotti A",1,0,5
"Vonesch N",1,0,5
"Vázquez RF",1,0,5
"Véliz D",1,0,5
"Waller LA",1,0,5
"Wang BX",1,0,5
"Wang JG",1,0,5
"Wang SG",1,0,5
"Wang YA",1,0,5
"Wang ZY",1,0,5
"Wangen K",1,0,5
"Warkineh B",1,0,5
"Waterhouse FL",1,0,5
"Wei HS",1,0,5
"Wells CN",1,0,5
"Wen X",1,0,5
"Werth S",1,0,5
"White CA",1,0,5
"Widenfalk LA",1,0,5
"Wijerathne I",1,0,5
"Wijesinghe D",2,0,5
"Wink M",1,0,5
"Woldu Z",1,0,5
"Wolf JHD",1,0,5
"Woo H",1,0,5
"Worku W",1,0,5
"Wright NS",1,0,5
"Wu LP",1,0,5
"Wu Q",1,0,5
"Wu YY",3,0,5
"Wu ZC",1,0,5
"Xia CH",1,0,5
"Xiao CW",1,0,5
"Xiong LH",1,0,5
"Xiong Z",1,0,5
"Xu B",1,0,5
"Xu CQ",1,0,5
"Xu K",2,0,5
"Xu R",1,0,5
"Xu ZY",1,0,5
"Xue X",2,0,5
"Yamanaka N",1,0,5
"Yan FX",1,0,5
"Yan H",1,0,5
"Yan ZG",1,0,5
"Yang CC",1,0,5
"Yang DY",2,0,5
"Yang Z",1,0,5
"Yano S",1,0,5
"Yasuno N",1,1,5
"Yin YW",2,0,5
"Youssef AM",1,0,5
"Yovogan B",1,0,5
"Yu CJ",1,0,5
"Yu NJ",1,0,5
"Yu YX",1,1,5
"Zadhoush B",1,1,5
"Zamani N",1,3,5
"Zang E",1,0,5
"Zelli E",1,0,5
"Zeng DY",1,0,5
"Zhan H",1,0,5
"Zhang AB",1,1,5
"Zhang BW",2,0,5
"Zhang JH",2,1,5
"Zhang JW",1,0,5
"Zhang K",2,0,5
"Zhang ML",1,0,5
"Zhao HB",2,0,5
"Zhao K",2,0,5
"Zhao XM",1,0,5
"Zheng XF",1,0,5
"Zhou GY",3,0,5
"Zhou Q",1,0,5
"Zhou QH",1,0,5
"Zhou SC",1,0,5
"Zhou XT",1,0,5
"Zhu BL",2,0,5
"Zhuang HF",1,0,5
"Zielinska A",1,0,5
"Zinchenko TD",1,1,5
"Zink AG",1,0,5
"Çivga A",3,1,5
"Abbas S",1,0,4
"Abdelghany WR",1,0,4
"Abdoli A",3,0,4
"Abramson NI",1,0,4
"Acevedo FE",2,0,4
"Ada E",1,1,4
"Adam E",1,0,4
"Adegboye OA",1,0,4
"Adeleke MA",1,0,4
"Adeogun AO",1,0,4
"Aduvukha GR",2,0,4
"Aguirre-Calderón OA",1,0,4
"Aguirre-Liguori JA",1,0,4
"Ahmad B",1,2,4
"Ahmad D",1,0,4
"Ai XP",1,0,4
"Akbari M",1,0,4
"Akcakaya HR",1,0,4
"Aksoy A",1,1,4
"Alatorre LC",1,0,4
"Alcantara S",1,1,4
"Aldawood AS",3,1,4
"Alessi J",1,0,4
"Ali U",1,2,4
"Aligaz MA",1,0,4
"Almeida R",1,2,4
"Almeida RG",1,0,4
"Altamimi AS",1,0,4
"Andreo V",1,0,4
"Anjum MZ",1,0,4
"Antas PDZ",1,0,4
"Antunes JF",1,0,4
"Ara SR",2,1,4
"Arami SH",1,0,4
"Araújo LD",1,0,4
"Argaw HT",1,0,4
"Armenteras-Pascual D",2,0,4
"Arsevska E",1,0,4
"Arzt J",2,0,4
"Ashraf A",1,0,4
"Au NJ",1,0,4
"Aubry A",1,0,4
"Augusto DA",1,0,4
"Avocevou C",1,1,4
"Awan MS",1,2,4
"Awasthi N",1,0,4
"Awbery T",2,0,4
"Ayena JKI",1,0,4
"Aytas I",1,0,4
"Azat C",1,0,4
"Azevedo SM",1,0,4
"Aziz A",1,0,4
"Badia-Rius X",1,0,4
"Baek HJ",1,0,4
"Baharanchi OG",1,0,4
"Baidya S",1,0,4
"Baishya R",1,0,4
"Bajwa A",1,0,4
"Balescu DC",1,0,4
"Banabazi MH",1,0,4
"Bandara IN",1,2,4
"Barbosa AEA",1,0,4
"Barbosa MD",1,0,4
"Barreaux AMG",1,0,4
"Barrera-Sánchez CF",1,0,4
"Barrioz S",1,0,4
"Bartet T",1,0,4
"Bashir NH",1,0,4
"Basnet H",2,0,4
"Batter TJ",1,0,4
"Bavani MM",1,0,4
"Baykal NU",1,1,4
"Bayraktarov E",1,0,4
"Benemann VRF",1,0,4
"Benes P",1,0,4
"Bennion M",1,0,4
"Bernard RH",1,0,4
"Bernardino HS",1,0,4
"Bernau V",1,0,4
"Bertin A",1,0,4
"Bessesen BL",1,0,4
"Betts H",1,0,4
"Bhuyan A",3,0,4
"Bidak LM",1,0,4
"Biemann O",1,0,4
"Blouet S",1,0,4
"Bogale BA",1,0,4
"Bohatá L",1,0,4
"Bora JK",1,0,4
"Bordoni R",2,0,4
"Bovo AAA",1,0,4
"Bramanti L",1,0,4
"Bravo LC",1,0,4
"Bridge ES",1,1,4
"Brito D",1,0,4
"Brizuela-Torres D",2,0,4
"Brus J",1,0,4
"Buchadas ARC",1,0,4
"Bulut S",1,0,4
"Bures J",1,0,4
"Bzonek PA",1,0,4
"Cai FK",1,0,4
"Camacho-Portocarrero RF",1,0,4
"Cano-Díaz C",1,0,4
"Canova L",1,0,4
"Cao SS",2,0,4
"Cao ZG",1,0,4
"Carne C",1,0,4
"Carvalho RP",1,0,4
"Castanho RA",1,0,4
"Cataldo C",1,0,4
"Catzeflis F",1,0,4
"Cavalcante AMB",1,0,4
"Cazau D",1,2,4
"Cerman K",1,0,4
"Cerqueira PV",1,0,4
"Cervelli E",1,0,4
"Chambers CL",1,0,4
"Chambers J",1,0,4
"Chang C",1,0,4
"Chang CH",1,0,4
"Charpentier E",1,0,4
"Charsley AR",1,0,4
"Chen GT",1,0,4
"Chen LX",1,0,4
"Chen XT",2,0,4
"Chen YM",1,0,4
"Cheng BC",1,0,4
"Chester R",1,0,4
"Chmura D",1,0,4
"Choi MN",1,0,4
"Choi S",1,1,4
"Chukwuka KS",1,0,4
"Claerebout E",1,0,4
"Clasen A",1,0,4
"Clément L",1,0,4
"Coletti HA",1,0,4
"Contina AJ",1,1,4
"Conyers Z",1,0,4
"Cordeiro PHC",1,0,4
"Cornelsen CT",1,0,4
"Correa C",1,0,4
"Cosgrove R",1,0,4
"Costa SR",1,0,4
"Cox T",1,0,4
"Crespí A",1,2,4
"Cringoli G",1,0,4
"Crow SK",1,0,4
"Cruz-Escalona V",1,0,4
"Cucknell A",1,0,4
"Cui D",1,0,4
"Cui XJ",1,0,4
"Curry CM",1,1,4
"da Silva JMM",1,0,4
"Da Silva LC",1,0,4
"da Silva RR",1,0,4
"Dai Q",2,0,4
"Dalantai S",1,0,4
"Dalgiç G",1,0,4
"Dao ZL",1,0,4
"Darkhal H",1,0,4
"Daye D",1,0,4
"de Flamingh A",1,0,4
"de la Mora-Castañeda JG",1,0,4
"de la Parra R",1,0,4
"De Luca M",1,0,4
"de Oca GARM",1,0,4
"De Vivo M",1,0,4
"De Zoysa HKS",1,2,4
"Dean AM",1,0,4
"Death RG",1,1,4
"Degerman E",1,0,4
"Delben FAC",1,0,4
"Delgado JD",1,0,4
"Demafo MA",1,0,4
"Deng H",1,0,4
"DeVaney SC",1,0,4
"Dhau I",1,0,4
"di Perta ES",1,0,4
"Dinarvand M",1,0,4
"Dirlik S",1,0,4
"Disconzi GMS",1,0,4
"Divyansh K",1,0,4
"Dong D",1,0,4
"Dong GQ",1,0,4
"Dong HT",1,0,4
"Donnelly C",1,0,4
"Donnelly DM",1,0,4
"Dorji S",1,0,4
"Dos Santos MAF",1,0,4
"Drake DAR",1,0,4
"Druon JN",1,2,4
"Duarte AS",1,0,4
"Duarte-Gándica I",1,0,4
"Duc PNH",1,2,4
"Dunn WC",1,0,4
"Duret C",1,0,4
"Durán-Puga N",1,0,4
"Dutta R",2,0,4
"Dyderski M",1,0,4
"Délices G",1,0,4
"Dülgeroglu C",1,1,4
"Edrisnia S",1,0,4
"El Wellani S",1,0,4
"Elfaki F",1,0,4
"Emmerson M",1,0,4
"Espinosa MI",1,0,4
"Etemadi M",1,0,4
"Fabbris AZ",1,0,4
"Fablet R",1,2,4
"Fagnano M",1,0,4
"Fahrig L",1,0,4
"Fan QS",1,0,4
"Fan YK",1,0,4
"Fardone L",1,0,4
"Faruk A",1,0,4
"Fassnacht FE",1,0,4
"Feng HZ",1,0,4
"Fiscus CJ",1,0,4
"Fordyce JA",1,0,4
"Forlani M",1,0,4
"Fornasiero D",1,0,4
"Foroughbakhch-Pournavab R",1,0,4
"Franco F",1,0,4
"Fritz J",1,0,4
"Fu YJ",1,0,4
"Gachoki S",1,0,4
"Galatius A",1,0,4
"Gallegos-Rodríguez A",1,0,4
"Gao FH",1,0,4
"Gao WJ",2,0,4
"Garai S",1,0,4
"García-Romero GE",1,0,4
"Gardner TA",1,0,4
"Garrido-Cayul C",1,0,4
"Gaut GRJ",1,0,4
"Gemeinholzer B",1,0,4
"Geronimo-Isidro F III",1,0,4
"Ghimire SK",1,0,4
"Giraldo-Kalil LJ",1,0,4
"Goddard P",1,0,4
"González MO",1,0,4
"González-Cubas R",1,0,4
"González-Eguiarte DR",1,0,4
"González-Pinilla FJ",1,0,4
"González-Suárez M",1,0,4
"Gonçalves J",1,0,4
"Goodwin J",1,0,4
"Gorman KB",1,0,4
"Goswami S",1,0,4
"Gouin N",1,0,4
"Granados A",1,0,4
"Grigg M",1,0,4
"Guaraldo AD",1,0,4
"Guizien K",1,0,4
"Guldemond RAR",1,0,4
"Guo XC",1,0,4
"Gwaka JK",1,0,4
"Gómez JF",1,0,4
"Görner T",1,0,4
"Gülcü S",1,0,4
"Hafsi C",1,0,4
"Hambuckers A",1,0,4
"Hamor NH",1,2,4
"Han NY",1,0,4
"Han QX",1,0,4
"Han XR",1,0,4
"Hansen AJ",1,0,4
"Hao YJ",1,0,4
"Harsini JI",1,1,4
"Harvey G",1,0,4
"Hasan EL",1,0,4
"Hassanpour G",1,0,4
"Hazarika S",1,0,4
"He BY",1,0,4
"He PM",1,0,4
"He XC",1,0,4
"Hendrickx A",1,0,4
"Hernández J",1,0,4
"Hickler T",1,0,4
"Higa M",2,0,4
"Hillman JR",1,0,4
"Hoecker TJ",1,0,4
"Hof C",2,1,4
"Holusa J",1,0,4
"Hong YP",1,0,4
"Hosgör E",1,0,4
"Hou JH",1,0,4
"Hou YQ",1,0,4
"Howard JK",1,0,4
"Hoyle SD",1,0,4
"Hu HC",1,0,4
"Hu P",1,1,4
"Hu QJ",1,0,4
"Hu Y",1,0,4
"Huang HS",1,0,4
"Huang TQ",1,0,4
"Huang XJ",1,0,4
"Huang ZX",1,0,4
"Huchler K",1,0,4
"Hudiburg T",1,0,4
"Huo D",1,0,4
"Huo TT",1,0,4
"Hussain S",1,0,4
"Hutchings MJ",1,0,4
"Isfendiyaroglu S",1,0,4
"Issa MA",1,0,4
"Jagadesh S",1,0,4
"Jairam-Doerga S",1,0,4
"Jang MJ",1,0,4
"Jaouadi W",2,0,4
"Japoshvili B",1,0,4
"Jaramillo E",1,0,4
"Jardón-Barbolla L",1,0,4
"Javanmard A",1,0,4
"Jayalakshmi S",1,0,4
"Jayasekara D",1,0,4
"Jelembai HNI",1,0,4
"Jenness J",1,0,4
"Jensen CR",1,0,4
"Jeong YS",1,0,4
"Jhala Y",1,0,4
"Jia X",1,0,4
"Jiang HS",1,0,4
"Jiang KJ",1,0,4
"Johnson DD",1,0,4
"Johnson L",1,0,4
"Jones DA",1,0,4
"Jung JH",1,1,4
"Kabiri K",1,0,4
"Kakai RG",1,1,4
"Kalous L",1,0,4
"Kaláb O",1,0,4
"Kang YT",1,0,4
"Kantar MB",1,0,4
"Kaushal S",1,0,4
"Kelly-Hope L",1,0,4
"Khalilipour O",1,0,4
"Khan LA",1,2,4
"Khan MB",1,2,4
"Khan MEH",1,0,4
"Khlyap LA",1,0,4
"Kilak SH",1,0,4
"Kim DJ",1,0,4
"Kim HG",3,0,4
"Kim W",1,0,4
"Kishida O",1,0,4
"Konar B",1,0,4
"Kossowska M",1,0,4
"Kouassi KE",1,0,4
"Kuljanishvili T",1,0,4
"Kumar U",1,0,4
"Kyhn LA",1,0,4
"Labra FA",1,0,4
"Lagos AR",1,0,4
"Lagos N",1,0,4
"Laha DR",1,0,4
"Lankoande B",1,1,4
"Lattorff HMG",1,0,4
"Lee DY",1,0,4
"Lee SI",1,0,4
"Lepe-Lopez M",1,0,4
"Leunissen E",1,0,4
"Leyva-Ovalle OR",2,0,4
"Li FF",2,0,4
"Li MQ",1,0,4
"Li SJ",1,0,4
"Li SM",1,0,4
"Li SQ",2,0,4
"Li XP",1,0,4
"Lian YX",1,0,4
"Liao CC",1,0,4
"Lin L",1,0,4
"Ling F",1,0,4
"Lins LV",1,0,4
"Liu JL",1,0,4
"Liu WC",1,0,4
"Liu WZ",1,0,4
"Liu XQ",1,0,4
"Liu ZG",1,0,4
"Lohrer AM",1,0,4
"Lorea-Hernández F",1,0,4
"Lowry PP II",1,0,4
"Lu LT",1,0,4
"Lu LZ",1,1,4
"Lu ZG",1,0,4
"Lukhoba C",1,0,4
"Lundquist CJ",1,0,4
"Luo DC",1,0,4
"Lyu WY",1,0,4
"López D",1,0,4
"López-González C",1,0,4
"Ma Q",2,0,4
"Macpherson D",1,0,4
"MacQuarrie CJK",1,0,4
"Magalhaes AJC",1,0,4
"Mahaulpatha WAD",1,0,4
"Majumder A",1,0,4
"Makokha GO",1,0,4
"Malakar A",1,0,4
"Malygin VM",1,0,4
"Manca G",1,0,4
"Mandich A",1,0,4
"Mao B",1,0,4
"Mao LJ",1,1,4
"Mao Y",1,0,4
"Mardones FO",1,0,4
"Marnell F",1,0,4
"Martelli L",1,0,4
"Marten K",1,0,4
"Martínez-Ainsworth NE",1,0,4
"Martínez-Fonseca J",1,0,4
"Martínez-Lanfranco JA",2,0,4
"Masiga D",1,0,4
"Masroor W",1,0,4
"Matsane W",1,0,4
"Matunhu J",1,1,4
"Matwins S",1,2,4
"McGowan NE",1,0,4
"Mechergui K",2,0,4
"Medany DM",1,0,4
"Mehravaran A",1,1,4
"Meilby H",1,0,4
"Mello-Silva R",1,1,4
"Men YL",1,0,4
"Mendes S",1,0,4
"Meng X",1,0,4
"Mercer KL",1,0,4
"Meshgi K",1,0,4
"Messias MR",1,0,4
"Meyer ST",2,1,4
"Meza PA",1,0,4
"Middleton O",1,0,4
"Mihelic T",1,0,4
"Milicka R",1,0,4
"Milne BT",1,0,4
"Minhas RA",1,2,4
"Mironova TA",1,0,4
"Mitchell GW",1,0,4
"Moeller L",1,0,4
"Mohamed AMA",1,1,4
"Molyneux D",1,0,4
"Momeni-Dehaghi I",1,0,4
"Montone RC",1,0,4
"Moreno-Arzate CN",1,0,4
"Moreno-Letelier A",1,0,4
"Moreno-Sánchez XG",1,0,4
"Morgoglione ME",1,0,4
"Morin PJ",1,0,4
"Morrison M",1,0,4
"Mothapo MC",1,0,4
"Moura GJB",1,0,4
"Mtyobila VE",1,0,4
"Mu QZ",2,0,4
"Mutamiswa R",1,1,4
"Myslík Z",1,0,4
"N'konzi JPN",1,0,4
"Nadolny RM",1,0,4
"Nag S",1,0,4
"Nagaraja PBH",1,3,4
"Naghmouchi S",1,0,4
"Naik R",1,0,4
"Nakabayashi M",1,0,4
"Nakashima Y",1,0,4
"Nash DR",1,0,4
"Ndambi A",1,0,4
"Neill K",1,0,4
"Nelson W",1,0,4
"Nersesyan A",1,0,4
"Ngari N",1,0,4
"Nguyen V",1,0,4
"Nieves-Aldrey JL",1,0,4
"Nisin MKMN",1,2,4
"Noesgaard D",1,0,4
"Noguera-Urbano E",1,0,4
"Nolan P",1,0,4
"Núñez-Farfán J",1,0,4
"Oberhauser KS",1,0,4
"Ochoa-Quintero JM",1,0,4
"Oh Y",1,0,4
"Ojanen P",1,0,4
"Okada S",1,0,4
"Oliveira MB",1,0,4
"Olubode OS",1,0,4
"Olumoh J",1,0,4
"Onyango S",1,0,4
"Oprea M",1,0,4
"Orabi GM",1,0,4
"Otgonbayar M",1,0,4
"Ovalle ORL",1,0,4
"Padilha P",1,1,4
"Pak A",1,0,4
"Palhano S",1,0,4
"Palma RE",1,0,4
"Pan GL",1,0,4
"Paneru YR",1,0,4
"Pang DP",1,0,4
"Pangga IB",1,2,4
"Paoli C",2,0,4
"Papikyan A",1,0,4
"Park IK",1,0,4
"Parkkari M",1,0,4
"Pastrana RN",1,0,4
"Paxman EM",1,0,4
"Peng JJ",1,0,4
"Perrin-Stowe TIN",1,0,4
"Persey S",1,0,4
"Petry MV",1,0,4
"Pham MP",1,0,4
"Picanco MC",1,0,4
"Pindozzi S",1,0,4
"Poudeyal MR",1,0,4
"Pownitha KV",1,3,4
"Pradhan A",2,0,4
"Pradhan M",1,0,4
"Prakash A",1,0,4
"Previdente FH",1,0,4
"Pruchniewicz D",1,0,4
"Pu FG",1,0,4
"Pyakurel D",1,0,4
"Pérez-Ortega M",1,0,4
"Qiao TM",1,0,4
"Qin S",1,0,4
"Qin ZY",1,0,4
"Raj A",1,0,4
"Rajani NM",1,0,4
"Rajkovic D",1,0,4
"Rakotonirina N",1,0,4
"Rakouth BR",1,0,4
"Rakouth HN",1,0,4
"Ramanathan SK",1,2,4
"Ramos K",1,0,4
"Ramírez-Pérez JS",1,0,4
"Rana SK",1,0,4
"Rani A",1,0,4
"Ranù M",1,0,4
"Rao KS",1,0,4
"Raposo MA",1,0,4
"Rawien J",1,0,4
"Ray RL",1,0,4
"Recchi PF",1,0,4
"Renison D",1,0,4
"Resende A",1,0,4
"Reyne M",1,0,4
"Riasat M",1,0,4
"Ribeiro F",1,0,4
"Ribeiro LB",2,0,4
"Richard-Hansen C",1,0,4
"Rigo I",2,0,4
"Rinaldi L",1,0,4
"Rizvi T",1,0,4
"Roca AL",1,0,4
"Rojas HL",1,0,4
"Ross JD",1,1,4
"Ruane S",1,0,4
"Rubanschi S",2,1,4
"Ruggeri F",2,0,4
"Rupasinghe UALD",1,2,4
"Ruíz-Corral JA",2,0,4
"Rylková K",1,0,4
"Rytwinski T",1,0,4
"Sacramento I",1,1,4
"Salguero-Gómez R",1,0,4
"Salomón OD",1,0,4
"Salvacion AR",1,2,4
"Sam-Wobo SO",1,0,4
"Sandom CJ",1,0,4
"Sandoval-Castillo J",1,0,4
"Santacruz-Ruvalcaba F",1,0,4
"Santos MPD",1,0,4
"Sarab SA",1,0,4
"Sarmiento Y",1,0,4
"Scarton F",1,0,4
"Scheppler H",1,0,4
"Schigel D",1,0,4
"Schmitt CA",1,0,4
"Schooley RL",1,0,4
"Schreve D",1,0,4
"Scolamacchia F",1,0,4
"Sebaio F",1,0,4
"Semida FM",1,0,4
"Sen Roy S",1,0,4
"Seo J",1,0,4
"Seok M",1,0,4
"Sepúlveda C",1,0,4
"Sesnie SE",1,0,4
"Sezgin M",2,0,4
"Shaltout M",1,0,4
"Shan H",1,0,4
"Sharaf MR",3,1,4
"Sharief A",2,0,4
"Sheehan NA",1,0,4
"Sheppard WS",1,0,4
"Sher H",1,0,4
"Shin MS",4,0,4
"Shivji M",1,0,4
"Shokri MR",1,0,4
"Shukla R",1,0,4
"Shukla SK",1,0,4
"Shurulinkov P",1,0,4
"Sibanda N",1,0,4
"Sigler MF",1,0,4
"Silva FF",1,0,4
"Singh AR",1,0,4
"Sinha A",1,0,4
"Sisk TD",1,0,4
"Sivrikaya F",1,1,4
"Soltysiak J",1,0,4
"Song XD",1,0,4
"Sossah FL",2,0,4
"Soster F",2,0,4
"Sotariki S",1,0,4
"Squeo FA",1,0,4
"Sreeram MP",1,2,4
"Stakheev VV",1,0,4
"Stamatiou M",1,0,4
"Stansfield A",1,0,4
"Stebel A",1,0,4
"Stefanescu DM",1,0,4
"Steinke D",1,0,4
"Storch I",1,1,4
"Su LH",1,0,4
"Su YY",1,0,4
"Sudheesan D",1,2,4
"Suh JH",1,1,4
"Sulda L",1,0,4
"Sumiya E",1,0,4
"Sun Q",1,0,4
"Sun W",2,0,4
"Sun ZX",1,0,4
"Surakat OA",1,0,4
"Suryan T",1,0,4
"Sutherland WJ",1,0,4
"Szczepanska K",2,0,4
"Taguchi Y",1,0,4
"Tagwireyi P",1,2,4
"Takahashi MK",1,0,4
"Tamario C",1,0,4
"Tamrat M",1,0,4
"Tan YH",1,0,4
"Tandon R",1,0,4
"Tao LD",1,0,4
"Tao YX",1,0,4
"Teepol B",1,0,4
"Teo JJH",1,0,4
"Thakur B",1,0,4
"Thamaga KH",1,0,4
"Theodoridis S",1,0,4
"Thines M",1,0,4
"Thonis A",1,0,4
"Tian Y",1,0,4
"Tian YC",1,0,4
"Tian ZR",1,0,4
"Tibblin P",1,0,4
"Tietiambou SRF",1,1,4
"Tikuye BG",1,0,4
"Topic B",1,0,4
"Topic G",1,0,4
"Torres ME",1,0,4
"Totterdell JA",1,0,4
"Tripathi RM",1,0,4
"Tu W",1,0,4
"Turner MG",1,0,4
"Uc MI",1,0,4
"Ukuwela KDB",1,2,4
"Ullah R",1,0,4
"Ullah W",1,0,4
"Um TE",2,0,4
"van Berkel T",1,0,4
"Van Bortel W",1,0,4
"Van Kleef E",1,0,4
"Van Phung K",1,0,4
"Van Tran D",2,0,4
"Vanacore A",1,0,4
"Vandercone RPG",1,2,4
"Vasco D",1,0,4
"Vassallo P",2,0,4
"Vasudeva R",1,3,4
"Vaudo J",1,0,4
"Veloz-Portillo CE",1,0,4
"Velázquez-Hernández JM",1,0,4
"Vieira AB",1,0,4
"Vilchez-Ponce CR",1,0,4
"Villalobos R",1,0,4
"Vu DD",1,0,4
"Vásquez D",1,0,4
"Walsh ES",1,0,4
"Walter J",1,0,4
"Wang CL",1,0,4
"Wang FL",1,0,4
"Wang LR",1,0,4
"Wang RJ",1,1,4
"Wang YB",1,0,4
"Ward MP",1,0,4
"Watkins JE",1,1,4
"Watts JL",1,1,4
"Wee SQW",1,0,4
"Wehner H",1,0,4
"Wei RB",1,0,4
"Weisser WW",2,1,4
"Weksler M",1,0,4
"Wellard R",1,0,4
"Westeen EP",1,0,4
"Wetherbee B",1,0,4
"Wetterer JK",3,1,4
"Wiebe LC",1,0,4
"Wilborn R",1,0,4
"Williams K",1,0,4
"Wint W",1,0,4
"Wraith J",1,0,4
"Wu QH",2,0,4
"Wu SJ",1,0,4
"Wu YL",1,0,4
"Xia JG",1,0,4
"Xiang M",1,0,4
"Xue HL",1,0,4
"Yan YB",1,0,4
"Yang B",2,0,4
"Yang CK",2,2,4
"Yang CZ",1,0,4
"Yang YJW",1,0,4
"Yaoitcha AS",1,0,4
"Yap SA",1,2,4
"Ye S",1,0,4
"Yeap CA",1,0,4
"Yi KP",1,0,4
"Yi T",1,0,4
"Yihune M",1,0,4
"Yong D",1,0,4
"You SJ",1,0,4
"Yousefpour R",1,0,4
"Yu LL",1,0,4
"Yuan XD",1,0,4
"Yurcich E",1,0,4
"Yusop SM",1,0,4
"Zahratka JL",1,0,4
"Zammit C",1,1,4
"Zarate MA",1,0,4
"Zarnowiec J",1,0,4
"Zeng Y",1,0,4
"Zhang HM",1,0,4
"Zhang HW",1,0,4
"Zhang JG",1,0,4
"Zhang JK",1,0,4
"Zhang SZ",1,0,4
"Zhang WT",1,0,4
"Zhang YF",1,1,4
"Zhao ZB",1,0,4
"Zheng HF",1,0,4
"Zheng P",1,1,4
"Zhong LZ",1,0,4
"Zhou HW",1,0,4
"Zhou SN",1,0,4
"Zhou XJ",1,0,4
"Zhu TH",1,0,4
"Zhu YF",1,0,4
"Zilaie MN",1,0,4
"Zimin-Veselkoff N",1,0,4
"Zon AO",1,0,4
"Zotos S",1,0,4
"Zuccolo M",1,0,4
"Zul YG",1,1,4
"Çorbaci ÖL",1,0,4
"Özcan GE",1,1,4
"Ünel E",1,1,4
"Ürker O",1,1,4
"Abasolo-Pacheco F",2,0,3
"Abdrakhmanov SK",1,0,3
"Abdulwahab UA",1,0,3
"Abenova AZ",1,0,3
"Ablormeti FK",2,2,3
"Abouelhassan H",1,0,3
"Abutaleb K",1,0,3
"Acar Z",1,0,3
"Acosta-Chaves V",1,0,3
"Adhikari JN",1,0,3
"Adjei KP",1,0,3
"Adjei-Mantey K",1,0,3
"Agoltsov VA",1,0,3
"Ahlinder J",1,0,3
"Ahmadzadeh F",1,0,3
"Aina A",1,0,3
"Aitken A",1,0,3
"Akrim F",3,0,3
"Al Ansi AN",1,0,3
"Al Dhafer HM",1,0,3
"Al-Shaikh I",1,0,3
"Alateeqi A",1,0,3
"Albeke SE",1,0,3
"Alipanah H",1,0,3
"Alto B",1,0,3
"Alvarado-Solano DP",1,0,3
"Alvares F",1,0,3
"Alvarez-Solas S",1,1,3
"Alves-Ferreira G",1,0,3
"Amenta MW",1,0,3
"Amesöder C",1,0,3
"Anderson RS",1,0,3
"Andriantsimanarilafy RR",1,0,3
"Angulo MB",1,0,3
"Aouadi A",1,0,3
"Aravind CK",1,0,3
"Araújo H",1,0,3
"Arenas-Castrod S",1,0,3
"Arizapana-Almonacid MA",1,0,3
"Arslanhan BA",1,0,3
"Arévalo-Morocho C",1,0,3
"Aspholm PE",1,0,3
"Athiê-Souza SM",1,0,3
"Aydin O",1,0,3
"Azevedo TSD",1,0,3
"Azuaje-Rodríguez RA",1,0,3
"Banerjee D",3,0,3
"Barahona-Manzaba DG",1,0,3
"Barbara N",1,0,3
"Barkessa MK",1,0,3
"Bastos-Santos J",1,0,3
"Battista A",1,0,3
"Beati L",1,0,3
"Becerra A",1,0,3
"Bedane GA",1,0,3
"Bekchiev R",1,1,3
"Bell C",1,0,3
"Bellebaum J",1,0,3
"Ben Hasher FF",1,0,3
"Benito-Garzón M",1,0,3
"Bensaâd-Bendjedid L",1,0,3
"Bera DK",1,0,3
"Berhe DH",2,0,3
"Bettinger S",1,0,3
"Beuria R",1,0,3
"Bhandari N",1,0,3
"Bhattarai BP",1,0,3
"Biondi D",1,0,3
"Bloomer CC",2,0,3
"Bokhoree C",1,0,3
"Booher ECJ",1,0,3
"Bora C",1,1,3
"Borchert SM",1,0,3
"Borges-Souza JM",1,0,3
"Borla LA",1,1,3
"Borzee A",1,0,3
"Botero-Cañola S",1,0,3
"Bouderbala A",1,0,3
"Bourel B",1,0,3
"Bourke J",1,0,3
"Boutabia L",1,0,3
"Boycott SR",1,0,3
"Bozkurt E",1,0,3
"Bramorska B",1,0,3
"Brindefalk B",1,0,3
"Bro-Jorgensen J",1,0,3
"Buchmann SL",1,0,3
"Burkett-Cadena N",1,0,3
"Burrola-Aguilar C",1,0,3
"Busse K",1,0,3
"Butler KA",1,0,3
"Böhme W",1,0,3
"Cabrera A",1,0,3
"Camaho-Portocarrero R",1,0,3
"Campbell SR",1,0,3
"Can ÖE",1,0,3
"Canino N",1,0,3
"Carlos CJ",2,0,3
"Carrillo AF",1,0,3
"Chaiyarat R",1,0,3
"Chamberlain DA",1,0,3
"Chander S",1,0,3
"Chandra G",1,0,3
"Chang KC",1,0,3
"Chauhan J",1,0,3
"Chaves-Silveira J",1,0,3
"Chen JX",1,0,3
"Chenani SK",1,1,3
"Cherif Y",1,0,3
"Chernykh OY",1,0,3
"Chew WC",1,0,3
"Chiu CA",2,0,3
"Chiu CC",1,1,3
"Choi T",1,0,3
"Choi WI",2,0,3
"Chu XJ",1,0,3
"Collison B",1,0,3
"Contreras KAB",1,0,3
"Contreras SCM",1,0,3
"Contreras-Peña Y",1,0,3
"Conway WC",1,0,3
"Cook K",1,0,3
"Corrêa PLP",2,1,3
"Corush J",1,0,3
"Coulson R",1,0,3
"Cox SP",1,0,3
"Cruz TMP",1,0,3
"Currie JJ",1,0,3
"Cursach JA",1,0,3
"Cíhal L",1,0,3
"da Silva FF",1,0,3
"da Silva JMC",1,0,3
"da Silva SG",1,1,3
"Dabral A",1,0,3
"Dacklin I",1,0,3
"Dai HB",1,0,3
"Dai TT",2,0,3
"Daigle R",1,0,3
"Danis-Lozano R",1,0,3
"Darusman HS",1,2,3
"de Bie J",1,0,3
"De KT",1,0,3
"de Lucas J",1,0,3
"de Sousa RF",1,1,3
"Debolini M",1,0,3
"Degaga EG",1,0,3
"Deka MA",1,0,3
"Delgado F",1,0,3
"Demarest DW",1,0,3
"Dematteis M",1,0,3
"Dertien J",1,0,3
"Dhimal M",1,0,3
"Dillon ME",1,0,3
"Diop SD",1,0,3
"Djaboutou RF",1,0,3
"do Pico GV",1,0,3
"Doherty B",1,0,3
"Doherty P",1,0,3
"Dolci D",1,0,3
"Dolidze N",1,0,3
"Dong MX",1,0,3
"Donoso DS",1,0,3
"Dornellas APS",1,0,3
"Doronin I",2,0,3
"Doronina MA",2,0,3
"dos Reis ARN",1,0,3
"Drake D",1,3,3
"Drumgoole R",1,0,3
"Duarte MCLF",1,0,3
"Duc HM",1,3,3
"Dueñas M",1,0,3
"Duressa TF",1,0,3
"Duyar A",1,0,3
"Dwivedi AK",1,0,3
"Dzul-Rosado K",1,0,3
"Earl JE",1,0,3
"Echeverry-Cardenas E",1,0,3
"Egorova AV",1,0,3
"Eid E",1,1,3
"Eigenbrode SD",1,0,3
"Eira C",1,0,3
"El-Sonbati SA",1,0,3
"Elalqamy H",1,1,3
"Elango A",1,0,3
"Ellison S",1,0,3
"Elving J",1,0,3
"Enríquez-García AB",1,0,3
"Eriksson KIA",1,0,3
"Espejo-Serna A",1,0,3
"Estades CF",1,0,3
"Estrada-Sánchez I",1,0,3
"Estrada-Zúñiga ME",1,0,3
"Etminan A",1,1,3
"Evans BS",1,0,3
"Eyes SA",1,0,3
"Falsafi H",1,0,3
"Fan LY",1,0,3
"Fan ML",1,0,3
"Fan XC",1,0,3
"Fan XT",1,0,3
"Farag R",1,0,3
"Faraone FP",1,0,3
"Fariello CM",1,0,3
"Farías-González V",1,0,3
"Fernandes GW",2,0,3
"Fernando M",1,0,3
"Ferreira FF",1,1,3
"Ferreira M",1,0,3
"Feyisa GL",1,0,3
"Fialová L",1,0,3
"Finch EA",1,0,3
"Finstad AG",1,0,3
"Firdaus M",1,0,3
"Fisher AR",1,0,3
"Fitch K",1,0,3
"FitzGerald AM",1,0,3
"Fluharty S",1,0,3
"Ford T",1,0,3
"Fraga H",1,0,3
"Frick A",1,0,3
"Fu TF",1,0,3
"Fu XG",1,0,3
"Fu YS",1,0,3
"Galdies C",1,0,3
"Gan TJ",1,0,3
"Gao SS",1,0,3
"Garcia-Diaz J",1,0,3
"García-Cruz J",1,0,3
"Gauci A",1,0,3
"Gbemavo CDSJ",1,0,3
"Ge S",1,0,3
"Gemmell OM",1,0,3
"Gharzi A",1,2,3
"Ghimire B",1,0,3
"Ghimire S",1,0,3
"Giacalone G",1,0,3
"Giraldo-Jaramillo M",1,0,3
"Gissi C",1,0,3
"Goebel RT",1,0,3
"Goldenberg J",1,0,3
"Gong P",1,1,3
"Gonzalez BA",1,0,3
"González EM",1,0,3
"González IC",1,0,3
"González JL",1,0,3
"González-Pedroza MG",1,0,3
"González-Peláez SS",2,0,3
"González-Trujillo JD",1,0,3
"Gordon T",1,0,3
"Gorouhi MA",1,0,3
"Goto A",1,0,3
"Granberg M",1,0,3
"Granger JJ",2,0,3
"Gray L",1,0,3
"Greenberg RS",1,0,3
"Gregory A",1,0,3
"Grise MM",1,0,3
"Grodsky SM",1,3,3
"Groeneveld JC",1,0,3
"Grube ER",1,0,3
"Gruber B",1,0,3
"Grunder J",1,0,3
"Guan YJ",1,0,3
"Guevara-Chumacero LM",1,1,3
"Gumbs R",1,0,3
"Gunay F",1,0,3
"Gunter F",1,0,3
"Guo CZ",1,0,3
"Gurmu AK",1,0,3
"Gururaja KV",1,0,3
"Gökkaya K",1,0,3
"Gül E",1,0,3
"Ha U",1,0,3
"Hackett RA",1,0,3
"Hadinejad M",1,0,3
"Hadjez R",1,0,3
"Hagen SB",1,0,3
"Hale CW",2,0,3
"Hamezah HS",1,0,3
"Han D",2,0,3
"Han DZ",1,0,3
"Han X",1,0,3
"Hang WY",1,0,3
"Hansen ASB",1,0,3
"Hansen SE",1,0,3
"Hao TX",1,0,3
"Harikrishnan S",1,0,3
"Harper KA",1,0,3
"Hart R",1,0,3
"Hattori T",1,0,3
"Haughian SR",2,0,3
"Haukos D",1,0,3
"He AG",1,0,3
"He QQ",1,0,3
"Hellmér M",1,0,3
"Hendrick LRF",1,0,3
"Henríquez WA",1,0,3
"Heo K",1,1,3
"Hernández-Jaimes C",1,0,3
"Herrera L",1,0,3
"Hesami S",1,0,3
"Hickerson BT",1,0,3
"Hikosaka K",1,0,3
"Hoang TT",1,2,3
"Hogan JD",1,0,3
"Hollingsworth BD",1,0,3
"Hosseine SP",1,2,3
"Hou GS",1,0,3
"Hou RX",1,0,3
"Hou TT",1,0,3
"Howard A",1,0,3
"Howard SR",1,0,3
"Htay T",1,0,3
"Htoo KK",1,0,3
"Hua Z",1,0,3
"Huang P",1,0,3
"Huang SB",1,0,3
"Huang YF",1,0,3
"Huchon D",1,0,3
"Humphreys JM",1,0,3
"Hurtado AQ",1,0,3
"Husain A",1,0,3
"Inci A",1,0,3
"Ingudomnukul P",1,0,3
"Ishag AAE",1,0,3
"Ishii N",1,0,3
"Ivashchenko A",1,0,3
"Iverson L",1,0,3
"Jaffe BD",1,0,3
"Jaffé R",1,0,3
"Jaramillo JDM",1,0,3
"Jarenkow JA",1,0,3
"Jeong YH",1,0,3
"Ji ML",1,0,3
"Jiang CL",1,0,3
"Joshi DP",1,0,3
"Jover A",1,0,3
"Juergens N",1,0,3
"Jácome-Aguirre G",2,0,3
"Kabanova S",1,0,3
"Kadyrov AS",1,0,3
"Kaewthamasorn M",1,2,3
"Kafaky SB",1,1,3
"Kalita N",1,0,3
"Kalsi RS",1,0,3
"Kamler JF",1,0,3
"Kandemir A",1,0,3
"Kanmaz O",1,0,3
"Kantamaneni K",1,0,3
"Karacaoglu Ç",2,0,3
"Kaul R",1,0,3
"Kawai Y",1,0,3
"Kearns B",1,0,3
"Kenar N",1,1,3
"Khan RWA",2,0,3
"Khattak RH",1,0,3
"Kiadaliri H",1,1,3
"Kikvidze Z",1,1,3
"Kilpatrick CW",1,1,3
"Kingsbury S",2,0,3
"Kipkoech A",1,0,3
"Kirchman JJ",1,0,3
"Kirillov V",1,0,3
"Kizgin AD",1,0,3
"Kloos D",1,0,3
"Klumpers SGT",1,0,3
"Klütsch CFC",1,0,3
"Koc DE",1,0,3
"Koch W",1,0,3
"Komar E",1,0,3
"Kong XD",1,0,3
"Korennoy FI",2,0,3
"Kornilev YV",1,1,3
"Kostova R",1,1,3
"Kovalsyki B",1,0,3
"Kozynenko I",1,0,3
"Kronlund AR",1,0,3
"Kunwar B",1,0,3
"Kuria BT",1,0,3
"Kuswanda W",3,0,3
"Kutateladze T",1,0,3
"Kvach Y",1,0,3
"Lai JX",1,0,3
"Lai KD",1,0,3
"Lapola DM",1,0,3
"Lapuz RS",1,0,3
"Laube P",1,0,3
"Layna JF",1,0,3
"Lencina JL",1,0,3
"Lepekha A",1,0,3
"Li CH",1,0,3
"Li F",1,0,3
"Li FJ",1,0,3
"Li LP",1,0,3
"Li N",1,0,3
"Li PJ",1,0,3
"Li SW",1,0,3
"Li T",1,0,3
"Li XJ",1,0,3
"Li XS",1,0,3
"Liao MC",1,0,3
"Liao X",1,0,3
"Lillywhite HJ",1,0,3
"Lillywhite J",1,0,3
"Lin FR",1,0,3
"Liu JQ",3,0,3
"Liu QW",1,0,3
"Liu YD",1,0,3
"Liyanage N",1,0,3
"Loftin CS",1,0,3
"Lopez BD",1,0,3
"Louppe V",1,0,3
"Lowen B",1,0,3
"Lowles AG",1,0,3
"Lu DG",1,0,3
"Luo GJ",1,0,3
"Luo WJ",2,0,3
"López CRG",1,0,3
"López-Ferrari AR",1,0,3
"López-Martínez JO",1,0,3
"Ma H",1,0,3
"Ma XY",2,0,3
"Ma YP",1,0,3
"Ma'moun S",1,0,3
"MacFadyen D",1,0,3
"Machado JO",1,0,3
"Machell J",1,0,3
"Maciel EA",1,0,3
"Maduna SN",1,0,3
"Makishima D",1,0,3
"Makunina NI",1,0,3
"Manalil S",1,0,3
"Manivasagam VS",1,0,3
"Manzanilla-Quijada GE",1,0,3
"Marková I",1,0,3
"Marrone F",1,0,3
"Marshall DS",1,1,3
"Marston CK",1,0,3
"Martin II",1,0,3
"Martinez-Martinez M",1,0,3
"Martins FB",1,0,3
"Martins MLL",1,0,3
"Martins-Ferreira MAC",1,0,3
"Martín MP",1,0,3
"Martínez-Cedeira J",1,0,3
"Marín-Ortiz JC",1,0,3
"Massalova V",1,0,3
"Masuya H",2,0,3
"Mata-Balderas JM",1,0,3
"Matin MM",1,1,3
"Matongera TN",1,0,3
"Matthews S",1,0,3
"Maugeri L",1,0,3
"May A",1,1,3
"May T",1,0,3
"Mazanaeva LF",2,0,3
"McDermott M",1,0,3
"McDowell S",1,0,3
"Mebarki T",1,0,3
"Mederbal KE",1,0,3
"Meeussen SEJ",1,0,3
"Mehmood T",1,0,3
"Mehmud S",1,0,3
"Mejia-Jurado E",1,0,3
"Menaa M",1,0,3
"Menon NN",1,0,3
"Mereu V",1,0,3
"Mestav B",1,0,3
"Metwally A",1,0,3
"Metzger B",1,0,3
"Meynecke JO",1,0,3
"Meza-Joya FL",1,0,3
"Miller KB",1,0,3
"Milne RI",1,0,3
"Mirando N",1,0,3
"Mirjalili MH",2,0,3
"Mishra O",1,0,3
"Mishra P",1,0,3
"Miththapala S",1,0,3
"Mkungo L",1,0,3
"Moens M",1,0,3
"Moghadam ZR",1,0,3
"Mon SM",1,0,3
"Monson AK",1,2,3
"Montefalcone M",1,0,3
"Montesanto F",1,0,3
"Moore RA",1,0,3
"Moradi M",1,0,3
"Morales-Delgado LM",1,0,3
"Morocoima A",1,0,3
"Mouillot D",1,0,3
"Moulton MP",2,0,3
"Mukhanbetkaliyev YY",1,0,3
"Muleta MG",1,0,3
"Murdock CC",1,0,3
"Murugasridevi K",1,0,3
"Muscarella C",1,0,3
"Mwaniki MW",1,0,3
"Mwungu CM",1,0,3
"Müller F",1,0,3
"NA'IEM M",1,1,3
"Nakbun S",1,0,3
"Nasrabadi R",1,2,3
"Nayak S",1,0,3
"Nelis L",1,0,3
"Neves D",1,0,3
"Ngigi MM",1,0,3
"Nguyen QH",1,3,3
"Nicholson KE",1,0,3
"Nichter A",1,0,3
"Nicolosi G",1,0,3
"Nippgen F",1,0,3
"Nizamani MM",1,0,3
"Noda R",1,0,3
"Norcross BL",1,0,3
"Novak L",1,0,3
"Novianto D",1,2,3
"Nyarko ES",1,0,3
"O'Hara KC",1,0,3
"Ofori-Boateng C",1,0,3
"Ogurtsov SS",2,0,3
"Oh HS",1,0,3
"Oki Y",2,0,3
"Okuda T",1,0,3
"Oliveira D",1,0,3
"Oprandi A",1,0,3
"Ortega-Andrade S",1,0,3
"Osborne WS",1,0,3
"Osorio-Murillo C",1,0,3
"Ostovan H",1,0,3
"Otero JT",1,0,3
"Ozenberger K",1,1,3
"Pacheco JCR",1,0,3
"Padilo LP",1,0,3
"Padovani C",1,0,3
"Paige GB",1,0,3
"Park SM",1,0,3
"Parrott L",1,0,3
"Partal N",1,0,3
"Passamani M",1,0,3
"Pathak A",1,0,3
"Pathak TR",1,0,3
"Patni B",1,0,3
"Paul-Gorsline C",1,0,3
"Pekmezci Z",1,0,3
"Pereira A",1,0,3
"Peruzzi L",1,0,3
"Peters M",1,0,3
"Peterson R",1,0,3
"Petit RJ",1,0,3
"Phewnil O",1,0,3
"Phinn SR",1,0,3
"Phung TB",1,3,3
"Piedrahita-Cortés J",1,0,3
"Pisarenko OY",1,0,3
"Plásek V",1,0,3
"Podshibyakin DV",1,0,3
"Polo JA",1,0,3
"Popova OM",1,0,3
"Powell LL",1,0,3
"Prasad P",1,0,3
"PRASETYO E",1,1,3
"Purohit VK",1,0,3
"Pérez-Lloréns JL",1,0,3
"Qi TH",1,0,3
"Qiao HB",1,0,3
"Raeisi A",1,0,3
"Rahi M",1,0,3
"Rajlaxmi A",1,0,3
"Raju HK",1,0,3
"Rakhimzhanov A",1,0,3
"Rakotondrina AJ",1,0,3
"Ramoni-Perazzi P",1,0,3
"Ramos A",1,0,3
"Ran HY",1,0,3
"Ranke PS",1,0,3
"Rathnayake U",1,0,3
"Ratnaweera N",1,0,3
"Ratnayaka AAW",1,0,3
"Ratsoavina FM",1,0,3
"Rau JR",1,0,3
"Ravi C",1,0,3
"Razafimanahaka HJ",1,0,3
"Reddy DS",1,0,3
"Reddy S",1,3,3
"Reeve AS",1,0,3
"Regos A",1,0,3
"Ren J",1,0,3
"Ren X",1,0,3
"Reyes-Lugo M",1,0,3
"Rigby E",1,0,3
"Riley J",1,1,3
"Ringsby TH",1,0,3
"Robinson AT",1,0,3
"Rocha RLA",1,1,3
"Rodrigues ESC",1,1,3
"Rodrigues FA",1,1,3
"Rodrigues PC",1,0,3
"Rodríguez-Echeverry J",1,0,3
"Romano CL",1,0,3
"Rosales-Enríquez O",2,0,3
"Rosalino LM",1,0,3
"Roy H",1,0,3
"Ruan XX",1,0,3
"Ruczynski I",1,0,3
"Rudik V",1,0,3
"Rus-Moreno JD",1,2,3
"Ruykys L",1,0,3
"Rwomushana I",1,0,3
"Saarinen J",1,0,3
"Sabah SC",1,0,3
"Saberi N",1,0,3
"Saberi SJ",1,0,3
"Sahin S",1,0,3
"Saikia PK",3,1,3
"Salazar S",1,0,3
"Salceda-Sánchez B",1,0,3
"Sales LP",1,0,3
"Sallum MAM",1,0,3
"Salomonsson E",1,0,3
"Samson R",1,0,3
"Sanabria-Fernández JA",1,0,3
"Santiago-Jiménez QJ",1,0,3
"Sarapatka B",1,0,3
"Sari I",2,0,3
"Sarre SD",1,0,3
"Sasaki T",1,0,3
"Sawyer SC",1,0,3
"Schmid SA",2,0,3
"Searle CL",1,0,3
"Segura-Trejo D",1,0,3
"Self H",1,0,3
"Selvi E",1,0,3
"Senel T",1,0,3
"Serra E",1,0,3
"Serrano SJ",1,2,3
"SETIAWAN F",1,1,3
"Shahir A",1,0,3
"Shan YX",1,0,3
"Shattuck AV",1,0,3
"Shen X",1,0,3
"Shenkar N",1,0,3
"Shepack A",1,0,3
"Shepard DB",1,0,3
"Shevtsov AB",1,0,3
"Shi JB",1,0,3
"Shi YC",1,0,3
"Shigematsu C",1,0,3
"Shimazaki M",1,0,3
"Shriram AN",1,0,3
"Shrivastava A",1,0,3
"Signorello G",1,0,3
"Sikdar D",1,0,3
"Silva SM",1,0,3
"Simbo D",1,0,3
"Singh HS",1,0,3
"Skeat SL",1,0,3
"Skrotzki J",1,0,3
"Smart A",1,0,3
"Smith AM",2,0,3
"Smith RL",1,0,3
"Smoczyk M",1,0,3
"Soler-Tovar D",1,0,3
"Soliman AM",1,0,3
"Soliman M",1,0,3
"Solotova NV",1,0,3
"Sonboli A",1,0,3
"Song CF",2,0,3
"Song XB",1,0,3
"Song ZL",1,0,3
"Southwell D",1,0,3
"Soviana S",1,2,3
"Spano D",1,0,3
"Stack SH",1,0,3
"Stansell Z",1,0,3
"Starkloff NC",1,0,3
"Stenseth NC",1,0,3
"Stikhareva T",1,0,3
"Stortini C",1,0,3
"Strelnikov II",1,0,3
"Stupina LV",1,0,3
"Su HX",1,0,3
"Su YJ",1,0,3
"Suarez-Contento KY",1,0,3
"Sun T",1,0,3
"Sunkur R",1,0,3
"Supriyono",1,2,3
"Sutoh R",1,0,3
"Suyama Y",1,0,3
"Suárez AM",1,0,3
"Symonds MRE",1,0,3
"Sytnik II",1,0,3
"Sánchez-Barradas A",1,0,3
"Sánchez-Sánchez L",1,1,3
"Taft JM",1,0,3
"Taniguchi H",1,0,3
"Tanneberger F",1,0,3
"Tanner AM",1,0,3
"Tao WK",1,0,3
"Teixeira IBD",1,0,3
"Telailia S",1,0,3
"Teles CB",1,0,3
"Telleria MT",1,0,3
"Thakur RR",1,0,3
"Thapa TB",2,0,3
"Thielen D",1,0,3
"Thompson CM",1,0,3
"Thudugala A",1,0,3
"Tineo-González E",1,0,3
"Tirira DG",1,1,3
"Tischhauser W",1,0,3
"Torhorst C",1,0,3
"Torii M",1,0,3
"Toroslu AM",1,0,3
"Torres RR",1,0,3
"Torres-Moreno N",1,0,3
"Torresani M",1,0,3
"Tran BQ",1,2,3
"Traxler RM",1,0,3
"Trudel M",1,0,3
"Trujillo AV",1,0,3
"Tucker JM",1,0,3
"Turnage G",2,0,3
"Turpin J",1,1,3
"Tuziak SM",1,0,3
"Tzeng HY",1,0,3
"Uchida K",1,0,3
"Valdez V",1,0,3
"Vargas-Larreta B",1,0,3
"Vasudevan K",1,1,3
"Vecchioni L",1,0,3
"Vegvari C",1,0,3
"Vehtari A",1,0,3
"Velasco-Rodríguez A",1,0,3
"Viezzer J",1,0,3
"Villablanca FX",1,0,3
"Vingada J",1,0,3
"Virzi T",1,3,3
"Voltura EV",1,0,3
"Vu L",1,3,3
"Wakjira FS",1,0,3
"Wan QC",1,0,3
"Wan ZT",1,0,3
"Wang HF",1,0,3
"Wang HJ",1,0,3
"Wang JQ",2,0,3
"Wang MR",1,0,3
"Wang T",2,0,3
"Whitehead H",2,0,3
"WIDIYATNO",1,1,3
"Widmer BW",1,0,3
"Wilkinson D",1,0,3
"Willink PW",1,0,3
"Willows-Munro S",1,0,3
"Wintle B",1,0,3
"Wisely SM",1,0,3
"Wist T",1,0,3
"Wong DTY",1,0,3
"Woo D",1,0,3
"Worku EA",1,0,3
"Wright D",1,0,3
"Wright W",1,0,3
"Wu BX",1,0,3
"Wu HB",1,0,3
"Wu XH",1,0,3
"Wu ZY",1,0,3
"Wyckhuys KAG",1,0,3
"Xiang Y",1,0,3
"Xie M",1,0,3
"Xie TH",1,0,3
"Ximenes E",1,0,3
"Xing HR",1,0,3
"Xing MW",1,0,3
"Xiong XF",1,0,3
"Xu BQ",1,0,3
"Xu GC",1,0,3
"Xu QZ",1,0,3
"Xu RX",1,0,3
"Xu SL",1,0,3
"Yadav BP",1,0,3
"Yan G",1,0,3
"Yan T",1,0,3
"Yan YJ",1,0,3
"Yang CL",2,0,3
"Yang FR",1,0,3
"Yang HJ",1,0,3
"Yang JC",1,0,3
"Yang JY",2,0,3
"Yang YC",2,0,3
"Yang YY",1,0,3
"Yao B",1,0,3
"Yildirim A",1,0,3
"Yimphrai N",1,0,3
"Ying ZM",1,0,3
"Yohe LR",1,3,3
"Yones M",1,0,3
"Youngpoy N",1,0,3
"Yu Q",2,0,3
"Yu WS",1,0,3
"Yuan PL",1,0,3
"Yue FJ",1,0,3
"Yue JB",1,0,3
"Zahiri R",1,0,3
"Zangaladze E",1,0,3
"Zeale MRK",1,1,3
"Zepeda-Gómez C",1,0,3
"Zhang G",1,0,3
"Zhang JM",1,0,3
"Zhang RM",1,0,3
"Zhang WQ",1,0,3
"Zhang XX",1,0,3
"Zhao HZ",1,0,3
"Zhao MX",1,0,3
"Zhao RN",1,0,3
"Zhao XJ",1,0,3
"Zheng LF",1,0,3
"Zheng Z",1,0,3
"Zhou GH",1,0,3
"Zhou K",1,0,3
"Zhou LJ",1,0,3
"Zhran M",1,0,3
"Zhu LH",1,0,3
"Zhu MH",1,0,3
"Zhu YZ",1,0,3
"Zingaro M",1,0,3
"Zmihorski M",1,0,3
"Özdilek SY",1,0,3
"Abay G",1,0,2
"Abernethy KA",1,0,2
"Abrahams M",1,0,2
"Abramson G",2,0,2
"Abwe EE",1,0,2
"Acosta M",1,1,2
"Adebayo A",1,0,2
"Adekunle TA",1,0,2
"Adetumbi M",1,0,2
"Adio A",1,0,2
"Adnan A",2,0,2
"Agboka KM",1,0,2
"Aghasi MJ",1,0,2
"Agrimi M",1,0,2
"Aguilar K",1,1,2
"Aguilar S",1,1,2
"Ahmed SR",1,0,2
"Aihara T",1,0,2
"Akanbi CO",1,0,2
"Akinwuntan JV",1,1,2
"Akriotis T",1,0,2
"Al-Bakre DA",2,0,2
"Alaba UO",1,0,2
"Ali Z",1,0,2
"Alishah O",1,0,2
"Allavena R",1,0,2
"Allen SA",1,1,2
"Allen T",1,0,2
"Allepuz A",1,0,2
"Almeida TS",1,0,2
"Aloui M",1,0,2
"Alsahli AA",1,0,2
"Alvarado-Avilés JC",1,0,2
"Alvarado-Díaz J",1,0,2
"Alvarez M",1,0,2
"Alves GD",1,0,2
"Alves MDO",1,0,2
"Amaladas P",1,0,2
"Ames-Martínez FN",1,0,2
"Amirahmadi A",1,1,2
"Anderson JT",1,0,2
"Andrino CO",1,0,2
"Andrés-Meza P",1,0,2
"Angwafo ET",1,0,2
"Annaratone B",1,0,2
"Anselmo L",2,0,2
"Antropov AV",1,0,2
"Anugrah N",2,0,2
"Anuja H",1,0,2
"Arasumani M",1,0,2
"Arede M",1,0,2
"Arias-Pineda JY",1,0,2
"Ariffin NAT",1,0,2
"Armendáriz I",1,1,2
"Artazkoz M",1,0,2
"Ashraf HA",1,0,2
"Ashrafi S",1,1,2
"Asiegbu FO",1,0,2
"Askaripour N",1,1,2
"Atuo F",1,0,2
"Auguste AJ",1,0,2
"Awan SN",1,0,2
"Azcona M",1,0,2
"Azeem A",1,0,2
"Azizi Z",1,0,2
"Babu R",1,0,2
"Bacon AM",1,0,2
"Badis M",1,0,2
"Baek KY",1,0,2
"Bagheri A",1,0,2
"Bai M",2,0,2
"Bai MY",1,0,2
"Bai WQ",1,0,2
"Balan M",1,0,2
"Balasko MK",1,0,2
"Ball JGC",1,0,2
"Ballard SR",1,0,2
"Ballwanz S",1,0,2
"Baptiste MP",1,0,2
"Barbosa LR",1,0,2
"Barbosa-Silva RG",1,0,2
"Barde J",1,0,2
"Baring R",1,0,2
"Barit JB",1,0,2
"Barlett TR",2,0,2
"Barrios A",1,0,2
"Bashari H",1,0,2
"Baso NC",1,0,2
"Baylis M",1,0,2
"Beltran-Alcrudo D",1,0,2
"Benamor N",1,0,2
"Benchana I",1,0,2
"Bendary HA",1,0,2
"Benfield CTO",1,0,2
"Bensahraoui M",1,0,2
"Beseh P",1,2,2
"Bewick S",1,0,2
"Bhardwaj R",1,0,2
"Bhardwaj SK",1,0,2
"Bhat MA",1,0,2
"Bhattacharjee S",1,0,2
"Bi JF",1,0,2
"Bialas JT",1,0,2
"Bilgiç HA",1,0,2
"Billington RA",1,0,2
"Binaday JW",1,1,2
"Bionda R",1,0,2
"Blitch W",1,0,2
"Boafo HA",1,2,2
"Bogart JP",1,1,2
"Bolling BG",1,0,2
"Bollinger M",1,0,2
"Bombieri G",1,0,2
"Bondada S",1,0,2
"Borges JCG",1,0,2
"Borna F",1,1,2
"Bownes A",1,0,2
"Boz B",1,0,2
"Bradfer-Lawrence T",1,0,2
"Brahmi MK",1,0,2
"Brichetti P",1,0,2
"Brierley L",1,0,2
"Brightsmith DJ",1,0,2
"Briseño-Reyes J",1,0,2
"Brown D",1,0,2
"Brunton EA",2,0,2
"Buchholz S",1,0,2
"Burg TM",1,0,2
"Burnett SE",2,0,2
"Butler C",1,0,2
"Byrne MJ",1,0,2
"Caballero-Díaz C",1,0,2
"Cabrales LDC",1,0,2
"Cai V",1,1,2
"Callahan WR",1,0,2
"Calvi G",1,0,2
"Calvo JF",1,0,2
"Camper B",1,0,2
"Camps GAE",1,0,2
"Cano J",1,0,2
"Canu DM",1,0,2
"Cao GN",1,0,2
"Cao SW",1,0,2
"Caprio E",2,0,2
"Carmichael RH",1,0,2
"Carmignani J",1,0,2
"Carr JT",1,0,2
"Carrera-Faja L",1,0,2
"Carstensen J",1,0,2
"Carvalho VL",1,0,2
"Casal J",1,0,2
"Castillo DSC",1,0,2
"Castillo-Vargasmachuca S",1,0,2
"Castle JR",1,0,2
"Cave RD",1,0,2
"Ceccarelli FS",1,0,2
"Chamberlain DE",1,0,2
"Chandranimal D",1,0,2
"Chang AY",1,0,2
"Chang SW",1,0,2
"ChangChien LW",1,0,2
"Chemello R",1,0,2
"Chen BB",1,0,2
"Chen WJ",1,0,2
"Chen XH",1,0,2
"Chenchouni H",1,0,2
"Cheng B",1,0,2
"Cheng HC",1,0,2
"Cheng L",1,0,2
"Cheng T",1,0,2
"Choi KF",1,0,2
"Chou SP",1,0,2
"Chouvardas D",1,0,2
"Christ AL",1,0,2
"Chudecka J",1,0,2
"Chukwudi CE",1,0,2
"Chérif AA",1,1,2
"Ciliberti P",2,0,2
"Cindi DD",1,0,2
"Cires E",1,0,2
"Claire M",1,0,2
"Clark DR",1,0,2
"Clemente CJ",1,0,2
"Clements O",1,0,2
"Cloyed CS",1,0,2
"Colmenares-Pinzón JE",1,0,2
"Conca G",1,0,2
"Connolly PG",1,0,2
"Conraths FJ",1,0,2
"Cork S",1,1,2
"Corradini P",1,0,2
"Corral-Rivas JJ",1,0,2
"Cortes AJ",1,0,2
"Crawford JA",1,0,2
"Crespí AL",1,1,2
"Cruz ABS",1,0,2
"Cui YD",1,0,2
"da Paixao GP",3,0,2
"Da SS",1,0,2
"Dacko N",1,0,2
"Dai WY",1,0,2
"Dai YX",1,0,2
"Dangelo RAC",1,0,2
"Daniel FM",1,0,2
"Daniels SR",1,0,2
"Das ML",1,0,2
"de Backer S",1,0,2
"de Barros EC",3,0,2
"De J",1,0,2
"de Jong H",1,0,2
"de la Cruz-Uc X",1,0,2
"de la Cueva AV",1,0,2
"De Marchi G",1,0,2
"de Melo HPS",1,0,2
"De RH",1,1,2
"De Telleria S",1,0,2
"de Vasconcelos MF",1,0,2
"Dearborn KD",1,1,2
"Deguenonvo TAG",1,0,2
"Deith M",1,0,2
"Del Rosario-Arellano J",1,0,2
"Del Rosario-Arellano JL",1,0,2
"dela Vega JMA",1,0,2
"Delea MG",1,0,2
"Demeter F",1,0,2
"Deng N",1,0,2
"Di Paolo F",1,0,2
"Dickson CR",1,0,2
"Diesmos AC",1,1,2
"Dikshit N",2,0,2
"Dildar Z",1,0,2
"Dimitrov D",1,0,2
"Ding JJ",2,0,2
"Ding ZB",1,0,2
"Direnzo GV",1,0,2
"Dissanayake RB",1,0,2
"Dixon DJ",1,0,2
"Dizon C",1,1,2
"do Sacramento JAAS",3,0,2
"Dobson SJ",1,0,2
"Dofuor AK",1,2,2
"Dogra KS",1,0,2
"Doncheva V",1,0,2
"Dong FX",1,0,2
"Dong RA",1,0,2
"Dong WY",1,0,2
"Donnelly CA",1,0,2
"Dorado O",1,0,2
"dos Santos F",1,0,2
"Dosumu AA",1,0,2
"Dowling A",1,0,2
"Dreslik MJ",1,0,2
"Driver SM",1,0,2
"Du T",1,0,2
"Du ZK",1,0,2
"Duan XY",1,0,2
"Dudgeon TW",1,0,2
"Dunn S",1,0,2
"Dunn TE",1,0,2
"Duringer P",1,0,2
"Dykstra E",1,1,2
"Dzhembekova N",1,0,2
"Díaz-Ochoa JA",1,0,2
"Early DA",1,0,2
"Easton EE",1,0,2
"Eckert SA",1,0,2
"Ediriweera A",1,0,2
"Edusei G",1,2,2
"Edwards PJ",1,0,2
"Eilu G",1,2,2
"Ekaratne K",1,0,2
"Elgin AK",1,0,2
"Elsayed KO",1,0,2
"Eneanya OA",1,0,2
"Enriquez-Rocha PL",1,0,2
"Espinosa-Calderón A",1,0,2
"Esther G",1,0,2
"Evans-White MA",1,0,2
"Evcin Ö",1,0,2
"Eversole CB",1,0,2
"Ezam M",1,0,2
"Fabricante JR",1,0,2
"Falconi-Briones FA",1,0,2
"Fang SZ",1,0,2
"Faraji A",1,1,2
"Farhadi Qomi M",1,0,2
"Fathipour Y",1,0,2
"Fayrer-Hosken R",1,0,2
"Fedoseeva EB",1,0,2
"Feng G",1,0,2
"Feng J",1,0,2
"Feng LY",1,0,2
"Fergus AJ",1,0,2
"Ferreira GDD",1,0,2
"Ferrin OOO",1,0,2
"Fianchini M",1,0,2
"Fichtler M",1,0,2
"Figueiredo FAMMD",1,0,2
"Fitzgerald NB",1,0,2
"Flueck WT",1,0,2
"Fogasová K",1,0,2
"Fotso R",1,0,2
"Fraser E",1,1,2
"Fraticelli F",1,0,2
"Fu QL",1,0,2
"Furqan M",1,0,2
"Furze S",1,0,2
"Fält P",1,0,2
"Gabriel-Véjar BL",1,0,2
"Gaitan J",1,0,2
"Galeano E",1,0,2
"Galindo-Tovar ME",1,0,2
"Galinou E",1,0,2
"Gandaho SM",1,0,2
"Gao C",1,0,2
"Gao M",2,0,2
"Gao P",1,0,2
"Garcia MJ",1,0,2
"Gardiner AJ",1,0,2
"Gardner MG",1,0,2
"Garg VK",1,0,2
"Garner TWJ",1,0,2
"Gasparin E",1,0,2
"Geronimo-Isidro F",1,0,2
"Gethmann JM",1,0,2
"Ghane-Ameleh S",1,0,2
"Gholami V",1,1,2
"Gidey T",1,0,2
"González-Chaves AD",1,0,2
"González-Elizondo MS",1,0,2
"González-Gallegos JG",1,0,2
"González-García V",1,0,2
"González-Rosas C",1,0,2
"Gopalakrishnan A",1,0,2
"Gouttevin I",1,0,2
"Gower CN",1,0,2
"Goyal SP",1,1,2
"Guagliardo SAJ",1,0,2
"Guardiola M",1,0,2
"Guerra A",1,0,2
"Gui WF",1,0,2
"Guillen JGI",1,0,2
"Guimapi RA",1,0,2
"Gunkel KGR",1,0,2
"Guo FY",1,0,2
"Guo J",1,0,2
"Guo JL",1,0,2
"Guo XH",1,0,2
"Guo Y",1,0,2
"Guo Z",1,0,2
"Gustin M",1,0,2
"Guzzi A",1,0,2
"Haché S",1,0,2
"Haidir I",1,0,2
"Hakkenberg CR",1,0,2
"Hambrick B",1,0,2
"Hamm KA",1,0,2
"Hamsher SE",1,0,2
"Han YF",1,0,2
"Hao MZ",1,0,2
"Hariharan S",1,0,2
"Harrer S",1,1,2
"Hauta-Kasari M",1,0,2
"Hay NM",1,1,2
"Hayes S",1,0,2
"He RY",1,0,2
"He YJ",1,0,2
"Heitmans WRB",1,0,2
"Helmanto H",2,0,2
"Henning J",1,0,2
"Hernández-Gallegos O",1,0,2
"Hernández-Jaramillo A",1,0,2
"Herrando-Moraira S",1,0,2
"Hesabi A",1,0,2
"Heve WK",1,2,2
"Hewitt A",1,0,2
"Hicks DW",1,0,2
"Hieb EE",1,0,2
"Hill M",1,0,2
"Hill MG",1,0,2
"Hilton J",1,0,2
"Hines HB",1,0,2
"Hoffmann D",1,0,2
"Hong S",1,0,2
"Honkaniemi J",1,0,2
"Hopkins DR",1,0,2
"Hou ZB",1,0,2
"Houard X",1,0,2
"Hu LB",1,0,2
"Hu XS",1,0,2
"Hu XX",1,0,2
"Huang G",1,0,2
"Hughes C",2,0,2
"Hung IK",1,0,2
"Hurlbert AH",1,0,2
"Hussainy AS",1,0,2
"Ibarra-Manríquez G",1,0,2
"Ibrahim SNA",1,0,2
"Irwin KJ",1,1,2
"Ishoro AP",1,0,2
"Iskandarrudin",2,0,2
"Ito K",1,0,2
"Iuri H",1,0,2
"Ivanova P",1,0,2
"Iwasawa S",1,1,2
"Jaca TP",1,0,2
"Jackson V",1,0,2
"Jafari M",1,0,2
"Jagiello Z",1,0,2
"Jan AT",1,0,2
"Jan SM",1,0,2
"Jana A",2,0,2
"Jangir DK",1,0,2
"Janni O",1,0,2
"Jansen R",1,1,2
"Javed M",1,0,2
"Jefwa JM",1,0,2
"Jesper AC",1,0,2
"Jewitt D",1,0,2
"Ji W",1,0,2
"Jiang GH",1,0,2
"Jiang LM",1,0,2
"Jiang RJ",3,0,2
"Jiang YS",1,0,2
"Jiménez-Franco MV",1,0,2
"Jing PF",1,0,2
"Johnson CA",1,0,2
"Jones BA",1,0,2
"Joseph K",1,0,2
"Joshi V",1,0,2
"Juma I",1,0,2
"Junttila S",1,0,2
"Kakudidi E",1,2,2
"Kalleci B",1,0,2
"Kanagaraj R",1,1,2
"Kanes D",1,0,2
"Karaaslan Ç",1,0,2
"Karaguzel D",1,0,2
"Karatassiou M",1,0,2
"Karremans AP",1,0,2
"Kasanen R",1,0,2
"Kassi JN",1,0,2
"Kavakli SA",1,1,2
"Kaviriri DK",1,0,2
"Kavur H",2,0,2
"Kazmierczak S",1,0,2
"Kees S",1,0,2
"Keller RP",1,1,2
"Kemp S",1,0,2
"Kenedy-Siqueira W",1,0,2
"Kerhoas D",1,0,2
"Khaliq A",1,0,2
"Khandve S",1,0,2
"Khanov Z",1,0,2
"Khapugin AA",1,0,2
"Kiacz S",1,0,2
"Kiel E",1,0,2
"Kil SH",2,0,2
"King JW",2,0,2
"Kirkpatrick JB",1,0,2
"Klorvuttimontara S",1,0,2
"Kock RA",1,0,2
"Koparde P",1,0,2
"Koupaei SS",1,0,2
"Krajewski L",1,0,2
"Kranz P",1,0,2
"Krishnaveny SMS",1,0,2
"Kross A",1,0,2
"Krämer A",1,0,2
"Kulhavy DL",1,0,2
"Kumar DS",1,0,2
"Kuzminsky E",1,0,2
"Laguna E",1,0,2
"Laguna MF",2,0,2
"Lamphear DW",1,0,2
"Landry Z",1,0,2
"Langlois A",1,0,2
"Languy M",1,0,2
"Lardelli R",1,0,2
"Larson C",1,0,2
"Laurito M",1,0,2
"Leandri F",1,0,2
"Leandro C",1,0,2
"Lee PF",1,0,2
"Leipold EA",1,0,2
"Lele A",1,0,2
"Lesage CL",1,0,2
"León-Ortega M",1,0,2
"León-Tapia MA",1,0,2
"Li CR",1,0,2
"Li G",1,0,2
"Li HY",1,0,2
"Li JG",1,0,2
"Li JN",1,0,2
"Li WQ",1,0,2
"Li YP",1,0,2
"Liao JH",1,1,2
"Liao K",1,0,2
"Liao ZQ",1,0,2
"Lima-Santos D",1,0,2
"Lin CF",1,0,2
"Lin DL",1,0,2
"Lin RS",1,0,2
"Lin YH",1,0,2
"Lin YL",1,0,2
"Linton JE",1,1,2
"Lipinska MM",1,0,2
"Little IT",1,1,2
"Liu A",1,0,2
"Liu DD",1,0,2
"Liu N",1,0,2
"Liu R",1,0,2
"Liu TY",1,0,2
"Liu XD",1,0,2
"Lochan R",1,0,2
"Logan DP",1,0,2
"Long RJ",1,0,2
"Lorieul T",1,0,2
"Loto D",1,0,2
"Lu P",1,0,2
"Lubbers KE",1,0,2
"Luke ST",1,0,2
"Luo HB",1,0,2
"Luo X",1,0,2
"Luo YX",1,0,2
"Lysak MA",1,0,2
"Lysko A",1,0,2
"López K",1,0,2
"López-Angulo J",1,0,2
"López-Favela JD",1,0,2
"López-Hernández NA",1,0,2
"López-Serrano PM",1,0,2
"Lühken R",1,0,2
"Ma FF",1,0,2
"Ma GY",1,0,2
"Ma JH",1,0,2
"Macabago SAB",1,0,2
"Macartney KJ",1,0,2
"MacLean DA",1,0,2
"MacLeod ET",1,0,2
"Madden M",1,0,2
"Maestro IA",1,0,2
"Magoulick DD",1,0,2
"Maher BJ",1,0,2
"Mahore V",1,0,2
"Maisels F",1,0,2
"Majaliwa G",1,2,2
"Mak S",1,1,2
"Malagon D",1,0,2
"Mamat Z",1,0,2
"Manalo R",1,1,2
"Manghi E",1,0,2
"Manica LT",1,1,2
"Manickavasagam M",1,0,2
"Mao DH",1,0,2
"Mao LH",1,0,2
"Mapuru M",1,0,2
"Marciniuk J",1,0,2
"Marciniuk P",1,0,2
"Marcon AK",1,0,2
"Marte J",1,1,2
"Martin G",2,0,2
"Martineau C",1,0,2
"Martinelli L",1,0,2
"Martinoli M",1,0,2
"Martins RP",1,0,2
"Martins WP",2,0,2
"Martín ME",1,0,2
"Martínez IFB",1,0,2
"Martínez JE",1,0,2
"Martínez-Herrera DI",1,0,2
"Martínez-Solano I",1,0,2
"Mathan M",1,0,2
"Mattingly HT",1,1,2
"Mattoni CI",1,0,2
"Matura R",1,1,2
"Maurino L",1,0,2
"Mazepa GO",1,0,2
"Mbuta DM",1,0,2
"Mcdonald TL",1,0,2
"McFadden JE",1,0,2
"McKechnie AE",1,1,2
"McLeod LJT",1,0,2
"McMillan JR",1,0,2
"McNew L",1,0,2
"Medellin RA",1,0,2
"Medini-Bouaziz L",1,0,2
"Meftuh A",1,0,2
"Mehling CM",1,0,2
"Meirelles ACO",1,0,2
"Mejía-Carranza J",1,0,2
"Merino-Valdes M",1,0,2
"Messick J",1,0,2
"Meyer AS",1,0,2
"Meza MT",1,0,2
"Mezina NS",1,0,2
"Michael KH",1,0,2
"Mickaël H",1,0,2
"Milisenda G",1,0,2
"Mishra AK",1,0,2
"Mitchel L",1,0,2
"Moazzeni H",1,0,2
"Moctezuma V",1,0,2
"Moehlman PD",1,0,2
"Mohd-Azlan J",1,0,2
"Monjeau A",2,0,2
"Monjeau AJ",1,0,2
"Montesano PM",1,0,2
"Moon Y",1,0,2
"Moore EK",1,0,2
"Morales-Martínez DM",1,0,2
"Morand G",1,0,2
"Moreira-Ramírez JF",1,0,2
"Moreno CE",1,0,2
"Moreno-Contreras I",1,0,2
"Morgan BJ",1,0,2
"Morshed M",1,1,2
"Mould-Quevedo J",1,0,2
"Mousavi SA",1,0,2
"Mu L",1,0,2
"Mugica L",1,1,2
"Mulder J",1,0,2
"Muller JA",1,0,2
"Mummenhoff K",1,0,2
"Murguía-González J",1,0,2
"Mynott H",1,0,2
"Mériguet B",1,0,2
"N'Guessan AE",1,0,2
"Nabe-Nielsen J",1,0,2
"Naderi R",1,1,2
"Naeimi M",1,0,2
"Nair MC",1,0,2
"Nakajima JN",1,0,2
"Nakao K",1,0,2
"Nakauchi S",1,0,2
"Napitu RS",2,0,2
"Naranjo EJ",1,0,2
"Natta AK",1,0,2
"Ndjomatchoua FT",1,0,2
"Neave E",1,0,2
"Neffar S",1,0,2
"Negi M",1,0,2
"Negussie A",1,0,2
"Netshanzhe MW",1,0,2
"Neupane RC",1,0,2
"Nguyen AT",2,0,2
"Nguyen BD",1,0,2
"Nguyen HH",3,0,2
"Nguyen TMH",1,0,2
"Nieves VA",3,1,2
"Ninsin KD",1,2,2
"Niu Z",1,0,2
"Niu ZJ",1,0,2
"Noormohammadi Z",1,0,2
"Normande IC",1,0,2
"Norris DR",1,1,2
"North AC",1,0,2
"Nottingham AC",1,0,2
"Nualart N",1,0,2
"Nyssen J",1,0,2
"O'Brien RSM",1,0,2
"O'Dell N",1,0,2
"Ocenar-Bautista CE",1,0,2
"Ochoa JA",1,0,2
"Ogundoyin IK",1,0,2
"Ogurlu I",1,0,2
"Olalla-Tárraga MA",1,0,2
"Olalubi O",1,0,2
"Olayinka-Olagunju J",1,0,2
"Oliver PM",1,0,2
"Olonova MV",1,0,2
"Olson JB",1,0,2
"Ornosa C",1,0,2
"Oslisly R",1,0,2
"Pablo-Cea JD",1,0,2
"Palummo V",1,0,2
"Pan QQ",1,0,2
"Pan RY",1,0,2
"Pang DD",1,0,2
"Pankratz RF",1,0,2
"Parrini F",1,0,2
"Patole-Edoumba É",1,0,2
"Paulson AK",1,0,2
"Peng LQ",1,1,2
"Peng XB",1,0,2
"Perera LV",1,0,2
"Perera SJ",1,0,2
"Perera WPN",1,0,2
"Peri PL",1,0,2
"Petit D",1,0,2
"Pietersen DW",1,1,2
"Pike DA",1,1,2
"Pipitone C",1,0,2
"Pirani A",1,0,2
"Pita FM",1,0,2
"Pohshna C",1,0,2
"Polo-Cavia N",1,0,2
"Ponche JL",1,0,2
"Popiela AA",1,0,2
"Popov I",1,0,2
"Powell JA",1,0,2
"Powell L",1,0,2
"Powell LA",1,0,2
"Prater C",1,0,2
"Predit MA",1,1,2
"Prescott VA",1,1,2
"Presotto A",1,0,2
"Prieto-Amparán JA",1,0,2
"Prins E",1,0,2
"Pryer KM",1,1,2
"Pu TY",1,0,2
"Puglisi L",1,0,2
"Pulido-Santacruz P",1,0,2
"Purcell E",1,0,2
"Pérez-Prieto D",1,0,2
"Qadir A",1,0,2
"Qadir RY",1,0,2
"Qayyum S",1,0,2
"Qiang B",1,0,2
"Qing HF",1,1,2
"Qiu JH",1,0,2
"Qiu L",1,0,2
"Quinones RM",1,0,2
"Quispe-Melgar HR",1,0,2
"Raev Y",1,0,2
"Ragkos A",1,0,2
"Rahman ZU",1,0,2
"Rahmat UM",2,0,2
"Rajasekaran A",1,0,2
"Rajesh K",1,0,2
"Rajesh KP",1,0,2
"Ramesh C",1,0,2
"Ramp D",1,0,2
"Ramírez-Chaves HE",1,0,2
"Ramírez-Ponce A",1,0,2
"Ran X",1,0,2
"Rastelli M",1,0,2
"Realpe E",1,0,2
"Ren SC",1,0,2
"Reshi ZA",1,0,2
"Retta AN",1,0,2
"Reyes-Moya I",1,0,2
"Reynolds C",1,0,2
"Richard J",1,0,2
"Richards RL",1,0,2
"Ricklefs RE",1,0,2
"Ritter MR",1,0,2
"Rivadeneira CD",1,0,2
"Robin VV",1,0,2
"Robla J",1,0,2
"Rodger AW",1,0,2
"Rodríguez RR",1,0,2
"Rodríguez-Ramírez EC",1,0,2
"Rodríguez-Ruíz ER",1,0,2
"Rodríguez-Tapia G",1,0,2
"Rogers JB",1,0,2
"Romero IC",1,0,2
"Rosero A",1,0,2
"Rosero-Alpala MG",1,0,2
"Rosman B",1,0,2
"Rosso A",1,0,2
"Roussos PA",1,0,2
"Rouyer T",1,0,2
"Roy AH",1,0,2
"Ruacho-González L",1,0,2
"Rueda M",1,0,2
"Ruiz-Gomez MD",1,0,2
"Ruser N",1,0,2
"Rysbekova A",1,0,2
"Saintilan N",1,0,2
"Sajid MA",1,0,2
"Sakthivel RS",1,1,2
"Salam N",1,0,2
"Salgado-Negret B",1,0,2
"Samuels JX",1,0,2
"Sanders MG",1,0,2
"Sandoval L",1,0,2
"Santos DP",1,0,2
"Santos ED",2,0,2
"Sara SM",1,0,2
"Sawyerr H",1,0,2
"Sayavongkhamdy T",1,0,2
"Schacht WH",1,0,2
"Schalk CM",1,0,2
"Schouten MA",1,0,2
"Scott NA",1,0,2
"Selim YA",1,0,2
"Selmes N",1,0,2
"Serranito B",1,0,2
"Seyahooei MA",1,0,2
"Shaban S",1,0,2
"Shackelford LL",1,0,2
"Shah SA",1,0,2
"Shah TA",1,0,2
"Shaheen H",1,0,2
"Shahid S",1,0,2
"Shahzad MM",1,0,2
"Shana SS",1,0,2
"Shang XL",1,0,2
"Sharma DK",1,0,2
"Sharma RP",1,0,2
"Sheidai M",2,0,2
"Sheikhzadeh A",1,0,2
"Shekhar S",1,0,2
"Shen J",1,0,2
"Shen SX",1,0,2
"Sherman LB",1,0,2
"Shi XH",1,0,2
"Shi YY",1,0,2
"Shin W",1,1,2
"Shiposha VD",1,0,2
"Shirley MH",1,0,2
"Shuai BY",1,0,2
"Sichanthongtip P",1,0,2
"Siddiolo C",1,0,2
"Sidhu HK",1,0,2
"Siemens AL",1,1,2
"Sierra-Macías M",1,0,2
"Simao J",1,0,2
"Siminski A",1,0,2
"Simms C",1,0,2
"Singh HC",1,0,2
"Singh LA",1,0,2
"Singh N",1,0,2
"Singh VP",2,0,2
"Sivaraj N",3,0,2
"Skrzyczynska J",1,0,2
"Slade E",1,0,2
"Slankard K",1,0,2
"Slätis J",1,0,2
"Smit N",1,0,2
"Smith T",1,0,2
"Smith-Flueck JAM",1,0,2
"Sobakin FED",1,0,2
"Sode AI",1,1,2
"Sodedja R",1,0,2
"Sogbohossou EA",1,0,2
"Sokame BM",1,0,2
"Solomon M",1,0,2
"Solórzano A",1,0,2
"Song B",1,0,2
"Song X",1,0,2
"Song Y",2,1,2
"Song ZM",1,0,2
"Sosa AJ",1,0,2
"Sovie AR",1,0,2
"Spina F",1,0,2
"Sreejith KA",1,1,2
"Sreekumar VB",1,1,2
"Srikanthan P",1,0,2
"Stahl LM",1,0,2
"Staubach C",1,0,2
"Steffenhagen P",1,0,2
"Stein M",1,0,2
"Stergiou A",1,0,2
"Stevenson M",1,0,2
"Strager MP",2,0,2
"Su D",1,0,2
"Su H",1,0,2
"Subrahmanyam S",1,0,2
"Sumbul G",1,0,2
"Sumithra TG",1,0,2
"Sun CY",1,0,2
"Sun LL",1,0,2
"Sun M",1,0,2
"Sun QY",1,0,2
"Sun WN",1,0,2
"Suresh PCS",1,0,2
"Suthar AR",1,0,2
"Suárez-Castro AF",1,0,2
"Swanepoel CM",1,0,2
"Swanepoel LH",1,0,2
"Swartz BI",1,0,2
"Sylvain G",1,0,2
"Sánchez-González LA",1,0,2
"Sánchez-Montes G",1,0,2
"Sánchez-Restrepo AF",1,0,2
"Sánchez-Sánchez H",1,0,2
"Tadeo-Robledo M",1,0,2
"Takemoto RM",1,0,2
"Taku AI",1,0,2
"Talarico L",1,0,2
"Tan BC",1,0,2
"Tan SL",1,0,2
"Tancioni L",1,0,2
"Tang JM",1,0,2
"Tang QZ",1,0,2
"Taonda A",1,0,2
"Tarhouni M",1,0,2
"Tatian M",1,1,2
"Taube PS",3,0,2
"Taylor SJS",1,0,2
"Tchindebet PO",1,0,2
"Tefera AS",1,0,2
"Teich I",1,0,2
"Teng J",1,0,2
"Teng ZH",1,0,2
"Teo CH",1,0,2
"Tesfai RT",1,0,2
"Theodorou K",1,0,2
"Thibaud D",1,0,2
"Thompson JA",1,0,2
"Thompson LJ",1,0,2
"Thulasi R",1,0,2
"Tian YX",1,0,2
"Timm H",1,0,2
"Tinarelli R",1,0,2
"Tizón MF",1,0,2
"Tobin BW",1,0,2
"Tobólka M",1,0,2
"Tomcho A",1,0,2
"Tominaga A",1,1,2
"Tonczyk G",1,0,2
"Torres DB",1,0,2
"Torres-Barranca JI",1,0,2
"Traoré ICE",1,0,2
"Trites AW",1,0,2
"Trucíos-Caciano R",1,0,2
"Truebano M",1,0,2
"Tsai JS",1,0,2
"Tsetagho G",1,0,2
"Tubbs SE",1,0,2
"Tumpeesuwan C",1,0,2
"Tumpeesuwan S",1,0,2
"Turner SE",1,0,2
"Unger DR",1,0,2
"Unterwegner K",1,0,2
"Urbina-Cardona N",1,0,2
"Valdés-Manzanilla A",1,0,2
"Valencia JB",1,0,2
"van Wijk RE",1,0,2
"Vanalli C",1,0,2
"Vargas P",1,0,2
"Venegas-Barrera CS",1,0,2
"Verutes GM",1,0,2
"Verweij PA",1,0,2
"Villagómez-Cortés JA",1,0,2
"Villanueva HZ",1,0,2
"Virgilio LR",1,0,2
"Vishnudas CK",1,0,2
"Vysokikh TS",1,0,2
"Vázquez-Luna D",1,0,2
"Wagh VV",1,0,2
"Wairokpam B",1,0,2
"Walker P",1,0,2
"Waltert M",1,0,2
"Wang DH",1,0,2
"Wang FQ",1,0,2
"Wang HZ",1,0,2
"Wang JC",1,0,2
"Wang KJ",1,0,2
"Wang XM",1,0,2
"Watson K",1,0,2
"Watteyn C",1,0,2
"Wei YH",1,0,2
"Weiss A",1,0,2
"Wells WG",1,1,2
"Wen QZ",1,0,2
"Weng H",1,0,2
"Westaway K",1,0,2
"Whinam J",1,0,2
"Whitenack LE",1,0,2
"Whytock RC",1,0,2
"Widyastuti S",2,0,2
"Wiegand T",1,1,2
"Wilfried T",1,0,2
"Wilkinson JW",1,0,2
"Williams LK",1,0,2
"Williams PJ",1,0,2
"Windham MD",1,1,2
"Wolfe J",1,0,2
"Wood F",1,0,2
"Woznicki SA",1,0,2
"Wright JM",1,0,2
"Wu JJ",1,0,2
"Wu YT",1,0,2
"Wu ZN",1,0,2
"Xiao C",1,0,2
"Xie JY",1,0,2
"Xing LY",1,0,2
"Xu AC",1,0,2
"Xu D",2,0,2
"Xu WJ",1,0,2
"Xulu S",1,0,2
"Yahuza T",1,0,2
"Yan FL",1,0,2
"Yang BY",1,0,2
"Yang G",1,0,2
"Yang HY",1,0,2
"Yang WX",1,0,2
"Yang X",2,0,2
"Yao J",1,0,2
"Ye ZY",1,0,2
"Yi KY",1,0,2
"Yin GJ",1,0,2
"Yin XJ",1,0,2
"Younous YA",1,0,2
"Yu BB",1,0,2
"Yuan D",1,0,2
"Yuan XJ",1,0,2
"Yue CR",1,0,2
"Yun J",2,1,2
"Yvan C",1,0,2
"Zachwieja AJ",1,0,2
"Zaheri A",1,1,2
"Zaitsev A",1,0,2
"Zangi IU",1,0,2
"Zannetos SP",1,0,2
"Zarrintab M",1,0,2
"Zawadzka J",1,0,2
"Zenbilci M",1,0,2
"Zeratsion BT",1,0,2
"Zerbo I",1,0,2
"Zevgolis YG",1,0,2
"Zhang GW",1,0,2
"Zhang JF",1,0,2
"Zhang JJ",1,0,2
"Zhang JY",2,0,2
"Zhang LZ",1,0,2
"Zhang ZC",1,0,2
"Zhao BX",1,0,2
"Zhao JH",1,0,2
"Zhao LC",1,0,2
"Zhao SS",1,0,2
"Zhao XD",1,0,2
"Zhao ZK",1,1,2
"Zheltukhin AS",1,0,2
"Zheng JN",1,0,2
"Zheng M",1,0,2
"Zheng WC",1,0,2
"Zhong CL",1,0,2
"Zhong H",1,0,2
"Zhou CL",1,0,2
"Zhou LZ",1,0,2
"Zhou X",1,0,2
"Zhou ZJ",1,0,2
"Zhu JX",1,0,2
"Zhu KY",1,0,2
"Zhu QD",1,0,2
"Zhu XD",1,0,2
"Zou YP",1,0,2
"Zugasti-Mateos A",1,0,2
"Zuliani ME",1,0,2
"Ünal Y",1,0,2
"Abbas M",1,0,1
"Abd El-Razek A",1,0,1
"Abdi N",1,0,1
"Abe T",1,0,1
"Abebe M",1,0,1
"Abebe T",1,0,1
"Abraham GA",1,0,1
"Abtin E",1,0,1
"Abuhay ZT",1,0,1
"Acanski J",1,0,1
"Ackerman JD",2,0,1
"Acosta MC",1,0,1
"Adaime R",1,0,1
"Adeniji AE",1,0,1
"Aderek EM",1,0,1
"Agbetiameh D",1,0,1
"Agbo RI",1,0,1
"Ahamidé B",1,0,1
"Ahmad M",1,0,1
"Ahmad MH",1,0,1
"Ahmed EA",1,0,1
"Ahmer I",1,0,1
"Aidoo KAS",1,0,1
"Aikins B",1,0,1
"Ajder V",1,0,1
"Ajikah LB",1,0,1
"Akwaji PI",1,0,1
"Al-ashaal SA",2,0,1
"Al-Marahleh M",1,0,1
"Al-Sodany YM",2,0,1
"Alda P",1,0,1
"Aldwekat AFM",1,0,1
"Alemu S",1,0,1
"Alfatat A",1,0,1
"Alfonso YU",1,0,1
"Alfonzetti MA",1,0,1
"Ali AH",1,0,1
"Ali AM",1,0,1
"Alkhalaf AA",1,0,1
"Allcock AL",1,0,1
"Alleaume S",1,0,1
"Almeida DD",1,0,1
"Almejo-Ramos M",1,0,1
"Alou LPA",1,0,1
"Alshamlih M",1,0,1
"Alvarenga CD",1,0,1
"Alves JC",1,0,1
"Alves MM",1,0,1
"Alza L",1,0,1
"Ambekar M",1,0,1
"Amini T",1,0,1
"Amroun M",1,0,1
"Anantaprayoon N",1,0,1
"Anderson VJ",1,0,1
"Andrade-Núñez MJ",1,0,1
"Angulo OPC",1,0,1
"Anjita NA",1,0,1
"Ansari A",1,0,1
"Antolin-Barberena FFV",1,0,1
"Antonelli G",1,0,1
"Aranha J",1,0,1
"Araujo EL",1,0,1
"Arciniegas A",1,0,1
"Ardon DA",1,0,1
"Aristarkhova EA",1,0,1
"Arsanukaev DD",1,0,1
"Arun PR",1,0,1
"Arya AK",1,0,1
"Arévalo JR",1,0,1
"Ashton-Butt A",1,0,1
"Asin J",1,0,1
"Asnaghi V",1,0,1
"Assi SB",1,0,1
"Atkinson PW",1,0,1
"Atmaja MB",1,0,1
"Augustin AF",1,0,1
"Awuah RT",1,0,1
"Aykurt C",1,0,1
"Ayling M",1,0,1
"Ayoola JO",1,0,1
"Azhbenov V",1,0,1
"Babin CH",1,0,1
"Babu S",1,0,1
"Bachan KHA",1,0,1
"Baddeley A",1,0,1
"Badje AF",1,0,1
"Bahadur KCR",1,0,1
"Bahn V",1,0,1
"Baibussenov K",1,0,1
"Baishnab B",1,0,1
"Bakaloudis DE",1,0,1
"Balaguera-Reina SA",1,0,1
"Balogh V",1,0,1
"Banerjee B",1,0,1
"Banik B",1,0,1
"Bao AM",1,0,1
"Bao ZY",1,0,1
"Baral N",1,0,1
"Barnes KW",1,0,1
"Barreto S",1,0,1
"Barrio J",1,0,1
"Bartnicki J",1,0,1
"Bastidas W",1,0,1
"Batista-Silva VF",1,0,1
"Bazarov B",1,0,1
"Bazzato E",1,0,1
"Beaudoin A",1,0,1
"Bebber DP",1,0,1
"Bedair HM",1,0,1
"Bekbayeva A",1,0,1
"Bell CD",1,0,1
"Ben-Ami D",1,0,1
"Benathar IDC",1,0,1
"Benedetti F",1,0,1
"Benítez-Benítez C",1,0,1
"Berecha G",1,0,1
"Bertoncin APD",1,0,1
"Bertrand JAM",1,0,1
"Betiol TCC",1,0,1
"Beyerle U",1,0,1
"Bhat SS",1,0,1
"Bhatnagar P",1,0,1
"Bhatt D",1,0,1
"Bhavan SG",1,0,1
"Bhupathy S",1,0,1
"Bi HJ",1,0,1
"Bianchi FM",1,0,1
"Bijl H",1,0,1
"Bijleveld AI",1,0,1
"Billeter S",1,0,1
"Bilton DT",1,0,1
"Birhanie M",1,0,1
"Bischoff KE",1,0,1
"Bittau L",1,0,1
"Blankenship SR",1,0,1
"Bliss DA",1,0,1
"Boas F",1,0,1
"Bogner K",1,0,1
"Bolaños-Carriel C",1,0,1
"Boldrocchi G",1,0,1
"Bolte ME",1,0,1
"Bonaglia A",1,0,1
"Bonasora MG",1,0,1
"Bonebrake TC",1,0,1
"Bonilla-Liberato ED",1,0,1
"Bonilla-Sánchez A",1,0,1
"Bonner TH",1,0,1
"Borges J",1,0,1
"Borgmeier A",1,0,1
"Bosiacka B",1,0,1
"Bouska KL",1,0,1
"Brandt J",1,0,1
"Bravo GA",1,0,1
"Brehob MM",1,0,1
"Briseño RIA",1,0,1
"Brito SV",1,0,1
"Brown K",1,0,1
"Brown W",1,0,1
"Bruni G",1,0,1
"Buchheister A",1,0,1
"Budi T",1,0,1
"Burdon MG",1,0,1
"Buxbaum KR",1,0,1
"Cabral JA",1,0,1
"Caddah MK",1,0,1
"Cain B",1,0,1
"Camara S",1,0,1
"Cameron RW",1,0,1
"Campbell KS",1,0,1
"Campelo BRM",1,0,1
"Campera M",1,0,1
"Canales-Delgadillo J",1,0,1
"Canassa NF",1,0,1
"Cao WZ",1,0,1
"Carrasco A",1,0,1
"Carrera HO",1,1,1
"Carvalho J",1,0,1
"Carvalho R",1,0,1
"Castellan G",1,0,1
"Castillo A",1,0,1
"Castro-Luna AA",1,0,1
"Cedillo H",1,0,1
"Chagaris D",1,0,1
"Chai SX",1,0,1
"Chaiyes A",1,0,1
"Chakurkar EB",1,0,1
"Chang Y",1,0,1
"Changruenngam T",1,0,1
"Charafi J",1,0,1
"Charoo SA",1,0,1
"Chavez D",1,0,1
"Chen CC",1,0,1
"Chen HT",1,0,1
"Chen JL",1,0,1
"Chen JR",1,0,1
"Chen JY",1,0,1
"Chen N",1,0,1
"Chen YC",1,0,1
"Cheng JZ",1,0,1
"Cheng W",1,0,1
"Cheng Y",1,0,1
"Cheng ZJ",1,0,1
"Chepkirui P",1,0,1
"Chiantore M",1,0,1
"Chiapero AL",1,0,1
"Chiarini F",1,0,1
"Chiawo D",1,0,1
"Chikerema S",1,0,1
"Chistopolova MD",1,0,1
"Cho KM",1,0,1
"Choi KH",1,0,1
"Choi SK",1,0,1
"Choudhury H",1,0,1
"Cipollini C",1,0,1
"Cisneros-Hernández J",1,0,1
"Clerc C",1,0,1
"Cocco A",1,0,1
"Collette N",1,0,1
"Comas LH",1,0,1
"Contardo J",1,0,1
"Conticelli M",1,0,1
"Coppari L",1,0,1
"Correa SB",1,0,1
"Cotera-Correa M",1,0,1
"Cox RD",1,0,1
"Craig CA",1,0,1
"Crozier GE",1,0,1
"Csurhes S",1,0,1
"Csányi S",1,0,1
"Cuellar WJ",1,0,1
"Cui L",1,0,1
"Cunningham CX",1,0,1
"da Cunha IAL",1,0,1
"da Silva-Luz AL",1,0,1
"Dai L",2,0,1
"Dai RL",1,0,1
"Dakki M",1,0,1
"Dangbenon E",1,0,1
"Das M",1,0,1
"Das P",1,0,1
"Dash P",1,0,1
"Day J",1,0,1
"Dayama WF",1,0,1
"de Albentiis M",1,0,1
"de Amo VE",1,0,1
"De Angelis D",1,0,1
"de Araujo MD",1,0,1
"de Freitas DR",2,0,1
"de Haan S",1,0,1
"De Jager NR",1,0,1
"de Jesus CR",1,0,1
"de la Barra P",1,0,1
"de Lima DB",1,0,1
"de Lucena VA",1,0,1
"de Medeiros AP",1,0,1
"de Oliveira AG",1,0,1
"de Oliveira DH",1,0,1
"de Oliveira F",1,0,1
"de Oliveira TG",1,0,1
"de Oliveira XM",1,0,1
"de Sousa AN",1,0,1
"de Souza HDD",1,0,1
"de Souza JMF",1,0,1
"de Souza MBN",1,0,1
"de Sá MC",1,0,1
"Debusschere E",1,0,1
"Defossez ATM",1,0,1
"del Carro KB",1,0,1
"Delaquis E",1,0,1
"Delorme-Hinoux V",1,0,1
"Demirozer O",1,0,1
"Demirtas S",1,0,1
"Deomurari A",1,0,1
"DeSantis LRG",1,0,1
"Devika MA",1,0,1
"DeWinter S",2,0,1
"Dheer A",1,0,1
"Dheeravathu SN",1,0,1
"Di Giovanna F",1,0,1
"di Toro F",1,0,1
"Dietenberger S",1,0,1
"Dilnoza N",1,0,1
"Ding XQ",1,0,1
"Diniz LP",1,0,1
"Diniz MF",1,0,1
"Diogo I",1,0,1
"Dires G",1,0,1
"Djego GJ",1,0,1
"Djego-Djossou S",1,0,1
"do Carmo SVB",1,0,1
"do Couto EV",1,0,1
"do Nascimento FO",1,0,1
"do Nascimento JM",1,0,1
"Dominguez-Carrió C",1,0,1
"Don S",1,0,1
"Dong J",1,0,1
"Dong XQ",1,0,1
"dos Anjos-Souza MF",1,0,1
"dos Reis DM",2,0,1
"dos Santos JCB",1,0,1
"Doser JW",1,0,1
"Dronova NA",1,0,1
"Du P",1,0,1
"Du YZ",1,0,1
"Duan F",1,0,1
"Duan JP",1,0,1
"DuBien JL",1,0,1
"Dubois C",1,0,1
"Duengkae P",1,0,1
"Dullinger S",1,0,1
"Durska A",1,0,1
"Dutta S",1,0,1
"Díaz JAG",1,0,1
"Díaz JS",1,0,1
"Ebling AA",1,0,1
"Ebrahimzadeh E",1,0,1
"Egg S",1,0,1
"Ejidike BN",1,0,1
"Ejtehadi H",2,0,1
"El Fallah K",1,0,1
"El Kettabi Z",1,0,1
"El-Ela AAHA",1,0,1
"Elizondo UH",1,0,1
"Ellwood E",1,0,1
"Emami-Khoyi A",1,0,1
"Emshwiller E",1,0,1
"Ennakri M",1,0,1
"Erfani M",1,0,1
"Escudero M",1,0,1
"Estournel C",1,0,1
"Everaert G",1,0,1
"Eyasu G",1,0,1
"Faizi H",2,0,1
"Falcón W",1,0,1
"Fan GC",1,0,1
"Fan JX",1,0,1
"Fang S",1,0,1
"Farahi A",1,0,1
"Farina L",1,0,1
"Farooq S",1,0,1
"Faustino RA",1,0,1
"Feijó A",1,0,1
"Feitosa RMP",1,0,1
"Feld CK",1,0,1
"Fenchuk V",1,0,1
"Feng CT",1,0,1
"Fernandes TF",1,0,1
"Fernandez-Prada C",1,0,1
"Fernández-Salas LM",1,0,1
"Ferreira GB",1,0,1
"Ferreira JHD",1,0,1
"Ferreira VG",1,0,1
"Ferreira-Krüger R",1,0,1
"Ferrer-Sanchez Y",1,0,1
"Fisher ML",1,0,1
"Floris I",1,0,1
"Fomekong-Lontch J",1,0,1
"Fontanesi E",1,0,1
"Fox-Rosales LA",1,0,1
"Freile JF",1,0,1
"Freitas I",1,0,1
"Fricke KA",1,0,1
"Fritas S",1,0,1
"Fryett ER",1,0,1
"Fu SC",1,0,1
"Fux B",1,0,1
"Gagliardi BL",1,0,1
"Gaino F",1,0,1
"Galindo-González J",1,0,1
"Gallardo-Núñez M",1,0,1
"Gallemore C",1,0,1
"Gandiwa E",1,0,1
"Gao KM",1,0,1
"Gao ZK",1,0,1
"Garcia EL",1,0,1
"García AM",1,0,1
"García P",1,1,1
"García-Alvarado JJ",1,0,1
"García-Cancel JG",1,0,1
"García-Montero LG",1,0,1
"Garibay-Orijel R",1,0,1
"Gayathri R",1,0,1
"Gebhart MG",1,0,1
"Gebrewahid Y",1,0,1
"Geist J",1,0,1
"Geng XY",1,0,1
"Geng Y",1,0,1
"George S",1,0,1
"Gerwing TG",1,0,1
"Ghahremanian A",1,0,1
"Ghanbari MA",1,0,1
"Ghasempouri SM",1,0,1
"Ghasidian E",1,0,1
"Ghilan M",1,0,1
"Ghose D",1,0,1
"Gibbons RE",1,0,1
"Giffard-Carlet J",1,0,1
"Gili JM",1,0,1
"Gillani SW",1,0,1
"Gillings S",1,0,1
"Giraldo DC",1,0,1
"Girmay M",1,0,1
"Go S",1,0,1
"Golabi MH",1,0,1
"Goldberg N",1,0,1
"Goldsmith CD",1,0,1
"Gong F",1,0,1
"Gong YM",1,0,1
"González-García E",1,0,1
"González-Mirelis G",1,0,1
"González-Montelongo C",1,0,1
"González-Rojí SJ",1,0,1
"Gopallawa B",1,0,1
"Gori A",1,0,1
"Gormley KSG",1,0,1
"Gough WB",1,0,1
"Goulart SL",1,0,1
"Gouvêa LP",1,0,1
"Greer AL",3,0,1
"Gregorcic T",1,0,1
"Grinn-Gofron A",1,0,1
"Gu JQ",1,0,1
"Guerra JA",1,0,1
"Guiffant N",1,0,1
"Gunasekera U",1,0,1
"Guo JJ",1,0,1
"Guo MJ",1,0,1
"Guo NC",1,0,1
"Guo PT",1,0,1
"Gurgel ALC",1,0,1
"Gómez I",1,0,1
"Gülsoy S",2,0,1
"Gündüz NE",1,0,1
"Hagazi N",1,0,1
"Hailegiorgis T",1,0,1
"Hamed Y",1,0,1
"Han MW",2,0,1
"Hani A",1,0,1
"Hansford K",1,0,1
"Haregeweyn N",1,0,1
"Hasan RC",1,0,1
"Hatab ASA",1,0,1
"He BX",1,0,1
"He FL",1,0,1
"He SC",1,0,1
"Heltai M",1,0,1
"Helvaci Z",1,0,1
"Hema EM",1,0,1
"Hemp A",1,0,1
"Henderson MJ",1,0,1
"Henkel A",1,0,1
"Hennicke J",1,0,1
"Herlihy AT",1,0,1
"Hermann AJ",1,0,1
"Hernandez-Blanco JA",1,0,1
"Herningtyas W",1,0,1
"Herrera D",1,1,1
"Herrera-Solis AC",1,0,1
"Hese S",1,0,1
"Heydari-guran S",1,0,1
"Higuti J",1,0,1
"Hill RA",1,0,1
"Hitchmough JD",1,0,1
"Holbrook JD",1,0,1
"Hosni E",1,0,1
"Hou C",1,0,1
"Hou ZR",1,0,1
"Houshyar F",1,0,1
"Hsieh HJ",1,0,1
"Hu C",1,0,1
"Hu FR",1,0,1
"Huang GX",1,0,1
"Huang JC",1,0,1
"Huang QC",1,0,1
"Huang SC",1,0,1
"Huang WC",1,0,1
"Huang XC",1,0,1
"Huang YM",1,0,1
"Huang YT",1,0,1
"Huang ZH",1,0,1
"Huff DD",1,0,1
"Huie M",1,0,1
"Hull AD",1,0,1
"Humaida N",1,0,1
"Hund AK",1,0,1
"Hurni K",1,0,1
"Hutapea FJ",1,0,1
"Ienco D",1,0,1
"Ignatov A",1,0,1
"Iliev M",1,0,1
"Imron MA",2,0,1
"Ingrosso M",1,0,1
"Interiano AL",1,1,1
"Iralu V",1,0,1
"Iryadi R",1,0,1
"Ismail K",1,0,1
"Jadán O",1,0,1
"Jaito W",1,0,1
"James J",1,0,1
"Jamieson N",1,0,1
"Jamshidi M",1,0,1
"Jayaluxmi I",1,0,1
"Jeevan K",1,0,1
"Jelaska SD",1,0,1
"Jemimah S",1,0,1
"Jeong HW",1,0,1
"Jespersen K",1,0,1
"Jia J",1,0,1
"Jiang HZ",1,0,1
"Jiang LX",1,0,1
"Jiang RP",1,0,1
"Jiang ST",1,0,1
"Jiang TL",1,0,1
"Jiang YC",1,0,1
"Jiménez L",1,0,1
"Jiménez RA",1,1,1
"Jiménez-Garcia D",1,0,1
"Jiménez-Mejías P",1,0,1
"Jin SY",1,0,1
"Jin YH",1,0,1
"Jins VJ",1,0,1
"Jochems L",1,0,1
"Johnson MP",1,0,1
"Johnson MS",1,0,1
"Johnson RL",1,0,1
"Jose J",1,0,1
"Joshi AB",1,0,1
"Joshi S",1,0,1
"Joshi SN",1,0,1
"Kamalakannan M",2,0,1
"Kamran KV",1,0,1
"Kang FF",1,0,1
"Karar M",1,0,1
"Karki P",1,0,1
"Karpathy S",1,0,1
"Karunakaran PV",1,0,1
"Kasimu A",1,0,1
"Kasongi N",1,0,1
"Katz D",1,0,1
"Kaufmann PR",1,0,1
"Kearney KA",1,0,1
"Keefe CC",1,0,1
"Kena AW",1,0,1
"Kerby JL",1,0,1
"Khalil A",1,0,1
"Khanal K",1,0,1
"Kharel R",1,0,1
"Khoury F",1,0,1
"Kibet S",1,0,1
"Kim EH",1,0,1
"Kim EJ",1,0,1
"Kim JM",1,0,1
"Kingdon C",1,0,1
"Kirkman W",1,0,1
"Kisingo A",1,0,1
"Ko JS",1,0,1
"Koffi AA",1,0,1
"Kohler SV",1,0,1
"Konate SR",1,0,1
"Koo MS",1,0,1
"Kopp DA",1,0,1
"Korner P",1,0,1
"Kornienko T",1,0,1
"Koscielniak-Wawro P",1,0,1
"Kotlov IP",1,0,1
"Kreidler N",1,0,1
"Kruckeberg W",1,0,1
"Kruse C",1,0,1
"Kuchta SR",1,0,1
"Kucuker DM",1,0,1
"Kuehn R",1,0,1
"Kuiper T",1,0,1
"Kumarawadu PL",1,0,1
"Kurniawati F",1,0,1
"Kusangaya S",1,0,1
"Kwoseh CK",1,0,1
"Labra A",1,0,1
"Laghi P",1,0,1
"Laguionie-Marchais C",1,0,1
"Lai M",1,0,1
"Lankoande A",1,0,1
"Lapin CN",1,0,1
"Lara-Cabrera SI",1,0,1
"Lauden HN",1,0,1
"Le Tallec L",1,0,1
"Leavitt SD",1,0,1
"Ledger MJ",1,0,1
"Lee CF",1,0,1
"Lee ES",4,0,1
"Lee JS",4,0,1
"Lee KWK",1,0,1
"Lee SP",1,0,1
"Lee YM",1,0,1
"Legg JP",1,0,1
"Leishman M",1,0,1
"Leone MC",1,0,1
"Leotta M",1,0,1
"Levacic D",1,0,1
"Levine JM",1,0,1
"Li CW",1,0,1
"Li HX",1,0,1
"Li KH",1,0,1
"Li LY",1,0,1
"Li LZ",1,0,1
"Li RT",1,0,1
"Li TF",1,0,1
"Li WG",2,0,1
"Li YG",1,0,1
"Li YQ",1,0,1
"Lian HM",1,0,1
"Lian Y",1,0,1
"Liang HH",1,0,1
"Liang JM",1,0,1
"Liao YJ",1,0,1
"Lima AL",1,0,1
"Lima DF",1,0,1
"Lin M",1,0,1
"Lin W",1,0,1
"Lin YF",1,0,1
"Lin YJ",1,0,1
"Ling YF",1,0,1
"Lishawa SC",1,0,1
"Littrell B",1,0,1
"Liu CY",1,0,1
"Liu GS",1,0,1
"Liu GX",1,0,1
"Liu HT",1,0,1
"Liu SD",1,0,1
"Liu WG",1,0,1
"Liu WW",1,0,1
"Liu YB",1,0,1
"Liu YY",1,0,1
"Lo Iacono C",1,0,1
"Lobora AL",1,0,1
"Lopes JCS",1,0,1
"Lopez R",1,0,1
"Lorestani N",1,0,1
"Losada-Iglesias R",1,0,1
"Loulida S",1,0,1
"Lozano P",1,0,1
"Lu AX",1,0,1
"Lu PP",1,0,1
"Lu W",1,0,1
"Lu WC",1,0,1
"Luceño M",1,0,1
"Lupiyaningdyah P",1,0,1
"Luque S",1,0,1
"Lutuf H",1,0,1
"Lyamuya R",1,0,1
"Lynch JW",1,0,1
"Lyu SL",1,0,1
"López JE",1,1,1
"López-Caamal A",1,0,1
"Ma BR",1,0,1
"Ma DY",1,0,1
"Ma HP",1,0,1
"Ma HY",1,0,1
"Ma SG",1,0,1
"Ma ZC",1,0,1
"Macgregor NA",1,0,1
"Madola I",1,0,1
"Madyavanhu N",1,0,1
"Mafaldo-Sajami AA",1,0,1
"Magesh CR",1,0,1
"Magomedov MRD",1,0,1
"Maguilla E",1,0,1
"Mahini AS",1,0,1
"Mahmoudi S",1,0,1
"Mai VC",1,0,1
"Maige D",1,0,1
"Maillet O",1,0,1
"Makridou KN",1,0,1
"Malkhazova S",1,0,1
"Mallil K",1,0,1
"Mamuye M",1,0,1
"Man H",1,0,1
"Mancina CA",1,0,1
"Manconi R",1,0,1
"Manjusha K",1,0,1
"Mantovano T",1,0,1
"Manzoor M",1,0,1
"Mao AP",1,0,1
"Mao LM",1,0,1
"Maqas M",1,0,1
"Marchetto E",1,0,1
"Marealle W",1,0,1
"Mariano ED",1,0,1
"Marinho PHD",1,0,1
"Marques R",1,0,1
"Marrero R",1,0,1
"Marín JE",1,0,1
"Massawe G",1,0,1
"Masters P",1,0,1
"Mauda EV",1,0,1
"Mayad E",1,0,1
"Mbewe W",1,0,1
"Mcculloch MT",1,0,1
"McHuron EA",1,0,1
"McNew LB",1,0,1
"McWhinnie LH",1,0,1
"Medeiros PD",1,0,1
"Medina-Amaya M",1,0,1
"Medina-Madariaga G",1,0,1
"Medlock J",1,0,1
"Melo JWD",1,0,1
"Melo RG",1,0,1
"Meng XX",1,0,1
"Mercker M",1,0,1
"Messmer M",1,0,1
"Milicic M",1,0,1
"Miller MA",1,0,1
"Millán-Otero MG",1,0,1
"Milne R",1,0,1
"Minato N",1,0,1
"Mir NH",1,0,1
"Miranda D",1,0,1
"Miranda EA",1,0,1
"Mitra S",1,0,1
"Mo XQ",2,0,1
"Mobaraki A",1,0,1
"Moen RA",1,0,1
"Moinudheen N",1,0,1
"Molento MB",1,0,1
"Molina P",1,0,1
"Monks A",1,0,1
"Monroy RND",1,1,1
"Montadert M",1,0,1
"Montagna P",1,0,1
"Monteiro AJD",1,0,1
"Mooring MS",1,0,1
"Moradi S",1,0,1
"Morales-Ramirez CA",1,0,1
"Moreno JC",1,0,1
"Moreno-Niño N",1,0,1
"Mosquera-Guerra F",1,0,1
"Mostafa A",1,0,1
"Mota JL",1,0,1
"Mowang DA",1,0,1
"Mpakairi KS",1,0,1
"Muangmai N",1,0,1
"Mucha J",1,0,1
"Mueller MM",1,0,1
"Mugo J",1,0,1
"Muhamad MAH",1,0,1
"Muhammad J",1,0,1
"Mulford T",1,0,1
"Munir S",1,0,1
"Muniz C",1,0,1
"Muriuki GM",1,0,1
"Mushtaq A",1,0,1
"Musimwa R",1,0,1
"Muthuchamy M",1,0,1
"Muthukumar A",1,0,1
"Muthusamy A",1,0,1
"Muñoz B",2,0,1
"Myszkowska D",1,0,1
"Márquez-Salazar G",1,0,1
"Méndez AL",1,0,1
"Müller M",1,0,1
"Münnich M",1,0,1
"N'Guessan R",1,0,1
"Nabian S",1,0,1
"Nabizadeh H",1,0,1
"Naimi M",1,0,1
"Nair G",1,0,1
"Naqvi SAH",1,0,1
"Naranjo-Cigala A",1,0,1
"Narzullaev M",1,0,1
"Nasser MGE",1,0,1
"Nawab NP",1,0,1
"Nematollahi S",1,0,1
"Newby JC",1,0,1
"Ngila PM",1,0,1
"Nguyen A",1,0,1
"Nguyen TV",1,0,1
"Ngwenya N",1,0,1
"Nichol GK",3,0,1
"Nichols S",1,0,1
"Nie WB",1,0,1
"Niemuth ND",1,0,1
"Njomaba E",1,0,1
"Nogueira SS",1,0,1
"Noguera F",1,0,1
"Nol E",1,0,1
"Nopandry B",1,0,1
"Normurodova M",1,0,1
"Nugraha RTP",1,0,1
"Nugroho FE",1,0,1
"Nyirenda K",1,0,1
"Nénger N",1,0,1
"O'Brien HL",1,0,1
"O'Reilly AJ",1,0,1
"Oden GN",1,0,1
"Ogougbé RE",1,0,1
"Oh S",1,0,1
"Okon EI",1,0,1
"Olana KOA",2,0,1
"Olaniyi OE",1,0,1
"Old JM",1,0,1
"Oleksyn J",1,0,1
"Olivares-Pinto U",1,0,1
"Oliveira MJ",1,0,1
"OliveiraConceiçao ED",1,0,1
"Oliver O",1,0,1
"Olmedo C",2,0,1
"Onah DO",1,0,1
"Ordoñez N",1,0,1
"Orenstein DE",1,0,1
"Orge L",1,0,1
"Ortega-Huerta M",1,0,1
"Ortiz-Acosta MA",1,0,1
"Ostendorf B",1,0,1
"Osunkoya OO",1,0,1
"Ouyang S",1,0,1
"Ouyang XH",1,0,1
"Padgett K",1,0,1
"Padrón RS",1,0,1
"Pala NA",1,0,1
"Pan J",1,0,1
"Pandi V",1,0,1
"Pang JX",1,0,1
"Pang PY",1,0,1
"Panthum T",1,0,1
"Panza R",1,0,1
"Parengal H",1,0,1
"Parimbelli A",1,0,1
"Park JH",1,0,1
"Park JW",1,0,1
"Park YB",1,0,1
"Passos JF",1,0,1
"Pasternak T",1,0,1
"Patana P",1,0,1
"Pathak P",1,0,1
"Patta C",1,0,1
"Paudel RP",1,0,1
"Pearce-Higgins JW",1,0,1
"Pelland NA",1,0,1
"Pereira J",1,0,1
"Pereira PS",1,0,1
"Perez A",1,0,1
"Perger R",1,0,1
"Perrett C",1,0,1
"Pessoa LA",1,0,1
"Pestano-González M",1,0,1
"Peters K",1,0,1
"Petkov N",1,0,1
"Pham TT",1,0,1
"Phung TT",1,0,1
"Pinel S",1,0,1
"Pint S",1,0,1
"Piotrowicz K",1,0,1
"Pires MA",1,0,1
"Plutzar C",1,0,1
"Poirazidis K",1,0,1
"Pongsanarm T",1,0,1
"Popov VV",1,0,1
"Poprom N",1,0,1
"Porter JS",1,0,1
"Poudel K",1,0,1
"Pourmosa H",1,0,1
"Pouzeshimiyab B",1,0,1
"Powell KA",1,0,1
"Protásio TD",1,0,1
"Prowse TAA",1,0,1
"Przedpelska-Wasowicz E",1,0,1
"Pshegusov RK",1,0,1
"Pujiono E",1,0,1
"Punyapornwithaya V",2,0,1
"Purwoko A",1,0,1
"Pusceddu M",1,0,1
"Puvanendiran S",1,0,1
"Qasim S",1,0,1
"Qi JS",1,0,1
"Qian MY",1,0,1
"Qiao YQ",1,0,1
"Qin DM",1,0,1
"Qin XS",1,0,1
"Qiu CQ",1,0,1
"Rademaker M",1,0,1
"Rai N",1,0,1
"Raina SK",1,0,1
"Rakshit S",2,0,1
"Ramachandran V",1,0,1
"Ramakrishnan U",1,0,1
"Ramirez BR",1,0,1
"Ramírez-Fernández JD",1,0,1
"Rando ATM",1,0,1
"Raqeeb M",1,0,1
"Rauber RG",1,0,1
"Ream RR",1,0,1
"Reang M",1,0,1
"Rebi A",1,0,1
"Recart W",1,0,1
"Regupathikannan J",1,0,1
"Rehman AU",1,0,1
"Reis KHD",1,0,1
"Repe B",1,0,1
"Requena S",1,0,1
"Retnaningtyas R",1,0,1
"Rezaei H",1,0,1
"Rezvani A",1,0,1
"Ribas ND",1,0,1
"Ricci P",1,0,1
"Ricciardi V",1,0,1
"Riera JL",1,0,1
"Rima GC",1,0,1
"Rincón V",1,0,1
"Rittenhouse CD",1,0,1
"Rittenhouse TAG",1,0,1
"Rivera J",1,0,1
"Robertson CR",1,0,1
"Rocano M",1,0,1
"Rodder D",1,0,1
"Rodrigues AA",1,0,1
"Rodríguez-Cabrera TM",1,0,1
"Rogova N",1,0,1
"Rohweder JJ",1,0,1
"Rozenfeld S",1,0,1
"Rozhnov VV",1,0,1
"Rozman A",1,0,1
"Rubin A",1,0,1
"Rubin JF",1,0,1
"Rueda JL",1,0,1
"Ruiz-Aguilar C",1,0,1
"Ruiz-Gómez MG",1,0,1
"Ryu D",1,0,1
"Saba M",1,0,1
"Sabatini G",1,0,1
"Sabo RD",1,0,1
"Safiyan-Boldaji P",1,0,1
"Sahay G",1,0,1
"Salaris E",1,0,1
"Salomón-Montijo B",1,0,1
"Sambaraju KR",1,0,1
"Sampognaro AM",1,0,1
"Samson A",1,0,1
"Sanchez-Lalinde C",1,0,1
"Sanderson WG",1,0,1
"Santiago-García W",2,0,1
"Sari A",1,0,1
"Sartor CC",1,0,1
"Sassone AB",1,0,1
"Satta A",1,0,1
"Sattar W",1,0,1
"Saunders MEM",1,0,1
"Saurez E",1,0,1
"Savall EM",1,0,1
"Scaldaferro MA",1,0,1
"Schally G",1,0,1
"Schickele A",1,0,1
"Schindler S",1,0,1
"Schmitz MH",1,0,1
"Schrodt F",1,0,1
"Schurkamp SJ",1,0,1
"Schwarzfuchs EN",1,0,1
"Scordato ESC",1,0,1
"Scott-Morales LM",1,0,1
"Segurado P",1,0,1
"Selmoun-Ourdani K",1,0,1
"SentürkÖ",2,0,1
"Seo JH",1,0,1
"Serebrennikov D",1,0,1
"Sha LB",1,0,1
"Shackelford N",1,0,1
"Shaltout KH",2,0,1
"Shang WQ",1,0,1
"Shang ZL",1,0,1
"Shao F",1,0,1
"Shao QY",1,0,1
"Sharma AK",1,0,1
"Shattuck SO",1,0,1
"Shen CB",1,0,1
"Shen CY",1,0,1
"Shen YG",1,0,1
"Shi BY",1,0,1
"Shi CM",1,0,1
"Shi T",1,0,1
"Shi ZX",1,0,1
"Shih YJ",1,0,1
"Shimono Y",1,0,1
"Shin E",1,0,1
"Shmakovi AI",1,0,1
"Shooter S",1,0,1
"Shoukat HB",1,0,1
"Shrestha BR",1,0,1
"Shukrullozoda R",1,0,1
"Siegert CM",1,0,1
"Sih C",1,0,1
"Silva EA",1,0,1
"Silva JG",1,0,1
"Simeone MC",1,0,1
"Simota-Ruiz M",1,0,1
"Singchat W",1,0,1
"Singh T",1,0,1
"Singha H",2,0,1
"Sirima D",1,0,1
"Skougarevskiy D",1,0,1
"Smith JR",1,0,1
"Snethlage M",1,0,1
"Snow RA",1,0,1
"Soares SBP",1,0,1
"Soifer L",1,0,1
"Solari S",1,0,1
"Solomon MJ",1,0,1
"Son YB",1,0,1
"Song DZ",1,0,1
"Song XT",1,0,1
"Sousa JBD",1,0,1
"Sousa JGD",1,0,1
"Souza AV",1,0,1
"Spaid SM",1,0,1
"Sperring VF",1,0,1
"Srikulnath K",1,0,1
"Srivastava AK",1,0,1
"Stannard HJ",1,0,1
"Steen DA",1,1,1
"Sterling JT",1,0,1
"Stevens M",1,0,1
"Stocker TF",1,0,1
"Stoddard JL",1,0,1
"Su X",1,0,1
"Subasinghe CN",1,0,1
"Suchomel AD",1,0,1
"Sukmawati JG",1,0,1
"Sultan SM",1,0,1
"Sultana M",1,0,1
"Sun QQ",1,0,1
"Surovy P",1,0,1
"Sutherland L",1,0,1
"Sutomo",1,0,1
"Swangpol SC",1,0,1
"Swayze NC",1,0,1
"Swei A",1,0,1
"Symeonakis E",1,0,1
"Sánchez-Cuervo AM",1,0,1
"Sánchez-Leal RF",1,0,1
"Ta HNT",1,0,1
"Tadesse Z",1,0,1
"Tafrichan M",1,0,1
"Taghipour AA",1,0,1
"Tamplin JW",1,0,1
"Tan MX",1,0,1
"Tan YY",1,0,1
"Tang GD",1,0,1
"Tang SJ",1,0,1
"Tang YN",1,0,1
"Teixeira AAM",1,0,1
"Tekes A",1,0,1
"Teklehaymanot T",1,0,1
"Tenerelli R",1,0,1
"Terribile K",1,0,1
"Thapa GJ",1,0,1
"Thapa K",1,0,1
"Thatukan C",1,0,1
"Thiel C",1,0,1
"Thoma CT",1,0,1
"Thomas D",1,0,1
"Thomson HM",1,0,1
"Thongprachum A",1,0,1
"Thuy CTL",1,0,1
"Tian Q",2,0,1
"Tiberti R",1,0,1
"Timoshenko A",1,0,1
"Tinoco BA",1,0,1
"Tolardo LR",2,0,1
"Tong YJ",1,0,1
"Topaloglu SB",1,0,1
"Toranjzar H",1,0,1
"Tordoni E",1,0,1
"Torres RT",1,0,1
"Torres-Avendaño JI",1,0,1
"Torres-Cambas Y",1,0,1
"Toshnazarova N",1,0,1
"Toso LB",1,0,1
"Tovar-Sánchez E",1,0,1
"Trang K",1,0,1
"Tripathi P",1,0,1
"Trotter JA",1,0,1
"Tu FY",1,0,1
"Tulowiecki SJ",1,0,1
"Turabekov S",1,0,1
"Turghan MA",1,0,1
"Tyrrell C",1,0,1
"Uehira K",1,0,1
"Umar UUD",1,0,1
"Umurzakova Z",1,0,1
"Upadhaya K",1,0,1
"Upadhya MP",1,0,1
"Urdánigo-Zambrano JP",1,0,1
"Ursul S",1,0,1
"Uyen BT",1,0,1
"Vaganov V",1,0,1
"Valdés-Florido A",1,0,1
"Van Appledorn M",1,0,1
"van Leeuwen A",1,0,1
"Vangeluwe D",1,0,1
"Varvani J",1,0,1
"Vasudevan C",1,0,1
"Vela-Coiffier P",1,0,1
"Vento B",1,0,1
"Vicente J",1,0,1
"Vieira FCS",1,0,1
"Vieira-Pinto M",1,0,1
"Vila Y",1,0,1
"Vilas D",1,0,1
"Villagrán-Vázquez A",1,0,1
"Villasenor JL",1,0,1
"Vishnu SB",1,0,1
"Vérité-Taulet N",1,0,1
"Wagner DL",1,0,1
"Wahab L",1,0,1
"Wahyuningtyas RS",1,0,1
"Waldron BP",1,0,1
"Wan X",1,0,1
"Wang CD",1,0,1
"Wang DZ",1,0,1
"Wang HW",1,0,1
"Wang JL",1,0,1
"Wang MH",1,0,1
"Wang RF",1,0,1
"Wang SP",1,0,1
"Wang XP",1,0,1
"Wang XZ",1,0,1
"Wangwon K",1,0,1
"Ward T",1,0,1
"Weese JS",3,0,1
"Wei DY",1,0,1
"Wei R",1,0,1
"Wei YX",1,0,1
"Weinberg PI",1,0,1
"Wen ZX",1,0,1
"Wende Z",1,0,1
"Werner T",1,0,1
"Westerberg L",1,0,1
"Whelpley WJ",1,0,1
"Wiesel I",1,0,1
"Wilson CA",1,0,1
"Winasis S",1,0,1
"Wolf AG",1,0,1
"Wongloet W",1,0,1
"Wood J",1,0,1
"Wright A",1,0,1
"Wu CD",1,0,1
"Wu GJ",1,0,1
"Wu HY",2,0,1
"Wu J",1,0,1
"Wu M",1,0,1
"Wu RW",1,0,1
"Wu SS",1,0,1
"Wu XP",1,0,1
"Xavier SCD",1,0,1
"Xian WW",1,0,1
"Xiao JG",1,0,1
"Xiao Q",1,0,1
"Xiao YM",1,0,1
"Xie DJ",1,0,1
"Xie HF",1,0,1
"Xie XT",1,0,1
"Xin XY",1,0,1
"Xing YZ",1,0,1
"Xiong TH",1,0,1
"Xiong W",1,0,1
"Xolbekov B",1,0,1
"Xu DX",1,0,1
"Xu GB",1,0,1
"Xu LZ",1,0,1
"Xu XX",1,0,1
"Yachmennikova AA",1,0,1
"Yadav A",1,0,1
"Yadav SK",1,0,1
"Yakandawala D",1,0,1
"Yan ZY",2,0,1
"Yandow LH",1,0,1
"Yang MJ",1,0,1
"Yang WC",1,0,1
"Yang XC",1,0,1
"Yao LJ",1,0,1
"Yao N",1,0,1
"Ye JK",1,0,1
"Ye YH",1,0,1
"Yebyo SG",1,0,1
"Yigit AU",1,0,1
"Yin MY",1,0,1
"Ying YG",1,0,1
"Yoklavich M",1,0,1
"Yong BY",1,0,1
"You YH",1,0,1
"Young HG",1,0,1
"Yu CI",1,0,1
"Yu JJ",1,0,1
"Zadworny M",1,0,1
"Zambrano M",1,0,1
"Zammit T",1,0,1
"Zare H",1,0,1
"Zaykov VF",1,0,1
"Zemmouri-Boukhemza N",1,0,1
"Zeng J",1,0,1
"Zeng WJ",1,0,1
"Zhai JW",1,0,1
"Zhan L",1,0,1
"Zhang DH",1,0,1
"Zhang HL",2,0,1
"Zhang MJ",1,0,1
"Zhang NN",1,0,1
"Zhang QX",1,0,1
"Zhang ZP",1,0,1
"Zhang ZY",1,0,1
"Zhao GQ",1,0,1
"Zhao WY",1,0,1
"Zheng JM",1,0,1
"Zhong YL",1,0,1
"Zhou C",2,0,1
"Zhou CH",1,0,1
"Zhou JX",1,0,1
"Zhu K",1,0,1
"Zhu SY",1,0,1
"Zhu ZY",1,0,1
"Ziti S",1,0,1
"Zoh MG",1,0,1
"Zuban IA",1,0,1
"Zug R",1,0,1
"Çaglar SS",1,0,1
"Öztop Z",1,0,1
"Abadijoo M",1,0,0
"Abubakar ZA",1,0,0
"Adamala S",1,0,0
"Adams J",1,0,0
"Adhikari OD",1,0,0
"Adzan G",1,0,0
"Afridi ZK",1,0,0
"Afzal H",1,0,0
"Agunbiade MB",1,0,0
"Ahmed AN",1,0,0
"Ahmed DA",1,0,0
"Ahn HK",1,0,0
"Aijaz M",1,0,0
"Aikawa T",1,0,0
"Aiken C",1,0,0
"Aini NK",1,0,0
"Akhand L",1,0,0
"Akhtar H",1,0,0
"Akouété P",1,0,0
"Aksu S",1,0,0
"Aktay-Sözüer L",1,0,0
"Al Ketbi K",1,0,0
"Alaeifar M",1,0,0
"Alahadeb JI",1,0,0
"Alahmadi TA",1,0,0
"Alamery ER",1,0,0
"Alamri SM",1,0,0
"Albaladejo-Robles G",1,0,0
"Albritton J",1,0,0
"Albuquerque M",1,0,0
"Aldiansyah S",1,0,0
"Aldubehi MA",1,0,0
"Alivizatos H",1,0,0
"Almaary KS",1,0,0
"Almeida SM",1,0,0
"Almirón WR",1,0,0
"Along A",1,0,0
"Alvarado AAB",1,0,0
"Alvarenga RLM",1,0,0
"Alvis AIG",1,0,0
"Amaru-Castelo J",1,0,0
"Ameer F",2,0,0
"Amrutha B",1,0,0
"Ancog RC",1,0,0
"Andino-Mazariegos AI",1,0,0
"Andrade SJD",1,0,0
"Andreotti A",1,0,0
"Apelete EE",1,0,0
"Arboleda MDM",1,0,0
"Ardiyani M",2,0,0
"Arenas-González F",1,0,0
"Arias-Penna DC",1,0,0
"Arriaga-Flores JC",1,0,0
"Arshad M",2,0,0
"Artois T",1,0,0
"Arunachalam A",1,0,0
"Asih NPS",1,0,0
"Aslam F",1,0,0
"Averyanova A",1,0,0
"Avila JAM",1,0,0
"Awaïss A",1,0,0
"Ayed FAA",1,0,0
"Ayu RG",1,0,0
"Azevedo CHS",2,0,0
"Azevedo J",1,0,0
"Azizi A",1,0,0
"Añino YJ",1,0,0
"Babini S",1,0,0
"Babookani MK",1,0,0
"Bacak E",1,0,0
"Baccaro FB",1,0,0
"Backer SJ",1,0,0
"Bai HH",1,0,0
"Bai XL",1,0,0
"Bai XS",1,0,0
"Bailey C",1,0,0
"Balakrishna SM",1,0,0
"Bantlin DA",1,0,0
"Bao XK",1,0,0
"Barbraud C",1,0,0
"Barik S",1,0,0
"Barnett A",1,0,0
"Barrett MA",1,0,0
"Baruzzi A",1,0,0
"Batllori-Sampedro E",1,0,0
"Bautista LL",1,0,0
"Bautista-Juárez I",1,0,0
"Beckett H",1,0,0
"Beenaerts N",1,0,0
"Begade S",1,0,0
"Behera AK",1,0,0
"Bellido JJ",1,0,0
"Benitez EM",1,0,0
"Bennington SM",1,0,0
"Berg-Binder MC",1,0,0
"Bernal CT",1,0,0
"Bernier C",1,0,0
"Beutelmann S",1,0,0
"Bhadru D",1,0,0
"Bidyananda N",1,0,0
"Bilgin S",1,0,0
"Bionda CL",1,0,0
"Biswas H",1,0,0
"Black AB",1,0,0
"Blanco-Domínguez M",1,0,0
"Blokhin AA",1,0,0
"Bodo BS",1,0,0
"Bogoni JA",1,0,0
"Bohman B",1,0,0
"Bonelli S",1,0,0
"Bonnet-Lebrun AS",1,0,0
"Borja M",1,0,0
"Bormani L",1,0,0
"Bourhia M",1,0,0
"Bourke SD",1,0,0
"Bowersock N",1,0,0
"Brand A",1,0,0
"Brauman KA",1,0,0
"Bravo-Vega CA",1,0,0
"Bredariol JV",1,0,0
"Breitenbeck GA",1,0,0
"Briceno N",1,0,0
"Brough SC",1,0,0
"Bruijnzeel LA",1,0,0
"Brunson MW",1,0,0
"Budha M",1,0,0
"Buenfil-Avila A",1,0,0
"Burbidge C",1,0,0
"Burgett SA",1,0,0
"Burgos-Lugo DE",1,0,0
"Burkhart EP",1,0,0
"Byeon JG",1,0,0
"Báez JC",1,0,0
"Böning P",1,0,0
"Bülbül U",1,0,0
"Cabral JS",1,0,0
"Cacciali P",1,0,0
"Caddell L",1,0,0
"Caicedo YAF",1,0,0
"Callahan CB",1,0,0
"Callister K",1,0,0
"Calvo-Mac C",1,0,0
"Camacho-Macías B",1,0,0
"Camara F",2,0,0
"Campos B",1,0,0
"Campos BM",1,0,0
"Campos DVD",1,0,0
"Canavan K",1,0,0
"Cano D",1,0,0
"Cao SH",1,0,0
"Capella J",2,0,0
"Capito L",1,0,0
"Carlos-Mejías D",1,0,0
"Carneiro M",1,0,0
"Carroll JM",1,0,0
"Carvajal-Cogollo JE",1,0,0
"Carvalho F",1,0,0
"Castañeda GG",1,0,0
"Castillo-Burguete MT",1,0,0
"Castro-Gutiérrez J",1,0,0
"Ceron K",1,0,0
"Cespedosa AM",1,0,0
"Chadwick EA",1,0,0
"Chae HM",1,0,0
"Chahed S",1,0,0
"Chai JY",1,0,0
"Chakraborty K",1,0,0
"Chand M",1,0,0
"Chang T",1,0,0
"Chaudhary RP",1,0,0
"Chen HS",1,0,0
"Chen JE",1,0,0
"Chen KH",1,0,0
"Chen MJ",2,0,0
"Chen WS",1,0,0
"Chen YX",1,0,0
"Chen ZD",1,0,0
"Cheng H",1,0,0
"Cheng ZC",1,0,0
"Cherman MA",1,0,0
"Chetry A",1,0,0
"Chetry V",1,0,0
"Chinoitezvi E",1,0,0
"Chinoitezvi H",1,0,0
"Cho BG",1,0,0
"Cho JH",1,0,0
"Cho SI",1,0,0
"Chuang MF",1,0,0
"Ciendua KT",1,0,0
"Clarfeld LA",1,0,0
"Clark VR",1,0,0
"Clarke DA",1,0,0
"Cliche R",1,0,0
"Codding BF",1,0,0
"Coffey ML",1,0,0
"Conroy G",1,0,0
"Conway G",1,0,0
"Corrales-García A",1,0,0
"Correia WD",1,0,0
"Costa JL",1,0,0
"Costa TR",1,0,0
"Coulton V",1,0,0
"Coura-Vital W",1,0,0
"Crespo-Reyes E",1,0,0
"Cristaldi M",1,0,0
"Cross T",1,0,0
"Cruz GA",1,0,0
"Cuellar Y",1,0,0
"Cui J",1,0,0
"Cui Y",1,0,0
"Cupiche-Herrera VJ",1,0,0
"da Costa DB",1,0,0
"Da Rocha HR",1,0,0
"da Silva AP",1,0,0
"da Silva GA",1,0,0
"da Silva GAL",1,0,0
"da Silva GD",1,0,0
"da Silva JAA",1,0,0
"da Silva JD",1,0,0
"da Silva V",1,0,0
"da Silva VFB",1,0,0
"Dahal DR",1,0,0
"Dai LL",1,0,0
"Dai YF",1,0,0
"Dajdok Z",1,0,0
"Damayanto IPGP",1,0,0
"Damborsky MP",1,0,0
"Dares LE",1,0,0
"Dash CJ",1,0,0
"Dayman R",1,0,0
"de Almeida FV",1,0,0
"De Diego F",1,0,0
"De Gracia AB",1,0,0
"De Leo G",1,0,0
"de Lima RB",1,0,0
"de Melo C",1,0,0
"de Menezes AB",1,0,0
"de Moraes LSC",1,0,0
"de Morais ILL",1,0,0
"de Oliveira CP",1,0,0
"de Paula A",1,0,0
"de Sousa FG",1,0,0
"de Souza YR",1,0,0
"de Torrez ECB",1,0,0
"Delciellos AC",1,0,0
"Delfino HC",1,0,0
"Delgado-Parada N",1,0,0
"Deljouei A",1,0,0
"Dellape PM",1,0,0
"delos Angeles MD",1,0,0
"Demers S",1,0,0
"Demidova TN",1,0,0
"Deng KY",1,0,0
"Deng WH",1,0,0
"Deng Y",1,0,0
"Dhandapani A",1,0,0
"Diaz BS",1,0,0
"Dickson J",1,0,0
"Dineshkumar SK",1,0,0
"Divin V",1,0,0
"Djohan TS",1,0,0
"do Carmo DD",1,0,0
"do Nascimento LCA",1,0,0
"Domínguez M",1,0,0
"Donalisio MR",1,0,0
"Dong N",1,0,0
"Dong YQ",1,0,0
"Donovan TM",1,0,0
"Doonan TJ",1,0,0
"Doran-Myers D",1,0,0
"dos Santos INL",1,0,0
"Dos Santos M",1,0,0
"Dotonhoué CFG",1,0,0
"Dowler RC",1,0,0
"Du XN",1,0,0
"Du ZY",1,0,0
"Duarte RV",1,0,0
"Dugué H",1,0,0
"Dupuy J",1,0,0
"Durgapal A",1,0,0
"Díaz-Gamboa RE",1,0,0
"Edwards W",1,0,0
"Egonmwan RI",1,0,0
"El-Far NA",1,0,0
"Elghoul O",1,0,0
"Ellis DB",1,0,0
"Emery KA",1,0,0
"Emlaei Z",1,0,0
"Eom TK",1,0,0
"Erlinawati I",1,0,0
"Espinosa-Sepúlveda A",1,0,0
"Eum S",1,0,0
"Evans T",1,0,0
"Evens R",1,0,0
"Evers E",1,0,0
"Evyapan G",1,0,0
"Ezat MA",1,0,0
"Fan X",1,0,0
"Faqeih KY",1,0,0
"Farinango-Guatemal D",1,0,0
"Farooq M",1,0,0
"Farooq MH",1,0,0
"Farzam A",1,0,0
"Fasona MI",1,0,0
"Fatima H",1,0,0
"Fedorenko VA",1,0,0
"Fegan D",1,0,0
"Fens JJ",1,0,0
"Fernández JMC",1,0,0
"Ferreira AAA",1,0,0
"Ferreira JVA",1,0,0
"Ferreira RLC",1,0,0
"Figgener C",1,0,0
"Figueroa-Brito R",1,0,0
"Fiorentino F",1,0,0
"Firdaus MR",1,0,0
"Florentine S",1,0,0
"Flores ZER",1,0,0
"Flörke M",1,0,0
"Fontes MAL",1,0,0
"Forrester JD",1,0,0
"Fossette S",1,0,0
"Foxley T",1,0,0
"Fukutani Y",1,0,0
"Fuller A",1,0,0
"Gadallah NAH",1,0,0
"Galarza GAA",1,0,0
"Galarza MDCA",1,0,0
"Ganesh SR",1,0,0
"Ganter C",1,0,0
"Gao K",1,0,0
"Gao TX",1,0,0
"Gao XD",1,0,0
"Gao ZS",1,0,0
"Garay-Martínez JR",1,0,0
"Garcia CP",1,0,0
"Garcia FH",1,0,0
"García MMP",1,0,0
"García RL",1,0,0
"García SA",1,0,0
"García-Barreda S",1,0,0
"García-Cobos D",1,0,0
"García-Martínez YG",1,0,0
"García-Rada E",1,0,0
"Garnier L",1,0,0
"Garofalo G",1,0,0
"Garza-Torres HA",1,0,0
"Gehman CS",1,0,0
"Geise L",1,0,0
"Gencal T",1,0,0
"Gendre N",1,0,0
"Ghazilou A",1,0,0
"Gholamalifard M",1,0,0
"Ghoshal PK",1,0,0
"Gibbons J",1,0,0
"Gibertoni TB",1,0,0
"Gieder KD",1,0,0
"Gienger CM",1,0,0
"Gildenhuys CP",1,0,0
"Gillikin MN",1,0,0
"Giri MS",1,0,0
"Giri S",1,0,0
"Girmay T",1,0,0
"Giugliano LG",1,0,0
"Gleiss AC",1,0,0
"Gobbett DL",1,0,0
"Gomes JP",1,0,0
"Gomes MK",1,0,0
"Gomez-Llano JH",1,0,0
"Gomides SC",1,0,0
"Gone BZB",1,0,0
"Gong W",1,0,0
"Gonzalez-Elizondo MS",1,0,0
"González-Vásquez R",1,0,0
"Granco G",1,0,0
"Granja-Fernández R",1,0,0
"Gregory AJ",1,0,0
"Gregory K",1,0,0
"Griffith D",1,0,0
"Grozdanov A",1,0,0
"Gu HL",1,0,0
"Guerin A",1,0,0
"Guerrero-Piñera O",1,0,0
"Guillén-Hernández S",1,0,0
"Guimaraes KLA",1,0,0
"Guimaraes VHS",1,0,0
"Gutiérrez-Estrada JC",1,0,0
"Guzman LAB",1,0,0
"Guzmán HM",1,0,0
"Guzo S",1,0,0
"Gómez-Díaz JA",1,0,0
"Gómez-Sánchez DA",1,0,0
"Günal AÇ",1,0,0
"Güngör U",1,0,0
"Ha LTT",1,0,0
"Habiba U",1,0,0
"Hadebe K",1,0,0
"Hadipour M",1,0,0
"Haghani A",1,0,0
"Hakam O",1,0,0
"Hamidy A",1,0,0
"Han AR",1,0,0
"Han LQ",1,0,0
"Han XH",1,0,0
"Handoko U",1,0,0
"Hanif M",1,0,0
"Hansen CD",1,0,0
"Harada H",1,0,0
"Hazen E",1,0,0
"He B",1,0,0
"He HS",1,0,0
"He MT",1,0,0
"He YM",1,0,0
"He Z",2,0,0
"Hedges S",1,0,0
"Heidari H",1,0,0
"Hein GS",1,0,0
"Hekmat A",1,0,0
"Henderson AJ",1,0,0
"Henderson I",1,0,0
"Hernández-Camacho N",1,0,0
"Hernández-Ruiz J",1,0,0
"Hernández-Silva N",1,0,0
"Heterick B",1,0,0
"Hettinger EM",1,0,0
"Hidayat R",1,0,0
"Hiraga Y",1,0,0
"Hirano Y",1,0,0
"Hnialum M",1,0,0
"Home J",1,0,0
"Hong SB",1,0,0
"Hounslow JL",1,0,0
"Houston E",1,0,0
"Hu K",1,0,0
"Hu LZ",1,0,0
"Huang BB",1,0,0
"Huang JJ",1,0,0
"Huang JM",1,0,0
"Huang LH",1,0,0
"Hunter SB",1,0,0
"Huntly N",1,0,0
"Huo YQ",1,0,0
"Husodo T",1,0,0
"Hussain A",1,0,0
"Hussain M",2,0,0
"Huysentruyt F",1,0,0
"Iashin IV",1,0,0
"Ibarra-Polesel MG",1,0,0
"Ichihara Y",1,0,0
"Ijbari H",1,0,0
"Ikuta Q",1,0,0
"Inam M",1,0,0
"Iniguez JC",1,0,0
"Intawong K",1,0,0
"Iqbal T",1,0,0
"Isoda N",1,0,0
"Ito HC",1,0,0
"Iñiguez CI",1,0,0
"Jackson E",1,0,0
"Janko K",1,0,0
"Januar HI",1,0,0
"Jaskólska J",1,0,0
"Javid A",1,0,0
"Jena M",1,0,0
"Jeong H",1,0,0
"Jeong Y",1,0,0
"Ji GH",1,0,0
"Ji XD",1,0,0
"Jia LB",1,0,0
"Jia YR",1,0,0
"Jiang YH",1,0,0
"Jin BC",1,0,0
"Johansen K",1,0,0
"Johnston CJ",1,0,0
"Jokar P",1,0,0
"Jolly CJ",1,0,0
"Jones RW",1,0,0
"Jong-gap K",1,0,0
"Joseph S",1,0,0
"Joshi AP",1,0,0
"Judd S",1,0,0
"Jung B",1,0,0
"Junior JDV",1,0,0
"Kachhapur RM",1,0,0
"Kadariya R",1,0,0
"Kafaky S",1,0,0
"Kaholoa'a R",1,0,0
"Kakai RLG",1,0,0
"Kalaipandian S",1,0,0
"Kalle R",1,0,0
"Kalteh EA",1,0,0
"Kamer Aksoy Ö",1,0,0
"Kandel SR",1,0,0
"Kansiz B",1,0,0
"Karanth P",1,0,0
"Karatas A",1,0,0
"Karger F",1,0,0
"Karki J",1,0,0
"Karthikeyan K",1,0,0
"Kasai A",1,0,0
"Kato H",1,0,0
"Kaushal KK",1,0,0
"Kavadas S",1,0,0
"Kaya N",1,0,0
"Kayvanfar N",1,0,0
"Keim AP",1,0,0
"Kelsey EC",1,0,0
"Khadka B",1,0,0
"Khalid A",1,0,0
"Khalil S",1,0,0
"Khan MMSU",1,0,0
"Khan MT",1,0,0
"Khan RR",1,0,0
"Khati HS",1,0,0
"Khoshnamvand H",1,0,0
"Khosravi M",1,0,0
"Khrapov D",1,0,0
"Kilborn J",1,0,0
"Kim NY",1,0,0
"Kinley R",1,0,0
"Klain SC",1,0,0
"Klinger R",1,0,0
"Kniesz K",1,0,0
"Knight J",1,0,0
"Knott J",1,0,0
"Koay TM",1,0,0
"Koju NP",1,0,0
"Kondo NI",1,0,0
"Kong HH",1,0,0
"Kong YX",1,0,0
"Koohdar F",1,0,0
"Kostianoy AG",1,0,0
"Koutzoukis S",1,0,0
"Kouyaté AM",1,0,0
"Kpétikou GC",1,0,0
"Kremer FS",1,0,0
"Krüger RF",1,0,0
"Kubono T",1,0,0
"Kukwa M",1,0,0
"Kumar PR",1,0,0
"Kumar RS",1,0,0
"Kumar TS",1,0,0
"Kuppusamy S",1,0,0
"Kurniawan V",1,0,0
"Kusabs I",1,0,0
"Kutser T",1,0,0
"Lahu S",1,0,0
"Lai SG",1,0,0
"Lal M",1,0,0
"Lalmuanzuala B",1,0,0
"Lalruatfeli P",1,0,0
"Lamb EG",1,0,0
"Lambe JR",1,0,0
"Lampei C",1,0,0
"Lan XL",1,0,0
"Lathouwers M",1,0,0
"Latibari MH",1,0,0
"Laufer G",1,0,0
"Le MH",1,0,0
"Learned J",1,0,0
"Lee FN",1,0,0
"Lee GY",1,0,0
"Lee JG",1,0,0
"Lee SD",1,0,0
"Lee SE",1,0,0
"Lee SG",1,0,0
"Leiva JA",1,0,0
"Lemaire-Patin R",1,0,0
"Lentz B",1,0,0
"Levia DF",1,0,0
"León-Alvarado OD",1,0,0
"León-Espinoza M",1,0,0
"Li HJ",1,0,0
"Li JF",1,0,0
"Li LJ",2,0,0
"Liang CX",1,0,0
"Liang XQ",1,0,0
"Liang ZX",1,0,0
"Liao XL",1,0,0
"Liaquat M",2,0,0
"Lim DSE",1,0,0
"Lim JS",1,0,0
"Lima E",1,0,0
"Lima MSCS",1,0,0
"Lin E",1,0,0
"Lin PC",1,0,0
"Lin XG",1,0,0
"Lin ZX",1,0,0
"Linsk S",1,0,0
"Lintott P",1,0,0
"Liou RJ",1,0,0
"Lishawa S",1,0,0
"Liskova EA",1,0,0
"Lit IL",1,0,0
"Liu CD",1,0,0
"Liu CF",1,0,0
"Liu LW",1,0,0
"Liu SQ",1,0,0
"Llanos FC",1,0,0
"Long CY",1,0,0
"Loor-Buste AA",1,0,0
"Lopes MT",1,0,0
"Lopes R",1,0,0
"Lourdais O",1,0,0
"Lu ZK",1,0,0
"Ludueña-Almeida FF",1,0,0
"Lulekal E",1,0,0
"Luna-Cozar J",1,0,0
"Luo P",1,0,0
"Lv WJ",1,0,0
"López C",1,0,0
"López-Cantú DG",1,0,0
"López-García J",1,0,0
"López-Pérez A",1,0,0
"López-Quintero IJ",1,0,0
"López-Tirado J",1,0,0
"Lü J",1,0,0
"Ma CH",1,0,0
"Ma HS",1,0,0
"Ma KS",1,0,0
"Maciel NM",1,0,0
"Macneil C",1,0,0
"Madhu B",1,0,0
"Madjdzadeh SM",1,0,0
"Magalhaes AJC Jr",1,0,0
"Mahananda P",1,0,0
"Maina I",1,0,0
"Makponsè J",1,0,0
"Malacco GB",1,0,0
"Maldonado-Torres A",1,0,0
"Malik A",1,0,0
"Malik R",1,0,0
"Maman MA",1,0,0
"Manohara TN",1,0,0
"Mapaura A",1,0,0
"Maqbul I",1,0,0
"Marcu MV",1,0,0
"Marcucci M",1,0,0
"Marinho DS",1,0,0
"Martino AL",1,0,0
"Martiné E",1,0,0
"Martínez CAG",1,0,0
"Martínez-Natarén DA",1,0,0
"Masoodhu SS",1,0,0
"Masoud M",1,0,0
"Masseloux J",1,0,0
"Matamala EP",1,0,0
"Matshisela AU",1,0,0
"Matsumoto T",1,0,0
"Maulana KY",1,0,0
"Mawdo J",1,0,0
"McCabe MF",1,0,0
"McCool WC",1,0,0
"McGeoch MA",1,0,0
"Mclaren BE",1,0,0
"Medeiros J",1,0,0
"Medina ID",1,0,0
"Medina JFA",1,0,0
"Medina-Contreras D",1,0,0
"Mehmood S",1,0,0
"Mendes D",1,0,0
"Mendoza AK",1,0,0
"Meneses CHSG",1,0,0
"Menezes JFS",1,0,0
"Meng BP",1,0,0
"Meng LQ",1,0,0
"Merzdorf M",1,0,0
"Meshili DA",1,0,0
"Meydani A",1,0,0
"Miao X",1,0,0
"Miao ZQ",1,0,0
"Miehe G",1,0,0
"Min KD",2,0,0
"Mineda H",1,0,0
"Mioto BH",1,0,0
"Miyaji RO",1,0,0
"Mo JC",1,0,0
"Mogano RR",1,0,0
"Mohanta MR",1,0,0
"Moharana PC",1,0,0
"Mokhtarzade M",1,0,0
"Molenaar E",1,0,0
"Mondal A",1,0,0
"Monks JM",1,0,0
"Monks NJ",1,0,0
"Monné ML",1,0,0
"Monroy-Ojeda A",1,0,0
"Monteiro JCL",1,0,0
"Montoya JL",1,0,0
"Morales DF",1,0,0
"Morales-Pacheco JF",1,0,0
"Moreira FD",1,0,0
"Morelli TL",1,0,0
"Morgan CN",1,0,0
"Mostafa W",1,0,0
"Moumouni BA",1,0,0
"Moura MR",1,0,0
"Mozafari GG",1,0,0
"Mpofu TJ",1,0,0
"Mtileni B",1,0,0
"Muhyun AA",1,0,0
"Mujawar AN",1,0,0
"Mulligan M",1,0,0
"Munawar N",1,0,0
"Munger W",1,0,0
"Munguía-Rosas MA",1,0,0
"Munir M",1,0,0
"Muniz CC",1,0,0
"Muposhi VK",1,0,0
"Muro-Pérez G",1,0,0
"Mushtaq M",1,0,0
"Muslu G",1,0,0
"Muttaqin M",1,0,0
"Muñoz-Zanzi C",1,0,0
"Mytilineou C",1,0,0
"Márquez-Ruíz MD",1,0,0
"Méndez-Camacho KA",1,0,0
"Mérida JE",1,0,0
"Möller EJ",1,0,0
"Müller K",1,0,0
"Na-Lampang K",1,0,0
"Nabti I",1,0,0
"Naderi S",1,0,0
"Naguib M",1,0,0
"Nahjafabadi AS",1,0,0
"Nahool TA",1,0,0
"Nair RR",1,0,0
"Nair TMB",1,0,0
"Naitam R",1,0,0
"Nakai S",1,0,0
"Nam GS",1,0,0
"Namgail T",1,0,0
"Nandhini S",1,0,0
"Nankivell AJ",1,0,0
"Naqvi S",2,0,0
"Narayanasami C",1,0,0
"Naser M",1,0,0
"Natarajan D",1,0,0
"Natarajan N",1,0,0
"Nazia A",1,0,0
"Neelam M",1,0,0
"Negi PS",1,0,0
"Neuman I",1,0,0
"Ngo HTT",1,0,0
"Nguyen HTT",1,0,0
"Niaki M",1,0,0
"Ning BQ",1,0,0
"Nishijima W",1,0,0
"Nishio M",1,0,0
"Nongdam P",1,0,0
"Nugroho D",1,0,0
"Núñez-Novas MS",1,0,0
"Ogada D",1,0,0
"Ogbue CP",1,0,0
"Oh CH",1,0,0
"Oh J",1,0,0
"Oh M",1,0,0
"Ohga S",1,0,0
"Ojeda AM",1,0,0
"Okimiji PO",1,0,0
"Oktaviani D",1,0,0
"Oladosu OA",1,0,0
"Olguin FA",1,0,0
"Oliveira AMA",1,0,0
"Oliveira DR",1,0,0
"Oliveira EVS",1,0,0
"Oliveira HJ",1,0,0
"Oliveira IF",1,0,0
"Olson L",1,0,0
"Ongoma V",1,0,0
"Opgenoorth L",1,0,0
"Oquendo-González PS",1,0,0
"Orozco M",1,0,0
"Orriols FA",1,0,0
"Ossowska EA",1,0,0
"Osuka K",1,0,0
"Otte I",1,0,0
"Pace ML",1,0,0
"Palmer G",1,0,0
"Pan NH",1,0,0
"Panda A",1,0,0
"Pandey K",1,0,0
"Park GS",1,0,0
"Parreira MR",1,0,0
"Parry B",1,0,0
"Parry D",1,0,0
"Partington NJ",1,0,0
"Pasha SV",1,0,0
"Patil NG",1,0,0
"Patil SG",1,0,0
"Patrick CJ",1,0,0
"Patry RK",1,0,0
"Paudel BR",1,0,0
"Pautasso A",1,0,0
"Pavía YLF",1,0,0
"Pederassi J",1,0,0
"Pedespan A",1,0,0
"Peng YJ",1,0,0
"Pennartz KJ",1,0,0
"Penniman JF",1,0,0
"Pereira ALL",1,0,0
"Perez L",1,0,0
"Perry GIW",1,0,0
"Petry P",1,0,0
"Pfennigwerth AA",1,0,0
"Phiri G",1,0,0
"Pinha LD",1,0,0
"Pinheiro GHB",1,0,0
"Pinto AD",1,0,0
"Pita C",1,0,0
"Plotkin PT",1,0,0
"Plourde MA",1,0,0
"Podenas S",1,0,0
"Poletto JE",1,0,0
"Pollo FE",1,0,0
"Pompeu PV",1,0,0
"Ponette-González AG",1,0,0
"Potgieter LJ",1,0,0
"Pourebrahim S",1,0,0
"Prabakaran N",1,0,0
"Prada CF",1,0,0
"Pratama GB",1,0,0
"Prieto-Rivera FE",1,0,0
"Prout LS",1,0,0
"Pu Y",1,0,0
"Purwanto Y",1,0,0
"Puspasari R",1,0,0
"Qasimova G",1,0,0
"Qin R",1,0,0
"Qin XB",1,0,0
"Qiu H",2,0,0
"Quamar MF",1,0,0
"Quattrocchi F",1,0,0
"Queirolo D",1,0,0
"Queiroz JM",1,0,0
"Rabie W",1,0,0
"Rabii K",1,0,0
"Radbouchoom S",1,0,0
"Raghuvanshi MS",1,0,0
"Rahimi R",1,0,0
"Rahman HU",1,0,0
"Rajbhandary M",1,0,0
"Ramalingam K",1,0,0
"Ramanan SS",1,0,0
"Ramesh P",1,0,0
"Ramesh T",1,0,0
"Ramos SLF",1,0,0
"Ramzan M",1,0,0
"Ramírez-Chávez EJ",1,0,0
"Ramírez-García E",1,0,0
"Raymond S",1,0,0
"Raza G",1,0,0
"Raza M",1,0,0
"Rech AR",1,0,0
"Reddy SR",1,0,0
"Reeve A",1,0,0
"Rehling F",1,0,0
"Rehman G",1,0,0
"Reis AB",1,0,0
"Remm K",1,0,0
"Remm L",1,0,0
"Ren MU",1,0,0
"Requena-Lara GN",1,0,0
"Reygondeau G",1,0,0
"Ribeiro FL",1,0,0
"Ribeiro SP",1,0,0
"Ricra A",1,0,0
"Rigano MM",1,0,0
"Risna",1,0,0
"Robalino-Mejía C",1,0,0
"Robinson CV",1,0,0
"Rodas LR",1,0,0
"Rodrigues CM",1,0,0
"Rodrigues GD",1,0,0
"Rodrigues JCV",1,0,0
"Rodrigues LC",1,0,0
"Rodrigues LRR",1,0,0
"Rodríguez-Durán A",1,0,0
"Rodríguez-Gómez C",1,0,0
"Rodríguez-Hernández DI",1,0,0
"Rodríguez-López B",1,0,0
"Rodríguez-Ruíz ER Sr",1,0,0
"Rodríguez-Zaragoza FA",1,0,0
"Roedder D",1,0,0
"Rojas-Briceno N",1,0,0
"Rosete YM",1,0,0
"Rosmaitsa ZS",1,0,0
"Ruan SX",1,0,0
"Ruby T",2,0,0
"Rucker LE",1,0,0
"Ruiz-Díaz N",1,0,0
"Ruiz-Sánchez A",1,0,0
"Rula N",1,0,0
"Rush ER",1,0,0
"Rush LM",1,0,0
"Russi CH",1,0,0
"Rustiami H",1,0,0
"Ryu TB",1,0,0
"Ríos-Franceschi A",1,0,0
"Sadiki MM",1,0,0
"Safdar S",1,0,0
"Safruddin",1,0,0
"Sahar RA",1,0,0
"Sahin MK",1,0,0
"Sahneh E",1,0,0
"Sahoo BK",1,0,0
"Sahoo UK",1,0,0
"Sahu SC",1,0,0
"Sai M",1,0,0
"Saikia MK",2,0,0
"Saleem A",1,0,0
"Saleh MN",1,0,0
"Salinas ZA",1,0,0
"Salvador GN",1,0,0
"Samanta A",1,0,0
"Samarawickrama VAMPK",1,0,0
"Sampaio MJA",1,0,0
"Sanchez J",1,0,0
"Sanchez PAJ",1,0,0
"Sandoval H",1,0,0
"Santana LO",1,0,0
"Santana MMM",1,0,0
"Santana YA",1,0,0
"Santos DC",1,0,0
"Santos E",1,0,0
"Sapag C",1,0,0
"Saputra RA",1,0,0
"Sarikhani H",1,0,0
"Sarikurt S",1,0,0
"Sayseng JO",1,0,0
"Schell LT",1,0,0
"Schubert N",1,0,0
"Schulz LA",1,0,0
"Schwarz C",1,0,0
"Schönbrodt-Stitt S",1,0,0
"Semenov A",1,0,0
"Serafini M",1,0,0
"Serrano-Notivoli R",1,0,0
"Setchell A",1,0,0
"Sforza L",1,0,0
"Shah S",1,0,0
"Shahidinejad F",1,0,0
"Shahjeer K",1,0,0
"Sharav T",1,0,0
"Sheded MG",1,0,0
"Shepard JL",1,0,0
"Shephard JM",1,0,0
"Shi HZ",1,0,0
"Shi YR",1,0,0
"Shimizu Y",1,0,0
"Shin HD",1,0,0
"Shirale AO",1,0,0
"Shrestha B",1,0,0
"Sial MU",1,0,0
"Siddig AAH",1,0,0
"Sidiropoulos L",1,0,0
"Silva PM",1,0,0
"Silvan RS",1,0,0
"Silveira P",1,0,0
"Simons AM",1,0,0
"Sinav L",1,0,0
"Siriyakhun S",1,0,0
"Sirén APK",1,0,0
"Sobhani P",1,0,0
"Soh ZWW",1,0,0
"Somervuo P",1,0,0
"Soneye ASO",1,0,0
"Song JC",1,0,0
"Song RY",1,0,0
"Song S",1,0,0
"Soundararajan RP",1,0,0
"Souza CAD",1,0,0
"Spangler JD",1,0,0
"Spearin B",1,0,0
"Sravani D",1,0,0
"Srikanthan AN",1,0,0
"Srioktoviana SK",1,0,0
"Staats S",1,0,0
"Starkevich P",1,0,0
"Steenhuisen SL",1,0,0
"Stefaniak J",1,0,0
"Stephens B",1,0,0
"Stone EL",1,0,0
"Su Y",1,0,0
"Subedi CK",1,0,0
"Sueyoshi M",1,0,0
"Suhartono",1,0,0
"Suliman M",1,0,0
"Sulistyaningsih LD",1,0,0
"Sumadijaya A",1,0,0
"Sun DL",1,0,0
"Sun J",1,0,0
"Sun K",1,0,0
"Sun XY",2,0,0
"Sung NB",1,0,0
"Sung SY",1,0,0
"Sungur B",1,0,0
"Sungur S",1,0,0
"Sunil N",1,0,0
"Surya RA",1,0,0
"Suthisut D",1,0,0
"Sutopo S",1,0,0
"Swarada B",1,0,0
"Sánchez S",1,0,0
"Sözüer O",1,0,0
"Tabaripour R",1,0,0
"Tabora JAG",1,0,0
"Takahashi Y",1,0,0
"Tallant J",1,0,0
"Tamayo-Millán C",1,0,0
"Tamayose J",1,0,0
"Tamprateep M",1,0,0
"Tan EJ",1,0,0
"Tan HF",1,0,0
"Tan KW",1,0,0
"Tanaka R",1,0,0
"Tang MY",1,0,0
"Tang RY",1,0,0
"Tang YL",1,0,0
"Tang ZT",1,0,0
"Tangwa E",1,0,0
"Taru P",1,0,0
"Tatar B",1,0,0
"Tavan M",1,0,0
"Taylor T",1,0,0
"Tchuwa I",1,0,0
"Tessi DRY",1,0,0
"Tessi RTY",1,0,0
"Tian B",1,0,0
"Tiburan CL",1,0,0
"Tikendra L",1,0,0
"Timdal E",1,0,0
"Tokarska-Guzik B",1,0,0
"Tomar B",1,0,0
"Torres JDG",1,0,0
"Torres R",1,0,0
"Tosunoolu M",1,0,0
"Toto SM",1,0,0
"Townshend T",1,0,0
"Trayford H",1,0,0
"Trethowan LA",1,0,0
"Trobbiani GA",1,0,0
"Tuan NT",1,0,0
"Tucker AD",1,0,0
"Turak E",1,0,0
"Turner S",1,0,0
"Udayan PS",1,0,0
"Ulenaers E",1,0,0
"Ulibarrie A",1,0,0
"Umehara A",1,0,0
"Upadhyaya K",1,0,0
"Urs AJ",1,0,0
"Useche-de-Vega DS",1,0,0
"Vaezi J",1,0,0
"Vaishnav K",1,0,0
"Valdespino RA",1,0,0
"Valle NG",1,0,0
"Van Dau T",1,0,0
"van Langevelde F",2,0,0
"Van Pham A",2,0,0
"Van Quy N",1,0,0
"van Rooijen A",1,0,0
"Varady G",1,0,0
"Vasudevan M",1,0,0
"Vatandoust S",1,0,0
"Vazquez ADF",1,0,0
"Vega E",1,0,0
"Vendrame WA",1,0,0
"Vernon KB",1,0,0
"Vieira CDC",1,0,0
"Vilina Y",1,0,0
"Villa-Ruano N",1,0,0
"Villagrán-Herrera ME",1,0,0
"Villalobos H",1,0,0
"Villavicencio-García R",1,0,0
"Villegas OC",1,0,0
"Villegas-Hernández H",1,0,0
"Vinodhana K",1,0,0
"Vitale S",1,0,0
"Vlasenko AV",1,0,0
"Vlasenko VA",2,0,0
"Voong J",1,0,0
"Walker E",1,0,0
"Wan DM",1,0,0
"Wang JYM",1,0,0
"Wang LP",1,0,0
"Wang MY",1,0,0
"Wang YT",1,0,0
"Wang YX",1,0,0
"Waqas M",1,0,0
"Wardhani FA",1,0,0
"Watanabe KN",1,0,0
"Waudby HP",1,0,0
"Webb SM",1,0,0
"Weeds J",1,0,0
"Wei M",1,0,0
"Wei YA",1,0,0
"Wei Z",1,0,0
"Weinstein AM",1,0,0
"Weise AM",1,0,0
"Werneck FP",1,0,0
"Werner M",1,0,0
"Wessel-Beaver L",1,0,0
"Westaway DM",1,0,0
"Westbrooke M",1,0,0
"Whiting SD",1,0,0
"Wiati CB",1,0,0
"Wijayanti LAS",1,0,0
"Wilson NG",1,0,0
"Wilson TL",1,0,0
"Winchell KM",1,0,0
"Windarsih G",1,0,0
"Windmuller-Campione MA",1,0,0
"Wixsom S",1,0,0
"Wolf F",1,0,0
"Wolfe JD",1,0,0
"Woolway RI",1,0,0
"Wu FN",1,0,0
"Wu QM",1,0,0
"Wu XQ",1,0,0
"Wédjangnon AA",1,0,0
"Xiang NY",1,0,0
"Xie BY",1,0,0
"Xie TT",1,0,0
"Xin HW",1,0,0
"Xiong YL",1,0,0
"Xu CY",1,0,0
"Xu SJ",1,0,0
"Xu SQ",1,0,0
"Xu TY",1,0,0
"Xu WB",1,0,0
"Xue ZJ",1,0,0
"Yahaya II",1,0,0
"Yahaya MS",1,0,0
"Yamazaki Y",1,0,0
"Yan L",1,0,0
"Yan TM",1,0,0
"Yan YZ",1,0,0
"Yang LC",1,0,0
"Yang SB",1,0,0
"Yang SW",1,0,0
"Yang TG",1,0,0
"Yao C",1,0,0
"Yao JL",1,0,0
"Yao LH",1,0,0
"Yao XW",1,0,0
"Yaser A",1,0,0
"Yatimparvar G",1,0,0
"Ye JW",1,0,0
"Ye NH",1,0,0
"Yildiz Y",1,0,0
"Yogesh J",1,0,0
"Yong JWH",1,0,0
"Yoon MB",1,0,0
"Youn J",1,0,0
"Yousaf MS",1,0,0
"Yu BH",1,0,0
"Yu XH",1,0,0
"Yu YQ",1,0,0
"Yuan T",1,0,0
"Yunakov N",1,0,0
"Yuniar A",1,0,0
"Yáñez-Arenas CA",1,0,0
"Zainuddin M",1,0,0
"Zakharova OI",1,0,0
"Zamani W",1,0,0
"Zamora-Ledesma S",1,0,0
"Zamudio DAC",1,0,0
"Zanon FM",1,0,0
"Zeng JY",1,0,0
"Zeng KM",1,0,0
"Zhang FT",1,0,0
"Zhang QQ",1,0,0
"Zhang SR",1,0,0
"Zhang ZM",1,0,0
"Zhao BJ",1,0,0
"Zhao LL",1,0,0
"Zhao MZ",2,0,0
"Zhao XC",1,0,0
"Zheng YG",1,0,0
"Zheng YZ",1,0,0
"Zhou CY",1,0,0
"Zhou M",1,0,0
"Zhou MW",1,0,0
"Zhu H",1,0,0
"Zhu JG",1,0,0
"Zhu JL",1,0,0
"Zhu JZ",1,0,0
"Zhu YC",1,0,0
"Zhu YY",1,0,0
"Zia A",1,0,0
"Zima YA",1,0,0
"Zobel J",1,0,0
"Zorrilla JM",1,0,0
"Zou HF",1,0,0
"Zou QJ",1,0,0
"Zou S",1,0,0
"Zou ZY",1,0,0
"Zuiderveen G",1,0,0
"Zuo SC",1,0,0
"Zárate-Salazar JR",1,0,0
"Çiçek I",1,0,0
"Özkan H",1,0,0
"Özuluo O",1,0,0
"Ünal M",1,0,0
