Keyword,2006,2007,2008,2009,2010,2011,2012,2013,2014,2015,2016,2017,2018,2019,2020,2021,2022,2023,2024,2025,Total
sdm,2,5,8,11,25,45,55,60,73,73,98,104,122,118,176,204,224,242,263,366,2274
maxent,1,4,11,23,28,43,70,73,87,97,110,117,121,135,166,200,204,180,174,230,2074
climate change,0,0,2,1,10,7,14,19,24,22,28,26,34,58,83,105,135,136,155,254,1113
enm,1,4,10,11,19,25,30,34,52,33,49,52,43,62,77,114,97,82,97,127,1019
habitat-suitability,0,0,0,1,0,7,1,4,8,8,15,16,12,17,19,30,37,45,53,108,381
conservacion,0,0,1,1,4,0,4,7,8,10,9,13,12,15,27,24,34,38,41,46,294
machine learning,0,1,0,1,0,7,1,4,8,2,1,5,10,8,19,28,26,32,37,55,245
random forest,0,1,1,1,2,7,3,7,7,10,5,14,14,13,16,19,30,22,31,37,240
habitat-suitability model,0,0,0,0,1,3,3,6,4,3,7,9,7,9,13,19,20,17,24,37,182
invasive species,0,0,0,0,6,4,6,4,3,8,12,6,12,11,11,10,20,17,10,17,157
maxent model,0,0,0,0,0,0,1,0,0,0,2,0,2,4,5,10,20,11,39,43,137
maximum entropy,1,1,1,0,1,5,5,1,7,1,7,5,8,12,5,11,10,15,10,15,121
distribucion,1,0,0,1,2,0,4,4,6,2,7,7,7,6,8,13,21,6,12,13,120
potential distribution,0,0,0,0,4,2,4,1,5,4,2,4,4,5,9,15,12,11,20,15,117
protected area,0,1,0,2,2,0,1,0,4,4,2,3,3,5,13,8,13,8,10,19,98
remote sensing,0,0,0,0,1,1,3,2,3,2,2,3,7,1,5,7,13,8,13,25,96
biogeography,0,0,0,0,0,2,2,8,1,6,5,7,4,4,7,11,5,6,10,13,91
biological invasion,0,0,1,2,2,4,0,1,3,4,3,3,7,7,6,6,11,8,12,11,91
conservation plan,0,0,0,1,3,3,4,4,1,2,3,3,4,10,8,7,6,7,5,18,89
biodiversity,0,0,0,0,0,0,4,3,6,1,3,2,1,1,7,10,2,6,10,18,74
environment variables,0,0,1,0,0,0,2,0,1,0,0,2,2,6,2,4,10,7,17,16,70
global warming,0,0,0,0,1,1,2,3,1,0,0,2,3,3,4,3,9,11,7,17,67
citizen science,0,0,0,0,0,0,1,0,0,1,1,4,6,5,4,9,8,6,7,15,67
climatic variables,0,0,0,1,0,3,0,1,0,0,0,2,1,3,7,2,8,9,10,16,63
endangered species,0,0,0,0,0,0,1,0,1,2,4,6,4,3,6,7,7,6,7,8,62
gis,0,0,0,0,0,1,4,1,3,3,7,4,6,5,4,5,0,3,5,5,56
environmental factor,0,0,0,0,0,0,0,1,1,1,3,0,1,2,3,3,5,7,9,14,50
ensemble model,0,0,0,0,0,0,0,0,0,0,1,1,1,0,3,5,4,8,10,15,48
assemble modeling,0,0,0,0,0,1,0,1,1,0,0,0,2,1,3,11,4,8,7,9,48
boosted regression tree,0,0,0,0,1,1,2,0,3,1,5,3,3,3,7,4,5,6,2,1,47
threatenedspecies,0,0,0,1,0,0,1,1,2,0,2,3,1,4,6,4,4,3,6,7,45
pyrogeography,0,0,1,0,3,2,3,1,3,1,4,2,5,4,1,4,1,4,3,3,45
south africa,0,0,1,0,2,1,3,3,2,1,1,4,0,2,1,2,5,1,5,6,40
species richness,1,0,0,0,0,2,1,1,1,0,6,3,1,0,4,5,4,4,2,4,39
niche overlap,0,0,0,0,0,2,0,0,0,0,1,2,1,3,2,6,3,5,4,9,38
range expansion,0,0,0,0,0,0,1,4,1,2,0,0,3,5,4,4,1,3,6,3,37
biodiversity conversation,0,0,0,0,0,0,1,0,0,1,0,2,0,0,2,5,6,1,2,17,37
amphibia,1,0,0,1,5,1,2,0,2,4,2,3,0,0,2,4,2,1,4,2,36
last glacial maximal,0,0,0,0,0,3,0,4,0,1,1,2,3,2,3,2,3,4,4,4,36
spatial distribution,0,0,0,0,0,0,0,0,1,1,0,3,0,5,1,1,3,8,6,5,34
endemic species,0,0,0,0,0,0,1,0,0,0,4,1,1,4,3,1,3,3,6,7,34
bioclim,0,1,1,1,2,2,4,1,1,2,0,1,2,3,1,3,2,2,3,0,32
habitat models,0,0,0,0,1,1,1,3,0,1,4,5,2,0,2,1,1,2,4,4,32
biomod,0,0,0,0,0,1,3,1,1,1,2,2,1,3,1,3,1,1,6,4,31
climate suitability,0,0,0,0,0,0,0,1,0,0,2,0,0,6,3,7,4,3,2,3,31
deep learning,0,0,0,0,0,0,0,0,0,0,0,0,2,2,3,3,5,1,5,10,31
niche conservatism,1,0,1,0,1,2,2,2,0,2,1,2,2,0,1,3,1,2,2,5,30
auc,0,0,0,2,1,3,3,0,3,2,1,2,2,2,0,2,1,2,2,1,29
sampling bias,0,0,0,0,1,0,0,2,3,0,3,2,1,3,2,1,5,2,1,2,28
risk-assessment,0,0,0,1,0,0,1,1,2,0,2,3,1,1,3,3,3,4,3,0,28
ecology,0,0,0,1,0,1,0,1,1,2,0,2,1,2,3,2,0,2,1,9,28
invasive alein species,0,0,0,0,0,0,1,0,2,2,1,0,3,1,2,5,1,1,3,6,28
habitat loss,0,0,0,0,1,0,0,0,0,0,0,0,1,2,1,8,4,1,1,8,27
distribution model,1,0,0,0,0,1,0,3,3,2,1,1,0,1,7,0,0,1,1,5,27
iran,0,0,0,0,0,0,0,0,0,1,0,2,5,2,6,2,3,1,3,2,27
temperature,0,0,0,0,1,0,0,2,0,0,1,0,1,2,3,4,2,4,2,4,26
climex,0,0,0,0,0,1,1,0,3,1,0,1,1,2,1,3,1,5,4,2,26
invasion,0,0,0,0,0,2,1,1,0,0,2,2,0,2,1,3,1,1,3,7,26
garp,0,1,0,2,4,0,4,2,1,3,0,1,2,0,3,1,0,1,1,0,26
maximum entropy model,0,0,0,0,0,0,1,0,0,0,2,1,1,1,3,1,6,3,4,2,25
distributions models,0,0,0,1,0,0,1,2,0,1,1,1,0,1,1,2,5,3,4,2,25
genetic diversity,0,0,0,0,0,0,0,1,2,1,1,0,0,1,0,1,0,7,1,9,24
generalised additive model,0,0,0,1,0,0,1,2,2,0,2,1,1,0,2,3,3,2,1,3,24
shared socio-economic path,0,0,0,0,0,0,0,0,0,0,0,0,0,0,0,3,4,2,6,9,24
spatial analysis,0,0,0,0,0,1,0,0,0,1,0,0,1,1,4,2,5,3,2,4,24
geographic distribution,0,0,0,0,0,0,0,1,0,1,1,2,2,1,2,1,4,4,3,2,24
worldclim,0,0,0,3,1,1,1,0,1,2,2,0,1,0,0,3,1,4,3,0,23
niche model,0,0,0,0,1,0,4,1,1,0,0,1,1,4,1,4,1,2,2,0,23
serial autocorrelation,0,0,0,0,1,3,3,1,1,0,3,0,0,1,1,1,3,1,2,2,23
presence only,0,0,0,0,0,3,2,1,1,2,1,2,1,1,0,1,2,3,0,3,23
refugia,0,0,0,0,0,2,0,2,0,3,0,0,1,1,1,1,4,5,2,1,23
africa,0,0,1,1,1,0,0,1,1,2,3,0,1,4,2,1,3,0,2,0,23
medicinal plant,0,0,0,0,0,0,0,0,0,0,0,0,1,2,2,5,1,4,3,4,22
presence-only data,1,1,0,0,0,1,1,2,2,1,0,3,2,0,0,1,5,0,1,1,22
introduction,0,0,0,0,0,1,0,1,1,1,0,3,1,0,1,2,4,2,2,3,22
habitat fragmentation,0,0,0,0,1,0,1,0,0,0,1,1,0,2,3,2,0,0,4,7,22
predictivemodel,0,0,0,1,0,1,2,1,0,0,2,1,2,1,2,3,2,0,2,2,22
predicting,0,0,0,0,0,0,0,1,3,0,0,2,1,0,3,0,3,1,2,6,22
reforestation,0,0,0,0,1,0,2,0,1,1,0,1,1,0,4,2,2,1,2,4,22
tropical forest,1,1,0,0,1,0,0,1,0,0,1,0,3,2,1,3,0,2,2,4,22
alien species,0,0,0,0,0,0,0,1,1,0,0,3,4,1,1,0,2,5,2,2,22
marineprotectedareas,0,0,0,0,0,0,2,1,1,1,1,0,2,0,2,1,3,1,2,4,21
model transferability,0,0,0,0,0,1,1,0,0,0,4,2,0,0,4,3,2,1,1,2,21
generalized linear model,0,0,0,0,0,2,0,0,1,1,2,2,0,0,2,1,3,5,1,1,21
zonation,0,0,0,1,1,0,0,1,2,2,1,1,2,2,2,0,3,1,1,1,21
dispersal,0,0,1,1,0,0,4,0,1,1,3,0,2,0,1,1,2,0,2,2,21
global change,0,0,0,0,2,1,0,1,0,0,0,0,0,1,1,1,1,4,2,7,21
climate niche,0,0,0,0,0,2,0,1,4,0,2,3,2,1,1,1,0,1,1,2,21
model evaluation,0,0,1,2,0,0,1,0,0,1,1,0,1,1,2,2,1,3,4,0,20
geographic distributions,0,0,0,1,1,0,0,0,0,2,1,1,1,2,5,0,1,1,0,4,20
geo-graphic information systems,0,0,0,1,1,1,3,0,2,0,1,1,0,1,2,1,2,1,1,2,20
biotic interaction,0,0,0,0,0,0,1,0,1,1,0,1,3,1,2,4,1,1,4,0,20
global climate change,0,0,0,0,0,0,0,0,0,1,1,0,0,2,3,0,7,1,4,1,20
environmental variability,0,0,0,0,0,2,1,1,1,1,1,0,0,0,2,2,1,4,4,0,20
rare species,0,0,0,0,0,1,0,1,0,2,4,1,2,0,2,0,1,3,2,1,20
land-use change,0,0,0,0,0,1,0,0,0,0,0,2,2,2,3,2,2,0,2,4,20
fragmentation,0,0,0,0,0,0,1,3,1,0,2,0,2,1,0,1,0,3,2,4,20
pest management,0,0,0,0,0,0,0,0,0,0,0,0,0,1,2,2,2,0,6,7,20
niche shift,0,0,0,1,1,2,0,0,0,1,1,0,1,2,1,4,3,0,0,2,19
cold-water coral,0,0,0,0,0,0,0,1,2,1,0,3,2,0,4,2,0,1,1,2,19
conservation ecology,0,0,0,0,0,0,2,0,0,1,1,0,1,0,3,0,1,2,4,4,19
himalaya,0,0,0,0,0,1,0,0,0,0,0,0,2,3,1,2,2,2,1,5,19
endemism,0,0,0,3,0,0,1,1,0,0,0,1,1,0,0,0,1,2,5,4,19
model validation,0,1,1,1,0,0,1,0,1,3,2,2,0,1,0,1,0,1,1,3,19
australia,0,0,0,0,1,0,1,1,0,0,1,2,2,1,0,1,3,2,1,3,19
wetland,0,0,0,0,0,0,0,0,1,0,1,1,1,1,1,5,1,1,5,1,19
invasive ant,0,1,0,1,1,0,1,0,1,1,1,1,1,0,1,2,2,1,2,2,19
suitability,0,0,0,0,0,0,1,1,1,0,0,1,0,0,0,3,2,2,3,5,19
diversity hot spots,0,0,0,1,2,1,0,0,0,0,2,1,0,1,0,1,4,2,2,2,19
mexico,0,0,0,1,0,1,3,0,0,1,2,1,3,2,0,1,1,1,2,0,19
connectivity,0,0,0,0,1,0,0,2,1,1,1,1,1,2,0,2,2,1,1,3,19
neotropic,0,0,0,0,0,0,0,2,3,0,1,0,1,0,1,2,2,1,4,2,19
geographic information system,0,0,0,0,0,1,0,0,1,2,2,2,2,1,1,1,2,1,0,3,19
c,0,0,0,0,0,0,0,0,0,0,0,0,0,0,0,18,0,0,0,0,18
ebird,0,0,0,0,3,1,2,1,1,1,0,0,0,1,1,2,0,1,1,3,18
chiroptera,0,0,0,0,0,1,1,1,1,1,2,1,2,0,2,2,1,2,0,1,18
restoration,0,0,0,0,0,0,2,1,0,0,0,1,0,1,0,0,1,3,5,4,18
forest management,0,0,0,0,0,0,0,1,0,0,0,1,3,0,2,6,2,1,2,0,18
exotic species,0,0,1,3,0,1,0,0,2,1,0,2,1,0,1,1,2,2,0,1,18
invasive pest,0,0,0,0,0,0,0,0,0,0,0,2,1,1,2,0,1,4,2,5,18
endemic,0,0,1,0,1,0,3,0,0,1,0,1,0,0,1,1,2,1,3,2,17
reptile,1,0,0,1,1,0,2,1,1,1,0,1,1,1,0,1,0,2,1,2,17
habitat distribution,0,0,0,0,0,0,0,0,2,0,0,0,1,1,1,1,4,2,2,3,17
sample size,0,0,1,0,0,0,0,0,1,0,1,1,1,0,4,2,0,4,0,2,17
representative concentration pathway,0,0,0,0,0,0,0,0,0,0,0,1,0,1,2,2,3,4,2,2,17
west africa,0,0,0,0,0,0,2,1,0,0,1,0,0,0,2,4,2,1,2,2,17
land-cover,0,0,0,0,0,0,0,1,2,0,3,0,1,1,0,2,2,2,0,3,17
migration,0,0,0,0,0,0,1,0,1,0,1,4,1,2,2,1,1,2,1,0,17
invasion risk,0,0,0,0,0,0,0,1,0,2,1,0,1,1,1,4,1,2,2,1,17
vulnerable marine ecosystems,0,0,0,0,0,0,1,1,0,1,2,2,0,1,2,1,1,2,2,1,17
habitat selection,0,0,0,0,0,1,1,0,2,0,0,1,0,2,2,2,2,0,2,1,16
virtual species,0,0,0,0,0,0,1,0,0,1,2,0,1,1,2,2,2,1,1,2,16
ndvi,0,0,0,0,0,0,0,0,0,2,1,1,2,0,0,1,3,1,2,3,16
ensemble,0,0,0,1,0,0,0,0,0,0,0,1,0,0,0,4,3,0,4,3,16
bat conservation,0,0,0,0,0,0,0,0,0,1,0,0,2,0,1,1,3,2,2,4,16
iucn red list,0,0,0,1,0,1,2,1,1,0,0,0,1,2,0,3,1,1,0,2,16
modis,0,0,1,0,0,1,1,0,1,1,1,2,0,0,1,3,0,0,2,2,16
eastern ghats,0,0,0,0,0,0,0,0,0,0,2,0,2,0,2,0,4,1,4,1,16
tick,0,0,0,0,0,0,0,1,0,1,1,0,0,2,1,2,1,3,3,1,16
lidar,0,0,0,0,0,0,2,0,0,1,0,2,1,0,3,0,2,1,3,1,16
pollinator,0,0,0,1,0,0,1,0,0,0,1,1,0,2,0,3,2,1,1,3,16
europe,0,0,0,0,0,0,1,2,0,1,0,1,0,0,0,1,3,2,3,1,15
gbif,0,0,0,0,0,0,0,0,0,1,1,0,0,1,1,1,3,2,1,4,15
mosquito,0,0,0,0,1,0,0,0,1,1,0,0,2,2,1,2,2,0,2,1,15
suitable area,0,0,0,0,0,0,0,0,0,0,0,0,0,0,0,2,2,2,6,3,15
mammal,0,0,0,0,0,0,2,1,1,0,1,1,0,2,1,0,2,2,1,1,15
variable selection,0,0,0,0,0,1,0,1,0,0,0,1,2,0,3,1,0,0,2,3,14
north africa,0,0,0,1,1,2,1,2,0,0,1,0,1,0,1,1,1,1,1,0,14
management,0,0,0,0,0,0,0,0,1,1,0,0,1,0,3,0,1,3,2,2,14
niche divergence,0,0,0,0,0,0,0,0,1,1,2,2,1,1,1,1,3,0,1,0,14
spatial scale,0,0,1,0,0,0,1,1,2,0,0,0,1,1,2,0,1,3,1,0,14
model performance,0,0,0,0,1,0,2,0,2,0,0,0,1,1,1,1,3,1,0,1,14
aedes aegypti,0,0,0,0,0,0,0,0,0,0,1,1,1,5,1,1,1,0,0,3,14
sentinel 2,0,0,0,0,0,0,0,0,0,0,0,0,1,1,2,4,2,1,2,1,14
glm,0,0,0,1,0,1,1,1,2,0,2,3,0,0,0,0,2,1,0,0,14
artificial intelligence,0,0,0,0,0,0,0,0,0,0,0,0,0,0,1,0,4,2,2,5,14
habitat model,0,0,0,0,1,0,1,1,1,0,1,0,2,2,0,3,1,0,1,0,14
climate warming,0,0,0,0,0,0,0,0,0,0,0,1,0,2,2,1,3,1,1,3,14
qinghai-tibet plateau,0,0,0,0,0,0,0,0,0,0,1,0,0,1,1,2,3,3,1,1,13
climate changes,0,0,0,0,0,0,1,1,0,0,1,0,1,1,1,2,1,1,2,1,13
glacial refuge,0,0,1,1,0,0,0,0,0,0,1,2,1,0,1,2,0,0,0,4,13
landsat,0,0,0,0,1,1,0,0,0,1,1,1,2,0,1,1,1,1,0,2,13
transferability,0,0,0,0,0,0,0,1,0,1,2,0,0,0,2,2,1,0,1,3,13
gap analysis,0,0,0,0,0,0,0,1,0,1,0,0,3,0,0,2,1,0,2,3,13
brazil,0,0,0,0,2,1,1,0,1,0,0,2,0,1,3,0,1,0,0,1,13
spatial modeling,0,0,0,0,0,0,0,0,0,0,1,1,0,1,1,3,0,1,1,4,13
andes,0,0,0,0,0,2,0,0,1,0,0,2,1,1,0,3,1,1,1,0,13
caatinga,0,0,0,0,0,0,0,0,0,0,1,2,4,0,1,1,2,0,1,1,13
conservation priority,0,0,0,0,0,0,0,0,1,0,6,0,1,0,0,2,1,0,0,2,13
model comparison,0,0,1,0,0,0,4,0,0,0,1,0,2,0,1,1,0,2,1,0,13
logistic regression,0,1,0,0,0,2,3,0,1,0,2,0,0,0,0,1,1,0,1,1,13
bioclimate factors,0,0,0,0,0,0,0,1,1,1,0,1,0,0,0,2,1,2,1,3,13
bird,0,0,0,0,0,0,0,0,0,0,0,2,0,0,2,2,0,3,1,3,13
model selection,0,0,0,2,0,1,0,1,1,1,0,0,0,1,3,1,1,0,0,1,13
biological control,0,0,0,0,0,1,0,0,0,0,0,0,0,2,1,1,3,2,2,1,13
food security,0,0,0,0,0,0,0,0,0,0,1,1,0,0,0,3,1,2,1,3,12
uncertainty,0,0,0,0,0,0,0,1,0,1,0,2,2,1,1,1,0,0,1,2,12
grassland,0,0,0,0,0,2,1,0,0,0,1,1,0,0,1,0,2,1,2,1,12
extinction,0,0,1,0,0,0,0,0,1,0,0,0,1,1,1,5,1,0,0,1,12
indonesia,0,0,0,0,0,0,0,0,0,0,5,0,1,0,0,2,0,0,0,4,12
ecosystem service,0,0,0,0,0,0,1,0,0,0,1,0,0,0,1,1,2,1,2,3,12
circuitscape,0,0,0,0,0,0,0,0,0,1,2,0,3,0,0,1,1,1,2,1,12
southern ocean,0,0,0,0,0,0,1,1,1,0,0,0,0,1,0,3,1,0,3,1,12
extent of occurence,0,0,0,0,0,0,0,0,2,0,0,1,1,0,2,1,1,1,2,1,12
urbanisation,0,0,0,0,0,0,0,0,0,0,0,1,0,1,0,1,0,3,2,4,12
iucn,0,0,0,0,1,0,1,1,0,0,1,0,0,0,1,0,2,0,3,2,12
precipitation,0,0,0,0,0,0,0,1,0,0,1,0,0,1,0,0,2,2,1,4,12
cameratrapr,0,0,0,0,0,1,0,0,0,0,0,0,0,1,0,0,2,1,2,5,12
cetacea,0,0,0,0,0,0,1,0,0,0,2,1,1,0,1,3,0,1,1,1,12
freshwater fish,0,0,0,0,0,0,0,2,1,0,0,1,0,1,1,1,2,2,0,1,12
fisheries,0,0,0,0,0,0,0,0,0,0,0,0,1,0,2,2,2,0,2,3,12
niche breadth,0,0,0,0,0,0,0,0,0,2,0,2,0,0,1,2,0,1,0,4,12
land-use,0,0,0,0,0,0,3,0,1,0,0,0,1,1,1,0,1,2,0,2,12
habitat mapping,0,0,0,0,0,1,0,0,0,1,0,1,1,2,2,2,0,0,2,0,12
landscape ecology,0,0,0,0,0,0,1,0,1,0,0,0,1,0,1,1,1,2,2,2,12
potential habitat,0,0,0,0,0,0,0,0,1,0,0,0,0,0,1,1,3,1,3,2,12
abundance,0,0,0,0,0,0,0,1,0,0,3,0,0,1,0,1,1,2,2,1,12
fishery management,0,0,0,0,0,0,0,0,1,1,1,1,0,2,1,0,1,0,1,2,11
aedes albopicrus,0,0,0,0,0,0,0,0,1,0,0,0,0,3,1,1,1,0,0,4,11
environmental dna,0,0,0,0,1,0,1,0,0,1,0,1,0,0,0,1,0,1,2,3,11
human impact,0,0,0,0,0,0,0,1,1,0,1,0,2,0,0,2,0,1,0,3,11
macroclimate,0,0,0,0,1,0,0,1,1,0,0,0,0,1,1,0,1,1,2,2,11
india,0,0,0,0,0,0,0,0,0,0,1,0,0,0,1,1,2,0,3,3,11
mediterranean,0,0,0,1,0,0,1,0,0,0,0,1,1,1,0,0,0,2,2,2,11
diversity,0,0,0,0,0,0,0,0,0,1,0,1,0,0,0,2,2,0,2,3,11
lepidoptera,0,0,0,2,0,1,0,0,3,1,0,1,0,0,0,1,0,1,1,0,11
vector-borne disease,0,0,0,0,0,1,0,1,0,1,0,0,0,3,1,2,1,0,0,1,11
bioclimatic model,0,0,0,0,0,1,1,0,1,1,0,0,0,0,1,1,2,2,0,1,11
bat,0,0,0,0,0,0,0,1,1,1,0,1,1,0,0,4,0,0,1,1,11
habitat shift,0,0,0,0,0,0,0,0,0,1,0,0,0,0,0,1,3,0,3,3,11
invertebrate,0,0,0,0,0,0,0,1,1,0,0,4,2,0,0,1,0,1,1,0,11
conservation strategy,0,0,0,0,0,0,0,0,1,0,0,0,0,0,0,2,1,0,2,5,11
ethiopia,0,0,0,0,0,0,0,0,0,1,1,0,0,0,0,0,3,3,2,1,11
vegetation,0,0,0,0,0,0,1,0,1,0,0,2,0,0,1,0,2,1,2,1,11
environmental predictor,0,0,0,0,0,0,0,0,0,0,0,0,2,1,0,0,2,2,1,3,11
distribution shift,0,0,0,0,0,0,0,0,0,0,2,2,0,1,1,2,1,1,0,1,11
human-wildlife conflict,0,0,0,0,0,0,0,0,2,1,0,0,1,1,1,0,0,2,2,1,11
overfitting,0,0,0,0,0,1,0,0,2,0,1,0,1,2,1,0,2,1,0,0,11
malaria,0,0,0,2,1,0,0,0,0,4,0,0,0,0,0,1,1,1,0,1,11
climate envelope,0,0,0,3,0,0,0,0,0,0,0,0,1,3,1,0,0,2,1,0,11
model complexity,0,0,0,0,0,1,0,0,1,0,1,1,0,1,1,1,1,3,0,0,11
vector borne diseases,0,0,0,0,0,0,0,0,0,1,1,1,0,2,2,0,0,0,2,2,11
range,1,0,0,0,0,0,0,1,1,0,0,0,1,2,1,0,3,0,0,1,11
insect,0,0,0,0,0,0,0,0,0,0,0,0,1,0,1,2,1,1,2,3,11
multiscale,0,0,1,0,0,0,0,0,0,0,0,0,1,0,2,1,2,1,1,1,10
risk map,0,0,0,0,0,0,1,1,0,0,0,2,0,1,0,1,1,0,0,3,10
public health,0,0,0,0,0,0,0,0,1,0,0,1,1,0,1,0,1,2,0,3,10
amazon,0,0,0,0,0,1,0,1,2,1,0,1,0,0,2,1,1,0,0,0,10
realized niche,0,0,0,1,2,1,1,0,0,1,3,0,0,0,0,1,0,0,0,0,10
seascape connectivity,0,0,0,0,0,0,0,0,0,0,0,0,1,0,1,3,0,0,2,3,10
mariculture,0,0,0,0,0,1,1,0,0,0,0,1,1,0,0,1,2,3,0,0,10
assisted migration,0,0,0,0,0,0,0,0,1,0,0,1,0,0,1,1,0,2,3,1,10
carnivora,0,0,1,0,0,0,0,1,0,0,1,0,3,2,0,1,1,0,0,0,10
leishmania,0,0,0,0,0,0,1,0,1,0,1,1,2,2,0,0,1,0,0,1,10
california,1,1,1,1,0,0,0,1,1,0,0,1,0,2,0,0,0,1,0,0,10
range size,0,0,0,0,0,0,0,0,0,0,1,1,0,0,1,2,2,0,1,2,10
population genomics,0,0,0,0,0,0,0,0,0,1,1,0,1,1,1,1,0,1,3,0,10
spain,0,0,0,0,0,1,2,0,2,0,0,0,1,0,0,0,3,0,0,1,10
population ecology,0,0,0,0,0,0,0,0,0,0,0,0,1,0,1,2,0,2,3,1,10
fundamental niche,0,0,0,1,2,1,1,0,0,0,1,0,0,0,0,1,0,1,1,1,10
range map,1,0,0,0,0,1,2,1,0,1,0,0,0,0,0,0,1,1,2,0,10
land suitability,0,0,0,0,0,1,0,2,0,1,1,0,0,1,0,0,1,1,0,2,10
variable importance,0,0,0,0,0,0,1,0,2,0,0,1,0,1,1,0,0,1,0,3,10
geographic range,0,0,1,0,0,1,0,0,1,1,0,1,0,1,1,0,0,0,1,2,10
area of occupancy,0,0,0,0,0,0,1,0,0,0,0,0,0,1,1,1,1,2,1,2,10
spatial resolution,0,0,0,0,0,0,0,2,1,0,1,1,0,0,2,1,0,0,0,2,10
ensemble forecast,0,0,0,0,1,0,0,2,1,0,1,0,1,0,0,0,2,0,1,1,10
vector,0,0,0,0,0,0,0,0,1,1,1,1,1,0,0,1,1,0,1,2,10
mediterranean sea,0,0,0,0,0,0,1,0,0,0,0,2,2,0,1,0,0,2,1,1,10
artificial neural network,0,0,0,0,0,1,1,0,0,1,0,0,1,0,2,1,1,1,1,0,10
prevalence,0,0,0,0,0,1,0,0,0,0,2,0,0,1,0,2,0,3,0,1,10
conservation prioritisation,0,0,0,0,1,0,0,1,0,0,1,0,0,0,2,0,1,0,1,3,10
wildlife management,0,0,0,0,0,0,0,0,0,0,0,1,0,2,0,0,1,0,3,3,10
species range,0,0,0,0,0,0,0,0,1,0,1,0,2,0,1,2,0,0,2,1,10
adaptation,0,0,0,0,0,1,1,0,0,0,0,1,0,1,0,2,0,0,1,3,10
culicidae,0,0,0,0,0,0,0,0,1,0,1,2,0,2,0,1,0,0,2,1,10
inaturalist,0,0,0,0,0,0,0,0,0,0,0,0,0,0,0,0,0,5,2,3,10
species distributions,0,0,0,0,0,0,0,0,1,1,0,0,0,0,2,1,1,0,1,3,10
vulnerability,0,0,0,0,0,0,1,0,0,2,0,0,0,1,2,0,1,0,1,2,10
scale,0,0,0,0,1,1,1,0,1,0,0,1,0,1,1,1,1,0,1,0,10
madagascar,0,1,1,0,0,0,3,1,1,1,0,1,0,0,0,0,0,0,0,1,10
aquaculture,0,0,0,0,0,0,0,0,0,0,1,0,0,0,1,3,0,1,3,1,10
macroecology,0,0,0,0,1,1,0,0,0,1,1,0,0,1,1,0,1,0,2,1,10
atlantic forest,0,0,0,0,1,0,1,0,1,0,1,0,0,0,2,1,1,1,0,1,10
community science,0,0,0,0,0,0,0,0,0,0,0,0,0,0,0,1,1,3,3,2,10
cross validation,0,0,0,0,0,0,2,0,0,0,0,2,0,0,0,3,0,2,0,1,10
conservationmanagement,0,0,0,0,0,0,0,0,0,0,0,0,0,0,1,4,3,0,0,2,10
insect pest,0,0,0,0,0,0,0,1,3,1,1,0,0,0,0,0,1,1,1,1,10
competition,0,0,0,0,0,1,0,1,0,1,1,2,0,1,1,0,0,0,2,0,10
taxonomy,0,0,0,0,0,0,2,2,1,1,0,1,0,0,0,0,0,0,0,3,10
nature reserve,0,0,0,0,0,0,0,0,3,0,0,1,1,1,0,1,1,0,1,1,10
in-situ conservation,0,0,0,0,0,1,0,0,3,0,0,0,0,0,2,0,1,0,0,3,10
conservation biogeography,0,0,2,1,0,1,2,1,0,0,0,0,0,0,0,1,1,0,0,1,10
southeast asia,0,0,0,0,1,0,1,1,0,0,0,2,0,1,2,0,1,0,1,0,10
genetic structure,0,0,0,0,0,0,1,1,0,0,0,0,0,0,0,1,1,3,2,1,10
soil,0,0,0,0,0,0,1,1,0,0,0,2,0,0,2,2,0,0,0,2,10
spatial ecology,0,0,0,0,0,0,0,0,1,0,0,1,0,1,2,1,1,0,1,2,10
landscape genetic,0,0,0,0,0,0,0,0,0,1,0,0,1,1,0,1,1,1,1,2,9
land use change,0,0,0,0,1,0,0,1,0,1,1,0,1,0,0,1,1,0,0,2,9
human footprint,0,0,0,0,0,0,1,0,1,0,0,0,0,0,0,1,1,0,1,4,9
iberian peninsula,0,0,0,1,0,1,0,1,1,2,0,0,1,0,0,1,1,0,0,0,9
environment,0,0,0,0,0,1,0,0,0,0,0,0,0,2,0,2,2,1,0,1,9
arctic,0,0,0,0,0,0,0,0,0,1,0,0,1,0,1,2,3,1,0,0,9
environmental range,0,0,0,0,0,0,0,0,0,0,1,0,0,0,1,0,0,2,2,3,9
simulation,0,0,0,0,0,1,0,0,1,0,1,0,0,0,1,0,1,1,2,1,9
pleistoceno,0,0,1,1,0,1,0,0,0,0,0,0,0,0,1,0,1,0,2,2,9
mapping,0,0,0,0,0,0,0,0,0,0,0,3,1,0,1,0,1,2,1,0,9
extinction risk,0,0,0,0,0,0,0,0,1,0,1,1,0,1,1,0,1,0,1,2,9
plant invasion,0,0,0,0,0,0,0,3,0,0,1,0,0,2,1,1,0,1,0,0,9
landscape metrics,0,0,0,0,0,0,0,0,0,1,0,0,1,1,1,3,0,2,0,0,9
marine spatial planning,0,0,0,0,0,0,0,1,0,1,0,0,0,0,1,2,0,1,1,2,9
climate factors,0,0,0,0,0,0,0,0,0,0,1,0,0,0,0,1,0,3,3,1,9
extrapolation,0,0,0,0,1,1,0,0,1,0,0,0,0,0,2,1,1,0,1,1,9
infectious disease,0,0,0,0,0,1,0,0,2,1,0,0,0,0,0,2,0,0,1,2,9
classification,0,0,0,0,0,0,1,0,0,1,0,0,1,0,0,3,0,0,2,1,9
sea surface temperature,0,0,0,0,0,1,1,1,0,0,0,0,1,1,1,1,2,0,0,0,9
biosecurity,0,0,0,0,0,0,1,0,0,2,0,0,0,2,0,1,0,2,1,0,9
biome,0,0,0,0,0,0,1,0,0,0,0,2,1,3,0,1,1,0,0,0,9
enfa,0,0,0,1,1,1,1,0,1,1,2,0,0,0,0,1,0,0,0,0,9
rodent,0,0,0,0,0,0,1,1,0,0,0,0,0,1,0,1,0,2,1,2,9
nepal,0,0,0,0,0,0,0,0,0,0,0,0,2,0,0,0,3,2,1,1,9
big-data,0,0,0,0,0,0,0,0,0,0,0,0,0,1,0,1,0,2,3,2,9
primate,0,0,0,0,0,0,0,0,0,0,0,1,1,0,2,0,2,1,1,1,9
range contraction,0,0,0,0,0,0,0,0,1,0,0,0,2,1,2,0,0,0,1,2,9
west nile virus,0,0,0,0,0,0,0,0,1,0,1,1,0,0,0,0,2,2,0,2,9
support vector machine,0,0,0,0,0,0,0,0,0,0,0,0,1,1,2,2,1,0,1,1,9
oak,0,0,0,0,0,0,0,0,0,0,0,0,1,0,0,0,1,1,2,4,9
endanger,0,0,0,0,0,0,0,0,0,0,0,1,0,0,0,1,4,0,3,0,9
risk analysis,0,0,0,0,0,0,0,1,0,1,0,0,0,0,1,0,1,2,1,2,9
ecoregion,0,0,0,0,0,0,0,0,0,0,2,0,0,1,1,1,0,3,0,1,9
latent geographical distribution,0,0,0,0,0,0,0,0,0,0,0,0,0,0,1,1,3,2,1,1,9
presence-absence,0,0,0,0,0,0,0,0,2,0,0,1,0,1,0,0,4,0,1,0,9
pine wilt disease,0,0,0,0,0,0,0,0,0,0,0,0,1,0,0,1,0,2,3,2,9
sustainability,0,0,0,0,0,0,0,0,0,0,0,0,0,1,0,2,0,0,3,3,9
potential geographic distribution,0,0,1,0,0,0,0,1,0,1,0,0,0,2,1,0,0,2,1,0,9
tick-borne disease,0,0,0,0,0,0,0,0,0,0,0,1,0,0,0,2,1,2,1,2,9
bioclimate,0,0,0,1,1,1,1,0,0,0,0,0,1,1,0,1,0,0,2,0,9
threat,0,0,0,0,0,0,0,0,1,1,0,0,1,0,1,1,3,0,0,1,9
pseudoabsences,0,0,0,1,1,1,0,1,0,0,0,0,2,0,0,1,0,1,1,0,9
niche differentiation,0,0,0,0,0,0,1,1,1,0,0,0,0,2,0,1,1,1,0,1,9
phylogeny,0,0,0,0,0,0,0,0,1,0,0,2,0,0,1,3,0,1,1,0,9
diversity loss,0,0,0,0,0,0,0,0,0,0,0,0,0,0,0,1,3,2,2,1,9
kuenm,0,0,0,0,0,0,0,0,0,0,0,0,0,1,0,4,3,1,0,0,9
local adaption,0,0,0,0,0,0,0,0,0,0,0,0,0,2,1,3,0,0,0,2,8
dengue,0,0,0,0,0,1,0,0,1,0,0,0,1,0,0,0,1,0,2,2,8
resource selection function,0,0,0,0,0,0,0,1,1,0,0,0,0,0,1,0,1,1,1,2,8
citrus,0,0,0,0,0,0,0,0,0,0,0,0,0,0,0,0,1,5,2,0,8
benin,0,0,0,0,0,0,0,0,0,1,0,0,0,0,0,1,1,2,1,2,8
orchid,0,0,0,0,0,0,0,0,0,0,0,0,0,0,2,2,1,1,2,0,8
climate scenario,0,0,0,0,0,0,0,0,0,0,0,0,0,0,2,0,2,2,0,2,8
habitat preference,0,0,0,0,0,0,0,0,0,0,0,1,1,0,0,3,0,0,1,2,8
species interaction,0,0,0,0,0,0,0,0,1,1,0,0,3,0,1,0,0,1,0,1,8
downscaling,0,0,0,0,0,2,0,1,1,0,2,0,0,0,0,1,0,1,0,0,8
species at risk,0,0,0,0,0,0,0,0,1,0,0,0,0,1,1,1,3,0,1,0,8
forest,0,0,0,0,0,0,0,0,0,0,1,1,1,0,1,1,0,2,1,0,8
potential suitable habitat,0,0,0,0,0,0,0,0,0,0,0,0,0,0,2,2,1,2,1,0,8
regularisation,0,1,0,0,0,1,1,0,0,0,0,0,1,1,1,1,0,0,0,1,8
coleoptera,0,0,0,0,0,0,0,0,0,1,0,1,0,0,0,2,0,2,1,1,8
triatomine,0,0,0,0,0,0,0,0,1,2,0,0,1,1,2,0,0,0,0,1,8
rcp,0,0,0,0,0,0,0,0,0,1,0,0,0,1,0,2,2,0,2,0,8
new zealand,0,0,0,0,0,0,0,0,1,1,1,1,0,0,1,1,1,0,0,1,8
phenology,0,0,0,0,0,0,0,0,0,0,0,1,0,1,3,1,1,0,0,1,8
small mammal,0,0,0,0,0,0,0,0,0,1,2,1,0,2,2,0,0,0,0,0,8
diva gis,0,0,0,0,0,0,0,0,2,0,0,0,0,0,2,0,2,0,1,1,8
schistosomiasis,0,0,0,0,0,0,0,0,1,0,1,0,0,0,0,1,0,1,2,2,8
range dynamics,0,0,0,1,0,0,0,0,0,0,0,0,1,0,0,1,0,3,2,0,8
egypt,0,0,0,1,0,0,0,0,1,0,1,0,0,1,2,1,0,0,1,0,8
habitat use,0,0,0,0,0,0,0,0,0,0,2,0,0,0,1,3,1,0,0,1,8
potential suitable area,0,0,0,0,0,0,0,0,0,0,0,0,0,0,0,1,1,0,4,2,8
salamander,0,1,0,0,0,1,0,0,0,0,0,0,0,1,0,1,2,0,0,2,8
asia,0,0,0,0,0,0,0,0,0,0,0,0,1,0,1,2,1,1,2,0,8
eastern himalaya,0,0,0,0,0,0,1,0,0,0,0,0,0,0,0,1,2,2,0,2,8
future scenarios,0,0,0,0,1,0,0,0,0,0,0,0,1,1,0,0,1,0,3,1,8
mangrove,0,0,0,0,0,0,0,0,0,0,0,0,0,0,0,0,1,2,0,5,8
introduced species,0,0,0,0,0,0,1,0,1,0,0,0,0,2,0,1,1,0,1,1,8
climatic models,0,0,0,1,0,1,0,1,0,0,1,0,0,0,0,3,0,1,0,0,8
arcgis,0,0,0,0,0,0,0,0,1,0,0,1,0,1,2,0,1,0,0,2,8
correlative model,0,0,0,0,0,2,0,0,0,0,1,1,0,0,0,0,0,2,0,2,8
stream,0,0,0,1,0,0,0,0,0,1,1,3,0,0,0,0,0,2,0,0,8
point-process-model,0,0,0,0,0,0,0,1,0,0,0,1,1,1,1,2,1,0,0,0,8
cryptic species,0,0,0,0,0,0,1,0,1,0,0,0,0,0,0,0,2,2,0,2,8
trypanosoma cruzi,0,0,0,0,0,0,1,0,0,0,0,0,1,2,0,1,1,0,1,1,8
disturbance,0,0,0,0,0,0,0,0,0,1,1,0,3,0,0,0,0,0,0,3,8
distribution range,0,0,0,0,0,0,0,0,1,0,0,1,1,0,1,0,3,0,0,1,8
chagas disease,0,0,0,0,0,0,1,0,1,0,0,0,1,1,1,0,0,0,1,2,8
vegetation index,0,0,0,0,1,1,1,0,0,0,0,0,0,1,0,0,1,2,0,1,8
paleoecology,0,0,0,0,0,1,1,0,0,0,0,0,2,0,1,0,1,0,1,1,8
climate change adaptation,0,0,0,0,0,0,0,0,0,1,0,0,0,0,0,1,1,0,3,2,8
italy,0,0,0,1,0,0,0,0,1,0,0,1,0,1,0,1,0,2,1,0,8
climate change impact,0,0,0,0,0,0,0,0,0,0,0,0,1,1,0,0,0,1,1,4,8
scleractinia,0,0,0,0,0,0,0,0,0,0,1,0,0,1,3,0,1,1,0,1,8
lacertids,0,0,0,1,0,0,0,0,0,0,0,0,1,1,1,1,1,2,0,0,8
brown bear,0,0,0,0,0,0,0,0,2,0,0,0,2,1,0,0,1,0,2,0,8
quaternary,0,0,0,0,0,0,0,2,0,0,0,0,1,0,0,1,0,1,1,2,8
hybridization,0,0,0,0,0,0,0,0,1,1,1,0,1,1,1,2,0,0,0,0,8
invasive alien ant,0,0,0,0,1,1,0,0,0,0,0,0,0,0,0,0,2,0,1,3,8
background data,0,0,0,1,0,0,1,0,0,0,0,1,1,0,0,1,0,0,1,1,7
coi,0,0,0,0,0,1,1,1,0,1,0,0,0,0,1,0,0,0,1,1,7
ecosystem management,0,0,0,0,0,0,0,1,0,0,0,1,0,0,1,2,0,1,1,0,7
forest restoration,0,0,0,0,0,0,2,0,0,1,0,0,0,0,2,0,1,0,0,1,7
animal movement,0,0,0,0,0,0,0,0,0,0,1,0,3,0,0,0,1,0,1,1,7
ecological-niche factor analysis,0,0,0,0,0,0,0,1,0,1,0,2,1,1,1,0,0,0,0,0,7
global distribution,0,0,0,0,0,0,0,0,0,0,0,0,0,0,0,1,3,0,2,1,7
random forest model,0,0,0,0,0,0,0,0,0,0,0,0,0,0,0,0,2,2,2,1,7
life history,0,0,0,0,0,0,0,1,0,0,2,0,0,1,2,0,1,0,0,0,7
historical demography,0,0,0,0,0,0,1,1,0,0,0,0,0,0,2,1,1,0,1,0,7
evolution,0,0,0,0,0,0,0,0,0,2,0,1,1,2,0,0,0,1,0,0,7
mitochondria dna,0,0,1,0,1,1,1,1,0,0,0,1,0,1,0,0,0,0,0,0,7
vegetation mapping,0,0,0,0,0,0,0,0,1,0,2,0,0,0,1,1,1,0,0,1,7
habitat restoration,0,0,0,0,0,0,0,1,0,0,0,0,0,2,0,1,0,0,2,1,7
model,0,0,0,0,0,0,0,0,1,0,1,0,0,0,0,1,0,1,1,2,7
biodiversity monitoring,0,0,0,1,0,0,0,0,0,2,0,0,0,0,1,0,0,1,0,2,7
presence-only model,0,0,0,0,0,0,0,1,2,1,0,0,0,0,1,1,1,0,0,0,7
google earth engine,0,0,0,0,0,0,0,0,0,0,0,0,0,0,0,0,0,2,1,4,7
freshwater ecosystem,0,0,0,0,0,0,0,0,0,0,0,1,1,0,1,1,0,0,1,2,7
bioclimatic,0,0,1,0,0,0,0,0,0,1,0,0,0,0,1,0,1,3,0,0,7
hotspot,0,0,0,0,0,0,0,0,0,0,0,0,2,0,0,0,1,1,3,0,7
rcp scenario,0,0,0,0,0,0,0,0,0,0,0,0,0,2,0,2,2,0,1,0,7
gam,0,0,0,1,0,0,0,1,0,0,0,1,0,1,1,2,0,0,0,0,7
spatial distribution model,0,0,0,0,0,0,0,0,0,1,0,0,0,0,0,2,1,2,0,1,7
landscape,0,0,0,0,0,0,1,0,0,1,0,0,0,0,0,2,1,0,0,2,7
thailand,0,0,0,0,0,1,0,1,0,0,0,2,1,1,0,0,0,0,0,1,7
habitat change,0,0,0,0,0,0,0,0,0,1,0,1,0,0,1,0,0,1,1,2,7
alaska,0,0,0,0,0,0,0,0,1,1,0,1,0,1,0,1,0,1,1,0,7
species conservation,0,0,0,0,0,0,0,0,0,0,0,0,1,0,0,0,1,0,1,4,7
ssp scenario,0,0,0,0,0,0,0,0,0,0,0,0,0,0,0,0,0,1,1,5,7
northeast asia,0,0,0,0,0,0,0,0,0,0,0,0,1,0,0,1,2,1,0,2,7
sustainable development,0,0,0,0,0,0,0,0,0,0,0,0,0,0,0,1,1,0,2,3,7
conservation gap,0,0,0,0,0,0,0,0,0,0,0,1,0,0,0,1,2,1,0,2,7
orthoptera,0,0,0,0,0,0,0,1,0,0,0,1,1,1,0,1,1,1,0,0,7
ungulate,0,0,0,0,0,0,0,0,0,1,0,0,0,2,1,0,0,0,2,1,7
mediterranean ecosystem,0,0,0,0,1,0,0,1,1,0,0,1,0,0,2,0,0,1,0,0,7
chytridiomycosis,0,0,0,1,1,1,0,0,0,1,0,0,0,1,0,0,2,0,0,0,7
protected natural area,0,0,0,0,0,0,0,0,0,0,0,0,0,1,0,3,0,0,1,2,7
cutaneous leishmaniasis,0,0,0,0,0,0,0,1,0,1,0,0,1,2,0,1,1,0,0,0,7
monitoring,0,0,0,0,0,0,0,0,1,0,0,0,0,0,0,1,1,1,3,0,7
human disturbance,0,0,0,0,0,0,0,0,0,0,0,0,2,1,0,0,1,0,1,2,7
spatial planning,0,0,0,0,0,0,0,1,0,0,0,2,1,0,1,0,0,1,1,0,7
forest conservation,0,0,0,0,0,0,0,0,0,0,0,0,1,0,0,0,1,0,1,4,7
colonization,0,0,0,0,0,0,0,0,0,0,0,1,1,0,1,2,0,0,2,0,7
jackknife,0,1,0,0,0,0,0,1,0,0,0,1,0,2,1,0,0,0,0,1,7
savanna,0,0,0,0,0,1,0,0,1,1,1,0,0,0,0,0,1,0,1,1,7
climatic envelope,0,0,1,1,0,0,1,1,0,0,1,0,0,1,0,1,0,0,0,0,7
population structure,0,0,0,0,0,0,0,0,0,0,0,0,0,0,0,0,0,3,1,3,7
maxent algorithm,0,0,0,0,0,0,1,0,0,0,0,0,0,1,0,0,0,0,2,3,7
morocco,0,0,0,0,1,2,0,0,0,0,0,0,0,1,2,0,1,0,0,0,7
enmtools,0,0,0,0,0,0,1,0,0,3,1,0,1,0,0,1,0,0,0,0,7
species delimitation,0,1,0,0,0,0,0,0,0,0,0,1,1,1,0,1,0,1,1,0,7
breeding habitat,0,0,0,0,0,0,0,0,0,0,1,0,1,0,1,1,0,1,0,2,7
satellite remote sensing,0,0,0,0,0,0,0,0,0,0,1,0,1,1,1,0,0,1,1,1,7
argentina,0,0,0,0,0,1,0,1,0,1,0,1,1,0,0,0,1,0,0,1,7
environmental niche model,0,0,0,0,0,0,0,1,1,0,1,0,1,0,1,2,0,0,0,0,7
paleoclimate,0,0,0,0,0,2,0,0,0,0,1,0,0,0,1,0,0,2,0,1,7
quarantine pest,0,0,0,0,0,0,0,0,0,1,0,0,0,0,1,1,0,2,1,1,7
principal component analysis,0,0,0,0,0,0,0,0,0,0,0,1,0,2,0,0,2,0,1,1,7
translocation,0,0,0,0,0,0,0,0,0,0,1,0,2,1,0,2,0,0,1,0,7
distribution pattern,0,0,0,0,0,0,0,1,0,0,0,0,0,0,1,0,0,0,3,2,7
niche similarity,0,0,0,0,0,0,0,0,1,1,0,0,0,0,1,1,1,0,0,2,7
lyme disease,0,0,0,0,0,0,0,1,0,0,1,0,1,0,1,0,1,1,0,1,7
pest,0,0,0,0,0,0,0,0,0,1,0,0,0,0,3,1,0,0,0,2,7
shorebird,0,0,0,0,0,0,0,0,0,0,0,1,1,1,0,0,1,0,0,3,7
species range shift,0,0,0,0,1,0,0,1,0,1,0,0,0,0,0,0,0,3,1,0,7
human activity,0,0,0,0,0,0,0,0,0,0,0,0,0,0,0,0,1,1,2,3,7
giant panda,0,0,0,0,0,0,0,0,0,0,0,0,2,1,0,1,3,0,0,0,7
spatiotemporal distribution,0,0,0,0,0,0,0,0,0,0,1,0,1,0,0,1,1,0,2,0,6
enmeval,0,0,0,0,0,0,0,0,0,0,0,0,0,0,1,2,0,0,2,1,6
conservation area,0,0,0,0,0,1,0,0,1,0,1,0,0,1,0,0,2,0,0,0,6
urban ecology,0,0,0,0,0,0,1,0,0,0,0,1,0,0,0,0,1,1,1,1,6
habitat distribution model,0,0,0,0,0,0,0,0,0,0,1,1,0,1,0,1,0,0,1,1,6
plant,0,0,0,0,0,0,0,0,1,0,0,0,0,0,1,1,0,1,1,1,6
beast,0,0,0,0,0,1,0,1,0,1,0,1,0,0,0,2,0,0,0,0,6
haplotype,0,0,0,0,0,1,0,0,0,1,0,0,0,0,0,0,1,3,0,0,6
multivariate adaptive regression splines,0,0,0,0,1,1,2,1,0,0,0,0,0,0,0,1,0,0,0,0,6
island,0,0,0,0,0,0,1,0,0,0,0,0,1,1,0,1,0,0,1,1,6
ecuador,0,0,1,0,0,0,0,0,0,0,1,0,0,1,1,1,1,0,0,0,6
turkey,0,0,0,0,0,0,0,0,0,1,0,0,0,1,0,1,2,1,0,0,6
epidemiology,0,0,0,0,0,1,0,0,1,0,1,0,0,0,0,0,0,0,0,3,6
arid environment,0,0,0,1,0,0,0,0,0,0,0,0,0,1,1,1,1,0,0,1,6
pest risk assessment,0,0,0,0,0,0,1,0,0,0,0,1,0,1,1,1,0,0,0,1,6
anthropogenic disturbance,0,0,0,0,0,0,0,0,0,0,1,0,0,0,0,1,0,1,0,3,6
passive acoustic monitoring,0,0,0,0,0,0,0,0,0,0,0,0,0,0,0,1,0,0,3,2,6
niche evolution,0,0,0,0,0,1,2,0,0,0,1,0,0,0,0,1,0,0,0,1,6
bias,0,0,0,0,0,0,1,0,0,1,0,0,0,0,0,1,0,0,1,2,6
early detection,0,0,0,0,1,0,0,0,1,0,0,0,0,1,1,0,0,1,1,0,6
lizard,0,0,0,0,0,0,1,0,2,0,0,1,0,2,0,0,0,0,0,0,6
arbovirus,0,0,0,0,0,0,0,0,0,0,0,0,1,0,0,2,0,1,2,0,6
neural network,0,0,0,0,0,0,0,0,0,1,1,0,0,0,2,0,0,0,1,1,6
species-occurrence,0,0,0,0,0,0,0,0,0,0,0,0,0,0,0,1,2,0,1,2,6
lantana camara,0,0,0,0,0,0,0,0,0,0,0,0,0,0,1,0,0,2,2,1,6
hot spot,0,0,0,0,0,0,2,0,0,1,0,1,0,0,0,0,0,0,1,1,6
invasive species management,0,0,0,0,0,0,0,1,0,0,1,0,0,0,0,0,1,2,0,1,6
environmental niche,0,0,0,0,1,0,0,0,0,0,0,0,0,0,1,1,0,2,0,1,6
anopheles,0,0,0,0,0,0,0,0,0,1,0,0,0,0,1,0,0,2,0,2,6
kenya,0,0,0,0,0,0,0,0,0,0,0,0,0,0,2,0,1,2,1,0,6
gulf of mexico,0,0,0,0,0,0,0,0,1,1,0,1,1,0,0,0,2,0,0,0,6
malaysia,0,0,0,0,0,0,0,0,0,0,5,1,0,0,0,0,0,0,0,0,6
seasonality,0,0,0,0,0,0,0,0,0,0,0,1,2,1,0,1,1,0,0,0,6
one health,0,0,0,0,0,0,0,0,1,0,0,0,0,0,0,1,0,2,1,1,6
cerrado,0,0,0,0,1,0,0,1,0,1,1,0,1,0,1,0,0,0,0,0,6
occupancy model,0,0,0,0,0,0,1,0,0,0,1,1,0,0,1,0,2,0,0,0,6
ideal distribution model,0,0,0,0,0,0,0,0,0,0,0,0,0,0,1,0,1,1,1,2,6
eucalypt,0,0,0,0,0,0,1,0,0,2,0,0,1,1,0,1,0,0,0,0,6
chile,0,0,0,0,0,0,0,0,0,0,0,1,0,2,2,0,0,1,0,0,6
domain,0,1,0,1,2,0,0,0,1,0,0,0,0,0,0,0,0,0,1,0,6
seasonally dry tropical forest,0,0,0,0,0,0,1,0,0,0,0,0,0,1,0,1,1,1,1,0,6
species abundance,0,0,0,0,0,0,0,0,0,1,0,0,0,1,2,0,1,1,0,0,6
conservation status,0,0,0,0,0,0,1,0,0,0,0,0,0,0,1,1,0,0,1,2,6
natura2000,0,0,0,0,0,0,0,2,0,0,0,0,0,0,1,1,0,1,0,1,6
ecological corridor,0,0,0,0,0,0,0,0,0,0,0,0,0,0,0,1,0,0,1,4,6
black sea,0,0,0,0,0,0,0,0,0,0,0,1,0,0,0,0,2,1,1,1,6
mahalanobis distance,0,0,0,0,0,0,0,1,1,2,1,0,1,0,0,0,0,0,0,0,6
batrachochytrium dendrobatidis,0,0,0,1,1,0,0,0,1,0,0,1,0,1,0,1,0,0,0,0,6
small sample size,0,1,0,0,0,1,2,0,0,0,0,0,1,0,0,0,0,1,0,0,6
maize,0,0,0,0,0,0,0,1,0,0,0,0,0,0,1,1,0,2,1,0,6
humpback whale,0,0,0,0,0,0,0,0,0,0,0,0,1,0,1,3,0,0,1,0,6
climate variability,0,0,0,0,0,0,0,0,0,0,0,0,0,0,1,0,0,0,2,3,6
disjunct distribution,0,0,0,0,0,1,0,0,1,0,0,0,2,0,0,1,0,0,0,1,6
feature selection,0,0,0,0,0,0,0,0,0,0,0,0,0,1,1,2,0,0,1,1,6
alien invasive species,0,0,0,0,1,0,0,0,1,0,0,1,0,0,0,0,0,0,1,2,6
deep-sea,0,0,0,0,0,0,0,1,0,0,0,0,0,1,2,2,0,0,0,0,6
ssp,0,0,0,0,0,0,0,0,0,0,0,0,0,1,0,2,0,0,0,3,6
systematic conservation planning,0,0,0,0,0,0,0,0,0,0,0,0,1,0,1,1,1,1,1,0,6
climate niche model,0,0,0,0,0,0,0,0,0,0,0,1,1,0,0,0,1,2,0,1,6
predictive performance,0,0,0,0,1,0,0,2,0,0,0,0,0,0,0,2,0,1,0,0,6
pollination,0,0,0,0,0,0,1,0,1,0,0,1,1,0,0,0,0,1,0,1,6
quercus,0,0,0,0,0,0,0,0,0,1,0,0,1,0,1,0,1,0,0,2,6
predictive mapping,0,0,0,0,0,0,1,0,0,1,0,1,0,1,1,0,0,0,1,0,6
vietnam,0,0,0,0,0,0,0,0,1,0,0,1,0,0,0,0,2,1,0,1,6
boreal forest,0,0,0,0,0,0,0,0,0,1,0,0,2,0,0,1,0,2,0,0,6
zagros mountains,0,0,0,0,0,0,0,0,0,0,0,0,1,1,0,2,0,0,0,2,6
bycatch,0,0,0,0,0,0,0,0,0,0,1,0,1,0,1,0,0,0,1,2,6
global biodiversity information facility,0,0,0,0,0,0,0,0,0,0,1,2,0,0,0,1,0,0,1,1,6
expert knowledge,0,0,0,1,0,0,0,1,0,0,0,0,2,2,0,0,0,0,0,0,6
genetic algorithm,0,0,0,0,1,0,0,0,0,1,0,0,0,0,2,1,0,0,0,1,6
felidae,0,0,0,0,0,0,0,0,0,0,1,0,0,0,0,2,2,0,0,1,6
opportunistic data,0,0,0,0,0,0,0,0,0,0,0,1,0,0,0,2,0,2,1,0,6
portugal,0,1,0,0,0,0,2,0,0,0,0,0,0,0,0,0,2,0,0,1,6
surveillance,0,0,0,0,0,0,0,0,1,0,0,0,0,1,0,1,0,0,0,3,6
prioritization,0,0,0,0,0,0,0,0,0,1,0,0,0,0,1,0,3,0,0,1,6
spatial projection,0,0,0,0,0,0,0,0,1,0,0,0,0,0,0,1,0,0,2,2,6
wildfire,0,0,0,0,0,0,0,1,0,0,0,0,0,1,0,0,1,0,1,2,6
interpretable machine learning,0,0,0,0,0,0,0,0,0,0,0,0,0,0,0,2,0,1,1,2,6
geographic range size,0,0,0,0,0,0,1,0,0,0,0,1,0,0,0,2,0,1,0,1,6
spatial prioritisation,0,0,0,0,0,0,0,1,1,0,0,0,1,0,0,1,0,1,1,0,6
spatial epidemiology,0,0,0,0,0,0,0,0,1,0,0,0,2,1,0,0,0,1,0,1,6
model tuning,0,0,0,0,0,0,0,0,0,0,0,0,0,0,0,3,0,2,0,1,6
population dynamics,0,0,0,0,0,0,0,0,0,0,0,0,0,1,0,1,0,0,1,3,6
aedes,0,0,0,0,0,1,0,0,0,0,0,0,1,0,0,1,0,2,1,0,6
field-validation,0,0,0,0,0,0,0,0,0,0,1,0,0,0,0,1,0,3,0,1,6
potential suitable distribution,0,0,0,0,0,0,0,0,0,0,0,0,0,0,0,1,0,2,0,3,6
land cover,0,0,0,0,0,1,1,0,0,0,0,1,0,0,1,1,0,0,1,0,6
wallacean shortfall,0,0,1,0,0,0,0,1,0,0,1,0,0,0,0,1,1,1,0,0,6
cnn,0,0,0,0,0,0,0,0,0,0,0,0,0,1,1,0,2,0,0,2,6
climate-change scenario,0,0,0,0,0,0,1,0,0,0,0,0,0,1,0,0,0,2,1,1,6
general additive model,0,0,0,0,0,0,0,0,0,0,1,0,0,0,0,3,1,0,1,0,6
danaus plexippus,0,0,0,0,0,0,0,0,0,0,0,0,0,2,1,1,0,0,2,0,6
outbreak,0,0,0,0,0,0,0,0,0,0,0,1,0,2,0,0,0,0,0,3,6
future prediction,0,0,0,0,0,0,0,0,0,0,0,0,1,0,0,0,0,0,2,3,6
potential distribution map,0,0,0,0,1,0,0,0,0,0,0,1,0,1,1,0,0,1,0,1,6
generalised linear model,0,0,1,0,0,0,1,0,0,0,0,1,2,0,0,1,0,0,0,0,6
hyrcanian forest,0,0,0,0,0,0,0,0,0,0,0,0,0,0,0,0,1,1,1,3,6
nonnative species,0,0,0,0,0,0,0,0,0,0,0,1,0,1,0,2,0,1,0,1,6
integrated pest management,0,0,0,0,0,0,0,0,1,0,0,0,0,1,1,1,0,2,0,0,6
dispersal limitation,0,0,0,0,0,0,0,1,0,0,1,0,0,0,0,1,1,1,0,1,6
future distribution,0,0,0,0,0,0,0,0,0,0,0,0,0,0,0,0,0,2,2,2,6
bryophyte,0,0,0,0,0,0,0,0,0,1,0,0,1,0,0,1,2,0,1,0,6
canada,0,0,0,0,0,0,0,0,0,0,0,1,0,0,1,2,0,0,0,1,5
occurrence records,0,0,0,0,0,0,0,0,0,0,0,0,2,0,1,0,0,0,1,1,5
myrtaceae,0,0,0,2,0,0,0,0,1,1,0,0,1,0,0,0,0,0,0,0,5
felid,0,0,0,0,0,0,0,0,0,0,0,0,0,0,0,1,0,0,2,2,5
least cost path,0,0,0,0,0,0,0,0,0,0,0,0,2,0,0,0,1,1,0,1,5
macroalga,0,0,0,0,0,0,0,0,0,0,0,0,1,0,0,0,2,0,0,2,5
bias correction,0,0,0,0,0,0,0,0,0,0,0,1,0,1,1,1,0,0,0,1,5
agroforestry,0,0,0,0,0,0,0,0,0,0,0,0,0,1,0,1,0,1,0,2,5
odonata,0,0,0,0,0,0,0,0,0,1,0,1,0,0,0,0,1,0,2,0,5
invasive plant species,0,0,0,0,0,0,0,0,0,0,0,0,1,0,0,0,1,2,1,0,5
spatial filters,0,0,0,0,0,0,0,0,0,0,0,0,0,2,0,1,1,0,1,0,5
native species,0,0,0,0,0,0,0,0,0,0,0,0,0,1,0,0,1,0,0,3,5
indicator species,0,0,0,0,0,0,0,0,0,0,0,0,0,0,0,0,0,1,2,2,5
climate variables,0,0,0,0,0,0,0,0,0,0,0,0,0,0,0,2,1,1,1,0,5
morphology,0,0,0,0,0,0,0,0,2,0,0,0,0,0,0,0,1,0,0,2,5
essential fish habitat,0,0,0,0,0,0,0,0,1,1,1,0,0,1,0,0,0,0,1,0,5
british columbia,0,0,0,0,0,0,0,0,0,1,0,1,0,0,0,0,0,0,2,1,5
drought,0,0,0,0,0,0,0,0,0,0,0,0,0,1,0,0,1,1,0,2,5
large herbivore,0,0,0,0,1,1,0,0,0,1,0,1,0,0,0,0,0,0,0,1,5
aquatic invasion,0,0,0,0,0,0,0,0,1,0,1,0,0,0,0,2,0,0,1,0,5
co-occurrence,0,0,0,0,0,0,0,0,0,0,0,0,0,1,0,3,0,0,0,1,5
herbarium data,0,1,2,0,0,0,0,0,1,1,0,0,0,0,0,0,0,0,0,0,5
unionidae,0,0,0,0,0,0,0,0,0,0,0,0,0,0,0,0,3,0,1,1,5
dna barcoding,0,0,0,0,0,0,0,0,0,0,0,0,0,0,2,0,1,0,2,0,5
ecological restoration,0,0,0,0,0,0,0,0,0,1,0,1,0,0,0,0,0,2,0,1,5
spatial thinning,0,0,0,0,0,0,0,0,0,0,0,0,0,0,0,3,0,0,1,1,5
macrohabitat,0,0,0,0,0,1,0,0,0,0,0,0,0,0,0,1,1,1,0,1,5
climatic niches,0,0,0,0,2,0,0,0,0,0,0,0,2,0,0,0,0,0,0,1,5
invasive weed,0,0,0,0,0,0,0,0,0,0,0,0,0,0,1,1,1,0,1,1,5
presence-background,0,0,0,0,0,0,0,0,1,0,0,0,0,2,0,1,1,0,0,0,5
sympatry,0,0,0,0,0,0,0,0,0,0,0,1,1,1,0,0,0,1,0,1,5
aic,0,0,0,0,0,0,0,1,2,0,0,0,1,0,0,0,1,0,0,0,5
topography,0,0,0,0,0,0,0,1,0,0,0,1,0,0,1,0,0,1,0,1,5
umbrella species,0,0,0,0,0,0,0,0,0,0,1,0,0,2,0,1,0,1,0,0,5
nesting habitat,0,0,0,0,0,0,0,0,1,0,0,1,1,0,0,0,1,1,0,0,5
kappa,0,0,0,0,0,0,1,0,0,0,0,0,2,1,1,0,0,0,0,0,5
species rarity,0,0,0,0,0,0,0,0,0,0,0,1,0,1,2,0,0,0,1,0,5
ensemble method,0,0,0,0,0,0,0,0,1,0,0,0,0,1,0,1,0,0,0,2,5
azores,0,0,0,0,0,0,0,0,0,1,1,1,1,1,0,0,0,0,0,0,5
jackknife test,0,0,0,0,0,0,0,0,0,0,0,0,0,0,1,1,1,1,0,1,5
arid,0,0,0,0,0,0,0,0,0,0,0,0,0,0,1,0,0,2,1,1,5
bumblebee,0,0,0,0,0,0,0,0,0,0,0,1,0,0,0,2,0,1,0,1,5
natural protected areas,0,0,0,0,1,0,0,0,0,0,0,1,0,0,1,1,1,0,0,0,5
priority conservation zones,0,0,0,0,0,0,0,0,0,0,0,0,0,0,1,0,0,2,1,1,5
niche dynamic,0,0,0,0,0,0,0,0,0,1,1,0,0,0,0,0,0,1,1,1,5
(sic)(sic)(sic)(sic),0,0,0,0,0,0,0,0,0,0,0,0,0,0,0,0,0,0,5,0,5
natural history collections,0,0,0,0,0,0,0,0,0,0,0,2,0,0,0,1,0,0,2,0,5
african elephant,0,0,0,0,0,0,0,0,0,0,0,2,1,0,0,0,0,0,0,2,5
avicennia marina,0,0,0,0,0,0,0,0,0,0,0,0,0,0,0,0,2,2,0,1,5
canis lupus,0,0,0,0,0,0,0,0,0,0,0,1,1,0,1,0,0,0,1,1,5
tunisia,0,0,0,0,0,0,0,0,0,0,0,0,1,0,0,2,2,0,0,0,5
wildlife conservation,0,0,0,0,0,0,0,0,0,1,0,0,0,0,1,0,0,1,1,1,5
fish,0,0,0,0,0,1,0,0,0,0,1,0,0,0,1,1,0,0,0,1,5
biodiversity management,0,0,0,0,0,0,0,0,0,0,1,0,0,0,0,1,0,0,0,3,5
random forest algorithm,0,0,0,0,0,0,0,0,0,0,0,0,0,0,0,0,0,1,0,4,5
shap,0,0,0,0,0,1,0,0,0,0,0,0,0,0,0,1,1,1,0,1,5
optimized maxent model,0,0,0,0,0,0,0,0,0,0,0,0,0,0,0,0,1,0,1,3,5
amphibian conservation,0,0,0,0,0,0,0,0,0,0,0,0,1,0,2,0,1,0,1,0,5
livestock,0,0,0,0,0,0,1,0,0,0,0,0,1,0,1,0,1,0,1,0,5
mechanistic model,0,0,0,0,0,0,0,1,0,0,0,0,0,0,1,1,0,1,0,1,5
forestry,0,0,0,0,0,0,0,1,0,0,0,1,0,0,0,0,0,0,2,1,5
environment heterogeneity,0,0,0,0,0,0,0,0,1,0,0,0,0,0,0,1,0,1,0,2,5
geographical distribution pattern,0,0,0,0,0,0,0,0,0,0,0,0,0,1,0,0,0,1,1,2,5
amphibian decline,0,0,0,0,0,1,1,0,0,1,0,0,0,0,0,0,1,0,0,1,5
nonstationary,0,0,0,0,0,1,0,1,1,0,0,0,0,0,0,0,0,0,2,0,5
forest fragmentation,0,0,0,0,0,0,0,0,0,0,0,1,0,0,0,2,0,2,0,0,5
ecosystem,0,0,0,0,0,1,0,0,0,0,1,0,0,0,1,0,0,0,2,0,5
isolation by distance,0,0,0,0,0,0,0,0,0,2,0,0,0,0,0,0,0,2,0,1,5
brunei,0,0,0,0,0,0,0,0,0,0,5,0,0,0,0,0,0,0,0,0,5
maxent software,0,0,0,0,0,0,0,0,0,0,0,1,0,0,0,1,0,1,1,1,5
model uncertainty,0,0,0,0,0,0,0,0,1,0,1,0,0,2,1,0,0,0,0,0,5
fin whale,0,0,0,0,0,0,0,0,0,0,0,1,0,0,0,3,1,0,0,0,5
range limits,0,0,1,0,1,0,0,0,1,0,1,0,0,0,0,0,0,1,0,0,5
adaptive management,0,0,0,1,0,0,0,0,0,0,0,0,0,0,1,0,0,1,1,1,5
occurrence,0,0,0,0,0,0,0,0,0,0,0,0,0,2,0,0,2,0,0,1,5
coral reef,0,0,0,0,0,0,0,0,0,0,0,0,1,0,0,0,1,1,0,2,5
climatology,0,0,0,0,0,0,1,0,0,1,0,1,1,0,1,0,0,0,0,0,5
non-timber forest products,0,0,0,0,0,0,0,0,0,0,0,0,0,0,3,0,0,0,1,1,5
neotropical region,0,0,0,0,0,1,0,0,1,0,0,1,0,0,1,1,0,0,0,0,5
coastal ecosystem,0,0,0,0,0,0,0,0,0,0,1,0,0,0,1,0,1,0,1,1,5
functional connectivity,0,0,0,0,0,0,0,0,0,0,1,0,1,0,0,1,0,0,0,2,5
demographic history,0,0,0,0,0,0,0,0,0,0,1,0,0,1,1,0,0,1,0,1,5
pakistan,0,0,0,0,0,0,0,0,0,0,1,0,0,0,0,0,0,0,1,3,5
occurrence data,0,0,0,0,0,0,1,0,1,1,0,0,0,0,0,1,1,0,0,0,5
abies,0,0,0,0,0,0,0,0,0,0,1,1,0,0,0,2,0,0,0,1,5
east china sea,0,0,0,0,0,0,0,0,0,0,0,0,0,0,0,1,1,0,2,1,5
snake,0,0,0,0,0,0,0,0,0,0,0,0,2,1,0,1,0,0,1,0,5
alpine,0,0,0,0,0,0,0,0,0,1,0,0,0,1,1,1,0,0,0,1,5
borneo,0,0,0,0,0,0,1,1,0,0,1,0,0,0,0,0,0,0,2,0,5
borneo carnivore symposium,0,0,0,0,0,0,0,0,0,0,5,0,0,0,0,0,0,0,0,0,5
octocoral,0,0,0,0,0,0,0,0,0,0,0,1,0,0,1,0,1,1,0,1,5
benthic invertebrate,0,0,0,0,0,0,0,0,0,0,1,0,0,1,1,0,0,0,0,2,5
patagonia,0,0,0,1,0,0,0,0,1,0,0,0,0,0,1,1,0,1,0,0,5
sandfly,0,0,0,0,0,0,0,0,2,0,0,0,1,1,1,0,0,0,0,0,5
desert locust,0,0,0,0,0,0,0,0,0,0,0,0,1,1,0,2,0,0,1,0,5
functional trait,0,0,0,0,0,0,0,0,0,0,0,0,0,0,0,1,2,0,0,2,5
habitat suitability.,0,0,0,0,0,0,1,0,0,0,0,0,0,2,0,0,1,0,0,1,5
national park,0,0,0,0,0,0,0,0,0,1,1,0,0,0,0,0,0,1,2,0,5
marine conservation,0,0,0,0,0,0,1,1,0,1,0,0,0,0,1,1,0,0,0,0,5
change analysis,0,0,0,0,0,0,0,0,0,0,0,0,0,0,2,1,1,1,0,0,5
tibetan plateau,0,0,0,0,0,0,0,0,0,1,0,0,0,0,0,1,1,1,0,1,5
kelp,0,0,0,0,0,0,0,0,0,0,1,2,0,1,0,0,1,0,0,0,5
coastal wetland,0,0,0,0,0,0,0,0,0,0,0,0,0,0,0,0,1,3,1,0,5
deciduous forest,0,0,0,0,0,0,0,1,0,1,0,0,0,0,0,0,0,0,1,2,5
spatial bias,0,0,0,0,0,0,1,0,1,0,0,0,1,0,1,0,1,0,0,0,5
bees,0,0,0,0,0,0,1,0,0,0,0,0,0,0,0,1,0,1,1,1,5
ursus arctos,0,0,0,0,0,0,0,0,0,0,0,0,2,0,0,0,3,0,0,0,5
prosopis juliflora,0,0,0,0,0,0,0,0,0,0,0,0,0,0,1,2,1,0,1,0,5
elevation,0,0,0,0,1,0,0,0,0,0,0,0,0,1,0,1,0,1,0,1,5
palm,0,0,0,0,0,0,1,0,0,0,1,0,0,1,1,1,0,0,0,0,5
receiver operating characteristic,0,0,0,0,0,0,0,0,0,0,0,2,1,0,0,0,0,0,0,2,5
demography,0,0,0,0,0,0,0,0,0,0,0,0,0,0,0,2,1,0,0,2,5
afforestation,0,0,0,0,0,0,0,0,0,0,1,0,0,1,0,0,0,1,2,0,5
invasion dynamics,0,0,0,0,1,2,0,0,0,0,0,1,0,0,0,1,0,0,0,0,5
endemic plant,0,0,0,0,0,0,0,0,0,1,1,0,0,1,1,0,0,0,0,1,5
tree species,0,0,0,0,0,0,0,0,0,0,0,0,0,0,0,1,2,0,0,2,5
bark beetle,0,0,0,0,0,0,0,0,0,0,0,1,0,2,0,0,0,0,0,2,5
mountain,0,0,0,0,0,0,0,0,0,0,1,0,0,0,1,0,0,1,1,1,5
farmland birds,0,0,0,0,0,0,3,0,0,0,0,0,0,0,1,0,0,0,0,1,5
disease ecology,0,0,0,0,0,0,0,0,1,0,0,0,0,0,1,0,1,0,1,1,5
mediterranean basin,0,0,0,0,0,1,0,0,0,0,1,0,0,0,0,0,1,1,0,1,5
seagrass,0,0,0,0,0,0,0,0,0,0,1,0,0,0,1,0,2,1,0,0,5
survey gaps,0,0,0,0,0,0,0,0,0,0,5,0,0,0,0,0,0,0,0,0,5
risk,0,0,0,0,0,0,0,0,0,0,0,0,1,1,0,1,0,0,0,2,5
threshold,0,0,0,0,0,0,0,1,0,0,1,0,0,1,0,0,0,0,2,0,5
land use-land cover,0,0,0,0,0,0,0,0,0,0,0,0,0,0,0,2,0,1,1,1,5
environmental space,0,0,0,0,1,1,1,0,0,0,0,0,0,0,0,1,0,0,0,1,5
disease,0,0,0,0,0,1,0,0,0,0,1,0,0,0,0,1,1,0,0,1,5
predictors,0,0,0,0,0,0,0,0,0,0,0,0,1,0,0,1,0,2,0,1,5
butterflies,0,0,0,1,0,0,0,2,0,1,0,0,0,0,0,0,0,1,0,0,5
corridor,0,0,0,0,0,0,0,0,0,0,0,1,1,0,1,1,1,0,0,0,5
freshwater mussels,0,0,0,0,0,0,0,0,0,1,0,0,0,1,0,0,0,1,2,0,5
anura,0,0,1,0,0,1,0,0,0,0,0,1,1,0,0,1,0,0,0,0,5
l,0,0,0,0,0,0,0,0,0,0,0,0,0,0,0,3,1,1,0,0,5
stream fish,0,0,0,0,0,0,0,1,2,0,1,0,0,0,0,0,0,0,1,0,5
spodoptera frugiperda,0,0,0,0,0,0,0,0,0,0,0,0,0,0,2,0,0,0,2,1,5
east asia,0,0,0,0,1,0,0,1,0,0,1,0,0,0,0,1,0,0,0,1,5
species diversity,0,0,0,0,0,0,0,1,1,0,0,1,0,0,0,1,0,0,0,1,5
limiting factors,0,0,0,0,0,0,1,0,0,0,1,0,0,0,0,1,0,1,1,0,5
freshwater,0,0,0,0,1,0,0,0,1,0,0,0,0,0,0,2,0,0,1,0,5
atlas of living australia,0,0,0,0,0,0,1,0,0,0,0,0,0,0,0,0,1,0,2,0,4
general circulation model,0,0,0,0,0,0,0,0,0,0,0,0,0,0,0,0,0,0,0,4,4
wildlife,0,0,0,0,0,0,0,0,0,1,0,0,0,1,0,0,1,0,1,0,4
cloud forest,0,0,0,0,0,0,1,0,0,0,0,0,0,0,0,2,0,0,0,1,4
probability of presence,0,0,0,0,0,0,0,0,1,0,0,0,0,1,0,0,0,2,0,0,4
eltonian noise hypothesis,0,0,0,0,0,0,0,0,1,0,0,0,0,0,1,1,0,0,1,0,4
resolution,0,0,0,0,0,2,0,1,0,0,0,0,0,0,0,0,1,0,0,0,4
eigenvector-based spatial filtering,0,0,0,0,0,0,0,2,0,2,0,0,0,0,0,0,0,0,0,0,4
potential distributions,0,0,0,0,0,0,0,0,0,0,0,0,1,0,0,2,0,0,0,1,4
modelo,0,0,0,0,0,0,0,0,1,0,0,0,0,0,0,1,0,1,0,1,4
probability of occurrence,0,0,0,0,0,0,0,0,0,0,0,0,0,0,0,0,1,1,2,0,4
wild boar,0,0,0,0,0,0,0,0,0,0,1,0,0,0,0,0,0,1,0,2,4
desert,0,0,0,0,0,0,0,0,0,0,0,0,0,0,1,1,1,0,1,0,4
orchidaceae,0,0,0,1,0,0,0,0,0,0,1,0,0,0,0,0,0,0,1,1,4
forest ecology,0,0,0,0,0,0,0,0,0,0,1,1,0,0,0,2,0,0,0,0,4
data science,0,0,0,0,0,0,0,0,0,0,0,0,0,0,0,0,1,2,0,1,4
gene flow,0,0,0,0,0,0,0,0,0,0,0,1,0,1,0,1,1,0,0,0,4
tree-based model,0,0,0,0,0,0,0,0,0,0,0,0,0,0,1,1,0,1,1,0,4
niche analyses,0,0,0,0,0,0,0,0,0,0,0,0,0,0,0,3,0,0,0,1,4
occurrence probability,0,0,0,0,0,0,1,1,0,0,0,0,0,0,1,0,0,0,1,0,4
latin america,0,0,0,0,0,0,0,0,0,0,1,0,0,0,0,1,0,1,0,1,4
detection probability,0,0,0,0,0,1,1,0,0,0,1,0,0,0,0,1,0,0,0,0,4
forest habitat,0,0,0,0,0,0,0,0,0,0,0,0,0,0,0,2,0,0,2,0,4
tree,0,0,0,0,0,0,0,0,0,0,0,0,2,0,0,1,0,0,1,0,4
lophelia pertusa,0,0,0,0,0,0,0,1,1,0,0,0,0,0,2,0,0,0,0,0,4
abundance model,0,0,0,0,0,0,0,0,0,0,0,1,0,0,2,0,1,0,0,0,4
forest fire,0,0,0,0,0,0,0,0,1,0,0,0,1,0,1,0,0,0,1,0,4
variance partitioning,0,0,0,0,0,0,0,0,1,0,0,0,1,0,0,0,1,0,1,0,4
subspecies,0,0,0,0,1,1,0,0,0,0,0,0,0,0,0,1,0,1,0,0,4
camera-trapping,0,0,0,0,0,0,0,1,0,0,0,0,0,0,1,0,0,0,1,1,4
beekeeping,0,0,0,0,0,0,0,0,0,0,0,0,0,0,0,2,1,1,0,0,4
coastal habitat,0,0,0,0,0,0,0,0,0,0,0,0,0,1,1,0,1,0,1,0,4
seamount,0,0,0,0,0,0,0,0,0,0,0,2,0,1,0,0,0,0,1,0,4
habitat suitability maps,0,0,0,0,0,0,0,0,0,0,0,0,0,1,0,1,0,0,1,1,4
functional group,0,0,0,0,0,0,0,1,0,0,0,0,0,1,0,1,0,0,0,1,4
habitat suitability assessment,0,0,0,0,0,0,0,0,0,0,0,0,0,0,0,0,2,0,0,2,4
zagros forests,0,0,0,0,0,0,0,0,0,0,0,0,0,0,0,0,1,0,2,1,4
zoonoses,0,0,0,0,0,0,0,1,0,0,1,0,1,0,0,1,0,0,0,0,4
soybean,0,0,0,0,0,0,0,0,0,0,0,0,0,0,1,1,1,0,1,0,4
spatial conservation planning,0,0,0,0,0,0,0,0,0,0,0,0,0,2,0,0,0,1,1,0,4
time series,0,0,0,0,0,1,0,0,0,0,0,0,1,0,0,1,0,1,0,0,4
butterfly,0,0,0,0,0,0,0,0,0,0,0,0,1,1,1,0,0,0,1,0,4
ecological differentiation,0,0,0,0,0,0,0,0,0,0,1,0,0,0,0,0,0,2,0,1,4
coastal,0,0,0,0,0,0,0,0,0,0,0,1,0,0,0,1,1,1,0,0,4
fungi,0,0,1,0,0,0,0,0,0,0,0,0,1,0,0,1,0,1,0,0,4
sperm whale,0,0,0,0,0,0,0,0,0,0,1,0,0,0,1,0,0,2,0,0,4
wildlife monitoring,0,0,0,0,0,0,0,0,0,0,0,0,0,0,0,0,0,0,0,4,4
road ecology,0,0,0,0,0,0,0,0,0,0,0,0,0,0,1,2,0,0,1,0,4
predation,0,0,0,0,0,0,0,0,0,0,0,0,1,1,0,1,0,0,0,1,4
threatened plant,0,0,0,0,0,0,0,0,0,0,0,0,0,1,0,0,1,1,0,1,4
roadkill,0,0,0,0,0,0,0,0,0,0,0,0,0,0,1,0,0,0,2,1,4
beta-diversity,0,0,0,0,0,0,1,1,0,0,0,1,0,0,0,0,0,0,0,1,4
predator,0,0,0,0,0,1,1,0,1,0,0,0,0,0,0,0,0,0,0,1,4
site index,0,0,0,0,0,0,0,0,0,0,0,0,0,1,2,0,1,0,0,0,4
benthos,0,0,0,0,0,0,1,0,1,0,0,1,0,0,0,1,0,0,0,0,4
leopard,0,0,0,0,0,0,0,0,0,0,0,0,0,0,0,1,2,0,0,1,4
roc,0,0,0,0,0,0,0,0,0,0,0,1,0,1,0,0,0,0,0,2,4
lesser prairie-chicken,0,0,0,0,0,1,0,0,1,0,0,0,0,0,0,0,0,1,0,1,4
rkiye,0,0,0,0,0,0,0,0,0,0,0,0,0,0,0,0,0,0,2,2,4
benthic communites,0,0,0,0,0,1,0,0,0,0,0,1,0,0,0,0,1,0,0,1,4
pathogen,0,0,0,0,0,0,0,0,0,0,0,0,1,0,0,0,0,2,0,1,4
statistics,0,0,0,0,1,0,1,0,0,0,0,0,0,0,0,2,0,0,0,0,4
ecological forecasting,0,0,0,0,0,0,0,0,1,1,0,0,0,0,0,0,0,0,0,2,4
risk areas,0,0,0,0,0,0,0,0,0,0,0,0,0,0,1,1,1,0,0,1,4
coexistence,0,0,0,0,0,0,0,0,0,0,0,2,0,0,0,0,0,0,1,1,4
trans-mexican volcanic belt,0,0,0,0,0,0,0,0,0,0,1,0,0,0,0,1,0,1,1,0,4
formicidae,0,0,0,0,0,0,0,1,0,0,0,0,0,1,0,0,0,2,0,0,4
insect vector,0,0,0,0,0,0,0,0,1,0,0,0,0,0,0,0,0,2,1,0,4
metapopulation,0,0,0,0,0,0,0,1,0,0,1,1,0,1,0,0,0,0,0,0,4
statistical models,0,0,0,0,0,0,1,0,1,0,0,0,0,0,1,0,0,1,0,0,4
winter distribution,0,0,0,0,1,0,0,0,0,0,1,0,1,0,0,0,0,0,1,0,4
bacillus anthracis,0,0,0,0,0,0,0,1,0,0,1,0,0,1,0,0,0,0,0,1,4
forest pest,0,0,0,0,0,0,1,0,0,0,0,2,0,0,0,0,0,0,0,1,4
dryland,0,0,0,0,0,0,0,0,0,0,0,0,0,0,0,0,1,0,1,2,4
ecotone,0,0,0,0,0,0,0,0,0,0,0,0,0,1,0,0,1,1,0,1,4
wildlife-vehicle collision,0,0,0,0,0,0,0,0,0,0,0,0,0,0,1,2,0,0,0,1,4
hindu kush himalaya,0,0,0,0,0,0,0,0,0,0,0,1,0,0,0,0,0,0,1,2,4
habitat connectivity,0,0,0,0,0,0,0,0,0,0,1,0,0,0,0,1,0,2,0,0,4
gecko,0,1,0,0,0,0,0,0,0,0,0,1,0,0,1,0,0,0,0,1,4
harpia harpyja,0,0,0,0,0,0,0,0,0,0,0,0,0,0,1,1,1,1,0,0,4
presence-only models,0,0,0,0,0,0,0,0,0,0,1,0,0,0,0,0,0,0,1,2,4
xgboost,0,0,0,0,0,0,0,0,0,0,0,0,0,0,1,0,0,1,0,2,4
ecological stability,0,0,0,0,0,0,0,0,0,0,1,0,0,0,0,0,0,0,0,3,4
ecological speciation,0,0,0,0,0,0,0,0,1,0,1,0,0,1,0,0,0,1,0,0,4
seabirds,0,0,0,0,0,0,0,1,1,0,0,0,0,0,0,0,2,0,0,0,4
dengue fever,0,0,0,0,0,0,1,0,0,0,0,1,0,1,0,0,0,1,0,0,4
emerging infectious disease,0,0,0,0,0,0,0,0,0,0,0,1,0,1,0,0,2,0,0,0,4
topographic variable,0,0,0,0,0,0,0,0,0,0,0,0,0,1,1,0,0,0,1,1,4
convolutional neural network,0,0,0,0,0,0,0,0,0,0,0,0,0,0,0,1,1,0,1,1,4
new record,0,0,0,0,0,0,0,0,0,0,0,0,0,1,0,0,0,1,2,0,4
bioclimatic profile,0,0,0,0,0,1,0,0,1,2,0,0,0,0,0,0,0,0,0,0,4
richness patterns,0,0,0,0,0,0,0,0,1,0,1,0,0,0,0,0,0,0,1,1,4
phytoplankton,0,0,0,0,0,0,0,0,2,0,1,0,0,0,0,0,0,0,1,0,4
species vulnerability,0,0,0,0,0,1,0,1,0,0,0,0,0,0,0,0,1,0,0,1,4
presence data,0,0,0,0,0,1,0,0,0,0,1,0,0,0,0,0,0,0,2,0,4
habitat prediction,0,0,0,0,0,0,0,0,0,0,0,0,0,0,1,0,0,1,1,1,4
habitat quality,0,0,0,0,0,0,1,0,0,0,1,0,0,1,0,0,0,0,0,1,4
species management,0,0,0,0,0,0,0,0,0,0,1,1,0,0,0,0,1,0,1,0,4
ccsm,0,0,0,0,0,0,0,0,0,0,0,0,1,0,1,0,1,1,0,0,4
macroinvertebrate,0,0,0,1,0,0,0,0,0,0,0,0,0,0,1,1,0,1,0,0,4
area under the curve,0,0,0,0,0,0,0,0,0,0,0,1,0,0,0,1,0,0,0,2,4
archaeology,0,0,0,0,0,1,0,0,0,0,0,0,0,2,0,0,1,0,0,0,4
t & uuml,0,0,0,0,0,0,0,0,0,0,0,0,0,0,0,0,0,0,2,2,4
morphometry,0,0,0,0,0,0,0,0,0,0,0,0,0,0,0,0,0,1,1,2,4
grain size,0,0,0,0,0,0,0,0,0,0,1,0,0,0,1,1,1,0,0,0,4
gradient boosting,0,0,0,0,0,0,1,0,0,0,0,0,0,0,0,0,2,0,0,1,4
r package,0,0,0,0,0,0,0,0,0,0,0,0,0,1,0,0,0,2,1,0,4
urban wildlife management,0,0,0,0,0,0,0,0,0,0,0,0,0,0,0,0,0,0,0,4,4
ukraine,0,0,0,0,0,0,1,0,0,0,0,0,0,0,0,0,2,0,1,0,4
calibration area,0,0,0,0,1,0,0,0,0,0,0,0,0,0,0,1,0,0,2,0,4
cultivation,0,0,0,0,0,0,0,0,0,0,0,0,0,0,1,0,1,0,0,2,4
climate envelope model,0,0,0,0,1,0,1,0,1,0,0,0,0,0,0,0,0,0,0,1,4
explainable artificial intelligence,0,0,0,0,0,0,0,0,0,0,0,0,0,0,0,1,1,1,0,1,4
entropy,0,0,0,0,0,1,0,0,1,0,0,0,0,0,1,0,1,0,0,0,4
niche expansion,0,0,0,0,0,0,0,1,0,1,0,0,1,0,0,0,1,0,0,0,4
landscape structure,0,0,0,0,0,0,0,0,0,0,0,1,0,0,2,0,0,1,0,0,4
poisson point process,0,0,0,0,0,0,0,0,0,0,0,2,0,0,1,0,0,1,0,0,4
bombus,0,0,0,0,0,0,0,0,0,0,1,1,0,0,0,1,0,1,0,0,4
calibration,0,0,0,0,0,1,1,0,1,0,0,0,0,0,0,0,0,1,0,0,4
regression,0,0,0,0,0,0,0,0,1,0,0,0,0,0,1,1,0,0,1,0,4
fire,0,0,0,0,0,0,0,0,0,0,0,0,1,1,0,0,1,0,0,1,4
herpetofauna,0,0,0,0,0,0,0,0,0,0,0,0,0,0,1,1,0,0,1,1,4
ensemble machine learning,0,0,0,0,0,0,0,0,0,0,0,0,0,0,0,1,0,1,0,2,4
pest risk analysis,0,0,0,0,0,0,0,0,0,1,0,0,1,0,1,0,0,0,1,0,4
regression trees,0,0,0,0,1,0,0,0,0,0,1,0,1,0,1,0,0,0,0,0,4
bolivia,0,0,1,0,1,1,1,0,0,0,0,0,0,0,0,0,0,0,0,0,4
water temperature,0,0,0,0,0,0,0,0,0,0,0,0,0,1,0,1,0,1,1,0,4
waterbird,0,0,0,0,0,0,0,0,0,0,0,0,0,0,0,0,0,3,0,1,4
regularization multiplier,0,0,0,0,0,0,0,0,0,0,0,0,0,1,2,1,0,0,0,0,4
environmental adaptability,0,0,0,0,0,0,0,0,0,0,0,0,0,0,0,0,0,0,1,3,4
land use,0,0,0,0,0,0,0,0,0,0,0,0,1,0,0,0,1,0,0,2,4
temporal transferability,0,0,0,0,0,0,0,0,0,0,2,1,0,1,0,0,0,0,0,0,4
invasion stage,0,0,0,0,0,0,0,0,0,1,0,0,1,0,1,0,1,0,0,0,4
antipatharia,0,0,0,0,0,0,0,0,0,0,0,1,0,0,0,1,1,0,0,1,4
environmental variable,0,0,0,0,0,1,0,0,0,0,0,0,0,0,0,0,0,0,1,2,4
alien invasive plant,0,0,0,0,0,0,0,0,0,0,0,1,0,0,0,0,2,0,0,1,4
climate resilience,0,0,0,0,0,0,0,0,0,0,0,0,0,0,0,0,0,0,0,4,4
software,0,0,0,0,0,0,0,0,1,0,0,0,2,0,0,1,0,0,0,0,4
deep sea,0,0,0,0,0,0,0,1,0,0,0,0,0,1,0,1,0,0,1,0,4
environmental modeling,0,0,0,0,0,0,0,0,0,0,0,0,0,0,0,2,1,0,0,1,4
data fusion,0,0,0,0,0,0,0,0,0,0,1,1,0,0,0,1,0,0,0,1,4
appalachia,0,0,0,0,0,0,0,1,0,0,0,0,0,0,1,2,0,0,0,0,4
consensus model,0,0,0,0,0,0,0,0,0,0,0,0,1,0,0,0,0,0,1,2,4
oncomelania hupensis,0,0,0,0,0,0,0,0,0,0,0,0,0,0,0,0,1,1,2,0,4
boyce index,0,0,0,0,0,0,0,0,0,1,1,0,0,0,1,0,0,0,1,0,4
deep-sea coral,0,0,0,0,0,0,0,0,0,0,1,0,1,0,1,0,1,0,0,0,4
boreal,0,0,0,0,0,0,0,0,0,0,0,0,0,0,0,1,2,1,0,0,4
graph theory,0,0,0,0,0,0,0,0,0,0,0,0,0,1,0,1,0,0,1,1,4
citizen-science data,0,0,0,0,0,0,0,0,1,0,0,1,0,0,0,0,1,0,1,0,4
large carnivore,0,0,0,0,0,0,0,0,0,0,0,0,0,0,0,1,0,1,0,2,4
marxan,0,0,0,0,0,0,0,0,1,0,0,0,0,0,1,2,0,0,0,0,4
akaike information criterion,0,1,0,0,0,1,0,0,0,0,0,0,0,1,1,0,0,0,0,0,4
grasshopper,0,0,0,0,0,0,0,0,0,0,0,0,0,0,0,1,2,0,0,1,4
aquatic plants,0,0,0,0,0,0,0,0,0,0,0,1,0,1,1,0,0,0,1,0,4
environmental driver,0,0,0,0,0,0,0,0,0,0,0,0,0,0,0,0,0,1,1,2,4
temperate forests,0,0,0,0,0,0,0,0,0,1,1,0,0,0,1,0,0,1,0,0,4
bird conservation,0,0,0,0,0,0,0,0,0,0,0,0,0,0,0,3,0,0,1,0,4
arabian peninsula,0,0,0,0,0,0,0,0,0,0,1,0,0,0,0,0,0,0,1,2,4
refoliation,0,0,0,0,0,0,0,0,0,0,0,1,0,0,0,0,2,0,1,0,4
mosquito-borne disease,0,0,0,0,0,0,0,0,0,0,0,0,0,1,0,1,0,0,0,2,4
felis chaus,0,0,0,0,0,0,0,0,0,1,0,0,0,0,0,1,2,0,0,0,4
ensemble approach,0,0,0,0,0,0,0,0,0,0,0,0,0,0,1,0,0,0,3,0,4
interspecific interaction,0,0,0,0,0,0,0,0,0,0,0,0,0,1,1,0,0,0,0,2,4
switzerland,0,0,0,0,0,0,0,0,0,1,1,0,0,0,1,0,0,0,0,1,4
diet,0,0,0,0,0,0,0,0,1,0,0,1,0,0,0,0,1,0,1,0,4
black-necked crane,0,0,0,0,0,0,0,0,0,0,0,1,0,0,0,0,2,0,0,1,4
tss,0,0,0,0,0,0,0,0,0,0,1,0,1,1,0,0,0,0,1,0,4
colombia,0,0,0,0,1,0,1,0,0,0,0,0,0,0,1,0,0,0,1,0,4
flagship species,0,0,0,0,0,0,0,0,0,0,1,0,0,0,0,0,1,1,0,1,4
costa rica,0,0,0,0,0,0,2,0,0,0,0,0,0,0,0,0,0,1,1,0,4
iberia,0,0,0,0,0,0,0,0,1,0,0,1,1,0,0,0,0,0,1,0,4
asian elephant,0,0,0,0,0,0,0,0,0,0,0,0,0,0,1,1,0,1,1,0,4
arkansas,0,0,0,0,0,0,0,0,0,0,0,1,0,0,0,1,1,1,0,0,4
protected area network,0,0,0,0,0,0,0,0,0,0,0,0,1,0,0,0,1,1,0,1,4
global climate models,0,0,0,0,0,0,1,0,0,0,0,0,0,2,0,1,0,0,0,0,4
asian tiger mosquito,0,0,0,0,0,1,0,0,0,0,2,0,0,0,0,0,0,0,0,1,4
ixodes ricinus,0,0,0,0,0,0,0,0,0,0,0,0,0,1,1,0,0,0,2,0,4
monarch butterfly,0,0,0,0,0,0,0,0,0,0,0,0,2,2,0,0,0,0,0,0,4
america,0,0,0,0,0,0,0,1,0,0,0,0,0,0,0,2,0,0,1,0,4
crop wild relatives,0,0,0,0,0,0,0,0,1,0,0,0,0,0,0,0,1,1,0,1,4
western north america,0,0,0,0,0,0,2,1,0,0,0,0,0,0,0,0,0,0,0,1,4
invasion biology,0,0,0,0,1,0,0,1,1,0,0,0,0,0,0,1,0,0,0,0,4
bromus tectorum,0,0,0,0,0,0,0,0,0,1,1,1,0,1,0,0,0,0,0,0,4
domestication,1,0,0,0,0,0,0,0,0,0,1,0,0,0,0,0,1,1,0,0,4
rainforest,0,0,0,0,0,0,0,0,0,0,0,0,0,3,0,1,0,0,0,0,4
genetic algorithm for rule-set production,0,0,0,1,0,0,1,0,0,0,0,1,0,0,1,0,0,0,0,0,4
tanzania,0,0,0,0,0,0,0,0,0,0,1,0,0,1,1,0,0,1,0,0,4
hybrid zone,0,0,0,0,0,0,1,1,0,0,0,0,0,1,0,1,0,0,0,0,4
accuracy,0,0,0,0,0,0,0,2,0,0,0,0,0,0,0,0,0,0,0,2,4
northeast india,0,0,0,0,0,0,0,0,0,0,0,0,0,1,0,0,0,1,0,2,4
poaceae,0,0,0,0,0,1,0,0,0,0,3,0,0,0,0,0,0,0,0,0,4
vector ecology,0,0,0,0,0,0,0,0,0,0,1,0,0,0,0,0,0,0,2,1,4
northeast china,0,0,0,0,0,0,0,0,1,0,1,0,0,0,0,0,0,1,0,1,4
species invasion,0,0,0,0,0,0,0,0,0,0,0,1,0,0,0,1,0,1,1,0,4
seaweed,0,0,0,0,0,0,0,0,0,0,0,0,0,1,1,0,2,0,0,0,4
scale effect,0,0,0,0,1,0,0,0,0,0,1,0,0,1,0,0,1,0,0,0,4
marine turtle,0,0,0,0,0,0,0,0,0,0,0,0,0,0,0,0,1,1,0,2,4
introgression,0,0,0,0,0,0,0,0,1,0,0,0,0,0,1,2,0,0,0,0,4
land cover change,0,0,0,0,0,0,0,1,0,0,0,0,1,0,0,0,0,1,1,0,4
mammalia,0,0,0,1,0,0,0,0,0,0,0,1,1,0,1,0,0,0,0,0,4
maxlike,0,0,0,0,0,0,0,0,0,2,0,0,0,1,1,0,0,0,0,0,4
expansion,0,0,0,0,0,0,0,0,0,0,0,0,0,0,0,3,1,0,0,0,4
climatic data,0,0,0,0,0,0,0,0,0,0,0,0,0,0,0,0,1,1,0,2,4
distribution centres,0,0,0,0,0,0,0,0,0,0,1,0,0,0,0,0,0,1,1,1,4
data mining,0,0,0,0,0,1,0,0,0,1,0,1,0,0,0,0,0,0,0,1,4
crayfish,0,0,0,0,0,0,0,1,0,0,0,2,0,0,0,0,0,1,0,0,4
raptor,0,0,0,0,0,0,2,0,1,0,0,1,0,0,0,0,0,0,0,0,4
lutzomyia longipalpis,0,0,0,0,0,0,0,1,1,0,0,1,0,0,0,0,1,0,0,0,4
marine biodiversity,0,0,0,0,0,0,0,0,0,1,0,0,0,0,0,0,0,1,2,0,4
amazonia,0,0,0,0,0,0,0,0,0,0,0,0,1,0,0,2,0,0,0,1,4
sampling effort,0,0,0,0,0,0,0,0,0,0,0,0,0,1,0,1,1,0,0,0,3
change detection,0,0,0,0,0,1,0,0,0,0,0,0,0,0,0,0,1,1,0,0,3
bioacoustics,0,0,0,0,0,0,0,0,0,0,1,1,0,0,0,0,0,0,1,0,3
central europe,0,0,0,0,0,1,0,0,0,0,0,0,0,0,1,0,0,0,1,0,3
distribution change,0,0,0,0,0,0,0,0,0,0,0,0,1,0,0,0,0,1,1,0,3
ixodes scapularis,0,0,0,0,0,0,0,0,0,0,1,0,1,0,0,0,1,0,0,0,3
systematics,0,0,0,0,0,0,0,0,0,0,0,0,0,0,0,0,0,2,0,1,3
landscape planning,0,0,0,0,0,0,0,0,0,1,0,0,0,0,0,0,0,0,1,1,3
simulated species,0,0,0,0,0,1,0,0,0,0,0,0,0,0,0,0,0,1,0,1,3
blue whale,0,0,0,0,0,0,0,0,0,0,0,2,0,0,0,0,0,0,1,0,3
niches,0,0,0,0,0,0,0,0,1,0,0,0,0,1,0,1,0,0,0,0,3
ssdm,0,0,0,0,0,0,0,0,0,0,0,0,0,1,0,1,0,0,0,1,3
taiwan,0,0,0,0,0,0,0,0,0,0,0,0,0,0,1,0,2,0,0,0,3
tea,0,0,0,0,0,0,0,0,0,0,0,0,0,1,1,1,0,0,0,0,3
tapirus bairdii,0,0,0,0,0,0,0,1,0,0,0,1,0,0,0,0,0,0,0,1,3
persian gulf,0,0,0,0,0,0,0,0,0,0,0,0,0,0,0,0,1,0,0,2,3
landscape permeability,0,0,0,0,0,0,0,0,1,0,0,0,0,0,0,1,0,0,1,0,3
historical biogeography,0,0,0,0,0,0,0,1,0,0,0,1,0,0,1,0,0,0,0,0,3
bio-climatic envelope model,0,0,0,1,0,0,1,0,0,0,0,0,0,0,1,0,0,0,0,0,3
sri lanka,0,0,0,0,0,0,0,0,0,1,0,0,0,0,0,0,2,0,0,0,3
sdg15,0,0,0,0,0,0,0,0,0,0,0,0,0,0,0,0,1,0,0,2,3
disease vector,0,0,0,0,0,0,0,0,0,0,0,0,0,0,1,1,0,0,1,0,3
ocean warming,0,0,0,0,0,0,0,0,0,0,0,0,0,1,0,1,0,0,0,1,3
phylogenetic diversity,0,0,0,0,0,0,0,0,0,0,0,0,0,1,0,1,0,0,0,1,3
covid-19,0,0,0,0,0,0,0,0,0,0,0,0,0,0,0,1,2,0,0,0,3
persian leopard,0,0,0,0,0,0,0,0,0,0,0,1,0,0,0,0,0,0,2,0,3
ixodes pacificus,0,0,0,0,0,0,0,0,0,0,0,0,0,1,1,0,0,0,0,1,3
hyphantria cunea,0,0,0,0,0,0,0,0,0,0,0,0,0,0,0,1,0,0,1,1,3
leishmania infantum,0,0,0,0,0,0,0,0,0,0,0,1,0,1,1,0,0,0,0,0,3
threatened,0,0,0,0,0,0,0,0,0,0,0,0,0,0,0,0,1,1,0,1,3
roe deer,0,0,0,0,0,0,0,0,0,0,0,0,1,1,0,0,0,1,0,0,3
occupancy,0,0,0,0,0,1,0,1,0,0,0,0,0,0,1,0,0,0,0,0,3
historical data,0,0,0,0,0,0,0,0,0,0,0,0,0,0,0,1,2,0,0,0,3
issr,0,0,0,0,0,0,0,0,0,0,0,0,0,0,1,0,1,1,0,0,3
tamarisk,0,0,0,0,0,0,0,1,0,0,1,0,0,0,0,0,0,0,1,0,3
historical distribution,0,0,0,0,0,0,0,0,1,0,0,0,1,1,0,0,0,0,0,0,3
niche truncation,0,0,0,0,0,0,0,0,0,0,0,0,0,0,0,1,1,0,1,0,3
bluetongue virus,0,0,0,0,0,0,0,0,0,0,0,0,0,0,0,2,1,0,0,0,3
phragmites australis,0,0,0,0,0,0,0,0,0,0,0,1,0,0,0,1,1,0,0,0,3
kruger national park,0,0,0,0,0,0,0,0,1,0,0,0,0,0,0,0,0,0,1,1,3
landscape conservation,0,0,0,0,0,0,0,0,0,0,0,0,0,0,1,1,0,0,0,1,3
bluetongue,0,0,0,0,0,1,0,0,1,0,0,0,0,1,0,0,0,0,0,0,3
hierarchical model,0,0,0,0,0,0,0,0,0,0,0,1,0,1,1,0,0,0,0,0,3
spillover,0,0,0,0,0,0,0,0,0,0,0,0,0,1,0,0,0,0,0,2,3
kriging,0,0,0,0,0,0,0,0,0,0,0,0,0,0,1,0,2,0,0,0,3
cave,0,0,0,0,0,0,0,0,0,0,0,1,1,0,0,0,0,1,0,0,3
disease distribution,0,0,0,0,0,0,0,0,0,0,0,0,0,1,0,1,1,0,0,0,3
bison bonasus,0,0,0,0,1,1,0,0,0,1,0,0,0,0,0,0,0,0,0,0,3
hymenoptera,0,0,0,0,0,0,0,0,0,0,0,0,0,0,1,0,0,0,1,1,3
home range,0,0,0,0,0,0,0,0,0,0,0,0,0,1,0,2,0,0,0,0,3
sus scrofa,0,0,0,0,0,0,0,0,1,0,0,0,0,1,0,0,0,0,0,1,3
non-indigenous species,0,0,0,0,0,0,1,0,0,0,0,0,0,0,0,0,0,0,1,1,3
saudi arabia,0,0,0,0,0,0,0,0,0,0,0,0,0,0,1,0,0,0,1,1,3
suitable distribution,0,0,0,0,0,0,0,0,0,0,0,0,0,0,1,0,0,1,0,1,3
sierra nevada,0,0,0,0,0,0,0,0,0,0,0,0,0,0,0,0,1,1,0,1,3
lauraceae,0,0,1,0,0,0,0,0,0,0,0,0,0,0,0,0,0,1,1,0,3
suitable habitat prediction,0,0,0,0,0,0,1,0,0,0,0,0,0,0,0,0,1,0,0,1,3
steppe,0,0,0,0,0,0,0,0,0,0,0,0,0,0,0,0,0,0,3,0,3
caucasus,0,0,0,0,0,0,0,0,0,0,0,0,0,1,0,1,1,0,0,0,3
harpy eagle,0,0,0,0,0,0,0,0,0,0,0,0,0,0,1,1,0,1,0,0,3
switchgrass,0,0,0,0,1,0,0,0,0,0,0,0,0,0,0,1,0,0,0,1,3
hemlock woolly adelgid,0,0,0,0,0,0,0,0,1,1,0,0,0,1,0,0,0,0,0,0,3
sea pen,0,0,0,0,0,0,0,0,0,1,0,0,0,0,0,1,0,0,1,0,3
land management,0,0,0,0,0,1,0,1,0,0,0,1,0,0,0,0,0,0,0,0,3
satscan,0,0,0,0,0,0,0,0,0,0,0,0,1,1,0,0,0,0,1,0,3
dragonfly,0,0,0,0,0,0,0,0,0,0,0,0,0,0,0,1,0,1,1,0,3
brazilian semiarid,0,0,0,0,0,0,0,0,0,0,0,0,0,0,0,1,1,0,1,0,3
latitude,0,0,0,0,0,0,0,0,0,0,0,0,0,0,0,0,0,1,1,1,3
peste des petits ruminants,0,0,0,0,0,0,0,0,0,0,0,0,0,1,0,0,1,1,0,0,3
jaguar,0,0,0,0,0,0,2,0,0,0,0,0,0,0,0,0,0,1,0,0,3
brown trout,0,0,0,0,0,1,0,0,0,0,0,0,0,0,0,0,0,0,0,2,3
paleobiogeography,0,0,0,0,0,1,1,0,0,0,0,0,1,0,0,0,0,0,0,0,3
bioinformatics,0,0,0,0,0,0,0,0,1,0,0,0,0,0,1,1,0,0,0,0,3
bioinvasion,0,0,0,0,0,1,0,1,0,0,0,0,0,0,0,0,0,1,0,0,3
lake,0,0,0,0,0,0,0,0,1,0,0,0,2,0,0,0,0,0,0,0,3
niche centroid,0,0,0,0,0,0,0,0,0,0,1,1,0,1,0,0,0,0,0,0,3
sahel,0,0,0,0,0,1,1,0,0,0,0,0,0,0,0,0,1,0,0,0,3
biological conservation,0,0,0,0,0,0,0,0,0,0,1,0,0,0,0,0,0,0,1,1,3
scenario,0,0,0,0,0,0,0,0,0,0,0,0,0,0,0,0,0,1,2,0,3
terrain analysis,0,0,0,0,0,0,0,1,0,0,0,2,0,0,0,0,0,0,0,0,3
shrub,0,0,0,0,0,0,0,0,0,0,0,1,0,0,0,0,1,0,0,1,3
peru,0,0,0,0,0,1,0,0,0,0,0,1,1,0,0,0,0,0,0,0,3
detection,0,0,0,0,0,0,0,0,0,0,0,0,0,1,1,0,0,1,0,0,3
hyena hyaena,0,0,0,0,0,0,0,0,0,0,0,0,0,0,1,0,1,0,1,0,3
scale insect,0,0,0,0,0,0,0,0,0,0,0,0,0,0,1,0,2,0,0,0,3
occurrence model,0,0,0,0,0,0,0,0,1,0,0,2,0,0,0,0,0,0,0,0,3
last interglacial,0,0,0,0,0,0,0,1,0,0,0,0,1,0,1,0,0,0,0,0,3
land -use -land -cover,0,0,0,0,0,0,0,0,0,0,0,0,0,0,0,0,2,0,0,1,3
peatland,0,0,0,0,0,0,0,0,0,0,0,1,0,0,1,1,0,0,0,0,3
critically endangered species,0,0,0,0,0,0,0,0,0,0,0,0,0,0,0,0,1,0,2,0,3
survey,0,0,1,0,0,0,0,0,0,0,0,0,0,1,0,0,1,0,0,0,3
biodiversity informatics,0,0,0,0,0,0,0,0,0,0,1,0,0,0,1,1,0,0,0,0,3
new guinea,0,0,0,0,0,0,0,0,0,0,1,0,0,0,0,0,0,0,1,1,3
land use and land cover change,0,0,0,0,0,0,0,0,0,0,0,0,1,0,0,0,2,0,0,0,3
lacerta agilis,0,0,0,0,0,0,0,0,0,0,0,0,0,0,0,0,2,1,0,0,3
philippines,0,0,0,0,0,0,0,0,0,0,0,0,0,0,0,0,1,0,1,1,3
synanthrope,0,0,0,0,0,1,0,0,0,0,0,0,0,0,1,0,0,1,0,0,3
niche partitioning,0,0,0,0,0,0,0,1,0,0,0,0,0,0,0,0,1,1,0,0,3
lace bug,0,0,0,0,0,0,0,0,0,0,0,0,0,0,1,0,1,0,0,1,3
phlebotomines,0,0,0,0,0,0,0,1,0,1,0,0,0,0,0,1,0,0,0,0,3
phlebotomus papatasi,0,0,0,0,0,0,0,0,0,1,0,1,0,1,0,0,0,0,0,0,3
land use land cover,0,0,0,0,0,0,0,0,1,0,0,0,0,0,0,0,1,0,0,1,3
central america,0,0,0,0,0,0,1,0,0,0,0,0,0,0,0,0,1,1,0,0,3
dry forest,0,0,0,0,0,0,0,0,0,0,0,0,1,0,0,0,0,1,0,1,3
herbarium records,0,0,0,0,0,0,0,1,0,0,0,0,1,0,0,0,1,0,0,0,3
scorpionism,0,0,0,0,0,0,0,0,0,0,0,0,0,0,0,0,0,1,0,2,3
peripheral populations,0,0,0,0,0,0,0,0,1,0,0,0,1,0,0,0,0,0,1,0,3
occupancy models,0,0,0,0,0,0,0,0,0,1,0,0,0,0,1,0,0,0,0,1,3
panthera onca,0,0,0,0,0,0,0,0,0,0,1,0,0,0,1,0,0,0,1,0,3
discrimination,0,0,0,0,0,0,0,0,1,0,0,0,0,0,0,0,0,1,0,1,3
scots pine,0,0,0,0,0,0,0,0,0,0,0,1,0,1,0,0,0,0,0,1,3
niche change,0,0,0,0,0,0,0,0,0,0,0,0,0,0,2,0,1,0,0,0,3
hyperolume,0,0,0,0,0,0,0,0,0,0,0,0,0,0,0,0,3,0,0,0,3
harmful algal blooms,0,0,0,0,0,0,0,0,0,0,0,0,0,0,0,0,1,1,0,1,3
herbarium,0,0,0,0,0,0,0,0,0,0,0,1,0,0,0,1,1,0,0,0,3
biotic factor,0,0,0,0,0,0,0,0,0,0,0,0,0,0,0,1,0,0,0,2,3
sponge aggregations,0,0,0,0,0,0,0,0,0,0,0,0,0,0,1,0,0,1,1,0,3
satellite tag,0,0,0,0,0,0,0,0,0,0,0,0,0,0,0,1,0,0,2,0,3
cattle,0,0,0,0,0,1,0,1,0,0,1,0,0,0,0,0,0,0,0,0,3
deep neural network,0,0,0,0,0,0,0,0,0,0,0,0,0,0,1,1,0,0,0,1,3
biodiversity data,0,0,0,0,0,0,1,0,0,0,0,0,0,0,0,0,1,0,0,1,3
niche hypervolume,0,0,0,0,0,0,0,0,0,0,0,0,0,0,1,0,0,1,1,0,3
holocene,0,0,0,0,0,0,0,0,0,0,0,1,0,0,0,1,0,0,1,0,3
lacerta strigata,0,0,0,0,0,0,0,0,0,0,0,0,0,0,0,1,2,0,0,0,3
sardinia,0,0,0,1,0,0,0,0,0,1,1,0,0,0,0,0,0,0,0,0,3
satellite,0,0,0,0,0,0,0,1,0,0,0,0,0,0,0,0,0,0,1,1,3
spread,0,0,0,0,0,0,0,0,0,0,0,0,0,2,0,0,0,1,0,0,3
koala,0,0,0,0,0,0,0,0,0,1,0,0,0,1,0,1,0,0,0,0,3
dipodomys ingens,0,0,0,0,0,0,0,0,1,0,0,0,0,2,0,0,0,0,0,0,3
density,0,0,0,0,0,0,0,0,1,0,0,0,0,0,1,0,0,0,1,0,3
ruminants,0,0,0,0,0,0,0,0,0,0,0,1,0,1,0,1,0,0,0,0,3
lacerta media,0,0,0,0,0,0,0,0,0,0,0,0,0,0,0,1,2,0,0,0,3
new species,0,0,0,0,0,0,0,1,0,0,0,1,0,0,0,0,0,0,1,0,3
sampling,0,0,0,0,0,1,0,0,0,0,0,0,2,0,0,0,0,0,0,0,3
socioeconomic factors,0,0,0,0,0,0,0,0,0,0,0,2,0,0,0,0,1,0,0,0,3
threatened flora,0,0,0,0,0,0,0,0,0,1,0,0,0,0,1,0,0,0,0,1,3
northern spotted owl,0,0,0,0,0,0,0,0,0,2,0,1,0,0,0,0,0,0,0,0,3
marsupial,0,0,0,0,1,0,0,0,0,0,0,0,0,0,0,0,0,0,1,1,3
viverridae,0,1,0,0,0,0,0,2,0,0,0,0,0,0,0,0,0,0,0,0,3
solenopsis invicta,0,0,0,0,0,0,0,0,0,0,0,0,1,0,0,0,2,0,0,0,3
mars,0,0,0,0,0,0,2,0,0,0,0,0,0,1,0,0,0,0,0,0,3
qgis,0,0,0,0,0,0,0,0,0,0,0,0,0,0,0,1,2,0,0,0,3
giant kangaroo rat,0,0,0,0,0,0,0,0,1,0,0,0,0,2,0,0,0,0,0,0,3
algeria,0,0,0,0,0,0,0,0,0,0,0,0,0,0,0,1,0,0,2,0,3
alien plant,0,0,0,0,0,0,0,0,0,1,0,0,0,0,0,0,1,0,0,1,3
polyploidy,0,0,0,0,0,0,0,0,2,0,0,0,0,0,0,0,0,1,0,0,3
vocalization,0,0,0,0,0,0,0,0,0,0,0,1,0,0,1,1,0,0,0,0,3
mountain ecosystem,0,0,0,0,0,0,0,0,0,0,0,0,0,0,0,1,1,0,0,1,3
cart,0,0,0,0,1,0,1,0,0,0,0,0,0,0,0,0,1,0,0,0,3
fair data,0,0,0,0,0,0,0,0,0,0,0,0,0,0,0,0,1,0,1,1,3
fagus sylvatica,0,0,0,0,0,0,0,0,0,0,0,0,1,1,0,1,0,0,0,0,3
gis modeling,0,0,1,0,0,0,0,0,0,0,0,1,0,0,0,0,0,1,0,0,3
vineyard,0,0,0,0,0,0,0,0,0,0,0,0,0,0,0,1,1,0,0,1,3
quaternary glaciations,0,0,0,0,0,0,0,0,0,0,0,0,1,0,0,0,0,2,0,0,3
intraspecific variation,0,0,0,0,0,0,1,0,0,0,1,0,0,0,0,1,0,0,0,0,3
community ecology,0,0,0,0,0,0,1,0,0,0,0,0,0,0,0,0,0,0,1,1,3
pygmy rabbit,0,0,0,0,0,0,0,0,0,0,0,0,0,1,0,1,0,1,0,0,3
climate matching,0,0,0,0,0,0,0,0,0,0,0,0,0,2,1,0,0,0,0,0,3
warming,0,0,0,0,0,0,0,0,0,0,0,0,0,1,0,1,0,0,0,1,3
population size,0,0,0,0,0,0,0,0,0,0,0,0,0,1,1,0,0,0,0,1,3
parasitism,0,0,0,0,0,0,0,0,0,0,0,0,0,0,0,0,1,0,2,0,3
african swine fever,0,0,0,0,0,0,0,0,0,0,0,0,0,0,1,0,1,0,1,0,3
fire frequency,0,0,0,0,0,0,1,0,0,0,0,0,0,1,1,0,0,0,0,0,3
parasitoid,0,0,0,0,0,0,0,0,0,1,0,0,0,0,0,1,0,0,0,1,3
cytochrome b,0,0,0,0,0,0,0,0,0,0,0,0,0,0,1,0,1,0,0,1,3
agamidae,0,0,0,0,0,0,0,1,1,0,1,0,0,0,0,0,0,0,0,0,3
human influence index,0,0,0,0,0,0,0,0,1,1,0,0,0,0,1,0,0,0,0,0,3
human influence,0,0,0,0,0,0,0,0,0,0,0,1,1,0,1,0,0,0,0,0,3
climate variable,0,0,0,0,0,0,0,0,0,0,0,1,0,0,0,0,0,1,0,1,3
maxent bias file,0,0,0,0,0,0,0,0,1,1,0,1,0,0,0,0,0,0,0,0,3
maxent analysis,0,0,0,0,0,0,0,0,0,0,0,0,0,0,0,0,1,1,1,0,3
population expansion,0,0,0,0,0,1,0,0,0,1,0,0,0,0,0,0,0,0,0,1,3
wadden sea,0,0,0,0,0,0,0,1,0,0,1,0,0,0,0,0,0,0,0,1,3
georeferencing,0,0,0,0,0,0,0,0,0,0,0,0,2,0,0,0,1,0,0,0,3
population density,0,0,0,0,0,0,0,0,0,0,0,0,1,2,0,0,0,0,0,0,3
ferns,0,0,0,0,1,0,0,0,0,0,0,0,0,0,0,1,1,0,0,0,3
carrying capacity,0,0,0,0,0,0,0,0,0,0,0,1,0,0,0,1,0,1,0,0,3
marine reserve,0,0,0,0,0,0,0,1,1,1,0,0,0,0,0,0,0,0,0,0,3
movement,0,0,0,0,0,0,0,0,0,0,0,0,1,0,0,0,0,0,2,0,3
climatic constraints,0,0,0,0,0,0,0,0,0,0,0,0,0,0,0,0,1,0,1,1,3
vascular plant,0,0,0,0,0,1,0,0,0,0,0,0,0,0,0,0,1,1,0,0,3
multi-model framework,0,0,0,0,0,0,0,0,0,0,1,1,0,1,0,0,0,0,0,0,3
invasibility,0,0,0,0,0,0,0,0,0,0,0,1,0,0,0,1,0,0,0,1,3
evi,0,0,0,0,0,0,0,0,1,0,0,0,0,0,0,0,1,0,0,1,3
evaluation,0,0,0,0,0,0,0,1,0,0,0,0,1,0,0,0,0,0,0,1,3
global-scale,0,0,0,0,0,0,0,0,0,0,0,0,0,0,0,1,0,1,0,1,3
conditional autoregressive,0,0,0,1,1,0,0,0,0,0,0,0,0,0,0,0,1,0,0,0,3
random forest regression,0,0,0,0,0,0,0,0,0,1,0,0,0,0,1,0,1,0,0,0,3
randomforest,0,0,0,0,0,0,0,0,1,0,0,1,0,1,0,0,0,0,0,0,3
range change,0,0,0,0,0,0,0,0,0,0,1,0,0,0,0,0,0,0,0,2,3
american chestnut,0,0,0,0,0,0,1,0,0,0,0,0,0,0,0,0,0,1,0,1,3
anatolia,0,0,0,0,0,0,0,0,0,0,0,0,0,0,0,0,1,1,1,0,3
ancestral area reconstruction,0,0,0,0,0,0,0,0,1,0,1,0,0,0,0,0,0,0,1,0,3
range extension,0,0,0,0,0,0,0,0,0,0,0,0,0,0,0,1,0,0,1,1,3
plethodontidae,0,0,0,1,1,0,0,0,0,0,0,0,0,0,0,0,0,0,0,1,3
mango,0,0,0,0,0,0,0,0,0,0,0,0,0,1,1,0,0,1,0,0,3
isolation by environment,0,0,0,0,0,0,0,0,0,0,1,0,0,1,0,0,0,1,0,0,3
multicollinearity,0,0,0,0,0,0,0,0,0,0,0,0,0,1,0,0,0,1,0,1,3
invasion debt,0,0,0,0,0,0,0,0,0,0,1,0,1,0,0,0,0,1,0,0,3
stored product pest,0,0,0,0,0,0,0,0,0,0,0,0,0,0,0,0,0,1,0,2,3
marine,0,0,0,0,0,1,0,0,1,0,0,1,0,0,0,0,0,0,0,0,3
huanglongbing,0,0,0,0,0,0,0,1,0,0,0,0,0,0,1,0,0,0,1,0,3
radiation,0,0,0,0,0,0,1,0,1,0,1,0,0,0,0,0,0,0,0,0,3
alpine grassland,0,0,0,0,0,0,0,0,0,0,2,0,0,0,0,0,0,0,0,1,3
marine pelagic fish,0,0,0,0,0,0,0,0,0,0,0,0,1,1,1,0,0,0,0,0,3
r,0,0,0,0,0,0,0,0,0,0,0,0,0,0,0,0,0,1,1,1,3
glmm,0,0,0,0,0,0,0,0,1,0,0,0,0,0,0,2,0,0,0,0,3
global,0,0,0,0,0,0,0,0,0,0,0,0,0,0,0,1,1,0,0,1,3
soil-transmitted helminth,0,0,0,0,0,0,0,0,0,0,0,0,2,0,0,0,0,0,1,0,3
marine mammal,0,0,0,0,0,0,0,0,0,0,0,1,0,0,0,0,1,0,0,1,3
climate envelope models,0,0,0,0,0,1,0,1,0,0,1,0,0,0,0,0,0,0,0,0,3
explainable ai,0,0,0,0,0,0,0,0,0,0,0,0,0,0,0,0,0,0,0,3,3
multi-layer perception,0,0,0,0,0,0,0,0,0,0,0,0,1,0,0,1,1,0,0,0,3
expert opinion,0,0,0,1,0,0,0,0,1,0,1,0,0,0,0,0,0,0,0,0,3
marine fish,0,0,0,0,0,0,1,0,0,1,0,0,0,0,0,0,1,0,0,0,3
soil variable,0,0,0,0,0,0,0,0,0,0,0,1,0,0,0,0,0,1,0,1,3
marine ecology,0,0,0,0,0,0,0,0,0,0,1,0,0,0,0,0,0,1,0,1,3
global circulation models,0,0,0,0,0,0,0,0,0,0,0,0,0,0,0,0,0,1,0,2,3
amblyomma americanum,0,0,0,0,0,0,0,0,0,0,1,0,0,0,1,1,0,0,0,0,3
ambrosia artemisiifolia,0,0,0,0,0,0,0,0,0,0,0,0,0,0,0,1,2,0,0,0,3
climate conditions,0,0,0,0,0,0,0,0,1,0,0,0,0,0,0,0,0,1,1,0,3
geographic extent,0,0,0,0,0,0,0,0,0,0,0,0,0,0,0,2,0,0,1,0,3
geographic barriers,0,0,0,0,1,0,0,1,0,0,0,0,0,0,0,0,0,0,1,0,3
management plan,0,0,0,0,0,0,0,0,0,0,1,0,0,0,0,1,0,1,0,0,3
fossil pollen,0,0,0,0,0,0,0,0,0,0,0,0,0,0,0,0,0,0,2,1,3
mid holocene,0,0,0,0,0,0,0,0,0,0,0,1,0,1,0,0,0,0,0,1,3
spatial constraints,0,0,0,0,0,0,0,1,0,0,0,0,0,0,1,0,0,0,1,0,3
freshwater environment,0,0,0,0,0,0,0,0,0,0,0,1,0,0,0,1,0,1,0,0,3
model accuracy,0,0,0,0,0,0,1,0,0,0,0,0,0,0,1,0,0,0,1,0,3
galliformes,0,0,0,0,0,0,1,0,0,0,0,0,0,0,0,1,1,0,0,0,3
southwest atlantic,0,0,0,0,0,0,0,0,0,0,0,0,0,0,1,1,0,1,0,0,3
yangtze river estuary,0,0,0,0,0,0,0,0,0,0,0,0,0,0,0,0,0,1,1,1,3
model ensemble,0,0,0,0,1,0,0,0,0,0,0,0,0,0,0,0,0,0,0,2,3
model optimisation,0,0,0,0,0,0,0,0,0,0,0,0,0,0,0,0,1,0,2,0,3
freshwater turtle,0,0,0,0,0,0,0,0,0,1,1,0,0,0,0,0,0,0,1,0,3
potential suitable areas,0,0,0,0,0,0,0,0,0,0,0,0,0,0,0,0,0,1,2,0,3
woodland,0,0,0,0,0,0,0,0,0,1,1,0,0,0,0,0,0,0,1,0,3
metacommunity,0,0,0,0,0,0,0,0,0,0,0,0,0,0,0,2,1,0,0,0,3
wisent,0,0,0,0,1,1,0,0,0,1,0,0,0,0,0,0,0,0,0,0,3
winter habitat,0,0,0,0,0,0,0,0,0,1,1,0,0,0,0,0,0,1,0,0,3
spatial eigenvector mapping,0,0,1,0,0,0,1,0,1,0,0,0,0,0,0,0,0,0,0,0,3
modeling algorithms,0,0,0,0,0,0,0,0,0,0,0,0,0,1,0,0,0,1,1,0,3
potential range,0,0,0,0,0,0,0,0,1,0,0,0,0,0,0,0,0,2,0,0,3
freshwater pearl mussel,0,0,0,0,0,0,0,0,0,0,0,0,0,0,1,1,1,0,0,0,3
middle east,0,0,0,0,0,0,0,0,0,0,0,0,0,1,0,0,0,0,1,1,3
mesoamerica,1,0,0,0,0,0,0,0,0,0,0,0,0,0,0,1,0,0,1,0,3
mira river basin,0,0,0,0,0,0,0,0,0,0,0,1,0,0,0,0,0,1,1,0,3
optimized maxent,0,0,0,0,0,0,0,0,0,0,0,0,0,0,0,1,0,1,1,0,3
zostera marina,0,0,0,0,0,0,0,0,0,0,1,0,0,0,1,0,0,1,0,0,3
precision agriculture,0,0,0,0,0,0,0,0,0,0,0,0,0,0,0,0,0,0,0,3,3
zoonotic cutaneous leishmaniasis,0,0,0,0,0,0,0,0,0,0,0,1,1,0,0,0,1,0,0,0,3
predicted distribution,0,0,0,0,1,0,0,0,0,0,0,0,0,0,0,1,0,0,1,0,3
spartina alterniflora,0,0,0,0,0,0,0,0,0,0,0,0,0,0,0,1,0,0,0,2,3
future projection,0,0,0,0,0,0,0,0,0,0,0,0,0,0,0,1,0,2,0,0,3
miombo woodands,0,0,0,0,0,0,0,0,0,0,0,0,0,2,1,0,0,0,0,0,3
fungus,0,0,0,0,0,0,1,0,0,0,0,1,0,0,0,0,0,0,0,1,3
predictive vegetation mapping,0,0,0,0,0,1,1,1,0,0,0,0,0,0,0,0,0,0,0,0,3
fungal pathogens,0,0,0,0,0,0,0,0,0,0,0,0,1,0,0,0,1,1,0,0,3
zimbabwe,0,0,0,0,0,0,0,1,1,0,0,0,0,0,0,0,0,1,0,0,3
migratory fish,0,0,0,0,0,0,0,0,0,0,0,0,0,0,1,1,0,0,1,0,3
mitigation,0,0,0,0,0,0,0,0,1,0,0,0,0,0,1,1,0,0,0,0,3
prediction model,0,0,0,0,0,0,0,0,0,0,0,0,0,1,0,1,0,0,1,0,3
predictive accuracy,0,0,0,1,0,0,0,0,0,1,0,0,0,1,0,0,0,0,0,0,3
predictive distribution,0,0,0,0,0,0,0,0,1,0,1,0,0,0,0,0,0,0,0,1,3
spatial conservation prioritization,0,0,0,0,0,0,0,0,0,0,0,1,0,0,0,0,1,1,0,0,3
mesocarnivore,0,0,0,0,0,0,0,0,0,0,0,0,0,0,0,1,1,0,0,1,3
spatial evaluation,0,0,0,0,0,0,0,0,0,0,0,0,0,0,0,0,0,2,0,1,3
pseudoabsence,0,0,0,0,1,0,0,1,0,0,0,0,0,0,0,1,0,0,0,0,3
protected species,0,0,0,0,0,0,0,0,1,0,0,0,0,0,2,0,0,0,0,0,3
mediterranean oaks,0,0,0,0,0,0,0,0,0,0,0,1,0,0,0,1,0,0,0,1,3
mollusc,0,0,0,0,0,0,0,0,1,0,1,1,0,0,0,0,0,0,0,0,3
genetic differentiation,0,0,0,0,0,0,0,0,0,0,0,0,0,0,1,0,1,0,1,0,3
mediterranean island,0,0,0,0,0,0,0,0,0,0,0,0,0,0,1,0,1,0,0,1,3
active remote sensing,0,0,0,0,0,0,0,0,0,0,0,0,0,0,0,1,0,0,2,0,3
southeastern united states,0,0,0,0,0,0,0,0,0,0,1,0,0,0,0,0,0,1,1,0,3
mediterranean climate,0,0,0,0,0,0,0,0,0,0,0,0,0,0,0,0,0,3,0,0,3
protected area management,0,0,0,0,0,0,0,0,1,0,0,0,0,0,1,0,1,0,0,0,3
western asia,0,0,0,0,0,0,0,1,0,1,0,0,0,0,1,0,0,0,0,0,3
focal species,0,0,0,0,2,0,0,0,0,0,0,0,0,1,0,0,0,0,0,0,3
climatic refuge,0,0,0,0,0,0,0,0,0,0,0,0,1,0,0,0,0,0,1,1,3
oregon,0,0,0,0,1,0,0,0,1,0,0,0,1,0,0,0,0,0,0,0,3
spatial overlap,0,0,0,0,0,0,0,0,0,0,0,0,0,0,1,0,0,0,0,2,3
inhomogeneous poisson point process,0,0,0,0,0,0,0,2,0,1,0,0,0,0,0,0,0,0,0,0,3
south korea,0,0,0,0,0,0,0,0,0,0,0,0,0,0,0,1,1,0,0,1,3
weed risk assessment,0,0,0,0,0,0,0,0,1,1,0,0,1,0,0,0,0,0,0,0,3
fisheries oceanography,0,0,0,0,0,0,0,0,0,0,0,0,0,0,1,0,0,1,1,0,3
climatic distribution,0,0,0,0,0,0,1,0,0,0,1,0,0,0,1,0,0,0,0,0,3
mediterranean region,0,0,0,0,0,0,0,0,0,0,0,0,0,1,1,0,0,0,0,1,3
projection,0,0,0,0,0,0,0,0,0,0,1,0,0,1,0,1,0,0,0,0,3
potential natural vegetation,0,0,0,0,0,0,0,1,0,0,0,1,0,0,0,0,0,1,0,0,3
forest ecosystem,0,0,0,0,0,0,0,0,0,0,0,0,0,1,0,0,0,0,2,0,3
gee,0,0,0,0,0,0,0,0,0,0,0,0,0,0,0,0,0,0,1,2,3
opisthorchis viverrine,0,0,0,0,0,0,0,0,0,0,0,1,0,1,0,0,0,0,1,0,3
spatial filter,0,0,0,0,0,0,0,0,1,1,0,0,0,1,0,0,0,0,0,0,3
a,0,0,0,0,0,0,0,0,0,0,0,0,0,0,0,0,1,0,0,2,3
modelo de distribucion de especies,0,0,0,0,1,0,0,0,0,0,0,0,0,0,0,0,0,1,1,0,3
prism,0,0,1,0,0,0,0,0,0,1,0,0,0,1,0,0,0,0,0,0,3
wild bird,0,0,0,0,0,0,0,0,0,0,1,0,0,0,0,0,1,0,0,1,3
wild bee,0,0,0,0,0,0,0,0,0,1,0,0,0,1,0,0,0,1,0,0,3
whooping crane,0,0,0,0,0,0,0,1,0,1,0,1,0,0,0,0,0,0,0,0,3
molecular marker,0,0,0,0,0,0,0,0,0,1,0,0,0,0,0,0,0,0,1,1,3
caribbean,0,0,0,0,0,0,1,0,0,1,0,0,0,0,0,0,1,0,0,0,3
spatial heterogeneity,0,0,0,0,0,0,0,0,0,1,0,0,0,0,0,1,0,0,1,0,3
forecast,0,0,0,0,0,0,0,1,0,0,0,0,0,0,1,0,0,0,1,0,3
generalised linear modelling,0,1,0,1,0,1,0,0,0,0,0,0,0,0,0,0,0,0,0,0,3
insect conservation,0,0,0,0,0,0,0,1,0,1,0,0,0,0,0,0,0,1,0,0,3
wheat,0,0,0,0,0,0,0,0,0,0,0,0,0,1,0,0,0,1,1,0,3
generality,0,0,0,0,0,0,2,0,0,0,0,1,0,0,0,0,0,0,0,0,3
whale watching,0,0,0,0,0,0,0,0,0,0,0,0,1,0,0,1,0,1,0,0,3
animal,0,0,0,0,0,0,0,0,0,0,0,0,0,0,0,1,0,1,0,1,3
dasypus novemcinctus,0,0,0,0,0,0,0,0,0,0,0,2,0,0,0,1,0,0,0,0,3
spatiotemporal model,0,0,0,0,0,0,0,0,0,0,0,0,0,0,1,0,1,1,0,0,3
null model,0,0,0,0,0,1,0,0,0,0,1,0,0,1,0,0,0,0,0,0,3
culex pipiens,0,0,0,0,1,0,0,0,1,0,0,0,0,0,0,0,0,0,0,1,3
pine species,0,0,0,0,0,0,0,0,0,0,0,0,0,0,0,1,1,1,0,0,3
avian flu,0,0,0,0,0,0,0,1,0,0,2,0,0,0,0,0,0,0,0,0,3
habitat characteristic,0,0,0,0,0,0,0,0,0,0,0,0,0,0,0,2,0,0,0,1,3
ectoparasite,0,0,0,0,0,0,0,0,0,0,0,0,1,0,0,1,0,0,1,0,3
local ecological knowledge,0,0,0,0,0,0,0,0,0,0,1,0,0,0,1,1,0,0,0,0,3
ecotype,0,0,0,0,0,0,0,0,0,0,0,0,0,0,0,1,1,0,0,1,3
ecotourism,0,0,0,0,0,0,0,0,0,0,0,0,1,0,0,0,2,0,0,0,3
contact zone,0,0,0,1,0,0,0,0,0,1,0,0,0,1,0,0,0,0,0,0,3
endangered plant,0,0,0,0,0,0,0,0,0,0,0,0,0,0,0,0,1,1,0,1,3
rhipicephalus microplus,0,0,0,0,0,0,0,1,0,1,0,0,0,0,0,0,1,0,0,0,3
north sea,0,0,0,0,0,1,1,0,0,0,0,0,0,0,0,0,1,0,0,0,3
habitat degradation,0,0,0,0,0,0,0,0,0,0,0,0,0,0,0,1,1,0,0,1,3
ecospat,0,0,0,0,0,0,0,0,0,0,1,0,0,0,2,0,0,0,0,0,3
habitat dynamics,0,0,0,0,0,0,0,0,0,0,0,0,0,0,1,0,1,0,1,0,3
partial dependence plot,0,1,0,0,0,0,0,0,0,0,0,0,1,0,0,0,0,1,0,0,3
habitat heterogeneity,0,0,0,0,1,0,0,0,0,0,0,0,0,0,0,0,1,0,1,0,3
culex,0,0,0,0,0,0,0,0,1,0,0,0,0,0,0,0,0,2,0,0,3
rewilding,0,0,0,0,0,0,0,0,0,0,0,0,0,1,0,1,0,0,1,0,3
natura 2000 network,0,0,0,0,0,0,0,0,0,0,0,0,0,0,0,0,1,0,0,2,3
native tree species,0,0,0,0,0,0,0,0,0,0,0,0,0,0,0,1,0,1,0,1,3
tree conservation,0,0,0,0,0,0,0,0,0,0,0,0,0,0,0,1,0,0,2,0,3
n-mixture model,0,0,0,0,0,0,0,0,1,0,0,0,0,0,0,0,0,0,1,1,3
conservation genetics,0,0,0,0,0,0,0,0,1,0,0,0,0,0,1,0,0,0,1,0,3
independent data,0,0,0,0,0,0,1,0,0,0,0,0,0,0,0,1,0,1,0,0,3
republic of korea,0,0,0,0,1,0,0,0,0,0,0,0,0,0,0,1,0,0,0,1,3
google earth,0,0,0,0,0,0,0,0,1,0,0,0,0,0,0,0,0,2,0,0,3
kernel density estimate,0,0,0,0,0,0,0,0,0,1,0,0,1,0,0,1,0,0,0,0,3
species introductions,0,0,0,0,0,0,0,0,0,0,0,0,0,0,0,0,1,0,0,2,3
emerging pest,0,0,0,0,0,1,0,0,0,0,2,0,0,0,0,0,0,0,0,0,3
resource availability,0,0,0,0,0,0,0,1,0,0,0,0,2,0,0,0,0,0,0,0,3
resource selection,0,0,0,0,0,0,0,0,0,1,0,1,0,0,0,0,1,0,0,0,3
response curves,0,0,0,0,0,0,0,0,0,0,0,0,0,0,1,1,1,0,0,0,3
elephas maximus,0,0,0,0,0,0,0,0,0,0,0,0,0,0,0,0,0,1,1,1,3
restoration potential,0,0,0,0,0,0,0,0,0,0,0,0,0,0,1,1,0,0,1,0,3
parthenium hysterophorus,0,0,0,0,0,0,0,0,0,0,0,0,0,0,0,0,0,1,0,2,3
pinus,0,0,0,0,0,0,0,0,0,1,0,0,0,0,0,1,0,0,0,1,3
h,0,0,0,0,0,0,0,0,0,1,0,0,0,0,0,0,2,0,0,0,3
edna,0,0,0,0,0,0,0,0,0,0,0,0,0,0,0,0,0,1,2,0,3
data-driven model,0,0,0,0,0,0,0,1,0,0,1,0,0,0,0,0,0,0,0,1,3
keyword,0,0,0,0,0,0,0,0,0,0,0,0,1,0,0,0,0,0,1,1,3
tortricidae,0,0,0,0,0,0,0,0,0,0,0,0,0,0,0,0,0,0,1,2,3
pacific northwest,0,0,0,0,0,0,0,0,0,0,0,0,0,0,0,1,1,0,0,1,3
castor canadensis,0,0,0,0,0,0,0,0,0,0,0,0,0,0,2,0,0,0,1,0,3
neotropical raptor,0,0,0,0,0,0,0,0,0,0,0,0,0,0,0,1,0,0,0,2,3
eco-distribution mapping,0,0,0,0,0,0,0,0,0,0,0,2,0,1,0,0,0,0,0,0,3
irrigation,0,0,0,0,0,0,1,0,1,0,0,0,0,0,0,0,1,0,0,0,3
echinoids,0,0,0,0,0,0,1,0,0,0,0,0,0,1,1,0,0,0,0,0,3
habitat suitability prediction,0,0,0,0,0,0,0,0,0,0,0,0,0,0,0,0,0,0,1,2,3
lichen,0,0,0,0,0,0,0,0,0,1,0,0,0,1,0,0,1,0,0,0,3
eastern mediterranean,0,0,0,0,0,0,0,1,0,0,0,0,0,0,0,0,0,1,1,0,3
shark,0,0,0,0,0,0,0,0,0,0,0,0,0,0,0,1,1,1,0,0,3
phylogeographic structure,0,0,0,0,0,0,0,0,0,0,0,0,0,0,0,1,0,2,0,0,3
lgm,0,0,0,1,0,0,0,0,0,1,0,0,0,0,0,0,1,0,0,0,3
nest site,0,0,0,0,0,0,0,0,0,0,0,0,0,0,0,1,1,0,0,1,3
east asian-australasian flyway,0,0,0,0,0,0,0,0,0,0,0,0,0,0,0,0,2,0,0,1,3
site selection,0,0,0,0,1,0,0,0,0,0,1,0,0,0,0,0,0,1,0,0,3
leptospirosis,0,0,0,0,0,0,0,0,0,0,1,0,0,0,0,1,1,0,0,0,3
nesting,0,0,0,0,0,0,0,0,0,0,0,0,0,1,0,0,2,0,0,0,3
earth system models,0,0,0,0,0,0,0,0,0,0,0,0,0,0,0,0,2,0,1,0,3
river,0,0,0,0,0,0,0,0,1,0,0,1,0,1,0,0,0,0,0,0,3
risk prediction,0,0,0,0,0,1,0,0,0,0,0,0,0,0,0,1,0,0,1,0,3
baltic sea,0,0,0,0,0,0,0,0,2,0,0,0,0,0,0,0,1,0,0,0,3
imbalanced data,0,0,0,0,0,0,0,0,0,0,0,0,0,0,0,1,2,0,0,0,3
imperfect detection,0,0,0,0,0,0,0,0,0,0,0,0,0,0,2,0,0,0,1,0,3
ecological requirements,0,0,0,0,0,0,0,0,0,0,0,0,0,0,0,0,2,0,1,0,3
richness,0,0,0,0,0,0,0,0,0,0,1,0,0,0,0,0,0,0,1,1,3
top predator,0,0,0,0,0,0,0,0,0,0,0,0,0,0,0,0,1,0,0,2,3
iranian plateau,0,0,0,0,0,0,0,0,1,0,0,0,0,0,0,1,0,0,0,1,3
phytophthora ramorum,0,0,0,0,1,0,1,1,0,0,0,0,0,0,0,0,0,0,0,0,3
ecological niche overlay,0,0,0,0,0,0,0,0,0,1,0,0,0,0,0,0,0,0,2,0,3
habitat overlap,0,0,0,0,0,0,0,0,0,0,1,0,0,0,0,0,1,0,0,1,3
ecological niche divergence,0,0,0,0,0,1,0,0,0,0,0,1,0,0,0,0,0,0,0,1,3
riparian,0,0,0,0,0,1,0,0,0,0,0,0,1,0,0,0,0,0,1,0,3
neglected tropical disease,0,0,0,0,0,0,0,0,0,0,0,0,0,1,0,0,0,0,1,1,3
coral,0,0,0,0,0,0,0,0,0,0,0,1,0,0,0,0,0,1,0,1,3
baseline,0,0,0,0,0,0,0,0,0,0,0,0,0,0,0,2,0,1,0,0,3
ecological divergence,0,0,0,1,0,0,0,0,0,0,0,0,0,1,0,0,0,0,1,0,3
bathymetry,0,0,0,0,0,0,0,0,1,0,0,0,1,0,0,1,0,0,0,0,3
risk mapping,0,0,0,0,0,0,0,0,0,0,0,0,1,0,0,0,0,1,0,1,3
bayesian,0,0,0,0,0,0,0,0,0,0,0,1,0,0,0,0,0,2,0,0,3
snowy plover,0,0,0,0,0,1,1,0,1,0,0,0,0,0,0,0,0,0,0,0,3
asteraceae,0,0,0,0,0,0,0,0,0,2,0,0,0,0,0,0,0,0,1,0,3
tropical islands,0,0,0,0,0,0,0,0,0,0,1,0,0,0,0,0,1,1,0,0,3
united states,0,0,0,0,0,0,0,0,0,0,0,0,0,0,0,0,0,1,0,2,3
species,0,0,0,0,0,0,0,0,2,0,0,0,0,0,0,0,0,0,0,1,3
red-cockaded woodpecker,0,0,0,0,0,0,1,0,0,0,0,0,0,0,1,0,0,0,1,0,3
apex predator,0,0,0,0,0,0,0,0,0,0,1,1,0,0,0,0,0,0,0,1,3
great barrier reef,0,0,0,0,0,0,0,0,0,0,0,0,0,0,0,2,0,1,0,0,3
environmental monitoring,0,0,0,0,0,0,0,0,0,0,0,0,0,0,0,1,0,0,0,2,3
apis mellifera,0,0,0,0,0,0,0,0,0,0,1,0,0,1,0,0,0,0,0,1,3
invasive,0,0,0,0,0,0,0,0,0,0,0,1,0,0,0,0,1,0,0,1,3
macrophyte,0,0,0,0,0,0,0,0,1,0,0,0,0,1,0,0,0,0,1,0,3
aquatic insects,0,0,0,0,0,0,0,1,0,0,0,0,1,0,0,1,0,0,0,0,3
class imbalance,0,0,0,0,0,0,0,0,0,0,0,0,1,0,0,1,0,1,0,0,3
aquatic invasive species,0,0,0,0,0,0,0,0,0,0,0,0,0,0,1,0,0,0,2,0,3
museum collection,0,0,0,0,0,1,0,0,0,0,0,0,2,0,0,0,0,0,0,0,3
macrofauna,0,0,0,0,0,1,0,0,0,0,1,0,0,0,0,1,0,0,0,0,3
invasive alien plant species,0,0,0,0,0,0,0,0,0,0,0,1,0,0,0,1,0,0,1,0,3
socioeconomic pathways,0,0,0,0,0,0,0,0,0,0,0,0,0,0,0,0,0,0,2,1,3
species complex,0,0,0,0,0,0,0,0,0,0,0,1,1,0,0,0,1,0,0,0,3
plant functional traits,0,0,0,0,0,1,0,0,0,0,0,0,0,0,0,0,1,1,0,0,3
machine learning ensemble,0,0,0,0,0,0,0,0,0,0,0,0,0,0,0,0,0,0,1,2,3
plant pathogen,0,0,0,0,0,0,1,0,0,0,0,0,0,0,0,0,0,0,0,2,3
classi fication tree,0,1,0,0,0,0,2,0,0,0,0,0,0,0,0,0,0,0,0,0,3
area,0,0,0,0,0,0,0,0,0,0,0,1,0,0,1,0,1,0,0,0,3
connectivity analysis,0,0,0,0,0,0,0,0,1,0,0,0,0,0,0,0,0,0,0,2,3
hotspot analysis,0,0,0,0,0,0,0,0,1,0,1,0,0,0,0,0,1,0,0,0,3
rare plants,0,0,0,0,0,1,0,0,0,0,1,0,0,0,0,0,0,1,0,0,3
invasion ecology,0,0,0,0,0,0,1,0,0,0,0,0,0,1,0,0,0,0,0,1,3
invasion hotspot,0,0,0,0,0,0,1,0,0,0,0,0,0,1,0,1,0,0,0,0,3
use-availability,0,0,0,0,0,0,0,1,0,1,0,1,0,0,0,0,0,0,0,0,3
multiscale model,0,0,0,0,0,0,0,1,0,0,1,0,0,0,1,0,0,0,0,0,3
antarctic,0,0,0,0,0,1,0,0,0,0,0,0,0,1,0,1,0,0,0,0,3
antarctic blue whale,0,0,0,0,0,0,0,0,0,0,0,0,0,0,0,2,0,0,1,0,3
equilibrium,0,0,0,0,1,0,0,0,0,0,0,0,0,0,0,1,1,0,0,0,3
plant species,0,0,0,0,0,1,0,0,0,0,0,0,0,0,0,1,0,0,1,0,3
epizootic,0,0,0,0,0,0,0,0,0,0,0,0,0,1,0,0,1,1,0,0,3
invasion risk assessment,0,0,0,0,0,0,0,0,0,0,0,0,0,0,1,1,1,0,0,0,3
software for assisted habitat modeling,0,0,0,0,0,0,0,0,0,0,1,1,0,1,0,0,0,0,0,0,3
anthropogenic effect,0,0,0,0,0,0,0,0,0,0,0,0,0,1,0,0,0,0,1,1,3
red list,0,0,0,0,0,0,0,0,0,0,0,0,0,0,1,0,1,1,0,0,3
anthropogenic pressure,0,0,0,0,0,0,0,0,0,0,0,0,0,0,0,0,0,2,0,1,3
multivariate analysis,0,0,0,0,0,0,1,0,0,1,0,0,0,0,0,0,1,0,0,0,3
classical biological control,0,0,0,0,0,0,0,0,0,0,0,0,0,1,1,0,1,0,0,0,3
species decline,0,0,0,0,0,0,0,0,0,0,0,1,0,0,1,0,0,1,0,0,3
environmental conditions,0,0,0,0,0,0,0,0,0,0,0,1,0,0,0,1,0,0,1,0,3
myasis,0,0,0,0,0,0,0,0,1,0,0,0,0,0,0,0,0,2,0,0,3
energy crops,0,0,0,0,0,0,0,0,0,1,0,0,0,0,0,0,0,0,1,1,3
turkiye,0,0,0,0,0,0,0,0,0,0,0,0,0,0,0,0,1,0,1,1,3
plant ecology,0,0,0,0,0,0,0,0,0,0,0,1,0,0,0,1,0,0,0,1,3
armadillo,0,0,0,0,0,0,0,0,0,0,0,2,0,0,0,1,0,0,0,0,3
rehabilitation,0,0,0,0,0,0,0,0,0,0,0,0,0,0,0,0,1,0,0,2,3
tuning,0,0,0,0,0,0,0,1,0,0,1,0,0,0,1,0,0,0,0,0,3
tundra,0,0,0,0,0,0,0,0,0,0,0,0,1,0,0,0,2,0,0,0,3
relative abundance,0,0,0,0,0,0,1,0,0,0,0,0,0,0,0,0,1,0,0,1,3
ground truth,0,0,0,0,0,0,0,0,0,0,0,1,0,0,0,1,0,1,0,0,3
tursiops truncatus,0,0,0,0,0,0,0,0,0,0,0,0,0,0,0,1,0,0,0,2,3
independent validation,0,0,0,0,0,0,0,0,0,0,0,1,0,0,1,0,0,0,0,1,3
relict species,0,0,0,0,0,0,0,0,0,1,0,0,0,0,1,1,0,0,0,0,3
lulc,0,0,0,0,0,0,0,0,0,0,0,0,0,0,0,0,0,1,0,2,3
true skill statistic,0,0,0,0,0,0,0,0,0,0,0,0,1,0,0,1,0,1,0,0,3
endemic fish,0,0,0,0,0,0,0,0,0,1,0,0,0,0,0,1,1,0,0,0,3
tropical savanna,0,0,0,0,0,0,0,0,0,1,0,0,0,0,0,1,0,0,1,0,3
chytrid fungus,0,0,0,0,0,1,0,0,0,1,0,0,0,1,0,0,0,0,0,0,3
arid region,0,0,0,0,0,0,0,0,1,0,0,0,0,0,0,0,0,2,0,0,3
historical records,0,0,0,0,0,0,0,0,0,0,0,1,1,0,1,0,0,0,0,0,3
regionalization,0,0,0,0,0,0,0,0,0,0,1,0,0,0,1,0,0,0,0,1,3
indian himalayan region,0,0,0,0,0,0,0,0,0,0,0,0,0,0,0,1,0,0,1,1,3
ensemble predicting,0,0,0,0,0,0,0,0,1,1,0,0,0,0,1,0,0,0,0,0,3
arecaceae,0,0,0,0,0,0,0,1,0,0,0,0,0,0,1,0,0,0,0,1,3
ensemble learning,0,0,0,0,0,0,0,0,0,0,0,0,0,0,0,0,0,1,1,1,3
regression model,0,0,0,0,1,1,0,0,0,0,0,0,0,0,0,0,1,0,0,0,3
ensemble technique,0,0,0,0,0,0,0,0,1,0,0,0,0,0,0,1,0,0,1,0,3
ensemble distribution models,0,0,0,0,0,0,0,1,1,0,0,0,0,0,0,0,1,0,0,0,3
greater sage-grouse,0,0,0,0,0,0,0,0,0,0,0,1,0,2,0,0,0,0,0,0,3
arid environments,0,0,0,0,0,0,0,0,0,1,0,0,1,0,0,0,0,1,0,0,3
turtle,0,0,0,0,0,0,0,0,0,0,1,1,0,0,0,0,0,0,1,0,3
hunting,0,0,0,0,0,0,0,0,0,0,0,0,0,1,0,0,0,0,0,1,2
sfts,0,0,0,0,0,0,0,0,1,0,0,0,0,1,0,0,0,0,0,0,2
hybrids,0,0,0,0,0,0,0,0,0,0,0,0,0,0,1,0,0,1,0,0,2
hurdle model,0,0,0,0,0,0,0,0,0,0,0,0,0,0,1,0,0,0,1,0,2
cultural ecosystem services,0,0,0,0,0,0,0,0,0,0,0,0,0,1,0,1,0,0,0,0,2
culex quinquefasciatus,0,0,0,0,0,0,0,0,0,0,1,1,0,0,0,0,0,0,0,0,2
paragorgia arborea,0,0,0,0,0,0,0,0,0,0,0,0,0,0,1,0,1,0,0,0,2
hydrological simulation,0,0,0,0,0,0,0,0,0,0,0,0,0,0,0,0,0,1,0,1,2
panthera pardus,0,0,0,0,0,0,0,0,0,0,0,1,0,0,0,0,0,1,0,0,2
shapley values,0,0,0,0,0,0,0,0,0,0,0,0,0,0,0,0,0,1,0,1,2
curculionidae,0,0,0,0,0,0,0,0,0,0,0,0,0,0,0,0,0,1,1,0,2
shared socioeconomic pathways (ssp),0,0,0,0,0,0,0,0,0,0,0,0,0,0,0,0,1,1,0,0,2
culex tritaeniorhynchus,0,0,0,0,1,0,0,0,0,0,0,0,0,0,0,0,0,0,0,1,2
shearwater,0,0,0,0,0,0,2,0,0,0,0,0,0,0,0,0,0,0,0,0,2
cryptic diversity,0,0,0,0,0,0,0,0,0,0,0,0,1,0,0,0,0,0,0,1,2
shared socioeconomic pathway scenarios,0,0,0,0,0,0,0,0,0,0,0,0,0,0,0,0,0,0,0,2,2
shapley additive explanation,0,0,0,0,0,0,0,0,0,0,0,0,0,0,0,0,0,0,2,0,2
sheep,0,0,0,0,0,1,0,0,0,0,0,0,0,0,0,0,1,0,0,0,2
hybrid model,0,0,0,0,0,0,0,0,0,0,0,0,0,0,0,0,0,2,0,0,2
cryptomeria japonica,0,0,0,0,0,0,0,0,0,0,0,0,1,0,0,0,0,1,0,0,2
culex tarsalis,0,0,0,0,1,0,0,0,0,0,0,0,0,0,0,0,0,1,0,0,2
current habitat,0,0,0,0,0,0,0,0,0,0,0,0,0,0,0,1,0,0,0,1,2
hydrodynamic modeling,0,0,0,0,0,0,0,0,0,0,0,0,0,0,0,0,2,0,0,0,2
landscape epidemiology,0,0,0,0,1,0,0,0,0,0,0,0,0,0,0,0,0,1,0,0,2
crustacea,0,0,0,0,0,0,0,0,0,0,0,0,1,0,0,1,0,0,0,0,2
cru,0,0,0,0,0,0,1,0,0,0,0,0,0,0,0,0,0,1,0,0,2
indigenous people,0,0,0,0,0,0,0,0,1,0,0,0,0,1,0,0,0,0,0,0,2
complementarity,0,0,0,1,0,0,0,0,0,1,0,0,0,0,0,0,0,0,0,0,2
compositae,0,0,0,0,0,0,0,0,0,0,1,0,0,1,0,0,0,0,0,0,2
indigenous lands,0,0,0,0,0,0,0,0,0,0,0,0,0,0,0,0,0,0,2,0,2
soil moisture,0,0,0,0,0,0,0,0,0,0,1,0,1,0,0,0,0,0,0,0,2
soil fauna,0,0,0,0,0,0,0,0,0,0,1,0,0,0,0,0,0,0,1,0,2
indicator taxa,0,0,0,0,0,0,0,0,0,0,0,0,0,0,1,0,0,1,0,0,2
soil ecology,0,0,0,0,0,0,0,0,0,0,0,0,0,0,0,0,0,0,1,1,2
conflict,0,0,0,0,0,0,0,0,0,1,0,0,0,0,0,0,1,0,0,0,2
soil biodiversity,0,0,0,0,0,0,0,0,0,0,0,0,0,0,0,0,0,0,1,1,2
conifer,0,0,0,0,0,0,0,0,0,0,0,0,0,0,0,0,0,0,2,0,2
over-parameterization,0,0,0,0,0,0,0,0,0,0,0,0,0,0,0,1,0,1,0,0,2
soft scale insect,0,0,0,0,0,0,0,0,0,0,0,0,0,0,0,1,0,0,0,1,2
socotra,0,0,0,0,0,0,0,0,0,0,0,0,0,0,0,0,1,1,0,0,2
socioeconomy,0,0,0,0,0,0,0,0,0,0,0,0,0,0,0,0,1,0,1,0,2
overgrazing,0,0,0,0,0,0,0,0,0,0,0,0,0,0,1,0,0,0,0,1,2
overlap,0,0,0,0,0,0,0,0,0,0,0,0,0,1,0,0,0,0,0,1,2
conservation assessment,0,0,0,1,0,0,0,0,0,0,0,0,0,0,0,0,0,0,0,1,2
social media,0,0,0,0,0,0,0,0,0,0,0,0,0,1,0,1,0,0,0,0,2
independent evaluation,0,0,0,0,0,0,0,0,0,0,2,0,0,0,0,0,0,0,0,0,2
conservation implications,0,0,0,0,0,0,0,0,0,0,0,0,1,0,0,0,0,0,0,1,2
conservation measure,0,0,0,0,0,0,0,0,0,0,0,0,0,0,0,1,0,0,1,0,2
ovis orientalis,0,0,0,0,0,0,0,0,0,0,0,0,1,0,0,0,1,0,0,0,2
snow leopard,0,0,0,0,0,0,0,0,0,0,0,0,0,0,2,0,0,0,0,0,2
snow depth,0,0,0,0,0,0,0,0,0,0,0,0,0,0,0,0,1,0,1,0,2
soilgrids,0,0,0,0,0,0,0,0,0,0,0,0,0,0,0,0,0,2,0,0,2
comparison of niches,0,0,0,0,0,0,0,0,0,1,0,0,0,0,1,0,0,0,0,0,2
community-based conservation,0,0,0,0,0,0,0,0,0,0,0,0,0,0,0,1,1,0,0,0,2
oriental white stork,0,0,0,0,0,0,0,0,0,0,0,0,0,1,0,0,0,0,0,1,2
spatial,0,0,0,0,0,0,0,0,0,0,0,0,0,0,0,1,0,0,0,1,2
coastal zone management,0,0,0,0,0,0,0,0,0,0,0,0,0,0,0,1,0,0,0,1,2
opuntia ficus-indica,0,0,0,0,0,0,0,0,0,0,0,0,0,0,0,0,0,0,1,1,2
southwestern iran,0,0,0,0,0,0,0,0,0,1,0,0,0,0,0,0,0,0,1,0,2
coffee,0,0,0,0,0,0,0,0,0,0,0,0,0,0,1,0,0,0,0,1,2
coilia nasus,0,0,0,0,0,0,0,0,0,0,0,0,0,0,0,0,0,1,1,0,2
southern mexico,0,0,0,0,0,0,0,1,1,0,0,0,0,0,0,0,0,0,0,0,2
orcinus orca,0,0,0,0,0,0,0,0,0,0,0,0,0,1,0,0,0,1,0,0,2
southern caspian sea littoral,0,0,0,0,0,0,0,0,0,0,0,0,0,1,1,0,0,0,0,0,2
southern california,0,0,0,0,0,0,0,0,1,0,0,0,0,1,0,0,0,0,0,0,2
southeastern australia,0,0,0,0,0,0,0,0,0,1,1,0,0,0,0,0,0,0,0,0,2
south china,0,0,0,0,0,0,0,0,0,0,0,0,0,0,0,1,0,0,1,0,2
community structure,0,0,0,0,0,0,0,0,0,0,0,0,0,0,0,0,1,0,1,0,2
color polymorphism,0,0,0,0,0,0,0,0,0,0,0,0,1,0,0,0,0,1,0,0,2
columbids,0,0,0,0,0,0,0,0,0,0,0,0,0,0,0,1,0,0,0,1,2
combined model,0,0,0,0,0,0,0,0,0,0,0,0,0,0,0,0,0,1,1,0,2
influencing factors,0,0,0,0,0,0,0,0,0,0,0,0,0,0,0,0,1,0,0,1,2
commiphora wightii,0,0,0,0,0,0,0,0,0,0,0,0,0,0,0,0,0,1,0,1,2
ornithology,0,0,0,0,0,0,1,0,0,0,0,0,0,0,0,0,0,0,0,1,2
songbird,0,0,0,0,0,0,0,0,0,0,1,1,0,0,0,0,0,0,0,0,2
common myna,0,0,0,0,0,0,0,0,0,0,0,0,0,1,0,0,0,0,1,0,2
common reed,0,0,0,0,0,0,0,0,1,1,0,0,0,0,0,0,0,0,0,0,2
common species,0,0,0,0,0,0,0,0,0,0,0,0,0,0,0,0,1,0,0,1,2
indo-burma,0,0,0,0,0,0,0,0,0,0,0,0,0,0,0,0,2,0,0,0,2
snow average,0,0,0,0,0,0,0,0,0,0,0,0,0,0,0,0,0,1,0,1,2
incidental catch,0,0,0,0,0,0,0,0,0,0,0,1,0,1,0,0,0,0,0,0,2
conservation priority-setting,0,0,0,0,0,0,0,0,0,0,1,0,0,0,0,0,0,0,1,0,2
hyperspectral,0,0,0,0,0,0,0,0,0,0,0,1,1,0,0,0,0,0,0,0,2
sister species,0,0,0,0,0,0,0,1,0,0,0,0,0,0,0,1,0,0,0,0,2
sirex noctilio,0,0,0,0,0,0,0,0,0,0,0,0,0,1,0,0,1,0,0,0,2
corvus frugilegus,0,0,0,0,0,0,0,0,0,0,0,0,0,0,0,0,0,0,0,2,2
palearctic,0,0,0,0,0,0,0,1,0,0,0,0,0,0,1,0,0,0,0,0,2
paleoclimate modeling,0,0,0,0,0,0,0,1,0,0,0,0,0,0,0,0,0,0,1,0,2
iceland,0,0,0,0,0,0,0,0,1,0,0,0,0,0,0,0,0,0,0,1,2
paleodistribution,0,0,0,0,0,0,0,0,0,0,0,0,0,0,1,0,0,0,0,1,2
covariate selection,0,0,0,0,0,0,0,0,0,0,0,0,0,0,1,0,0,0,1,0,2
coxiella burnetii,0,0,0,0,0,0,0,1,0,0,0,0,0,0,0,0,0,0,0,1,2
cpdna trns-trng,0,0,0,0,0,0,0,0,0,0,0,0,0,0,0,0,0,2,0,0,2
crassostrea virginica,0,0,0,0,0,0,0,0,1,0,1,0,0,0,0,0,0,0,0,0,2
crimean-congo haemorrhagic fever,0,0,0,0,0,0,0,0,0,0,0,0,0,0,1,0,0,1,0,0,2
correlative niche models,0,0,0,0,0,0,0,0,0,0,0,1,0,0,0,1,0,0,0,0,2
critical habitat,0,0,0,0,0,0,0,0,0,1,0,0,0,0,0,0,0,0,1,0,2
critically endangered,0,0,0,0,0,0,0,0,0,0,0,0,0,0,0,1,0,1,0,0,2
crop,0,0,0,0,0,1,0,0,0,0,0,0,0,0,0,0,1,0,0,0,2
sierra madre oriental,0,0,0,0,0,0,0,0,0,0,0,0,0,0,1,0,0,1,0,0,2
crop production,0,0,0,0,0,0,0,0,0,0,0,0,0,0,0,2,0,0,0,0,2
shrews,0,0,0,0,0,0,0,0,0,1,0,1,0,0,0,0,0,0,0,0,2
cropland,0,0,0,0,0,0,0,0,0,0,0,0,0,0,1,0,1,0,0,0,2
cross-border conservation,0,0,0,0,0,0,0,0,0,0,0,0,0,0,0,0,2,0,0,0,2
shorea robusta,0,0,0,0,0,0,0,0,0,0,0,0,0,0,1,1,0,0,0,0,2
crowdsourcing,0,0,0,0,0,0,0,0,0,0,1,0,1,0,0,0,0,0,0,0,2
crown-of-thorns starfish,0,0,0,0,0,0,0,0,0,0,0,0,0,0,0,1,0,0,0,1,2
ideal free distribution,0,0,0,0,0,0,0,0,0,0,0,0,0,0,1,0,0,0,0,1,2
correlative approach,0,0,0,0,0,0,0,0,0,0,0,0,0,0,0,1,0,1,0,0,2
conservation science,0,0,0,0,0,0,0,0,0,0,0,0,0,0,1,0,0,1,0,0,2
copepod,0,0,0,0,0,0,0,0,0,0,0,0,0,0,0,1,0,0,1,0,2
conservation status assessment,0,0,0,0,0,0,0,0,0,0,0,0,0,0,0,0,0,0,1,1,2
conservation translocation,0,0,0,0,0,0,0,0,0,0,0,0,0,0,0,0,1,0,0,1,2
conservation unit,0,0,0,0,0,0,0,1,0,0,0,0,0,0,0,0,0,0,1,0,2
consnet,0,0,0,0,0,1,0,0,0,1,0,0,0,0,0,0,0,0,0,0,2
in situ conservation,0,0,0,0,0,0,0,0,0,0,0,0,0,0,0,1,0,0,0,1,2
in situ and ex situ conservation,0,0,0,0,0,0,0,0,0,0,0,0,1,1,0,0,0,0,0,0,2
important plant areas,0,0,0,0,0,0,1,0,0,0,0,0,0,0,0,1,0,0,0,0,2
continental slope,0,0,0,0,0,0,0,1,0,0,0,0,1,0,0,0,0,0,0,0,2
small yellow croaker,0,0,0,0,0,0,0,0,0,0,0,0,0,0,0,0,1,0,1,0,2
continuous boyce index,0,0,0,0,0,0,0,0,0,0,0,0,0,0,1,0,0,0,0,1,2
imperiled species,0,0,0,0,0,0,0,0,0,0,0,0,0,0,0,0,0,0,1,1,2
small cat,0,0,0,0,0,0,0,0,0,0,0,0,0,0,0,1,0,0,1,0,2
palaeotropics,0,0,0,0,0,0,0,1,0,0,0,0,0,0,0,0,1,0,0,0,2
immigrants,0,0,0,0,0,0,0,0,2,0,0,0,0,0,0,0,0,0,0,0,2
coral conservation,0,0,0,0,0,0,0,0,0,0,0,0,0,0,1,0,1,0,0,0,2
slime molds,0,0,0,0,0,0,1,0,0,0,0,0,0,0,0,1,0,0,0,0,2
image texture,0,0,0,0,1,0,0,0,0,0,0,0,0,0,1,0,0,0,0,0,2
sky-islands,0,0,0,0,0,0,0,0,0,0,0,0,0,1,0,0,1,0,0,0,2
cordoba,0,0,0,0,0,0,0,0,0,0,0,0,1,0,0,0,0,0,0,1,2
pacific saury,0,0,0,0,0,0,0,0,0,0,0,0,0,0,0,0,0,0,0,2,2
core distribution,0,0,0,0,0,0,0,0,0,0,0,0,0,0,0,1,0,1,0,0,2
skipjack tuna,0,0,0,0,0,0,0,0,0,0,0,0,0,0,1,0,0,0,0,1,2
corn,0,0,0,0,1,0,0,0,0,0,0,0,0,0,0,0,1,0,0,0,2
palaearctic region,0,0,0,0,0,1,0,0,0,0,0,0,0,0,0,0,0,0,1,0,2
overwintering,0,0,0,0,0,0,0,0,0,0,0,0,1,0,0,0,0,0,1,0,2
ecohydrological modeling cascade,0,0,0,0,0,0,0,0,0,0,0,0,0,0,1,1,0,0,0,0,2
parameter optimization,0,0,0,0,0,0,0,0,0,0,0,0,0,0,1,0,0,0,0,1,2
estuarine,0,0,0,0,0,0,0,0,0,1,0,0,0,0,0,0,0,1,0,0,2
eurasian lynx,0,0,0,0,0,0,0,0,0,0,0,0,0,0,0,0,1,1,0,0,2
plio-pleistocene,0,0,0,0,0,0,0,0,0,0,0,0,0,0,0,1,0,0,0,1,2
range overlap,0,0,0,0,0,0,0,0,0,0,0,0,0,0,0,1,0,0,1,0,2
euglossini,0,0,0,1,0,0,0,0,0,0,0,0,0,0,0,0,0,0,0,1,2
pleistocene glaciations,0,0,0,0,0,1,0,1,0,0,0,0,0,0,0,0,0,0,0,0,2
eucommia ulmoides,0,0,0,0,0,0,0,0,0,0,0,0,0,0,0,0,0,1,0,1,2
range-filling,0,0,0,0,0,0,0,0,0,0,0,0,0,0,0,0,1,1,0,0,2
golden eagle,0,0,0,0,0,0,0,0,0,0,0,0,0,2,0,0,0,0,0,0,2
goodness of fit,0,0,0,0,0,0,0,1,0,0,0,0,0,1,0,0,0,0,0,0,2
platynotina,0,0,0,0,0,0,1,1,0,0,0,0,0,0,0,0,0,0,0,0,2
rare,0,0,0,0,0,0,0,0,0,0,0,1,0,0,0,0,0,1,0,0,2
essential habitat,0,0,0,0,0,0,0,0,0,0,0,0,1,0,0,0,0,0,0,1,2
reserve design,0,0,0,0,0,0,0,0,1,0,0,0,0,0,1,0,0,0,0,0,2
rarity,0,0,0,1,0,0,0,0,0,0,0,1,0,0,0,0,0,0,0,0,2
plasmodium,0,0,0,0,0,1,0,0,1,0,0,0,0,0,0,0,0,0,0,0,2
gps collar,0,0,0,0,0,0,0,0,0,0,0,1,0,0,0,1,0,0,0,0,2
rcp2,0,0,0,0,0,0,0,0,0,0,0,0,0,0,1,0,1,0,0,0,2
gps logger,0,0,0,0,0,0,0,2,0,0,0,0,0,0,0,0,0,0,0,0,2
rcp8,0,0,0,0,0,0,0,0,0,0,0,0,0,0,1,0,1,0,0,0,2
errors-in-variables,0,0,0,0,0,0,0,0,0,1,0,1,0,0,0,0,0,0,0,0,2
rda,0,0,0,0,0,0,0,0,0,0,0,0,0,0,0,1,0,0,0,1,2
realized distribution,0,0,0,0,0,0,0,0,1,0,1,0,0,0,0,0,0,0,0,0,2
equilibrium assumption,0,0,0,0,0,0,1,0,0,0,0,0,0,0,1,0,0,0,0,0,2
gradient forest,0,0,0,0,0,0,0,0,0,0,0,0,0,0,0,0,0,1,0,1,2
globe,0,0,0,0,0,0,0,0,0,0,1,0,0,0,1,0,0,0,0,0,2
evaluation metric,0,0,0,0,0,0,0,0,0,0,0,0,0,1,0,0,0,0,0,1,2
ramas,0,0,0,0,0,1,0,0,0,1,0,0,0,0,0,0,0,0,0,0,2
evolutionary history,0,0,0,0,0,0,0,0,0,0,1,0,0,1,0,0,0,0,0,0,2
gico,0,0,0,0,0,0,0,0,0,0,0,0,0,0,0,0,0,0,1,1,2
quality evaluation,0,0,0,0,0,0,0,0,0,0,0,0,0,0,0,0,0,0,1,1,2
quantile regression,0,0,0,0,0,0,1,0,0,0,0,0,0,0,0,0,0,0,1,0,2
fagaceae,0,0,0,0,0,0,1,0,0,0,0,0,0,0,0,1,0,0,0,0,2
pollination services,0,0,0,0,0,0,0,0,1,0,0,0,0,0,0,0,0,0,0,1,2
glacial cycles,0,0,0,0,0,0,1,0,0,0,0,0,0,0,0,0,0,1,0,0,2
glaciations,0,0,0,0,0,0,0,1,0,0,0,0,0,0,0,0,0,0,0,1,2
extreme climate events,0,0,0,0,0,0,0,0,0,0,0,0,0,1,0,1,0,0,0,0,2
quercus suber,0,0,0,0,0,0,0,1,0,0,0,0,1,0,0,0,0,0,0,0,2
extinction debt,0,0,0,0,0,0,0,0,0,0,0,0,0,0,0,1,1,0,0,0,2
external evaluation,0,0,0,0,0,0,0,0,0,0,0,0,0,0,1,1,0,0,0,0,2
r language,0,0,0,0,0,0,0,0,0,0,0,0,0,0,0,0,0,0,1,1,2
raccoon,0,0,0,0,0,0,0,0,0,0,1,0,0,0,0,0,0,0,1,0,2
polar,0,0,0,0,0,0,0,0,0,0,0,0,0,0,0,1,0,0,1,0,2
exposure,0,0,0,0,0,0,0,0,0,1,0,0,0,0,0,0,1,0,0,0,2
explanatory variable,0,0,0,0,0,0,0,0,0,0,0,0,1,0,0,0,1,0,0,0,2
expert map,0,0,0,0,0,0,0,0,0,0,1,0,0,0,0,0,0,0,1,0,2
radseq,0,0,0,0,0,0,0,0,0,0,0,0,0,0,0,1,0,0,0,1,2
exotic plant species,0,0,0,0,0,1,0,0,0,0,0,0,0,0,1,0,0,0,0,0,2
exotic pests,0,0,0,0,0,0,0,0,0,0,0,0,0,0,1,0,0,1,0,0,2
exdet,0,0,0,0,0,0,0,0,1,0,0,0,0,0,0,0,0,1,0,0,2
rainfall gradient,0,0,0,0,0,0,0,0,0,0,0,0,0,1,0,0,0,0,1,0,2
rallidae,0,0,0,0,0,0,0,0,0,0,0,0,0,0,0,1,0,0,0,1,2
plant-climate interactions,0,0,0,0,0,0,0,0,0,0,1,0,0,0,0,0,0,0,1,0,2
epipactis,0,0,0,0,0,0,0,0,0,0,0,0,0,0,1,0,0,0,1,0,2
epidemics,0,0,0,0,0,0,0,0,1,0,0,0,0,0,0,0,0,0,1,0,2
environment suitability,0,0,0,0,0,0,0,0,0,0,0,0,0,0,0,0,0,0,0,2,2
great plains,0,0,0,0,0,1,0,0,0,0,0,0,0,0,0,0,0,0,1,0,2
plant distribution,0,0,0,0,0,0,0,0,0,1,0,0,0,0,0,0,1,0,0,0,2
green bugs,0,0,0,0,0,0,0,0,0,0,0,1,0,1,0,0,0,0,0,0,2
regression kriging,0,0,0,0,0,0,0,0,0,1,0,0,0,0,0,0,1,0,0,0,2
greenhouse gas emissions,0,0,0,0,0,0,0,0,0,0,0,0,0,0,0,1,0,0,1,0,2
plant community,0,0,0,0,0,0,0,0,0,0,0,0,0,0,0,1,1,0,0,0,2
english channel,0,0,0,0,0,0,1,0,0,0,0,0,0,0,0,0,1,0,0,0,2
energy development,0,0,0,0,0,1,0,0,0,0,1,0,0,0,0,0,0,0,0,0,2
grinnellian niche,0,0,0,0,0,0,0,0,0,0,1,0,0,0,0,0,1,0,0,0,2
groundwater,0,0,0,0,0,0,0,0,0,0,0,1,0,0,0,0,0,1,0,0,2
relict populations,0,0,0,0,0,0,1,0,0,0,0,0,1,0,0,0,0,0,0,0,2
planeaci&#243,0,0,0,0,0,0,0,0,0,0,0,0,0,0,0,2,0,0,0,0,2
remote sensing data,0,0,0,0,0,0,0,0,0,0,0,0,0,0,0,0,0,1,0,1,2
grus americana,0,0,0,0,0,0,0,1,0,1,0,0,0,0,0,0,0,0,0,0,2
endangered tree,0,0,0,0,0,0,0,0,1,0,0,0,0,0,0,0,0,0,1,0,2
endangered species management,0,0,0,0,0,1,0,0,0,0,0,0,0,0,0,0,1,0,0,0,2
representative concentration pathways,0,0,0,0,0,0,0,0,0,0,0,0,0,0,0,0,1,0,0,1,2
endangered raptors,0,0,0,0,0,0,0,0,0,0,0,0,0,0,1,0,1,0,0,0,2
reproducibility,0,0,0,0,0,0,0,0,0,0,0,0,1,0,0,0,0,1,0,0,2
reproducible research,0,0,0,0,0,0,0,0,0,0,0,0,0,1,0,0,0,0,1,0,2
reproduction,0,0,0,1,0,0,0,0,0,0,0,0,0,0,0,1,0,0,0,0,2
reproductive success,0,0,0,0,0,0,0,0,0,0,0,0,0,0,0,0,1,0,1,0,2
reptilia,0,0,0,0,0,0,0,0,0,1,0,0,0,0,1,0,0,0,0,0,2
environment requirement,0,0,0,0,0,0,0,0,0,1,0,1,0,0,0,0,0,0,0,0,2
great lakes,0,0,0,0,0,0,0,0,0,0,0,1,0,0,0,0,0,1,0,0,2
red list assessments,0,0,0,0,0,0,0,0,1,0,0,0,0,0,0,0,0,0,0,1,2
refuge,0,0,0,0,0,0,0,0,0,0,0,0,0,0,2,0,0,0,0,0,2
grassland birds,0,0,0,0,0,0,0,1,0,0,0,0,1,0,0,0,0,0,0,0,2
plant species distribution,0,0,0,0,0,0,0,0,1,0,0,0,0,0,0,0,0,1,0,0,2
plant richness,0,0,0,0,0,0,0,0,0,0,0,1,0,0,0,0,0,0,0,1,2
ephedra,0,0,0,0,0,0,0,0,0,0,1,0,0,0,0,0,0,1,0,0,2
red swamp crayfish,0,0,0,0,0,0,0,0,0,0,0,0,0,0,0,1,0,0,0,1,2
great australian bight,0,0,0,0,0,0,0,0,0,0,0,0,1,0,0,0,0,0,0,1,2
environmental stratification,0,0,0,0,0,0,0,0,0,0,0,0,0,0,0,2,0,0,0,0,2
environmental science,0,0,0,0,0,0,0,0,0,0,1,0,0,0,1,0,0,0,0,0,2
red-crowned crane,0,0,0,0,0,0,0,0,0,0,0,0,1,1,0,0,0,0,0,0,2
environmental management,0,0,0,0,0,0,0,0,0,0,0,0,0,0,1,0,0,0,1,0,2
environmental limits,0,0,0,0,0,0,1,0,0,0,0,0,0,0,1,0,0,0,0,0,2
redstart birds,0,0,0,0,0,0,0,0,0,0,0,0,0,0,0,0,0,0,0,2,2
redundancy analysis,0,0,0,0,0,0,0,0,0,0,0,0,0,0,0,0,1,0,1,0,2
great bustard (otis tarda dybowskii),0,0,0,0,0,0,0,0,0,0,1,1,0,0,0,0,0,0,0,0,2
environmental impact assessment,0,0,0,0,0,0,0,0,0,0,0,0,0,0,0,0,1,1,0,0,2
environmental impact,0,0,0,0,0,0,0,0,0,1,0,0,0,1,0,0,0,0,0,0,2
environmental gradients,0,0,0,0,0,0,0,0,0,0,0,0,0,0,0,0,1,0,0,1,2
environmental filter,0,0,0,0,0,0,0,0,0,0,0,0,0,1,1,0,0,0,0,0,2
plant genetic resources,0,0,0,0,0,0,0,0,0,1,1,0,0,0,0,0,0,0,0,0,2
reference condition,0,0,0,0,0,0,1,0,0,0,0,0,0,0,0,0,0,0,0,1,2
environmental data,0,0,0,0,0,0,0,0,0,0,0,0,1,0,0,0,0,0,0,1,2
environmental correlates,0,0,0,0,0,0,0,0,0,0,0,0,0,0,1,1,0,0,0,0,2
plant functional type,0,0,0,0,0,0,0,0,0,0,0,1,0,0,1,0,0,0,0,0,2
gibbon,0,0,0,0,0,0,0,0,0,0,0,0,0,0,1,0,0,1,0,0,2
giant panda national park,0,0,0,0,0,0,0,0,0,0,0,0,0,0,0,0,1,0,0,1,2
farmland,0,0,0,0,0,0,0,1,0,0,0,0,0,0,0,0,0,0,0,1,2
presence-only,0,0,0,0,0,0,0,0,0,0,0,0,0,0,1,0,0,1,0,0,2
garcinia indica,0,0,0,0,0,0,0,0,0,0,0,0,1,0,1,0,0,0,0,0,2
gastropod,0,0,0,0,0,0,0,0,0,0,0,0,0,0,0,0,1,0,0,1,2
gaussian process,0,0,0,0,0,0,0,0,0,0,1,0,0,0,1,0,0,0,0,0,2
forest structure,0,0,0,0,0,0,1,0,0,0,0,0,0,0,0,0,0,0,0,1,2
primate conservation,0,0,0,0,0,0,0,0,0,0,1,0,0,0,0,1,0,0,0,0,2
forest plant species,0,0,0,0,0,0,0,0,0,0,1,0,0,0,0,0,0,1,0,0,2
gcms,0,0,0,0,0,0,0,0,0,0,0,0,0,1,0,0,0,0,1,0,2
forest pest management,0,0,0,0,0,0,0,0,0,0,0,0,0,0,0,0,0,0,0,2,2
potential planting area,0,0,0,0,0,0,0,0,0,0,0,0,0,0,0,0,0,1,1,0,2
forest loss,0,0,0,0,0,0,0,1,0,0,0,1,0,0,0,0,0,0,0,0,2
forest inventory,0,0,0,0,0,0,0,0,0,1,0,1,0,0,0,0,0,0,0,0,2
potential habitat suitability,0,0,0,0,0,0,0,0,0,0,0,0,0,0,0,0,0,1,0,1,2
priority areas,0,0,0,0,0,0,0,0,0,0,0,0,1,0,1,0,0,0,0,0,2
forest health monitoring,0,0,0,0,0,0,0,0,0,0,0,0,0,0,0,0,0,0,0,2,2
priority planting area,0,0,0,0,0,0,0,0,0,0,0,0,0,0,0,1,0,0,1,0,2
priority protected area,0,0,0,0,0,0,0,0,0,1,0,0,0,0,0,0,1,0,0,0,2
private land conservation,0,0,0,0,0,0,0,0,0,0,0,0,1,0,0,0,0,0,1,0,2
gene-environment interaction,0,0,0,0,0,0,0,0,0,0,0,0,0,0,0,0,0,1,1,0,2
forecasting,0,0,0,0,0,0,0,0,0,0,0,1,0,0,0,0,0,1,0,0,2
foraging range,0,0,0,0,0,0,0,0,0,0,0,1,0,0,0,0,1,0,0,0,2
procyon lotor,0,0,0,0,0,0,0,0,0,1,0,0,1,0,0,0,0,0,0,0,2
procyonidae,0,0,0,0,0,0,0,0,0,0,0,0,1,0,1,0,0,0,0,0,2
foraging,0,0,0,0,0,0,0,1,0,0,0,0,0,0,0,0,0,1,0,0,2
fossil,0,0,0,0,0,0,0,0,0,0,0,0,1,0,0,0,1,0,0,0,2
presence-background model,0,0,0,0,0,0,0,0,0,0,0,0,0,1,0,0,0,0,0,1,2
generalized boosted model,0,0,0,0,0,0,1,0,0,0,0,0,0,0,1,0,0,0,0,0,2
potentialgeographicshifts,0,0,0,0,0,0,0,0,0,0,0,0,0,0,0,0,1,0,0,1,2
future climate change,0,0,0,0,0,0,0,0,0,0,0,0,0,1,0,0,0,0,0,1,2
future climate,0,0,0,0,0,0,0,0,0,0,2,0,0,0,0,0,0,0,0,0,2
future,0,0,0,0,0,0,0,0,0,0,0,0,0,0,0,0,1,0,1,0,2
predator-prey interaction,0,0,0,0,0,0,1,0,0,0,0,0,0,0,0,1,0,0,0,0,2
fusarium spp,0,0,0,0,0,0,0,0,0,0,0,0,0,0,0,0,0,1,0,1,2
funiculina quadrangularis,0,0,0,0,0,0,0,0,0,1,0,0,0,0,0,1,0,0,0,0,2
precipitation seasonality,0,0,0,0,0,0,1,0,0,0,0,0,0,0,0,0,0,0,0,1,2
fungal biogeography,0,0,0,0,0,0,0,0,0,0,0,0,0,2,0,0,0,0,0,0,2
functional habitat,0,0,0,0,0,0,0,0,0,0,0,0,1,0,0,0,0,0,0,1,2
functional diversity,0,0,0,0,0,0,0,0,0,0,0,0,1,0,0,0,0,0,1,0,2
fuzzy logic,0,0,0,1,0,0,0,0,0,0,0,0,0,0,0,0,0,0,1,0,2
predictive biogeography,0,0,0,0,0,0,0,0,1,0,0,0,0,0,0,0,0,0,0,1,2
predictive habitat mapping,0,0,0,0,0,0,0,0,0,0,0,1,1,0,0,0,0,0,0,0,2
fruit fly,0,0,0,0,0,0,0,0,0,0,0,0,0,0,1,1,0,0,0,0,2
predictive maps,0,0,0,0,1,1,0,0,0,0,0,0,0,0,0,0,0,0,0,0,2
frogs,0,0,0,0,0,0,0,0,0,1,0,1,0,0,0,0,0,0,0,0,2
predictor layers,0,0,0,0,0,0,0,0,0,0,0,0,0,0,0,0,0,2,0,0,2
predictor selection,0,0,0,0,0,0,0,0,0,0,0,0,0,1,0,1,0,0,0,0,2
preparedness,0,0,0,0,0,0,0,0,0,0,0,0,0,0,0,0,0,1,1,0,2
freshwater biodiversity,0,0,0,0,0,0,0,0,0,0,0,1,0,0,1,0,0,0,0,0,2
presence point,0,0,0,0,0,0,0,0,0,0,0,0,0,1,0,0,1,0,0,0,2
gamma diversity,0,0,0,0,0,0,0,0,0,1,0,1,0,0,0,0,0,0,0,0,2
fragstat,0,0,0,0,0,1,0,0,0,0,0,0,0,0,0,0,0,0,0,1,2
potential area,0,0,0,0,0,0,0,0,0,0,0,0,0,0,0,1,0,0,1,0,2
food availability,0,0,0,0,0,0,1,0,0,0,0,0,0,0,0,0,0,0,0,1,2
fasciola hepatica,0,0,0,0,0,1,1,0,0,0,0,0,0,0,0,0,0,0,0,0,2
geographic suitability,0,0,0,0,0,0,0,0,0,0,0,0,0,0,0,0,1,0,1,0,2
psyllid,0,0,0,0,0,0,0,1,0,0,0,0,0,0,0,0,1,0,0,0,2
geographical bias,0,0,0,0,1,0,0,0,0,0,0,0,0,0,0,0,0,1,0,0,2
population monitoring,0,0,0,0,0,0,0,0,0,0,0,0,0,0,0,0,1,1,0,0,2
population mapping,0,0,0,0,0,1,0,0,0,0,0,0,0,0,0,0,1,0,0,0,2
field validation,0,0,0,0,0,0,0,0,0,0,0,0,0,0,1,0,0,0,1,0,2
field survey,0,0,0,0,0,0,0,0,0,0,0,0,0,0,1,0,0,0,1,0,2
geographically weighted regression,0,0,0,0,0,0,0,0,0,0,0,0,0,0,0,2,0,0,0,0,2
fica,0,0,0,0,0,0,0,0,0,0,0,0,0,0,0,0,0,0,1,1,2
geology,0,0,0,0,0,0,0,1,0,0,0,0,0,0,1,0,0,0,0,0,2
population estimate,0,0,0,0,0,0,0,0,0,0,0,0,0,0,0,2,0,0,0,0,2
punjab urial,0,0,0,0,0,0,0,0,0,0,0,0,0,0,1,0,0,0,0,1,2
geospatial data,0,0,0,0,0,0,0,0,0,0,0,0,0,0,0,1,0,0,1,0,2
feline,0,0,0,0,0,0,0,0,0,0,0,0,0,0,0,0,0,0,0,2,2
population assessment,0,0,0,0,0,0,0,0,0,0,0,0,0,0,0,0,1,0,0,1,2
feeding behavior,0,0,0,0,0,0,0,0,0,0,0,0,0,0,0,0,0,0,1,1,2
fecundity,0,0,0,0,0,0,0,0,1,0,0,0,0,0,0,1,0,0,0,0,2
population,0,0,0,0,0,0,0,0,0,0,0,0,0,0,0,0,2,0,0,0,2
geostatistics,0,0,0,0,0,1,0,0,0,0,0,0,0,1,0,0,0,0,0,0,2
germplasm,0,0,0,0,0,0,0,0,0,0,0,0,0,0,0,0,1,0,1,0,2
germplasm conservation,0,0,0,0,0,0,0,0,0,0,0,0,0,0,0,0,0,0,0,2,2
pomacea canaliculata,0,0,0,0,0,0,0,0,0,0,0,0,0,0,0,0,1,0,0,1,2
ghana,0,0,0,0,0,0,0,0,0,0,0,0,0,0,0,0,1,0,0,1,2
fascioliasis,0,0,0,0,0,0,0,0,1,0,0,0,0,1,0,0,0,0,0,0,2
geographic variation,0,0,0,0,0,0,0,0,0,0,0,0,1,0,0,0,0,0,0,1,2
fire ecology,0,0,0,0,0,0,0,0,0,0,0,0,0,0,0,0,1,1,0,0,2
florida,0,0,0,0,0,0,0,0,0,0,1,0,0,0,0,1,0,0,0,0,2
geographic space,0,0,0,0,0,1,0,0,0,0,0,0,0,0,0,1,0,0,0,0,2
protected area design,0,0,0,0,0,0,0,0,1,0,0,0,0,0,0,0,1,0,0,0,2
flora,0,0,0,0,0,0,0,0,0,0,0,0,0,1,0,0,0,1,0,0,2
flinders ranges,0,0,0,0,0,0,0,1,0,0,0,0,0,0,0,0,0,0,0,1,2
flickr,0,0,0,0,0,0,0,0,0,0,0,0,0,1,0,1,0,0,0,0,2
protective effectiveness,0,0,0,0,0,0,0,0,0,0,0,0,0,0,1,0,1,0,0,0,2
flea beetle,0,0,0,0,0,0,0,0,0,0,0,0,0,0,0,0,1,0,0,1,2
flavivirus,0,0,0,0,0,0,0,0,1,0,1,0,0,0,0,0,0,0,0,0,2
protists,0,0,0,0,0,0,1,0,0,0,0,0,0,0,0,1,0,0,0,0,2
flagship,0,0,0,0,0,0,0,0,0,1,0,0,0,0,0,0,1,0,0,0,2
fitness,0,0,0,1,0,0,0,0,0,0,0,0,0,0,1,0,0,0,0,0,2
genetic variation,0,0,0,0,0,0,0,0,0,0,0,0,0,0,0,1,0,0,1,0,2
genetta genetta,0,0,0,0,0,0,0,0,0,1,1,0,0,0,0,0,0,0,0,0,2
populus euphratica,0,0,0,0,0,0,0,0,0,0,0,0,1,0,0,0,0,1,0,0,2
gentiana lutea,0,0,0,0,0,0,0,0,0,1,0,0,1,0,0,0,0,0,0,0,2
gentianaceae,0,0,0,0,0,0,0,0,0,0,2,0,0,0,0,0,0,0,0,0,2
fisher,0,0,0,0,0,0,0,0,0,0,0,0,0,0,0,0,0,0,1,1,2
population viability analysis,0,0,0,0,0,1,0,0,0,1,0,0,0,0,0,0,0,0,0,0,2
pseudo-absence data,0,0,0,2,0,0,0,0,0,0,0,0,0,0,0,0,0,0,0,0,2
pseudo-absence points,0,0,0,0,0,0,0,0,0,0,0,0,0,0,0,1,0,1,0,0,2
population status,0,0,0,0,0,0,0,0,0,0,0,2,0,0,0,0,0,0,0,0,2
population risk,0,0,0,0,0,0,0,0,0,0,0,0,0,0,0,0,2,0,0,0,2
geographic isolation,0,0,0,0,0,0,0,0,0,0,0,0,0,0,0,0,0,0,0,2,2
geographic one-class data,0,0,0,0,0,1,0,1,0,0,0,0,0,0,0,0,0,0,0,0,2
pistacia atlantica,0,0,0,0,0,0,0,0,0,0,0,0,1,0,0,0,1,0,0,0,2
piroplasms,0,0,0,0,1,0,0,0,0,0,0,0,0,0,1,0,0,0,0,0,2
sentinel-2,0,0,0,0,0,0,0,0,0,0,0,0,0,1,0,0,0,1,0,0,2
dinoflagellate,0,0,0,0,0,0,0,0,0,0,0,0,0,0,0,2,0,0,0,0,2
disease modeling,0,0,0,0,0,0,1,0,0,0,0,0,0,1,0,0,0,0,0,0,2
disease mapping,0,0,0,0,0,0,1,0,0,0,0,0,1,0,0,0,0,0,0,0,2
persea americana,0,0,0,0,0,0,0,0,0,0,0,1,0,0,0,1,0,0,0,0,2
discrimination power,0,0,0,0,0,0,0,0,0,0,2,0,0,0,0,0,0,0,0,0,2
discriminant analysis,0,0,0,1,0,1,0,0,0,0,0,0,0,0,0,0,0,0,0,0,2
saproxylic beetles,0,0,0,0,0,0,0,1,0,0,0,0,0,0,0,0,0,0,0,1,2
saraca asoca,0,0,0,0,0,0,0,0,0,0,0,0,0,0,0,0,0,1,1,0,2
dipterocarpaceae,0,0,0,0,0,0,1,0,0,0,0,0,0,0,0,0,0,0,1,0,2
diptera,0,0,0,0,0,0,0,0,1,0,0,0,0,0,0,0,0,0,0,1,2
satellite imagery,0,0,0,0,0,0,0,0,0,0,0,0,0,0,1,0,0,0,0,1,2
performance,0,0,0,0,0,0,1,0,0,0,0,0,0,1,0,0,0,0,0,0,2
high resolution,0,0,0,0,0,0,0,0,0,0,0,0,0,0,1,0,1,0,0,0,2
reserve selection,0,0,0,0,0,0,0,0,1,0,0,0,0,0,0,1,0,0,0,0,2
high spatialresolution,0,0,0,0,0,0,0,0,0,0,1,0,0,0,0,1,0,0,0,0,2
digital soil mapping,0,0,0,0,0,0,0,0,0,0,0,0,0,1,1,0,0,0,0,0,2
perccottus glenii,0,0,0,0,0,1,0,0,0,0,0,0,0,0,0,0,0,1,0,0,2
high-resolution imagery,0,0,0,0,0,0,0,0,0,1,0,0,0,0,0,0,0,0,0,1,2
pentatomidae,0,0,0,0,0,0,0,0,0,0,0,1,0,1,0,0,0,0,0,0,2
dieback,0,0,0,0,0,0,0,0,0,0,0,0,0,1,0,0,0,1,0,0,2
highland,0,0,0,0,0,0,0,0,0,0,0,1,0,0,0,0,0,1,0,0,2
scale selection,0,0,0,0,0,0,0,1,0,0,0,0,0,0,1,0,0,0,0,0,2
diatom,0,0,0,0,0,0,0,0,1,0,1,0,0,0,0,0,0,0,0,0,2
scanning electron microscope,0,0,0,0,0,0,0,0,0,0,1,0,0,0,0,0,0,0,0,1,2
diaphorina citri,0,0,0,0,0,0,0,0,0,0,1,0,0,0,0,0,0,0,1,0,2
sandflies,0,0,0,0,0,0,0,0,0,0,0,0,0,1,0,0,0,0,0,1,2
disease transmission,0,0,0,0,0,0,0,0,0,0,0,0,0,0,0,0,1,0,0,1,2
disjunction,0,0,0,0,0,1,0,0,0,0,0,1,0,0,0,0,0,0,0,0,2
hfrs,0,0,0,0,0,0,0,0,0,0,0,0,0,0,0,0,1,0,1,0,2
pet trade,0,0,0,1,0,0,0,0,1,0,0,0,0,0,0,0,0,0,0,0,2
salamandra salamandra,0,0,0,0,0,0,0,0,0,0,1,0,0,0,0,0,0,1,0,0,2
salamandridae,0,0,0,0,0,1,0,0,0,1,0,0,0,0,0,0,0,0,0,0,2
pest risk mapping,0,0,0,0,0,0,0,0,0,0,0,0,0,0,1,0,0,0,0,1,2
herbaceous plants,0,0,0,0,0,0,0,0,0,0,0,0,0,0,0,0,1,1,0,0,2
disturbance ecology,0,0,0,0,0,0,0,0,0,0,1,0,0,0,0,0,1,0,0,0,2
salt marsh,0,0,0,0,0,0,0,0,0,0,0,0,0,1,0,0,0,0,0,1,2
distribution range shift,0,0,0,0,0,0,0,0,0,0,0,0,1,0,0,1,0,0,0,0,2
pest control,0,0,0,0,0,0,0,0,1,0,0,0,0,0,0,0,1,0,0,0,2
sample bias,0,0,0,0,0,0,0,0,0,0,0,1,0,0,0,0,1,0,0,0,2
distribution forecasting,0,0,0,0,0,0,0,0,0,0,0,0,0,0,0,0,0,0,0,2,2
distribution expansion,0,0,0,0,0,0,0,0,0,0,0,0,0,0,0,1,0,1,0,0,2
sample ratio,0,0,0,0,0,0,0,0,0,0,0,0,0,0,0,0,0,1,0,1,2
sample selection bias,0,0,0,1,0,0,0,0,0,0,0,0,0,0,0,0,0,0,1,0,2
distribution area,0,0,0,0,0,0,0,0,0,0,0,0,0,0,0,0,2,0,0,0,2
sampled red list index (srli),0,0,0,0,0,0,0,0,1,0,0,0,1,0,0,0,0,0,0,0,2
distance sampling,0,0,0,0,0,0,0,0,0,0,0,0,0,0,1,0,1,0,0,0,2
heteroptera,0,0,0,0,0,0,0,0,0,1,0,0,0,0,0,0,1,0,0,0,2
sampling design,0,0,0,0,0,0,1,1,0,0,0,0,0,0,0,0,0,0,0,0,2
dispersal risk,0,0,0,0,0,0,0,0,0,0,0,0,0,0,0,0,2,0,0,0,2
dispersal corridor,0,0,0,0,0,0,0,1,0,0,1,0,0,0,0,0,0,0,0,0,2
dispersal barrier,0,0,0,0,0,0,0,0,0,0,0,0,2,0,0,0,0,0,0,0,2
dispersal ability,0,0,0,0,0,0,0,0,0,0,0,0,0,0,0,0,0,0,2,0,2
pelagos sanctuary,0,0,0,0,0,0,0,0,0,0,0,0,0,0,0,1,0,1,0,0,2
scenario analysis,0,0,0,0,0,0,0,1,1,0,0,0,0,0,0,0,0,0,0,0,2
himalaya-hengduan mountains,0,0,0,0,0,0,0,0,0,0,1,0,0,0,0,1,0,0,0,0,2
seascape ecology,0,0,0,0,0,0,0,0,0,0,0,0,0,0,0,1,0,1,0,0,2
seasonal distribution,0,0,0,0,0,0,0,0,0,0,0,1,0,0,0,0,0,0,0,1,2
seasonal migration,0,0,0,0,0,0,1,0,0,0,0,0,0,0,1,0,0,0,0,0,2
partial dependence function,0,0,0,0,0,0,0,0,0,0,1,0,0,0,1,0,0,0,0,0,2
seasonal pattern,0,0,0,0,0,0,0,0,0,0,0,0,0,0,0,0,0,1,0,1,2
parthenogenesis,0,0,0,0,0,0,0,0,0,0,0,0,0,0,1,0,0,0,0,1,2
data quality,0,0,0,0,0,0,0,0,0,0,0,0,1,0,0,0,0,1,0,0,2
parrots,0,0,0,0,0,0,0,0,1,0,0,0,0,0,0,0,0,1,0,0,2
data integration,0,0,0,0,0,0,0,0,0,0,0,0,0,0,0,0,0,1,1,0,2
host-plant,0,0,0,0,0,0,0,0,0,0,0,0,0,0,1,0,1,0,0,0,2
data filtering,0,0,0,0,0,0,0,0,0,0,0,0,0,0,0,1,1,0,0,0,2
data deficient,0,0,0,0,0,0,0,0,0,0,0,0,0,0,0,0,0,0,1,1,2
dasypus kappleri,0,0,0,0,0,0,0,0,0,0,0,2,0,0,0,0,0,0,0,0,2
dasypus bellus,0,0,0,0,0,0,0,0,0,0,0,2,0,0,0,0,0,0,0,0,2
paris agreement,0,0,0,0,0,0,0,0,0,0,0,0,0,0,0,1,0,0,1,0,2
hsm,0,0,0,0,0,0,0,0,0,0,1,0,0,0,0,0,0,1,0,0,2
seed plants,0,0,0,0,0,0,0,0,0,0,0,0,0,0,0,0,0,1,1,0,2
human,0,0,0,0,0,0,0,0,0,0,0,0,0,1,0,0,1,0,0,0,2
damselfly,0,0,0,0,0,0,0,0,0,1,0,0,0,0,0,1,0,0,0,0,2
cytospora chrysosperma,0,0,0,0,0,0,0,0,0,0,0,0,0,0,0,0,0,0,1,1,2
human population,0,0,0,0,0,0,0,0,0,0,0,0,0,0,0,0,1,0,0,1,2
parasitic plant,0,0,0,0,0,0,0,0,0,0,0,0,0,0,0,0,0,0,1,1,2
human-elephant conflict,0,0,0,0,0,0,0,0,0,0,0,0,0,0,1,0,0,0,0,1,2
paramo,0,0,0,0,0,0,0,0,0,0,0,0,0,0,0,0,0,1,1,0,2
participatory mapping,0,0,0,0,0,0,0,0,0,0,1,0,0,0,1,0,0,0,0,0,2
horse,0,0,0,0,0,0,0,0,1,0,0,1,0,0,0,0,0,0,0,0,2
himalayan ecosystem,0,0,0,0,0,0,0,0,0,0,0,0,0,0,0,0,1,0,0,1,2
hormogastridae,0,0,0,0,0,0,0,0,0,1,1,0,0,0,0,0,0,0,0,0,2
detectability,0,0,0,0,0,0,0,0,1,0,0,1,0,0,0,0,0,0,0,0,2
pedinini,0,0,0,0,0,0,1,1,0,0,0,0,0,0,0,0,0,0,0,0,2
hindcasting,0,0,0,0,0,0,0,0,0,0,0,2,0,0,0,0,0,0,0,0,2
dermacentor variabilis,0,0,0,0,0,0,0,0,0,0,1,0,0,0,0,0,0,1,0,0,2
dermacentor marginatus,0,0,0,0,0,0,0,0,0,0,0,0,0,0,1,0,1,0,0,0,2
dermacentor,0,0,0,0,0,0,0,0,0,0,0,0,0,0,0,0,1,1,0,0,2
pca,0,0,0,0,0,0,0,0,0,0,0,0,0,0,1,0,0,0,0,1,2
density estimation,0,1,0,0,0,0,0,0,0,0,0,0,0,0,0,1,0,0,0,0,2
dendroctonus mexicanus,0,0,0,0,0,0,0,0,0,0,0,0,0,0,1,1,0,0,0,0,2
historical ecology,0,0,0,0,0,0,1,0,0,0,0,0,0,0,0,0,0,1,0,0,2
dem,0,0,0,0,0,0,0,0,0,0,0,0,2,0,0,0,0,0,0,0,2
degree-day model,0,0,0,0,0,0,0,0,0,0,0,0,0,0,0,0,0,0,0,2,2
sdmtoolbox,0,0,0,0,0,0,0,0,0,0,0,0,1,0,0,0,0,1,0,0,2
hmsc,0,0,0,0,0,0,0,0,0,0,0,0,0,1,1,0,0,0,0,0,2
deep-sea ecosystems,0,0,0,0,0,0,0,0,0,0,0,0,0,0,0,0,0,0,1,1,2
sea urchin,0,0,0,0,0,0,0,0,0,1,0,1,0,0,0,0,0,0,0,0,2
deductive modeling,0,0,0,0,0,0,0,0,0,2,0,0,0,0,0,0,0,0,0,0,2
sea-ice,0,0,0,0,0,0,0,0,0,0,0,0,0,0,0,1,1,0,0,0,2
seafloor,0,0,0,0,0,0,0,0,0,0,0,0,0,0,0,0,0,0,2,0,2
honeybee pests,0,0,0,0,0,0,0,0,0,0,0,1,0,0,0,0,1,0,0,0,2
hookworms,0,0,0,0,0,0,0,0,0,0,0,0,1,0,0,0,1,0,0,0,2
passerine,0,0,0,0,0,0,1,0,0,0,0,1,0,0,0,0,0,0,0,0,2
search and rescue,0,0,0,0,0,0,0,1,1,0,0,0,0,0,0,0,0,0,0,0,2
saint catherine protectorate,0,0,0,0,0,0,0,0,0,0,0,0,0,0,0,0,0,0,0,2,2
dna sequence,0,0,1,0,0,0,0,0,0,0,0,1,0,0,0,0,0,0,0,0,2
ph,0,0,0,0,0,0,0,0,0,0,0,0,0,0,1,1,0,0,0,0,2
eddmaps,0,0,0,0,0,0,0,0,0,0,0,0,0,0,1,0,0,0,1,0,2
ecuadorian flora,0,0,0,0,0,0,0,0,0,0,0,0,1,0,0,0,0,0,0,1,2
pine,0,0,0,0,0,0,0,0,0,0,0,1,0,0,0,0,0,1,0,0,2
rhinolophus hipposideros,0,0,0,0,0,0,0,0,0,0,0,0,1,0,1,0,0,0,0,0,2
ecosystem-based management,0,0,0,0,0,0,0,0,0,0,0,0,0,1,0,0,0,0,1,0,2
ecosystem-based fisheries management,0,0,0,0,0,0,0,0,0,0,1,0,0,0,0,0,1,0,0,0,2
pilbara,0,0,0,0,0,0,0,0,0,0,0,1,0,0,0,1,0,0,0,0,2
rhinopoma muscatellum,0,0,0,0,0,0,0,0,0,0,0,0,0,0,1,1,0,0,0,0,2
ecosystem rooting depth,0,0,0,0,0,0,0,0,0,0,0,0,0,0,0,0,0,2,0,0,2
rhipicephalus sanguineus,0,0,0,0,0,0,0,0,0,0,0,0,0,0,0,0,0,1,1,0,2
rhododendron,0,0,0,0,0,0,0,0,0,0,0,1,0,0,0,1,0,0,0,0,2
rhododendron arboreum,0,0,0,0,0,0,0,0,0,0,0,0,0,0,0,1,1,0,0,0,2
habitat heterogeneity index,0,0,0,0,0,0,0,0,0,0,0,0,0,0,0,0,0,2,0,0,2
rhombomys opimus,0,0,0,0,0,0,0,0,0,0,0,0,1,1,0,0,0,0,0,0,2
ecological trap,0,0,0,0,0,0,0,0,0,0,1,0,0,1,0,0,0,0,0,0,2
rhynchophorus ferrugineus,0,0,0,0,0,0,1,0,0,0,0,0,0,0,0,0,0,0,0,1,2
rice bacterial blight,0,0,0,0,0,0,0,0,0,0,0,0,0,0,0,0,0,0,1,1,2
habitat management,0,0,0,0,0,0,0,0,0,0,1,0,0,0,0,0,1,0,0,0,2
rice pest,0,0,0,0,0,0,0,0,0,1,0,0,0,0,0,0,1,0,0,0,2
habitat monitoring,0,0,0,0,0,0,0,0,0,0,0,0,0,0,0,1,1,0,0,0,2
habitat mosaic,0,0,0,0,0,0,0,1,0,0,0,0,1,0,0,0,0,0,0,0,2
ecological relevance,0,0,0,0,0,0,0,0,0,0,0,0,1,0,0,0,0,0,0,1,2
ecological protection,0,0,0,0,0,0,0,0,0,0,0,0,0,0,0,1,0,0,1,0,2
rickettsia montanensis,0,0,0,0,0,0,0,0,0,0,1,0,0,0,0,0,0,1,0,0,2
rhabdomys,0,0,0,0,0,0,2,0,0,0,0,0,0,0,0,0,0,0,0,0,2
edge,0,0,0,0,0,0,0,0,0,0,0,0,0,1,0,0,1,0,0,0,2
habitat patch,0,0,0,0,0,1,0,0,0,0,0,0,0,1,0,0,0,0,0,0,2
habitat associations,0,0,0,0,0,0,0,1,0,0,0,0,0,0,0,0,0,0,1,0,2
piper nigrum,0,0,0,0,0,0,1,0,0,0,1,0,0,0,0,0,0,0,0,0,2
emission scenario,0,0,0,0,0,0,0,0,0,0,0,0,0,0,0,1,0,1,0,0,2
resilience,0,0,0,0,0,0,0,0,0,0,0,0,0,0,0,0,0,0,0,2,2
emigrants,0,0,0,0,0,0,0,0,2,0,0,0,0,0,0,0,0,0,0,0,2
emerging pathogen,0,0,0,0,0,0,0,0,0,0,1,0,0,0,0,0,0,0,0,1,2
pinus subsect,0,0,0,0,0,0,0,0,0,0,0,0,0,0,1,1,0,0,0,0,2
emerging disease,0,0,0,0,0,0,0,0,0,0,0,0,1,0,0,1,0,0,0,0,2
emerald ash borer,0,0,0,0,0,0,0,0,0,0,0,0,0,0,1,0,0,0,0,1,2
resource partitioning,0,0,0,0,0,0,0,0,0,0,0,0,0,0,0,0,1,0,0,1,2
elevational gradient,0,0,0,0,0,0,0,0,0,0,0,0,0,0,0,0,1,1,0,0,2
pinus massoniana,0,0,0,0,0,0,0,0,0,0,0,0,0,0,0,0,0,1,1,0,2
pinus koraiensis,0,0,0,0,0,0,0,0,0,0,1,0,0,0,0,0,0,0,1,0,2
restinga,0,0,0,0,0,0,0,0,0,0,0,0,1,0,0,0,1,0,0,0,2
eleutherococcus senticosus,0,0,0,0,0,0,0,0,0,0,1,0,0,0,0,0,0,0,1,0,2
pinus densiflora,0,0,0,0,0,0,0,0,0,0,0,0,0,0,0,0,1,1,0,0,2
restricted range species,0,0,0,0,0,0,0,0,0,0,0,0,0,0,0,1,0,0,0,1,2
pinna nobilis,0,0,0,0,0,0,0,0,0,0,0,0,0,0,1,0,1,0,0,0,2
gypsy moth,0,0,0,0,0,0,0,0,0,0,0,0,0,1,0,0,0,0,1,0,2
egg parasitoid,0,0,0,0,0,0,0,0,0,0,0,1,1,0,0,0,0,0,0,0,2
effective population size,0,0,0,0,0,0,0,0,0,0,0,0,0,0,0,0,0,1,1,0,2
effect size,0,0,0,0,0,0,0,0,0,0,0,0,0,2,0,0,0,0,0,0,2
eelgrass,0,0,0,0,0,0,0,0,0,0,0,0,0,0,0,0,0,2,0,0,2
habitat assessment,0,0,0,0,0,0,0,1,0,0,0,0,0,0,0,1,0,0,0,0,2
ecological niche theory,0,0,0,0,0,0,0,0,0,0,0,0,0,0,1,0,0,0,0,1,2
ecological interpretation,0,0,0,0,0,0,0,0,0,0,0,0,0,0,0,0,1,1,0,0,2
dolphin,0,0,0,0,0,0,0,0,0,0,0,0,0,0,0,1,0,0,0,1,2
phylogenetic signal,0,0,0,0,0,0,0,0,0,0,0,0,0,0,0,1,0,0,0,1,2
rocky mountains,0,0,0,0,0,0,0,0,0,0,0,0,0,0,0,0,0,1,0,1,2
dytiscidae,0,0,0,0,0,0,0,0,0,0,0,0,1,0,0,1,0,0,0,0,2
rocky outcrops,0,0,0,0,0,0,0,0,0,0,0,0,0,0,1,0,0,0,1,0,2
haemaphysalis longicornis,0,0,0,0,0,0,0,0,0,0,0,0,0,0,1,0,0,1,0,0,2
rodentia,0,0,0,0,0,0,0,0,0,0,0,0,0,1,0,1,0,0,0,0,2
rosaceae,0,0,0,0,0,0,0,0,0,0,0,0,0,0,0,0,0,0,1,1,2
ross sea,0,0,0,0,0,0,0,0,0,0,0,0,0,0,0,0,1,0,1,0,2
phoebe zhennan,0,0,0,0,0,0,0,0,0,0,0,0,0,0,0,0,0,0,1,1,2
rubber plantation,0,0,0,0,0,0,0,0,1,0,0,0,0,0,1,0,0,0,0,0,2
phlebotomus,0,0,0,0,0,0,1,0,0,0,0,0,0,1,0,0,0,0,0,0,2
haplotype network,0,0,0,0,0,0,0,1,0,0,0,0,0,0,0,0,0,1,0,0,2
driving factors,0,0,0,0,0,0,0,0,0,0,0,0,0,0,0,1,1,0,0,0,2
rupicolous,0,0,0,0,0,0,0,0,0,0,0,0,0,1,0,0,0,0,1,0,2
rural revitalization,0,0,0,0,0,0,0,0,0,0,0,0,0,0,0,0,0,1,0,1,2
dreissena,0,0,0,0,0,0,0,1,0,0,0,0,0,0,1,0,0,0,0,0,2
hawaii,0,0,0,0,0,0,0,0,0,0,0,0,1,0,0,1,0,0,0,0,2
down sampling,0,0,0,0,0,0,0,0,0,0,0,0,0,0,0,1,1,0,0,0,2
phenacoccus solenopsis,0,0,0,0,0,0,0,0,2,0,0,0,0,0,0,0,0,0,0,0,2
saga,0,0,0,0,1,0,0,0,0,0,0,0,1,0,0,0,0,0,0,0,2
dominican republic,0,0,0,0,0,0,0,0,0,1,0,0,0,0,1,0,0,0,0,0,2
phalaris arundinacea,0,0,0,0,0,0,0,0,1,0,0,0,0,0,0,0,0,0,1,0,2
sage-grouse,0,0,0,0,0,0,0,0,0,0,0,0,0,0,1,1,0,0,0,0,2
sagebrush,0,0,0,0,0,0,0,0,0,0,0,0,0,1,0,0,0,1,0,0,2
hadgem3-gc31-ll,0,0,0,0,0,0,0,0,0,0,0,0,0,0,0,0,0,0,0,2,2
early warning system,0,0,0,0,0,0,0,0,0,0,0,0,0,0,0,0,0,0,0,2,2
ecological impact,0,0,0,0,0,0,0,0,0,0,0,0,0,0,0,0,0,0,0,2,2
earth-observation,0,0,0,0,0,0,0,0,0,0,0,0,0,1,0,0,0,0,1,0,2
habitat selection models,0,0,0,0,0,0,0,0,0,1,0,1,0,0,0,0,0,0,0,0,2
physiological threshold,0,0,0,0,0,0,0,0,0,0,0,0,0,2,0,0,0,0,0,0,2
risk management,0,0,0,0,0,0,0,0,0,1,0,0,0,0,0,0,0,0,1,0,2
ecological characteristics,0,0,0,1,0,0,0,0,0,0,0,0,0,0,0,0,0,0,0,1,2
risk model,0,0,0,0,0,0,0,0,0,0,0,0,1,1,0,0,0,0,0,0,2
risk-based surveillance,0,0,0,0,0,0,0,0,0,0,0,0,1,0,0,0,0,0,0,1,2
habitat specialist,0,0,0,0,0,0,0,0,0,0,1,0,0,0,1,0,0,0,0,0,2
ecogeography,0,0,0,0,0,0,1,0,1,0,0,0,0,0,0,0,0,0,0,0,2
ecogeographical variables,0,0,0,0,0,0,0,0,0,0,0,0,0,0,1,0,0,0,1,0,2
habitat suitability analysis,0,0,0,0,0,0,0,0,0,0,0,0,0,0,0,0,1,1,0,0,2
river network,0,0,0,0,0,0,0,0,0,1,0,0,1,0,0,0,0,0,0,0,2
physico-chemical properties,0,0,0,0,0,0,0,0,0,0,0,0,0,0,0,2,0,0,0,0,2
echinococcus multilocularis,0,0,0,0,0,0,0,0,0,0,0,0,0,0,0,0,0,1,0,1,2
habitat suitability modelling and mapping,0,0,0,0,0,0,0,0,0,0,0,0,1,0,0,0,0,0,1,0,2
river systems,0,0,0,0,0,0,0,1,0,0,0,0,0,0,0,0,0,0,1,0,2
eastern tropical pacific,0,0,0,0,0,0,0,0,0,0,0,0,1,0,0,1,0,0,0,0,2
eastern redcedar,0,0,0,0,0,0,0,0,0,0,0,0,0,1,0,0,0,0,1,0,2
physeter macrocephalus,0,0,0,0,0,0,0,0,0,0,1,0,1,0,0,0,0,0,0,0,2
phylogenomics,0,0,0,0,0,0,0,0,0,0,0,0,0,0,0,1,0,0,1,0,2
east texas,0,0,0,0,0,0,0,0,0,0,0,0,0,1,0,0,1,0,0,0,2
east asian flyway,0,0,0,0,0,0,0,0,0,0,0,0,0,0,1,0,1,0,0,0,2
east africa,0,0,0,0,0,0,0,0,0,0,0,0,0,0,2,0,0,0,0,0,2
habitat variables,0,0,0,0,0,0,0,1,0,0,0,0,0,0,0,0,0,1,0,0,2
spatial aggregation,0,0,0,0,0,1,0,1,0,0,0,0,0,0,0,0,0,0,0,0,2
future climate scenario,0,0,0,0,0,0,1,0,0,0,0,0,0,0,0,0,0,0,1,0,2
tropical,0,0,0,0,0,0,0,0,0,0,0,0,0,1,0,0,0,1,0,0,2
cane toad,0,0,0,0,1,0,0,0,0,0,0,1,0,0,0,0,0,0,0,0,2
nepal himalaya,0,0,0,0,0,0,0,0,0,0,0,0,1,0,0,1,0,0,0,0,2
tidal flat,0,0,0,0,0,0,0,0,0,0,0,0,0,0,0,0,0,0,0,2,2
canada warbler,0,0,0,0,0,0,0,0,0,0,0,0,0,0,1,0,0,0,1,0,2
subterranean biology,0,0,0,0,0,0,0,0,0,0,0,1,0,0,0,1,0,0,0,0,2
campylopus introflexus,0,0,0,0,0,0,0,0,0,0,0,0,1,0,0,0,1,0,0,0,2
tick-borne encephalitis,0,0,0,0,0,0,0,0,0,0,0,0,0,0,0,0,0,0,0,2,2
north pacific ocean,0,0,0,0,0,0,0,0,0,0,0,0,0,1,0,0,0,0,0,1,2
bee forage availability,0,0,0,0,0,0,0,0,0,0,0,0,0,0,0,0,0,2,0,0,2
killer whale,0,0,0,0,0,0,0,0,0,0,0,0,0,1,0,0,0,0,0,1,2
kissing bugs,0,0,0,0,0,0,0,0,0,0,0,0,0,1,0,0,0,1,0,0,2
marxan model,0,0,0,0,0,0,0,0,0,0,0,0,0,0,0,0,0,0,2,0,2
multivariate statistics,0,0,0,0,0,1,0,0,0,0,0,0,0,0,1,0,0,0,0,0,2
knotweed,0,0,0,0,0,0,0,0,0,0,0,0,1,0,0,0,1,0,0,0,2
sudden oak death,0,0,0,0,0,0,0,1,0,0,0,0,0,0,0,1,0,0,0,0,2
sugarcane,0,0,0,0,0,0,0,0,0,0,0,1,0,0,1,0,0,0,0,0,2
martes pennanti,0,0,0,0,2,0,0,0,0,0,0,0,0,0,0,0,0,0,0,0,2
behavior,0,0,0,0,0,0,0,0,0,0,0,0,0,0,1,0,0,0,1,0,2
candidatus liberibacter asiaticus,0,0,0,0,0,0,0,0,0,0,1,0,0,0,1,0,0,0,0,0,2
beaver habitat suitability,0,0,0,0,0,0,0,0,0,0,0,0,0,1,0,0,1,0,0,0,2
cambio climatico,0,0,0,0,0,0,0,0,0,0,0,0,0,1,0,0,0,0,1,0,2
ailuropoda melanoleuca,0,0,0,0,0,0,0,0,0,0,0,0,0,0,0,2,0,0,0,0,2
kelp forest,0,0,0,0,0,0,0,0,0,0,0,0,1,0,0,0,0,0,0,1,2
tigrillo,0,0,0,0,0,0,0,0,0,0,0,0,0,0,0,1,0,0,1,0,2
sub-antarctic,0,0,0,0,0,0,0,0,0,0,0,0,0,1,0,0,0,0,1,0,2
bayesian networks,0,0,0,0,0,0,0,0,0,0,0,0,0,0,1,1,0,0,0,0,2
sub-saharan africa,0,0,0,0,0,0,0,0,0,0,0,0,0,0,0,1,0,1,0,0,2
apis florea,0,0,0,0,0,0,0,0,0,0,0,0,0,0,0,0,0,0,1,1,2
tiger mosquito,0,0,0,0,0,0,0,0,0,0,0,0,0,1,0,0,0,0,1,0,2
mathematical model,0,0,0,0,0,0,0,0,0,0,0,0,0,0,1,0,0,0,1,0,2
vulnerability maps,0,0,0,0,0,0,0,0,0,0,0,1,0,0,0,0,1,0,0,0,2
light pollution,0,0,0,0,0,0,0,0,0,0,0,0,0,0,1,1,0,0,0,0,2
apis dorsata,0,0,0,0,0,0,0,0,0,0,0,0,0,0,0,0,0,0,0,2,2
kernel,0,0,0,0,0,0,0,0,0,0,1,0,0,0,0,0,1,0,0,0,2
vulnerability assessment,0,0,0,0,0,0,0,0,0,1,0,0,0,0,1,0,0,0,0,0,2
northeast atlantic,0,0,0,0,0,0,0,0,0,0,0,0,0,0,1,0,0,0,1,0,2
submerged aquatic vegetation,0,0,0,0,0,0,0,0,0,0,0,0,1,0,0,0,0,0,1,0,2
key habitats,0,0,0,0,0,0,0,0,0,0,0,0,1,0,0,0,0,0,1,0,2
mata atlantica,0,0,0,2,0,0,0,0,0,0,0,0,0,0,0,0,0,0,0,0,2
madifa,0,0,0,0,0,0,0,0,0,1,0,0,0,0,0,1,0,0,0,0,2
alectoris chukar,0,0,0,0,0,0,0,0,0,0,0,0,0,0,0,1,0,0,0,1,2
agro-ecology,0,0,0,0,0,0,0,0,0,0,0,0,0,0,0,1,1,0,0,0,2
maghreb,0,0,0,0,0,0,0,1,0,0,0,0,0,0,0,1,0,0,0,0,2
suitable range,0,0,0,0,0,0,0,0,0,0,0,0,0,0,0,0,0,0,2,0,2
urban,0,0,0,0,0,0,0,0,0,0,0,0,0,0,0,0,0,1,1,0,2
benthic habitat,0,0,0,0,0,0,0,0,0,0,0,0,0,0,1,1,0,0,0,0,2
korean peninsula,0,0,0,0,0,0,0,0,0,0,0,0,1,0,0,0,0,0,0,1,2
multivariate environmental similarity surface,0,0,0,0,0,1,0,0,0,0,0,0,0,0,0,1,0,0,0,0,2
magnolia wufengensis,0,0,0,0,0,0,0,0,0,0,0,0,0,0,0,1,0,1,0,0,2
nordic seas,0,0,0,0,0,0,0,0,0,0,0,0,0,0,1,0,1,0,0,0,2
sumatra,0,0,0,0,0,0,0,0,0,0,0,0,0,0,0,0,1,0,0,1,2
cabo verde,0,0,0,0,0,0,0,0,0,0,0,0,0,0,0,0,0,1,1,0,2
caatinga biome,0,0,0,0,0,0,0,0,0,1,1,0,0,0,0,0,0,0,0,0,2
benthic organisms,0,0,0,0,0,0,0,0,0,0,0,0,0,0,0,0,1,0,1,0,2
non-wood forest product,0,0,0,0,0,0,0,0,0,0,0,0,0,0,0,0,0,0,2,0,2
benthicecology,0,0,0,0,0,0,0,0,0,0,0,0,0,0,0,0,1,0,0,1,2
allopatric speciation,0,0,0,0,0,0,1,0,0,0,0,0,1,0,0,0,0,0,0,0,2
urban birds,0,0,0,0,0,0,0,0,0,0,0,0,0,0,1,0,1,0,0,0,2
almond,0,0,0,0,0,0,0,0,0,0,0,0,0,0,0,0,0,1,1,0,2
mountain plant,0,0,0,0,0,0,0,0,0,1,0,0,0,0,0,0,0,0,0,1,2
nest,0,0,0,0,0,0,0,0,0,0,0,1,0,0,0,0,0,0,0,1,2
thymus genus,0,0,0,0,0,0,0,0,0,0,0,0,0,0,0,0,0,0,1,1,2
tibet,0,0,0,0,0,0,0,0,0,0,0,0,0,0,0,0,1,0,1,0,2
korea,0,0,0,1,1,0,0,0,0,0,0,0,0,0,0,0,0,0,0,0,2
suitability analysis,0,0,0,0,0,0,0,0,0,0,0,0,0,0,0,0,0,1,0,1,2
tianshan mountains,0,0,0,0,0,0,0,0,0,0,1,0,0,1,0,0,0,0,0,0,2
suitability assessment,0,0,0,0,0,0,0,1,0,0,0,0,0,0,0,0,0,0,1,0,2
madrepora oculata,0,0,0,0,0,0,0,0,0,0,0,1,1,0,0,0,0,0,0,0,2
north atlantic,0,0,0,0,0,0,0,0,0,0,0,0,0,0,0,0,0,0,2,0,2
callitrichidae,0,0,0,0,0,0,0,0,1,0,0,1,0,0,0,0,0,0,0,0,2
calliphoridae,0,0,0,0,0,0,0,0,0,0,0,1,0,0,0,0,0,1,0,0,2
suitability maps,0,0,0,0,0,0,0,0,0,0,0,0,0,0,1,0,0,0,0,1,2
algal blooms,0,0,0,0,0,0,0,0,1,0,0,0,0,0,0,1,0,0,0,0,2
algedonia coclesalis,0,0,0,0,0,0,0,0,0,0,0,0,0,0,0,0,0,0,0,2,2
suitability models,0,0,0,0,0,0,0,0,0,1,0,0,0,0,0,0,1,0,0,0,2
algorithm,0,0,1,0,0,0,0,0,0,0,0,0,0,0,0,0,0,0,0,1,2
bemisia tabaci,0,0,0,0,0,0,0,0,0,0,0,0,0,1,0,0,1,0,0,0,2
north american breeding birds,0,0,0,0,0,0,0,0,0,0,2,0,0,0,0,0,0,0,0,0,2
suitable distribution area,0,0,0,0,0,0,0,0,0,0,0,0,0,0,0,0,0,1,0,1,2
visceral leishmaniasis,0,0,0,0,0,0,0,1,1,0,0,0,0,0,0,0,0,0,0,0,2
apennines,0,0,0,0,0,0,0,0,0,1,0,1,0,0,0,0,0,0,0,0,2
northern bottlenose whale,0,0,0,0,0,0,0,0,0,0,0,1,0,0,0,0,0,1,0,0,2
northern great plains,0,0,0,0,0,0,0,0,0,0,1,0,0,0,0,0,0,1,0,0,2
marine traffic,0,0,0,0,0,0,0,0,0,0,0,0,0,0,0,1,0,0,0,1,2
montane forest,0,0,0,0,0,0,0,0,0,0,1,0,0,0,1,0,0,0,0,0,2
storm-petrel,0,0,0,0,0,0,2,0,0,0,0,0,0,0,0,0,0,0,0,0,2
toad,0,0,0,0,0,0,0,0,0,0,0,0,0,0,1,0,1,0,0,0,2
mustelid,0,0,0,0,0,0,0,1,0,0,0,0,0,0,0,0,0,0,0,1,2
weed,0,0,0,0,0,0,0,0,0,0,0,0,0,0,0,1,0,0,0,1,2
uncertainty analysis,0,0,0,0,0,0,0,0,1,1,0,0,0,0,0,0,0,0,0,0,2
maximum likelihood,0,0,0,0,0,0,0,0,0,1,0,0,0,0,0,0,0,0,0,1,2
maximum entropy principle,0,0,0,0,0,0,0,0,0,0,0,0,0,0,0,0,0,1,0,1,2
novel climates,0,0,0,0,0,0,0,0,0,0,0,0,1,0,0,0,0,1,0,0,2
carpenter bees,0,0,0,0,1,0,0,0,0,0,0,0,0,0,1,0,0,0,0,0,2
monte,0,0,0,0,0,0,0,0,0,0,0,0,0,0,0,0,0,0,0,2,2
aflp,0,0,0,0,1,0,0,0,0,0,0,1,0,0,0,0,0,0,0,0,2
maximum entropy approach (maxent),0,0,0,0,0,1,0,0,0,0,0,0,0,0,0,0,0,1,0,0,2
african buffalo,0,0,0,0,0,0,0,0,0,0,0,0,0,0,0,0,0,1,0,1,2
maximum entropy algorithm,0,0,0,0,0,0,1,0,0,0,0,0,1,0,0,0,0,0,0,0,2
carnivorous plants,0,0,0,0,0,0,0,1,0,0,0,0,0,0,0,0,0,0,0,1,2
nothofagus,0,0,0,0,0,0,0,0,0,0,0,1,0,0,0,0,0,0,0,1,2
african citrus triozid,0,0,0,0,0,0,0,0,0,0,0,0,1,0,0,0,1,0,0,0,2
cart analysis,0,0,0,0,0,0,0,0,0,0,0,0,0,0,0,0,0,0,2,0,2
machine learning algorithm,0,0,0,0,0,0,0,0,0,0,0,0,0,0,0,0,0,0,0,2,2
caribou,0,0,0,0,0,0,0,0,0,0,0,0,0,1,1,0,0,0,0,0,2
machine leaning,0,0,0,0,0,1,0,0,0,0,0,0,0,0,0,0,0,0,0,1,2
uae,0,0,0,0,0,0,0,0,0,0,0,0,0,0,0,0,1,0,1,0,2
jsdm,0,0,0,0,0,0,0,0,0,0,0,0,0,0,2,0,0,0,0,0,2
topographic,0,0,0,0,0,0,0,1,0,0,0,0,1,0,0,0,0,0,0,0,2
liquidambar orientalis,0,0,0,0,0,0,0,0,0,0,0,0,0,0,0,0,0,1,0,1,2
stingless bee,0,0,0,0,0,0,0,0,0,0,0,0,1,0,0,0,1,0,0,0,2
mechanistic niche model,0,0,0,0,0,1,0,0,0,0,1,0,0,0,0,0,0,0,0,0,2
bandhavgarh,0,0,0,0,0,0,0,0,0,0,0,0,0,0,1,1,0,0,0,0,2
castanea sativa,0,0,0,0,0,0,0,0,0,0,0,0,0,0,1,0,0,0,0,1,2
castanea mollissima,0,0,0,0,1,0,0,0,0,0,0,0,0,0,0,0,0,0,0,1,2
bangladesh,0,0,0,0,0,0,0,0,1,0,0,0,0,0,0,1,0,0,0,0,2
measurement error,0,0,0,0,0,0,0,0,1,1,0,0,0,0,0,0,0,0,0,0,2
aedes vexans,0,0,0,0,1,0,0,0,0,0,0,0,0,0,0,0,1,0,0,0,2
tomato,0,0,0,0,0,0,0,0,0,0,0,0,0,1,0,1,0,0,0,0,2
stone pine,0,0,0,0,0,0,0,0,0,0,0,0,0,0,1,0,0,1,0,0,2
monolepta signata,0,0,0,0,0,0,0,0,0,0,0,0,0,0,0,0,0,0,1,1,2
weed management,0,0,0,0,0,0,0,0,0,0,0,0,0,1,0,0,0,0,0,1,2
novel environment,0,0,0,0,1,0,0,0,1,0,0,0,0,0,0,0,0,0,0,0,2
carnivore conservation,0,0,0,0,0,0,0,0,0,0,0,0,0,0,0,0,0,1,1,0,2
macroecological models,0,0,0,0,0,0,0,0,0,0,0,1,0,1,0,0,0,0,0,0,2
kazakhstan,0,0,0,0,0,0,1,0,0,0,0,0,0,0,0,0,0,0,0,1,2
carbon,0,0,0,0,0,0,0,0,0,0,0,0,0,0,0,0,1,0,1,0,2
timber trees,0,0,0,0,0,0,0,0,0,0,0,0,0,1,0,0,0,0,1,0,2
ageratina adenophora,0,0,0,0,0,0,0,0,0,0,0,0,0,0,0,1,1,0,0,0,2
aquatic biodiversity,0,0,0,0,0,0,0,0,0,1,0,0,0,0,0,0,0,0,0,1,2
aquamaps,0,0,0,0,0,0,0,0,0,1,0,0,1,0,0,0,0,0,0,0,2
strobus,0,0,0,0,0,0,0,0,0,0,0,0,0,0,1,1,0,0,0,0,2
approximate bayesian computation,0,0,0,0,0,0,0,0,0,0,0,0,1,1,0,0,0,0,0,0,2
structural complexity,0,0,0,0,0,0,0,0,0,0,0,0,0,0,0,0,1,1,0,0,2
structural equation models,0,0,0,0,0,0,0,0,0,0,0,0,0,0,0,0,1,0,0,1,2
agricultural landscape,0,0,0,0,0,0,1,0,0,0,0,0,0,0,0,0,0,0,0,1,2
northern quoll,0,0,0,0,0,0,0,0,0,0,0,1,0,0,0,0,0,1,0,0,2
likelihood,0,0,0,0,0,0,0,0,0,0,0,0,1,1,0,0,0,0,0,0,2
structure from motion,0,0,0,0,0,0,0,0,0,0,0,1,0,0,0,0,0,1,0,0,2
wader,0,0,0,0,0,0,0,1,0,0,0,1,0,0,0,0,0,0,0,0,2
apoidea,0,0,0,1,0,0,0,0,0,0,0,0,0,0,1,0,0,0,0,0,2
bayesian inference,0,0,0,0,0,0,0,0,0,1,0,0,0,0,0,0,0,1,0,0,2
bayesian information criterion,0,0,0,0,0,1,0,0,0,0,0,0,0,0,1,0,0,0,0,0,2
agriculture pest,0,0,0,0,0,0,0,0,0,0,0,0,0,0,0,0,0,1,1,0,2
karst,0,0,0,0,0,0,0,0,0,0,0,0,1,0,0,0,0,1,0,0,2
northwest forest plan,0,0,0,0,2,0,0,0,0,0,0,0,0,0,0,0,0,0,0,0,2
norway,0,0,1,0,0,0,0,0,0,0,1,0,0,0,0,0,0,0,0,0,2
integrated multi-trophic aquaculture,0,0,0,0,0,0,0,0,0,0,0,0,0,0,0,0,0,1,1,0,2
water source,0,0,0,0,0,0,0,0,0,0,0,0,0,0,0,0,0,1,0,1,2
arabica coffee,0,0,0,0,0,0,0,0,0,0,0,0,0,0,0,0,1,0,1,0,2
water resources/management,0,0,0,0,0,0,0,0,0,0,0,0,0,0,0,0,1,0,1,0,2
african wild ass,0,0,0,0,0,0,0,0,0,0,0,0,1,0,0,0,0,1,0,0,2
arabian gulf,0,0,0,0,0,0,0,0,0,0,0,0,0,0,0,0,1,0,1,0,2
afrotropical region,0,0,0,0,0,0,0,0,0,0,0,0,0,1,0,0,0,0,0,1,2
bart,0,0,0,0,0,0,0,0,0,0,0,0,0,0,0,0,0,0,0,2,2
aquatic systems,0,0,0,0,0,0,0,0,0,0,0,1,0,0,0,0,1,0,0,0,2
striped dolphin,0,0,0,0,0,0,0,0,0,0,0,0,0,0,1,0,0,1,0,0,2
unionid mussels,0,0,0,0,0,0,0,0,0,0,0,1,1,0,0,0,0,0,0,0,2
carcharhinid,0,0,0,0,0,0,0,0,0,0,0,0,0,0,0,0,2,0,0,0,2
carbon stock,0,0,0,0,0,0,0,0,0,0,0,0,0,0,0,0,1,1,0,0,2
aquatic macrophyte,0,0,0,0,0,0,0,0,1,0,0,1,0,0,0,0,0,0,0,0,2
aquatic invasive plant,0,0,0,0,0,0,0,0,0,0,0,0,0,0,0,0,0,0,2,0,2
univariate filters,0,0,0,0,0,0,0,0,0,0,0,0,0,0,0,0,0,0,0,2,2
maxent ecological niche model,0,0,0,0,0,0,0,0,0,0,0,0,1,0,0,0,0,0,0,1,2
neospora caninum,0,0,0,0,0,0,0,1,0,0,0,0,0,1,0,0,0,0,0,0,2
threatened tree,0,0,0,0,0,0,0,0,0,0,0,0,0,0,0,0,0,1,0,1,2
leptocybe invasa,0,0,0,0,0,0,0,0,0,0,0,0,1,1,0,0,0,0,0,0,2
catalogue,0,0,0,0,0,0,1,1,0,0,0,0,0,0,0,0,0,0,0,0,2
tapirus terrestris,0,0,0,0,0,0,0,0,1,0,1,0,0,0,0,0,0,0,0,0,2
antarctic peninsula,0,0,0,0,0,0,0,1,0,0,0,0,0,0,0,0,0,0,1,0,2
blue crab,0,0,0,0,0,0,0,0,0,0,0,0,0,0,0,0,0,0,1,1,2
landscape graph,0,0,0,0,0,0,0,0,0,0,0,0,1,0,0,0,0,0,1,0,2
least-cost path,0,0,0,0,0,0,0,0,0,0,0,0,0,0,0,0,0,0,2,0,2
biocontrol,0,0,0,0,0,0,0,0,0,0,0,0,1,0,0,0,0,1,0,0,2
target group,0,0,0,1,0,0,0,0,0,0,0,0,0,0,0,1,0,0,0,0,2
manis pentadactyla,0,0,0,0,0,0,0,0,0,0,0,0,0,0,0,0,1,0,1,0,2
target group background selection,0,0,0,0,0,0,0,0,0,0,0,0,0,1,0,0,0,1,0,0,2
antarctic minke whale,0,0,0,0,0,0,0,0,0,0,0,0,0,0,0,2,0,0,0,0,2
target-group background,0,0,0,0,0,0,0,0,0,0,0,0,0,0,0,0,1,0,0,1,2
landscape modeling,0,0,0,0,0,0,0,0,0,0,0,0,1,0,0,0,0,1,0,0,2
ursid,0,0,0,0,0,0,0,0,0,0,0,0,0,1,0,0,1,0,0,0,2
ursus americanus,0,0,0,0,0,0,0,0,0,0,0,0,1,0,1,0,0,0,0,0,2
black-capped vireo,0,0,0,0,0,0,1,0,0,1,0,0,0,0,0,0,0,0,0,0,2
multi-species model,0,0,0,0,0,0,0,0,0,0,0,0,0,0,0,0,0,1,0,1,2
black truffle,0,0,0,0,0,0,0,0,0,0,0,0,0,0,0,0,0,0,0,2,2
niche transferability,0,0,0,0,0,0,1,0,0,0,0,0,0,1,0,0,0,0,0,0,2
new mexico,0,0,0,0,0,0,0,0,1,0,0,1,0,0,0,0,0,0,0,0,2
nicobar islands,0,0,0,0,0,0,0,0,0,0,1,0,0,0,0,0,1,0,0,0,2
black sea region,0,0,0,0,0,0,0,0,0,0,0,0,0,0,0,0,0,0,1,1,2
bluegill,0,0,0,0,0,0,0,0,0,0,1,0,0,0,1,0,0,0,0,0,2
bottom trawling,0,0,0,0,0,0,0,0,0,0,0,0,0,0,0,1,0,0,1,0,2
bottom trawl survey,0,0,0,0,0,0,0,0,0,0,0,0,0,0,1,1,0,0,0,0,2
bottlenose dolphin,0,0,0,0,0,0,0,0,0,0,0,0,0,0,0,1,1,0,0,0,2
land-use cover,0,0,0,0,0,0,0,0,0,0,0,0,1,0,0,0,0,0,1,0,2
systematic review,0,0,0,0,0,0,0,0,0,0,0,0,0,0,0,0,0,0,0,2,2
maps,0,0,0,0,0,0,0,0,0,0,0,0,0,0,0,0,0,0,0,2,2
bootstrapping,0,0,0,0,0,1,0,0,0,0,0,0,0,0,0,0,0,1,0,0,2
boosting,0,0,0,0,0,1,0,1,0,0,0,0,0,0,0,0,0,0,0,0,2
anthidiini,0,0,0,0,1,0,0,0,0,0,0,0,0,0,0,0,1,0,0,0,2
the qinghai-tibet plateau,0,0,0,0,0,0,0,0,0,0,0,0,0,0,0,0,0,0,1,1,2
landscape composition,0,0,0,0,0,0,0,0,1,0,0,0,0,0,1,0,0,0,0,0,2
map comparison,0,0,0,0,0,0,0,0,0,0,0,1,0,0,0,0,0,0,1,0,2
vector surveillance,0,0,0,0,0,0,0,0,0,0,0,0,0,0,0,1,0,0,0,1,2
new locality,0,0,0,0,0,0,0,0,0,1,0,0,0,0,0,0,1,0,0,0,2
anacardiaceae,1,0,0,0,0,0,0,0,1,0,0,0,0,0,0,0,0,0,0,0,2
multi-species,0,0,0,0,0,0,0,0,0,0,0,0,0,0,1,0,0,0,0,1,2
body size,0,0,0,0,0,0,0,1,1,0,0,0,0,0,0,0,0,0,0,0,2
biodimatic variables,0,0,0,0,0,0,0,0,0,0,0,0,1,1,0,0,0,0,0,0,2
black rhino,0,0,0,0,0,0,0,0,0,1,0,0,0,0,0,0,0,0,1,0,2
nipah virus,0,0,0,0,0,0,0,0,1,0,0,0,0,0,0,0,0,0,0,1,2
temporal ecology,0,0,0,0,0,0,0,0,0,0,0,0,0,0,0,1,0,0,0,1,2
biomphalaria,0,0,0,0,0,0,0,0,0,0,0,0,0,0,0,1,0,0,0,1,2
latvia,0,0,0,0,0,0,0,0,0,0,0,0,0,0,0,0,1,0,1,0,2
tenebrionidae,0,0,0,0,0,0,1,1,0,0,0,0,0,0,0,0,0,0,0,0,2
biology,0,0,0,0,0,1,0,0,1,0,0,0,0,0,0,0,0,0,0,0,2
biological system modeling,0,0,0,0,0,1,0,0,0,0,0,0,0,0,0,0,0,0,0,1,2
last glaciation,0,0,0,0,0,0,0,0,0,0,0,1,0,0,0,0,0,0,1,0,2
biological records,0,0,0,0,0,0,0,0,0,0,0,0,1,0,0,0,0,0,0,1,2
termite,0,0,0,0,0,0,0,0,0,0,0,1,0,0,0,0,1,0,0,0,2
animal conservation,0,0,0,0,0,0,0,0,0,0,0,0,0,0,0,1,0,0,1,0,2
biological indicators,0,0,0,0,0,0,0,0,0,0,0,0,0,0,1,0,0,0,0,1,2
testudines,0,0,0,0,0,0,0,0,0,0,0,0,0,0,1,1,0,0,0,0,2
animal health,0,0,0,0,0,0,0,0,0,0,0,0,0,0,0,0,1,0,0,1,2
niche comparison,0,0,0,0,0,0,0,0,0,0,0,0,0,1,0,0,0,0,0,1,2
biologging,0,0,0,0,0,0,0,0,0,0,1,0,0,0,0,0,0,0,0,1,2
bioindicator,0,0,0,0,0,0,0,0,0,1,0,0,0,0,0,0,0,0,0,1,2
late pleistocene,0,0,0,0,0,0,0,0,0,0,0,0,0,0,1,0,0,0,1,0,2
ann,0,0,0,0,0,0,0,0,0,0,0,0,0,0,0,0,0,2,0,0,2
management strategies,0,0,0,0,0,0,0,0,0,0,0,0,0,0,1,0,0,0,0,1,2
angelica sinensis,0,0,0,0,0,0,0,0,0,0,0,0,0,0,0,0,0,0,0,2,2
black marlin,0,0,0,0,0,0,0,0,0,0,1,0,0,1,0,0,0,0,0,0,2
multicriteria analysis,0,0,0,0,0,0,0,1,0,0,0,0,0,0,0,0,1,0,0,0,2
taxus wallichiana,0,0,0,0,0,0,0,0,0,0,0,0,0,0,1,0,0,0,1,0,2
landslide susceptibility,0,0,0,0,0,0,0,0,0,0,0,0,0,1,0,0,0,0,1,0,2
anopheles gambiae,0,0,0,0,0,0,0,0,0,0,0,0,0,0,0,1,0,0,0,1,2
landslide susceptibility map,0,0,0,0,0,0,0,0,0,0,0,0,0,0,1,0,0,0,1,0,2
tea cultivation,0,0,0,0,0,0,0,0,0,0,0,0,0,0,0,0,0,0,1,1,2
mangrove afforestation,0,0,0,0,0,0,0,0,0,0,0,0,0,0,0,1,1,0,0,0,2
andean bear,0,0,0,0,0,0,0,0,0,0,0,0,0,0,1,0,0,1,0,0,2
multibeam bathymetry,0,0,0,0,0,0,0,0,0,0,0,2,0,0,0,0,0,0,0,0,2
biodiversity mapping,0,0,0,0,0,0,0,1,0,1,0,0,0,0,0,0,0,0,0,0,2
andes mountains,0,0,0,0,1,0,0,0,0,0,0,0,0,0,0,0,0,0,0,1,2
bird species,0,0,0,0,0,0,0,0,0,0,0,0,0,0,0,0,2,0,0,0,2
mangifera indica,0,0,0,0,0,0,0,0,0,0,0,0,0,0,0,0,1,1,0,0,2
niche overlap analysis,0,0,0,0,0,0,0,0,0,0,0,0,0,0,0,0,0,0,1,1,2
texas,0,0,0,0,0,0,0,0,0,0,0,0,0,1,1,0,0,0,0,0,2
mangaba,0,0,0,0,0,0,0,0,0,0,1,0,0,0,0,0,1,0,0,0,2
anopheles arabiensis,0,0,0,0,0,0,1,0,0,0,1,0,0,0,0,0,0,0,0,0,2
biotic-abiotic-movement concept,0,0,0,0,0,0,0,0,0,0,0,0,0,0,0,0,0,0,2,0,2
bioclimate envelope model,0,0,0,0,1,0,0,0,0,0,0,0,0,0,0,1,0,0,0,0,2
new brunswick,0,0,0,0,0,0,0,0,0,0,0,0,0,0,0,0,1,1,0,0,2
alouatta,0,0,0,0,0,0,0,0,0,0,1,0,0,1,0,0,0,0,0,0,2
leopardus jacobita,0,0,0,0,0,0,0,0,0,1,0,0,0,1,0,0,0,0,0,0,2
mahalanobis typicality,0,0,1,0,0,0,0,0,0,0,1,0,0,0,0,0,0,0,0,0,2
marine protected area (mpa),0,0,0,0,0,0,0,0,0,0,0,1,0,0,0,0,0,0,0,1,2
alpine ecosystem,0,0,0,0,0,0,0,0,0,0,0,0,0,0,0,0,1,0,0,1,2
alpine ecosystems,0,0,0,0,0,0,0,0,0,0,0,0,0,0,0,2,0,0,0,0,2
movement ecology,0,0,0,0,0,0,0,0,0,0,0,0,0,1,0,0,0,0,1,0,2
sustainable agriculture,0,0,0,0,0,0,0,0,0,0,0,0,0,0,0,0,0,0,0,2,2
alpine newt,0,0,0,0,0,0,0,0,0,0,0,0,0,0,1,0,0,0,0,1,2
lagrangian particle tracking,0,0,0,0,0,0,0,0,0,0,0,0,0,0,0,0,1,1,0,0,2
sustainable conservation,0,0,0,0,0,0,0,0,0,0,0,0,0,0,0,1,1,0,0,0,2
anthropogenic variable,0,0,0,0,0,0,0,0,0,0,0,0,0,1,0,0,1,0,0,0,2
alpine region,0,0,0,0,0,0,0,0,0,0,0,0,0,0,0,1,0,1,0,0,2
anthropogenic threats,0,0,0,0,0,0,0,0,0,0,0,0,0,0,0,1,0,0,0,1,2
alpine vegetation,0,0,0,0,0,1,0,0,0,0,0,0,0,0,0,0,0,0,1,0,2
alpine wetland,0,0,0,0,0,0,0,0,0,0,0,1,0,0,0,0,0,0,1,0,2
alps,0,0,0,0,0,0,0,0,1,0,0,1,0,0,0,0,0,0,0,0,2
sustainable management,0,0,0,0,0,0,0,0,0,0,0,0,0,0,0,1,0,0,0,1,2
urban ecosystem,0,0,0,0,0,0,0,0,0,0,0,0,0,0,0,0,1,0,1,0,2
leopard cat,0,0,0,0,0,0,0,0,0,0,0,0,0,0,0,0,0,2,0,0,2
alpha-hull,0,0,0,0,0,0,0,0,1,0,0,1,0,0,0,0,0,0,0,0,2
thermal tolerance,0,0,0,0,0,0,0,0,0,0,0,0,0,2,0,0,0,0,0,0,2
bhutan,0,0,0,0,0,0,0,0,0,0,0,0,0,1,0,1,0,0,0,0,2
marine survey,0,0,0,0,0,0,0,0,0,0,0,1,0,0,0,0,1,0,0,0,2
antilocapra americana,0,0,0,0,0,0,0,0,0,0,1,0,0,0,0,0,0,0,1,0,2
bushfire,0,0,0,0,0,0,0,0,0,0,0,0,0,0,1,0,0,1,0,0,2
alouatta pigra,0,0,0,0,0,1,0,0,0,0,0,0,1,0,0,0,0,0,0,0,2
lepomis gibbosus,0,0,0,0,0,0,0,0,0,0,0,0,0,0,0,0,1,1,0,0,2
surrogate species,0,0,0,0,0,0,0,0,0,0,0,0,0,0,0,1,0,0,0,1,2
burned area,0,0,0,0,0,0,0,0,0,0,0,0,0,1,1,0,0,0,0,0,2
marine science,0,0,0,0,0,0,0,0,0,0,0,0,0,0,0,0,1,0,0,1,2
burmese python,0,0,0,0,0,0,0,0,0,0,0,0,1,0,0,1,0,0,0,0,2
mountains of southwest china,0,0,0,0,0,0,0,0,0,0,0,0,0,1,1,0,0,0,0,0,2
threatened mammals,0,0,0,0,0,0,0,0,0,0,0,0,0,0,0,0,0,0,1,1,2
burkina faso,0,0,0,0,0,0,0,0,0,0,0,0,0,0,0,0,0,0,2,0,2
alpha-diversity,0,0,0,0,0,0,0,0,0,1,0,0,0,0,0,1,0,0,0,0,2
survey effort,0,0,0,0,0,0,0,0,0,0,0,0,0,0,0,1,0,1,0,0,2
survival,0,0,0,0,0,0,0,0,1,0,0,0,0,0,0,0,1,0,0,0,2
built heritage,0,0,0,0,0,0,0,0,0,0,0,0,0,0,0,0,0,0,1,1,2
threatened birds,0,0,0,0,0,0,0,0,0,0,0,0,0,0,0,0,1,1,0,0,2
anthropogenic land use,0,0,0,0,0,0,0,0,0,0,1,0,0,0,0,0,0,0,0,1,2
anthropogenic impact,0,0,0,0,0,0,0,0,0,0,0,0,0,0,1,0,0,0,1,0,2
bowhead whale,0,0,0,0,0,0,0,0,0,0,0,0,0,0,1,0,0,0,1,0,2
vegetation type,0,0,0,0,0,0,0,0,0,0,0,1,1,0,0,0,0,0,0,0,2
multi-criteria evaluation,0,0,0,0,1,0,0,0,0,0,1,0,0,0,0,0,0,0,0,0,2
breeding areas,0,0,0,0,0,0,0,0,0,0,0,0,1,1,0,0,0,0,0,0,2
anthropocene,0,0,0,0,0,0,0,0,0,0,0,0,0,0,0,1,0,1,0,0,2
symbiosis,0,0,0,0,0,0,0,0,0,0,2,0,0,0,0,0,0,0,0,0,2
american bullfrog,0,0,1,0,0,0,0,0,0,0,0,0,0,0,0,0,0,0,0,1,2
brazilian cerrado,0,0,0,0,1,0,0,0,1,0,0,0,0,0,0,0,0,0,0,0,2
vegetation dynamics,0,0,0,0,0,0,0,0,0,0,0,0,1,0,0,1,0,0,0,0,2
sympatric distribution,0,0,0,0,0,0,1,0,0,0,0,0,0,0,0,1,0,0,0,0,2
urban land use change,0,0,0,0,0,0,0,0,0,0,0,0,0,0,0,0,0,0,0,2,2
urban landscape,0,0,0,0,0,0,0,0,0,0,0,0,1,0,0,0,0,0,1,0,2
braconidae,0,0,0,0,0,0,0,0,0,0,0,0,0,1,0,0,0,0,0,1,2
multispecies occupancy,0,0,0,0,0,0,0,0,0,0,0,0,0,0,0,0,0,0,1,1,2
malaria vector,0,0,0,0,0,0,0,0,0,0,0,0,0,0,1,0,0,0,0,1,2
multi-objective optimization,0,0,0,0,0,0,0,0,0,0,0,0,0,1,1,0,0,0,0,0,2
brachyramphus marmoratus,0,0,0,0,0,0,0,0,0,0,0,0,0,0,0,0,0,0,2,0,2
malawi,0,0,0,0,0,0,0,0,0,0,0,0,0,0,0,0,0,0,0,2,2
vegetation classification,0,0,0,0,0,0,0,0,0,0,1,0,0,0,0,0,0,0,1,0,2
breeding bird survey,0,0,0,0,0,0,0,0,0,0,1,0,0,0,0,1,0,0,0,0,2
breeding season,0,0,0,0,0,0,0,0,0,0,0,1,0,0,0,1,0,0,0,0,2
marine invertebrate,0,0,0,0,0,0,0,0,0,0,0,0,0,0,0,0,0,0,1,1,2
theobroma cacao,0,0,0,0,0,0,0,0,0,0,0,0,0,0,0,0,2,0,0,0,2
marine invasions,0,0,0,0,0,0,0,0,0,1,0,0,0,0,0,0,0,0,1,0,2
svm,0,0,0,0,1,0,0,0,1,0,0,0,0,0,0,0,0,0,0,0,2
mtdna,0,0,0,0,0,1,1,0,0,0,0,0,0,0,0,0,0,0,0,0,2
altitude,0,0,0,0,0,0,0,0,0,1,0,0,0,0,0,1,0,0,0,0,2
altitudinal distribution,0,0,0,0,0,0,1,0,0,0,0,0,0,0,0,0,0,1,0,0,2
altitudinal range,0,0,0,0,0,0,0,0,0,0,1,0,0,0,0,1,0,0,0,0,2
altitudinal shift,0,0,0,0,0,0,0,0,0,0,1,0,0,0,0,0,0,0,0,1,2
marine habitat mapping,0,0,0,0,0,0,0,0,0,0,0,0,0,0,0,0,1,0,0,1,2
marine ecosystems,0,0,0,0,0,1,0,0,0,0,0,0,0,0,0,0,1,0,0,0,2
sweden,0,0,0,0,0,0,0,0,1,1,0,0,0,0,0,0,0,0,0,0,2
nomacus,0,0,0,0,0,0,0,0,0,0,0,0,0,0,1,0,0,1,0,0,2
anthropogenic climate change,0,0,0,0,0,0,0,1,0,0,0,0,0,0,0,0,0,1,0,0,2
anthropogenic,0,0,0,0,0,0,0,0,0,0,0,0,0,0,0,0,0,1,1,0,2
swertia tetraptera,0,0,0,0,0,0,0,0,0,0,0,0,0,0,0,0,0,2,0,0,2
multi -scale,0,0,0,0,0,0,0,0,0,0,0,0,1,0,1,0,0,0,0,0,2
marine biogeography,0,0,0,0,0,0,0,1,0,0,0,0,0,0,0,0,0,0,0,1,2
breeding success,0,0,0,0,0,0,1,0,0,0,0,0,0,0,0,0,1,0,0,0,2
lissachatina fulica,0,0,0,0,0,0,0,0,0,0,0,0,0,0,0,0,1,0,0,1,2
weddell sea,0,0,0,0,0,0,0,0,0,0,0,0,0,0,0,1,0,0,1,0,2
bamboo,0,0,0,0,0,0,0,0,0,0,0,0,0,0,0,0,0,1,1,0,2
open access,0,0,0,0,0,0,0,0,0,0,0,0,0,0,0,0,0,0,1,1,2
microhabitat preference,0,0,0,0,0,0,0,0,0,0,1,0,0,0,0,1,0,0,0,0,2
spawning habitat,0,0,0,0,0,0,0,0,0,0,0,0,0,0,0,0,2,0,0,0,2
tree frog,0,0,0,0,0,0,0,0,0,0,0,0,0,0,0,0,0,0,0,2,2
classification tree,0,0,0,0,0,0,0,0,0,0,0,0,0,0,1,0,0,0,1,0,2
classification and regression tree,0,0,0,0,0,1,0,0,0,0,0,0,0,0,0,1,0,0,0,0,2
asian citrus psyllid,0,0,0,0,0,0,0,0,0,0,1,0,0,0,0,0,0,0,1,0,2
specie suitability,0,0,0,0,0,0,0,0,0,0,0,0,0,0,0,0,1,0,0,1,2
citrus greening disease,0,0,0,0,0,0,0,0,0,0,0,0,1,0,0,0,1,0,0,0,2
model extrapolation,0,0,0,0,0,0,0,0,1,0,0,0,0,0,0,0,0,0,0,1,2
asian bush mosquito,0,0,0,0,0,0,0,0,0,0,1,0,0,0,1,0,0,0,0,0,2
citrus greening,0,0,0,0,0,0,0,0,0,0,2,0,0,0,0,0,0,0,0,0,2
autocorrelation,0,0,0,0,0,0,0,1,0,1,0,0,0,0,0,0,0,0,0,0,2
species assemblage,0,0,0,0,0,0,0,0,0,0,0,0,0,0,0,0,1,0,1,0,2
species coexistence,0,0,0,0,0,0,0,0,0,0,0,0,0,0,0,0,0,1,0,1,2
species competition,0,0,0,0,0,0,0,1,0,0,0,0,0,0,0,0,0,1,0,0,2
cistanche deserticola,0,0,0,0,0,0,0,0,0,0,0,0,0,1,0,0,1,0,0,0,2
circuit theory,0,0,0,0,0,0,0,0,0,0,0,0,0,1,0,0,1,0,0,0,2
one-class support vector machine,0,0,0,0,0,1,0,0,0,0,0,0,0,0,0,0,0,1,0,0,2
spatiotemporal prediction,0,0,0,0,0,0,0,0,0,0,0,0,0,0,0,0,0,0,1,1,2
climas,0,0,0,0,0,0,0,0,0,0,0,0,0,1,0,0,0,0,1,0,2
yellow fever,0,0,0,0,0,0,0,0,0,0,1,0,0,0,0,0,0,0,1,0,2
microsatellite markers,0,0,0,0,0,0,0,0,1,0,0,0,0,0,0,0,0,0,0,1,2
model averaging,0,0,0,0,0,0,0,0,0,0,0,0,0,0,1,0,0,0,1,0,2
australian tropical savannas,0,0,0,0,0,1,1,0,0,0,0,0,0,0,0,0,0,0,0,0,2
spatialmaxent,0,0,0,0,0,0,0,0,0,0,0,0,0,0,0,0,0,0,1,1,2
tree of heaven,0,0,0,0,0,0,0,0,0,0,0,0,0,0,1,0,0,0,1,0,2
australian wet tropics,0,0,0,0,0,0,0,0,0,0,0,0,0,0,0,0,0,1,0,1,2
yellow fever mosquito,0,0,0,0,0,0,0,0,0,0,0,0,0,1,0,0,0,0,1,0,2
microorganisms,0,0,0,0,0,0,0,0,0,0,1,0,0,0,0,0,0,1,0,0,2
climate action,0,0,0,0,0,0,0,0,0,0,0,0,0,0,0,0,0,0,1,1,2
model calibration,0,0,0,0,0,0,0,0,0,0,1,0,0,1,0,0,0,0,0,0,2
spatiotemporal,0,0,0,0,0,0,0,0,0,0,0,0,0,0,1,0,0,0,0,1,2
asian longhorned beetle,0,0,0,0,0,0,0,0,0,0,0,0,0,0,0,2,0,0,0,0,2
yangtze river,0,0,0,0,0,0,0,0,0,0,0,0,0,0,0,0,0,1,1,0,2
climate change projections,0,0,0,0,0,0,0,0,0,0,0,0,0,0,0,1,0,0,0,1,2
tree invasions,0,0,0,0,0,0,0,0,1,0,0,0,0,0,0,0,0,0,0,1,2
spatiotemporal dynamic,0,0,0,0,0,0,0,0,0,0,0,0,0,0,1,0,0,0,1,0,2
species detection,0,0,0,0,0,0,0,0,1,0,0,0,0,0,0,0,1,0,0,0,2
asclepias,0,0,0,0,0,0,0,0,0,0,0,0,0,1,0,1,0,0,0,0,2
species dispersal,0,0,0,0,0,0,0,0,0,0,0,0,0,0,1,0,0,0,0,1,2
winter ecology,0,0,0,0,0,0,0,0,0,0,0,0,0,0,1,0,0,1,0,0,2
chloroplast dna,0,0,0,0,0,0,0,0,0,0,1,0,0,0,0,1,0,0,0,0,2
olea europaea,0,0,0,0,0,0,0,0,0,0,0,0,0,0,0,0,0,0,1,1,2
model transfer,0,0,0,0,0,0,0,0,0,0,0,0,1,1,0,0,0,0,0,0,2
avian influenza virus,0,0,0,0,0,0,0,0,0,0,1,0,0,0,0,0,0,0,0,1,2
wolf,0,0,0,0,0,0,0,0,0,0,0,1,0,0,1,0,0,0,0,0,2
oklahoma,0,0,0,0,0,0,0,0,0,1,0,0,1,0,0,0,0,0,0,0,2
meta-population,0,0,0,0,0,0,0,1,0,0,0,0,0,1,0,0,0,0,0,0,2
invasiveness,0,0,0,0,0,0,0,0,1,0,0,0,0,0,0,1,0,0,0,0,2
ttr-sdm,0,0,0,0,0,0,0,0,0,0,0,0,0,0,1,1,0,0,0,0,2
species protection,0,0,0,0,0,0,0,0,0,0,0,0,0,0,0,0,0,2,0,0,2
chinensis,0,0,0,0,0,0,0,0,0,0,0,0,0,0,0,1,0,0,1,0,2
chimpanzee,0,0,0,0,0,0,0,0,0,0,2,0,0,0,0,0,0,0,0,0,2
tuberculosis,0,0,0,0,0,0,0,0,0,0,1,0,0,0,0,0,0,1,0,0,2
odontocete,0,0,0,0,0,0,0,0,0,0,0,0,0,0,0,2,0,0,0,0,2
ipcc,0,0,0,0,0,0,0,0,0,0,0,0,0,1,0,0,1,0,0,0,2
species response curves,0,0,0,0,0,0,0,0,0,0,0,1,0,0,0,0,0,1,0,0,2
avian ecology,0,0,0,0,0,0,0,0,0,0,0,0,1,0,0,0,0,1,0,0,2
olive,0,0,0,0,0,0,0,0,0,0,0,0,0,0,0,0,0,0,1,1,2
lumpy skin disease,0,0,0,0,0,0,0,0,0,0,0,0,0,0,1,0,0,0,0,1,2
avian conservation,0,0,0,0,0,0,0,0,0,0,0,0,1,0,0,0,0,0,1,0,2
omission,0,0,0,0,0,0,0,0,0,0,2,0,0,0,0,0,0,0,0,0,2
invasive fish,0,0,0,0,0,0,1,0,0,0,0,0,0,0,0,1,0,0,0,0,2
methane,0,0,0,0,0,0,0,0,0,0,0,0,0,0,0,1,1,0,0,0,2
invasive insect,0,0,0,0,0,0,0,0,0,0,0,0,0,0,1,0,0,0,1,0,2
model projections,0,0,0,0,1,0,0,0,0,0,0,0,0,1,0,0,0,0,0,0,2
avian,0,0,0,0,0,0,0,0,0,0,0,0,0,0,0,1,1,0,0,0,2
om-garp,0,0,1,0,1,0,0,0,0,0,0,0,0,0,0,0,0,0,0,0,2
chytrid,0,0,0,0,0,0,0,0,0,0,0,0,1,0,0,0,1,0,0,0,2
invasive potential,0,0,0,0,0,0,0,0,0,0,0,0,0,0,0,1,0,0,0,1,2
bam diagram,0,0,0,0,0,0,0,0,0,0,0,0,0,0,0,0,1,1,0,0,2
meteorological data,0,0,0,0,0,0,0,0,0,0,0,0,0,0,0,0,1,1,0,0,2
olive quick decline syndrome,0,0,0,0,0,0,0,0,0,0,2,0,0,0,0,0,0,0,0,0,2
invasive pathogen,0,0,0,0,0,0,0,0,0,0,0,0,0,0,0,0,1,0,0,1,2
species extinction,0,0,0,0,0,0,0,0,0,0,1,0,0,0,0,1,0,0,0,0,2
woody plant encroachment,0,0,0,0,0,0,0,0,0,0,0,0,0,0,0,0,0,0,2,0,2
woody plant,0,0,0,0,0,0,0,0,0,0,0,0,0,0,1,0,0,0,1,0,2
introduced,0,0,0,0,0,0,0,0,0,0,0,0,0,0,0,0,0,0,2,0,2
microtopography,0,0,0,0,0,0,0,0,0,0,0,0,0,0,0,0,0,0,0,2,2
model-based sampling,0,0,0,0,0,0,0,0,0,0,0,0,0,1,0,0,0,1,0,0,2
yellow-eyed penguins,0,0,0,0,0,0,0,0,0,0,0,0,0,0,0,0,1,1,0,0,2
atacama desert,0,0,0,0,0,0,0,0,0,0,0,0,0,0,0,0,2,0,0,0,2
spatial dynamics,0,0,0,0,0,0,0,1,0,0,0,0,0,0,0,0,0,1,0,0,2
trochodendron aralioides,0,0,0,0,0,0,0,0,0,0,0,0,0,0,0,2,0,0,0,0,2
cluster,0,0,0,0,0,0,0,0,1,0,0,0,0,0,0,1,0,0,0,0,2
cloud-computing,0,0,0,0,0,0,0,0,0,0,0,0,0,0,0,0,0,0,1,1,2
trochilidae,0,0,0,0,0,0,0,0,0,0,0,0,0,0,0,2,0,0,0,0,2
ateles geoffroyi,0,0,0,0,0,1,0,0,0,0,0,0,1,0,0,0,0,0,0,0,2
misidentification,0,0,0,0,0,0,0,0,0,0,0,0,0,0,0,1,0,1,0,0,2
missing data,0,0,0,0,0,0,0,1,0,0,1,0,0,0,0,0,0,0,0,0,2
missouri,0,0,0,0,0,0,0,0,0,0,0,0,1,0,0,0,1,0,0,0,2
spatial interpolation,0,0,0,0,0,0,0,0,0,0,0,0,0,0,0,0,2,0,0,0,2
spatial jackknifing,0,0,0,0,0,0,0,0,1,0,0,1,0,0,0,0,0,0,0,0,2
climatic zones,0,0,0,0,0,0,0,0,0,0,0,0,0,0,0,0,0,0,0,2,2
migratory route,0,0,0,0,0,0,0,0,0,0,0,0,0,0,0,0,0,0,0,2,2
tropical ecosystem,0,0,0,0,0,0,0,0,0,0,0,0,0,0,0,0,1,0,0,1,2
spatial niche,0,0,0,0,0,0,0,0,0,0,0,0,0,0,0,0,1,0,0,1,2
spatial optimization,0,0,0,0,1,0,0,0,0,0,0,0,0,0,0,0,0,0,1,0,2
milkweed,0,0,0,0,0,0,0,0,0,0,0,0,0,1,0,1,0,0,0,0,2
tropical asia,0,0,0,0,0,0,0,0,0,0,0,0,0,0,0,0,1,1,0,0,2
coahuila,0,0,0,0,0,0,1,0,0,0,0,0,0,0,0,0,0,1,0,0,2
zostera noltei,0,0,0,0,0,0,0,0,0,0,1,0,0,0,0,0,0,0,0,1,2
integrated nested laplace approximation,0,0,0,0,0,0,0,1,0,0,0,0,0,0,0,0,0,0,1,0,2
coastal management,0,0,0,0,0,0,0,0,1,0,0,0,0,0,0,0,0,0,0,1,2
& uacute,0,0,0,0,0,0,0,0,0,0,0,0,0,0,0,0,0,0,2,0,2
optimization,0,0,0,0,0,0,0,0,0,0,0,0,0,0,0,0,0,0,1,1,2
integrative taxonomy,0,0,0,0,0,0,0,0,1,0,0,0,0,0,0,0,0,1,0,0,2
louisville seamount chain,0,0,0,0,0,0,0,0,0,0,1,1,0,0,0,0,0,0,0,0,2
optimal habitat,0,0,0,0,0,0,0,1,0,0,0,0,0,0,0,0,0,0,0,1,2
zooplankton,0,0,0,0,0,0,0,0,0,0,0,0,0,0,1,1,0,0,0,0,2
interaction,0,0,0,0,0,0,0,0,0,0,0,0,1,1,0,0,0,0,0,0,2
minimum-volume ellipsoid,0,0,0,0,0,0,0,0,0,0,0,1,0,0,1,0,0,0,0,0,2
zoonotic disease,0,0,0,0,0,0,0,0,1,0,0,0,0,0,0,0,0,0,0,1,2
nappfast,0,0,0,0,0,0,0,0,2,0,0,0,0,0,0,0,0,0,0,0,2
5,0,0,0,0,0,0,0,0,0,0,0,0,0,0,1,0,1,0,0,0,2
inter-specific range overlap,0,0,0,0,0,0,0,0,0,0,0,0,0,0,0,1,1,0,0,0,2
6,0,0,0,0,0,0,0,0,0,0,0,0,0,0,1,0,1,0,0,0,2
spatial cross-validation,0,0,0,0,0,0,0,0,0,0,0,0,0,0,0,1,0,0,1,0,2
climatic predictors,0,0,0,0,0,0,0,0,0,0,0,0,0,0,0,0,0,0,1,1,2
assamese macaque,0,0,0,0,0,0,0,0,0,0,0,0,2,0,0,0,0,0,0,0,2
spatial pattern,0,0,0,0,0,0,0,0,0,0,0,0,0,0,0,0,1,0,0,1,2
climate tolerance,0,0,0,0,0,0,0,0,0,0,1,0,0,0,0,0,0,0,0,1,2
yucatan peninsula,0,0,0,0,0,0,0,0,0,0,0,0,1,0,0,0,0,0,1,0,2
mixture modeling,0,0,0,0,0,0,0,0,0,0,0,0,0,0,0,1,0,1,0,0,2
n,0,0,0,0,0,0,0,0,0,0,0,0,0,0,0,2,0,0,0,0,2
trend analyses,0,0,0,0,0,0,0,0,0,0,0,0,0,0,0,0,0,0,1,1,2
climate variation,0,0,0,0,0,0,0,0,0,0,0,0,0,0,0,0,0,1,0,1,2
yorkshire dales,0,0,0,0,0,1,0,1,0,0,0,0,0,0,0,0,0,0,0,0,2
yield gap,0,0,0,0,0,0,0,0,0,0,0,0,0,0,0,0,1,1,0,0,2
native bees,0,0,0,0,0,0,0,0,0,0,0,0,0,0,0,0,0,0,1,1,2
long-term prediction,0,0,0,0,0,0,0,0,0,0,0,0,0,0,0,1,0,0,0,1,2
open science,0,0,0,0,0,0,0,0,0,0,0,0,0,0,0,0,0,0,1,1,2
tropics,0,0,0,0,0,0,0,0,0,0,0,0,0,0,0,0,0,0,1,1,2
climate response,0,0,0,0,0,0,0,0,0,0,0,0,0,1,0,0,0,0,0,1,2
climate refuge,0,0,0,0,0,0,0,0,0,0,0,0,0,0,0,0,1,1,0,0,2
microtus,0,0,0,0,0,0,0,1,0,0,0,0,0,0,0,0,0,0,1,0,2
climate preferences,0,0,0,0,0,0,0,0,0,0,0,0,0,0,1,1,0,0,0,0,2
treeline,0,0,0,0,0,0,0,0,0,0,0,0,1,0,0,0,0,0,0,1,2
triatoma,0,0,0,0,0,0,0,0,0,0,0,0,0,0,1,0,0,1,0,0,2
climate-smart agriculture,0,0,0,0,0,0,0,0,0,0,0,0,0,0,0,0,1,0,0,1,2
migratory,0,0,0,0,0,0,0,0,0,0,0,1,0,0,0,1,0,0,0,0,2
zea mays,0,0,0,0,0,0,1,0,0,0,0,0,0,1,0,0,0,0,0,0,2
loxodonta africana,0,0,0,0,0,0,0,0,0,0,0,0,1,0,0,0,0,0,0,1,2
spatial pca,0,0,0,0,0,0,0,0,1,0,0,0,0,0,0,0,0,0,1,0,2
spatial point pattern,0,0,0,0,0,0,0,0,0,0,0,0,0,0,0,0,0,0,0,2,2
tropical mountain forest,0,0,0,0,0,0,1,0,0,0,0,0,0,0,0,0,0,0,0,1,2
mitochondrial genome,0,0,0,0,0,0,0,0,0,0,0,0,0,0,0,0,0,0,2,0,2
spatial prediction models,0,0,0,0,0,0,0,0,0,2,0,0,0,0,0,0,0,0,0,0,2
atlantic herring,0,0,0,0,0,0,0,0,0,0,0,0,1,0,0,0,0,0,1,0,2
zambia,0,0,0,0,0,0,0,0,0,0,0,0,0,1,0,0,0,1,0,0,2
asiatic black bear,0,0,0,0,0,0,0,0,0,0,0,0,0,0,0,1,0,0,1,0,2
national nature reserves,0,0,0,0,0,0,0,0,0,0,0,0,0,0,0,0,1,0,0,1,2
atlantic rainforest,0,0,0,0,0,0,1,1,0,0,0,0,0,0,0,0,0,0,0,0,2
mixed forest,0,0,0,0,0,0,0,0,0,0,0,0,0,1,0,1,0,0,0,0,2
longleaf pine,0,0,0,0,0,0,1,0,0,0,0,0,0,0,1,0,0,0,0,0,2
climateap,0,0,0,0,0,0,0,0,0,1,0,0,0,0,1,0,0,0,0,0,2
open-source,0,0,0,0,0,0,0,0,0,0,0,0,0,0,0,0,1,0,1,0,2
migclim,0,0,0,0,0,0,0,0,0,0,1,0,0,1,0,0,0,0,0,0,2
mesquite,0,0,0,0,0,0,0,0,0,0,0,0,1,1,0,0,0,0,0,0,2
invasive mosquito species,0,0,0,0,0,0,0,0,0,0,0,0,0,0,1,0,1,0,0,0,2
bactrocera dorsalis,0,0,0,0,0,0,0,0,0,0,0,0,0,0,0,0,1,0,1,0,2
molecular diagnosis,0,0,0,0,0,0,0,0,0,0,0,1,0,0,0,0,1,0,0,0,2
acacia,0,0,0,0,0,0,0,0,0,0,0,0,0,0,0,1,1,0,0,0,2
wheatear birds,0,0,0,0,0,0,0,0,0,0,0,0,0,0,0,0,0,1,0,1,2
megachilinae,0,0,0,0,0,0,0,0,1,0,0,0,0,0,0,0,0,1,0,0,2
centroid,0,0,0,0,0,0,0,0,0,0,0,0,0,0,0,1,0,0,0,1,2
squamata,0,0,0,0,0,0,0,0,0,0,0,0,0,0,1,0,0,0,0,1,2
squamate,0,0,0,0,1,0,0,0,0,0,0,0,0,0,0,0,0,1,0,0,2
wind farms,0,0,0,0,0,0,0,0,1,0,0,1,0,0,0,0,0,0,0,0,2
central asia,0,0,0,0,0,0,0,0,0,0,0,0,0,0,0,1,0,0,1,0,2
whale shark,0,0,0,0,0,0,1,0,0,0,0,0,1,0,0,0,0,0,0,0,2
whale,0,0,0,0,0,0,0,0,0,0,0,0,1,0,0,1,0,0,0,0,2
wetness,0,0,0,0,0,0,0,0,0,1,0,0,0,0,1,0,0,0,0,0,2
bactrocera minax,0,0,0,0,0,0,0,0,0,0,0,0,0,0,0,0,0,1,1,0,2
molecular phylogeny,0,0,0,0,0,0,0,0,0,0,1,0,0,0,1,0,0,0,0,0,2
central himalayas,0,0,0,0,0,0,0,0,0,0,0,0,1,0,0,0,0,1,0,0,2
abundant centre,0,0,0,0,0,0,0,0,0,0,1,1,0,0,0,0,0,0,0,0,2
cerambycidae,0,0,0,0,0,0,0,0,0,0,0,0,0,0,0,0,0,1,0,1,2
iucn status,0,0,0,0,0,0,1,0,0,0,0,0,0,0,0,0,0,0,1,0,2
arid and semi-arid land,0,0,0,0,0,0,0,0,0,0,0,0,0,0,0,0,0,0,1,1,2
spotted wing drosophila,0,0,0,0,0,0,0,0,0,0,0,0,0,1,0,0,0,0,0,1,2
spotted owl,0,0,0,0,2,0,0,0,0,0,0,0,0,0,0,0,0,0,0,0,2
arid climate,0,0,0,0,0,0,0,0,0,0,0,0,0,0,1,0,0,0,1,0,2
spotted fever,0,0,0,0,0,0,0,0,0,0,0,1,0,0,0,0,0,0,0,1,2
megafire,0,0,0,0,0,0,0,0,0,0,0,0,0,0,1,0,0,0,0,1,2
mojave desert,0,0,0,0,0,0,0,0,0,0,0,0,0,2,0,0,0,0,0,0,2
absence data,0,0,0,0,0,0,0,0,0,0,0,0,0,1,0,1,0,0,0,0,2
arid ecosystems,0,0,0,0,0,0,0,0,0,0,0,0,0,0,0,0,0,0,0,2,2
occurrence possibility,0,0,0,0,0,0,0,0,0,0,0,0,0,0,0,0,1,0,0,1,2
spongy moth,0,0,0,0,0,0,0,0,0,0,0,0,0,0,0,0,1,0,1,0,2
sponge,0,0,0,0,0,1,0,0,0,0,0,0,0,0,0,0,0,1,0,0,2
trail camera,0,0,0,0,0,0,0,0,0,0,0,0,0,0,0,0,0,0,0,2,2
abnj,0,0,0,0,0,0,0,0,0,0,0,0,0,1,0,1,0,0,0,0,2
object detection,0,0,0,0,0,0,0,0,0,0,0,0,0,0,0,1,0,0,0,1,2
wetland loss,0,0,0,0,0,0,0,0,0,0,0,0,0,0,0,1,0,0,0,1,2
spider,0,0,0,0,0,1,0,0,0,0,0,0,0,0,1,0,0,0,0,0,2
tortoise,0,0,0,0,0,0,0,0,0,0,0,0,0,0,0,1,0,0,1,0,2
nymphalidae,0,0,0,0,0,0,0,0,1,0,0,0,0,0,0,0,0,0,0,1,2
nymphaea,0,0,0,0,0,0,0,0,0,0,0,0,0,0,0,1,1,0,0,0,2
balaenoptera physalus,0,0,0,0,0,0,0,0,0,0,0,0,0,0,0,0,2,0,0,0,2
balanites aegyptiaca,0,0,0,0,0,0,0,0,0,0,0,0,0,0,0,0,1,0,1,0,2
statistical phylogeography,0,0,0,1,0,0,0,0,0,0,0,0,0,0,1,0,0,0,0,0,2
area under curve (auc),0,0,0,0,0,0,0,1,0,0,0,0,0,0,1,0,0,0,0,0,2
area protegida,0,0,0,0,0,0,0,0,0,0,0,0,0,1,0,0,0,0,1,0,2
mygalomorphae,0,0,0,0,0,0,0,0,0,1,0,0,0,0,1,0,0,0,0,0,2
torchlight fishery,0,0,0,0,0,0,0,0,0,0,0,0,0,0,0,0,1,1,0,0,2
west nile disease,0,0,0,0,0,0,0,0,1,0,0,0,1,0,0,0,0,0,0,0,2
jharkhand,0,0,0,0,0,0,0,0,0,0,0,0,0,0,0,2,0,0,0,0,2
west indies,0,0,0,0,0,0,0,0,1,0,0,0,0,0,1,0,0,0,0,0,2
nutrient concentration,0,0,0,0,0,0,0,0,0,0,0,0,0,0,1,0,0,1,0,0,2
additive model,0,0,0,0,0,0,0,0,1,0,0,1,0,0,0,0,0,0,0,0,2
mycorrhiza,0,0,0,0,0,0,0,0,0,0,0,0,0,0,1,1,0,0,0,0,2
western monarch,0,0,0,0,0,0,0,0,0,0,0,0,0,0,0,1,0,0,1,0,2
monarch,0,0,0,0,0,0,0,0,0,0,0,0,0,1,1,0,0,0,0,0,2
western north pacific,0,0,0,0,0,0,0,0,0,0,0,0,0,0,1,0,0,1,0,0,2
mycorrhizal fungi,0,0,0,0,0,0,0,0,0,0,0,0,0,0,0,0,1,0,0,1,2
oak decline,0,0,0,0,0,0,0,0,0,0,0,0,0,0,0,0,0,1,1,0,2
japan,0,0,0,0,1,1,0,0,0,0,0,0,0,0,0,0,0,0,0,0,2
stacked generalization,0,0,0,0,0,0,0,0,0,0,0,0,0,0,0,0,1,1,0,0,2
acoustic monitoring,0,0,0,0,0,0,0,0,0,0,0,0,0,0,0,0,0,0,1,1,2
oak forest,0,0,0,0,0,0,0,0,0,1,0,0,0,0,0,0,0,1,0,0,2
western usa,0,0,0,0,0,0,1,1,0,0,0,0,0,0,0,0,0,0,0,0,2
stable isotope analysis,0,0,0,0,0,0,0,1,0,0,0,0,0,0,0,0,1,0,0,0,2
myctophids,0,0,0,0,0,0,0,0,0,0,0,0,0,1,0,0,0,0,1,0,2
ssp585,0,0,0,0,0,0,0,0,0,0,0,0,0,0,0,0,0,1,0,1,2
tympanuchus pallidicinctus,0,0,0,0,0,1,0,0,0,0,1,0,0,0,0,0,0,0,0,0,2
center of origin,0,0,0,0,0,0,0,0,0,0,0,0,0,1,0,0,0,1,0,0,2
ssp245,0,0,0,0,0,0,0,0,0,0,0,0,0,0,0,0,0,1,0,1,2
nature based solutions,0,0,0,0,0,0,0,0,0,0,0,0,0,0,0,0,0,0,1,1,2
biogeographic province,0,0,0,0,0,0,0,0,0,0,1,0,0,0,1,0,0,0,0,0,2
transborder conservation,0,0,0,0,0,0,0,0,0,0,0,0,0,0,0,0,0,0,0,2,2
tunicata,0,0,0,0,0,0,0,0,0,0,0,0,1,0,0,0,0,0,1,0,2
modelos de nicho ecol & oacute,0,0,0,0,0,0,0,0,0,0,0,0,0,0,0,0,0,0,1,1,2
loblolly pine,0,0,0,0,0,0,1,0,0,0,0,0,0,0,1,0,0,0,0,0,2
traits,0,0,0,0,0,0,0,0,0,1,0,0,0,0,0,0,0,1,0,0,2
wild goat,0,0,0,0,0,0,0,0,0,0,0,0,0,0,0,0,0,0,2,0,2
species richness patterns,0,0,0,0,0,0,1,0,0,1,0,0,0,0,0,0,0,0,0,0,2
chicken,0,0,0,0,0,0,0,0,0,0,1,0,0,0,0,1,0,0,0,0,2
cheirotonus jansoni,0,0,0,0,0,0,0,0,0,0,0,0,0,0,0,0,0,0,1,1,2
wild sheep,0,0,0,0,0,0,0,0,0,0,0,0,1,0,1,0,0,0,0,0,2
>,0,0,0,0,0,0,0,0,0,0,0,0,0,0,0,0,0,2,0,0,2
species translocation,0,0,0,0,0,0,0,1,0,0,0,0,0,0,0,0,0,1,0,0,2
species tree,0,0,0,0,0,0,0,1,0,0,0,0,0,0,0,1,0,0,0,0,2
chelonian,0,0,0,0,0,0,0,0,0,0,1,0,0,0,1,0,0,0,0,0,2
species-environment relationship,0,0,0,0,0,0,0,0,0,0,1,0,0,0,0,1,0,0,0,0,2
trans-himalayas,0,0,0,0,0,0,0,0,0,0,0,0,0,0,1,1,0,0,0,0,2
local communities,0,0,0,0,0,0,0,0,1,0,0,0,0,0,0,0,0,0,0,1,2
chelydra serpentina,0,0,0,0,0,0,0,0,0,0,0,0,0,0,0,0,0,1,1,0,2
wildlife corridor,0,0,0,0,0,0,0,0,0,0,0,0,0,0,0,0,0,0,1,1,2
transboundary conservation,0,0,0,0,0,0,0,0,0,0,0,0,0,0,0,0,0,1,0,1,2
octocorallia,0,0,0,0,0,0,1,0,0,0,0,0,0,0,1,0,0,0,0,0,2
modelling species distribution,0,0,0,0,0,0,0,0,1,0,0,0,0,0,0,0,1,0,0,0,2
wild ungulates,0,0,0,0,0,0,0,0,0,0,0,0,0,0,1,0,0,0,1,0,2
modelling approach,0,0,0,0,0,0,0,0,0,0,0,0,0,0,0,0,0,0,0,2,2
transboundary animal disease,0,0,0,0,0,0,0,0,0,0,0,0,0,0,0,1,0,0,1,0,2
chikungunya,0,0,0,0,0,0,0,0,0,0,0,0,0,0,0,0,0,0,2,0,2
mephitis mephitis,0,0,0,0,0,0,0,0,0,0,0,0,0,0,0,1,0,0,0,1,2
island biogeography,0,0,0,0,0,0,0,0,0,1,1,0,0,0,0,0,0,0,0,0,2
chikungunya virus,0,0,0,0,0,0,0,0,0,0,0,0,1,0,0,0,0,1,0,0,2
modeling methods,0,0,0,0,0,1,0,0,0,0,1,0,0,0,0,0,0,0,0,0,2
background selection,0,0,0,0,0,0,0,0,0,0,0,0,0,0,0,0,0,0,1,1,2
lycaenidae,0,0,0,0,0,0,0,0,1,0,0,0,0,0,0,0,0,0,0,1,2
island ecology,0,0,0,0,0,0,0,0,0,0,0,0,0,0,1,0,0,0,1,0,2
local scale,0,0,0,0,0,0,1,0,0,0,0,0,0,0,0,0,0,0,0,1,2
island conservation,0,0,0,0,0,0,0,0,0,0,0,0,1,0,0,0,0,1,0,0,2
tuna purse-seine fishery,0,0,0,0,0,0,0,0,0,0,0,1,0,1,0,0,0,0,0,0,2
species' range,0,0,0,0,0,0,1,0,0,0,0,0,0,0,0,0,0,0,1,0,2
plant endemism,0,0,0,0,0,0,0,0,0,0,0,0,0,0,0,0,0,0,0,1,1
multiple stressors,0,0,0,0,0,0,0,0,0,0,0,0,0,1,0,0,0,0,0,0,1
plant disease,0,0,0,0,0,0,0,0,0,0,0,0,1,0,0,0,0,0,0,0,1
multiple time series regression,0,0,0,0,0,0,0,0,0,0,0,0,0,0,0,0,0,0,1,0,1
namibia,0,0,0,0,0,0,0,0,0,0,0,0,0,0,0,0,0,0,1,0,1
nambi desert,0,0,0,0,0,0,0,0,0,0,0,0,0,0,0,0,1,0,0,0,1
multiresolution segmentation,0,0,0,0,0,0,0,0,0,0,0,0,0,0,0,0,1,0,0,0,1
platycerus,0,0,0,0,0,0,0,0,0,0,0,0,0,0,0,1,0,0,0,0,1
multiseason occupancy models,0,0,0,0,0,0,0,0,0,0,0,0,0,0,0,1,0,0,0,0,1
multivariate statistical analysis,0,0,0,0,0,0,0,0,0,0,0,0,0,0,0,0,0,0,0,1,1
platyhelminthes,0,0,0,0,0,0,0,0,0,0,0,0,0,0,0,1,0,0,0,0,1
plant distribution dynamics,0,0,0,0,0,0,0,0,0,0,0,0,0,0,0,0,0,0,1,0,1
mussels-fish relationship,0,0,0,0,0,0,0,0,0,0,0,0,0,0,0,0,1,0,0,0,1
plant demography,0,0,0,0,0,0,0,0,0,0,0,0,1,0,0,0,0,0,0,0,1
plant diversity,0,0,0,0,0,0,0,0,0,0,0,0,1,0,0,0,0,0,0,0,1
mycoses,0,0,0,0,0,0,0,0,0,0,0,0,0,0,0,1,0,0,0,0,1
n&#8208,0,0,0,0,0,0,0,0,0,0,0,0,0,0,0,1,0,0,0,0,1
multiple soil classes,0,0,0,0,0,0,0,0,0,0,0,0,0,0,0,0,0,1,0,0,1
mycosis,0,0,0,0,0,0,0,0,0,0,0,0,0,0,0,1,0,0,0,0,1
multivariate environmental dissimilarity index,0,0,0,0,0,0,0,0,0,0,0,1,0,0,0,0,0,0,0,0,1
muskoxen,0,0,0,0,0,0,0,0,0,0,0,0,0,0,1,0,0,0,0,0,1
plant epidemiology,0,0,0,0,0,0,0,0,0,0,0,0,0,0,0,1,0,0,0,0,1
muskox,0,0,0,0,0,0,0,0,0,0,0,0,0,1,0,0,0,0,0,0,1
multiple logistic regression,0,0,0,0,0,1,0,0,0,0,0,0,0,0,0,0,0,0,0,0,1
n geogr & aacute,0,0,0,0,0,0,0,0,0,0,0,0,0,0,0,0,0,0,0,1,1
plants in china,0,0,0,0,0,0,0,0,0,0,0,0,0,0,0,0,0,0,1,0,1
multivariate discriminant analysis,0,0,0,0,0,0,0,0,0,0,0,0,0,0,0,1,0,0,0,0,1
plateau pika,0,0,0,0,0,0,0,0,0,0,0,0,0,1,0,0,0,0,0,0,1
n espacial,0,0,0,0,0,0,0,0,0,0,0,0,0,0,0,1,0,0,0,0,1
mustela erminea,0,0,0,0,0,0,0,0,1,0,0,0,0,0,0,0,0,0,0,0,1
plant disease epidemics,0,0,0,0,0,0,0,0,0,0,0,0,0,0,0,0,0,0,0,1,1
platform of opportunity,0,0,0,0,0,0,0,0,0,0,0,0,0,0,0,1,0,0,0,0,1
multiple species distribution evaluation,0,0,0,0,0,0,0,0,0,0,0,0,0,0,0,0,0,0,0,1,1
platanus orientalis l,0,0,0,0,0,0,0,0,0,0,0,0,0,0,0,0,1,0,0,0,1
myrmecology,0,0,0,0,0,0,0,1,0,0,0,0,0,0,0,0,0,0,0,0,1
platycarya,0,0,0,0,0,0,0,0,0,0,0,0,0,1,0,0,0,0,0,0,1
plant disease insect vectors,0,0,0,0,0,0,0,0,0,0,0,0,0,0,0,0,0,1,0,0,1
napo,0,0,0,0,0,0,0,0,0,0,0,0,1,0,0,0,0,0,0,0,1
nantahala national forest,0,0,0,0,0,0,0,0,0,0,0,0,0,0,0,0,0,0,0,1,1
planning,0,0,0,0,0,0,0,0,0,0,0,0,0,0,0,1,0,0,0,0,1
myrmicinae,0,0,0,0,0,0,0,0,0,0,0,0,0,0,0,0,0,0,0,1,1
mutualisms,0,0,0,0,0,0,0,0,0,0,1,0,0,0,0,0,0,0,0,0,1
plasticity,0,0,0,0,0,0,0,0,0,0,0,0,0,0,0,0,1,0,0,0,1
planeacion de la conservacion,0,0,0,0,0,0,0,0,0,0,0,0,0,0,0,0,0,1,0,0,1
pistachios,0,0,0,0,0,0,0,0,0,0,0,0,0,0,0,0,0,1,0,0,1
myrtle rust,0,0,0,0,0,0,0,0,0,0,0,0,0,0,1,0,0,0,0,0,1
myanmar,0,0,0,0,0,0,0,0,0,0,0,0,0,0,1,0,0,0,0,0,1
multiple decision making,0,0,0,0,0,0,0,0,0,0,0,0,0,0,0,0,0,0,0,1,1
plant distribution prediction,0,0,0,0,0,0,0,0,0,0,0,0,0,0,0,0,0,0,1,0,1
plankton,0,0,0,0,0,0,0,0,0,0,0,0,0,0,0,0,1,0,0,0,1
planetscope image,0,0,0,0,0,0,0,0,0,0,0,0,0,0,0,0,0,0,1,0,1
plastic to zooplankton ratio,0,0,0,0,0,0,0,0,0,0,0,0,0,0,0,0,0,1,0,0,1
mycetopodidae,0,0,0,0,0,0,0,0,0,0,0,0,0,0,0,0,1,0,0,0,1
multiple spatial scales,0,0,0,0,0,0,0,1,0,0,0,0,0,0,0,0,0,0,0,0,1
narclim,0,0,0,0,0,0,0,0,0,0,0,0,1,0,0,0,0,0,0,0,1
myristica dactyloides gaertn.,0,0,0,0,0,0,0,0,0,1,0,0,0,0,0,0,0,0,0,0,1
multiple host factors,0,0,0,0,0,0,0,0,0,0,0,0,0,0,0,0,1,0,0,0,1
plasmodium knowlesi,0,0,0,0,0,0,0,0,0,0,0,0,0,0,0,0,0,1,0,0,1
mutational load,0,0,0,0,0,0,0,0,0,0,0,0,0,0,0,0,0,0,0,1,1
multiple data sources,0,0,0,0,0,0,0,1,0,0,0,0,0,0,0,0,0,0,0,0,1
plant migration,0,0,0,0,0,0,0,0,0,0,0,0,0,0,0,1,0,0,0,0,1
myotis pilosus,0,0,0,0,0,0,0,0,0,0,0,0,0,0,0,0,0,1,0,0,1
mycotoxins,0,0,0,0,0,0,0,0,0,0,0,0,0,0,0,0,0,0,0,1,1
multispectral remote sensing,0,0,0,0,0,0,0,0,0,0,0,0,0,1,0,0,0,0,0,0,1
plant records,0,0,0,0,0,0,0,0,0,0,0,0,0,0,1,0,0,0,0,0,1
multispectral classification,0,0,0,0,0,0,0,0,0,0,0,0,0,0,0,1,0,0,0,0,1
mytilus,0,0,0,0,0,0,1,0,0,0,0,0,0,0,0,0,0,0,0,0,1
plant biogeography,0,0,0,0,0,0,0,0,0,0,0,0,0,0,0,0,1,0,0,0,1
myosorex,0,0,0,0,0,0,0,0,0,0,0,1,0,0,0,0,0,0,0,0,1
plant species management,0,0,0,0,0,0,0,0,0,0,0,0,0,0,1,0,0,0,0,0,1
plant area volume density,0,0,0,0,0,0,0,0,0,0,0,0,0,1,0,0,0,0,0,0,1
myrtus communis (myrtle),0,0,0,0,0,0,0,0,0,0,0,0,1,0,0,0,0,0,0,0,1
plant -pollinator interaction,0,0,0,0,0,0,0,0,0,0,0,0,0,0,0,0,0,0,1,0,1
plant spread risk,0,0,0,0,0,0,0,0,0,0,0,0,0,1,0,0,0,0,0,0,1
place based,0,0,0,0,0,1,0,0,0,0,0,0,0,0,0,0,0,0,0,0,1
plant succession,0,0,0,0,0,0,0,0,0,0,0,0,0,0,0,0,0,0,0,1,1
plant population,0,0,0,0,0,0,0,0,0,0,0,1,0,0,0,0,0,0,0,0,1
myriophyllum aquaticum,0,0,0,0,0,0,0,0,0,0,0,0,0,0,0,0,1,0,0,0,1
pixel size,0,0,0,0,0,0,0,0,0,0,0,0,0,0,0,0,0,0,0,1,1
plague focus,0,0,0,0,0,0,0,0,0,0,0,0,0,0,0,0,0,1,0,0,1
musaceae,0,0,0,0,0,0,0,0,0,0,0,0,0,0,0,1,0,0,0,0,1
pitviper,0,0,0,0,0,0,0,0,0,0,0,0,0,0,0,0,0,0,1,0,1
multivariate conditional autoregressive,0,0,0,0,0,0,0,0,0,0,0,1,0,0,0,0,0,0,0,0,1
myotis sodalis,0,0,0,0,0,0,0,1,0,0,0,0,0,0,0,0,0,0,0,0,1
myotis emarginatus,0,0,0,0,0,0,0,0,0,1,0,0,0,0,0,0,0,0,0,0,1
mytilus edulis (linnaeus 1758),0,0,0,0,0,0,0,0,0,0,0,0,0,0,0,0,0,1,0,0,1
plains spotted skunk,0,0,0,0,0,0,0,0,0,0,0,0,0,0,0,0,1,0,0,0,1
myotis,0,0,0,0,0,1,0,0,0,0,0,0,0,0,0,0,0,0,0,0,1
plains sharp-tailed grouse,0,0,0,0,0,0,0,0,0,0,0,0,0,1,0,0,0,0,0,0,1
muntjak,0,0,0,0,0,1,0,0,0,0,0,0,0,0,0,0,0,0,0,0,1
musa paradisiaca,0,0,0,0,0,0,0,0,0,0,0,0,0,0,0,0,0,0,0,1,1
myrceugenia,0,0,0,0,0,0,0,0,0,0,0,0,0,0,0,0,0,0,0,1,1
multitemporal species distribution modeling,0,0,0,0,0,0,0,0,0,0,0,0,0,0,0,0,0,0,1,0,1
myrica esculenta,0,0,0,0,0,0,0,0,0,0,0,0,0,1,0,0,0,0,0,0,1
myotinae,0,0,0,0,0,1,0,0,0,0,0,0,0,0,0,0,0,0,0,0,1
plan forestal noroccidental,0,0,0,0,1,0,0,0,0,0,0,0,0,0,0,0,0,0,0,0,1
plague natural foci,0,0,0,0,0,0,0,0,0,0,0,0,0,0,0,0,1,0,0,0,1
plant habitats,0,0,0,0,0,0,0,0,0,0,0,0,0,0,0,0,0,0,1,0,1
plant taxonomy,0,0,0,0,0,0,0,0,0,0,0,0,0,0,0,0,0,0,1,0,1
plant-food resources,0,0,0,0,0,0,0,0,0,0,0,0,0,0,1,0,0,0,0,0,1
plant decay,0,0,0,0,0,0,0,0,0,0,0,0,0,0,0,0,1,0,0,0,1
mum entropy,0,0,0,0,0,0,0,0,0,0,0,0,0,0,0,0,0,0,1,0,1
pitcher plant,0,0,0,0,0,0,0,1,0,0,0,0,0,0,0,0,0,0,0,0,1
museum records,0,0,0,0,0,0,0,0,0,0,0,0,0,0,0,0,0,0,1,0,1
plantations,0,0,0,0,0,0,0,0,0,0,0,0,0,0,0,0,0,1,0,0,1
myiopsitta monachus,0,0,0,0,0,0,0,0,0,0,0,0,0,1,0,0,0,0,0,0,1
n de especies,0,0,0,0,0,0,0,0,0,0,0,0,0,0,0,1,0,0,0,0,1
n de la conservaci&#243,0,0,0,0,0,0,0,0,0,0,0,0,0,0,0,1,0,0,0,0,1
plant pathology,0,0,0,0,0,0,0,0,0,0,0,0,0,0,0,0,0,0,0,1,1
plant community composition,0,0,0,0,0,0,0,0,1,0,0,0,0,0,0,0,0,0,0,0,1
muntiacus reevesi,0,0,0,0,0,0,0,0,0,0,0,0,0,0,0,0,1,0,0,0,1
museums,0,0,0,0,0,0,0,0,0,0,0,0,0,1,0,0,0,0,0,0,1
musk deer,0,0,0,0,0,0,0,0,0,0,0,0,0,1,0,0,0,0,0,0,1
n del uso de suelo,0,0,0,0,0,0,0,0,0,0,0,0,0,0,0,1,0,0,0,0,1
plantgro model,0,0,0,0,0,0,1,0,0,0,0,0,0,0,0,0,0,0,0,0,1
plant community reorganization,0,0,0,0,0,0,0,0,0,0,0,0,1,0,0,0,0,0,0,0,1
pitaya,0,0,0,0,0,0,0,0,0,0,0,0,0,0,0,0,0,0,0,1,1
plantation management,0,0,0,0,0,0,0,0,0,0,0,0,0,0,0,0,1,0,0,0,1
plant identification,0,0,0,0,0,0,0,0,0,0,0,0,0,0,0,0,0,0,0,1,1
plant performance,0,0,0,0,0,0,0,0,0,0,0,0,0,0,0,1,0,0,0,0,1
plantation forests,0,0,0,0,0,0,0,0,0,0,0,0,0,0,0,0,0,0,1,0,1
pitlake conservation,0,0,0,0,0,0,0,0,0,0,0,0,0,0,1,0,0,0,0,0,1
musagracilis holttum,0,0,0,0,0,0,0,0,0,0,0,0,0,0,0,0,1,0,0,0,1
myoporum thrips,0,0,0,0,0,0,0,0,0,0,0,0,0,0,1,0,0,0,0,0,1
mytilus galloprovincialis,0,0,0,0,0,0,0,0,0,0,0,0,0,0,0,0,0,0,1,0,1
pitlake,0,0,0,0,0,0,0,0,0,0,0,0,0,0,1,0,0,0,0,0,1
multisensor fusion,0,0,0,0,0,0,0,0,0,0,0,0,0,0,0,0,1,0,0,0,1
multisensor,0,0,0,0,0,0,0,0,0,0,0,0,0,0,0,1,0,0,0,0,1
myodes glareolus,0,0,0,0,0,0,0,0,0,0,0,0,0,0,0,1,0,0,0,0,1
municipality,0,0,0,0,0,0,0,0,0,0,0,0,0,0,0,0,0,0,1,0,1
plant-parasitic nematodes,0,0,0,0,0,0,0,0,0,0,0,0,0,0,0,0,0,0,0,1,1
plant hybridization,0,0,0,0,0,0,0,0,0,0,0,0,1,0,0,0,0,0,0,0,1
plant-pollinator decoupling,0,0,0,0,0,0,0,0,0,0,0,0,0,0,0,0,0,0,0,1,1
pitfall trapping,0,0,0,0,0,0,0,0,0,0,0,0,0,0,0,0,0,1,0,0,1
museos,0,0,0,0,0,0,0,0,0,0,0,0,0,1,0,0,0,0,0,0,1
plant-pollinator mutualism,0,0,0,0,0,0,0,0,0,0,0,0,0,0,0,0,0,0,0,1,1
myristicaceae,0,0,0,0,0,0,0,0,0,0,1,0,0,0,0,0,0,0,0,0,1
optimization model,0,0,0,0,0,0,0,0,0,0,0,0,0,0,0,0,0,1,0,0,1
multiple correspondence analysis,0,0,0,0,0,0,1,0,0,0,0,0,0,0,0,0,0,0,0,0,1
mole national park,0,0,0,0,0,0,0,0,0,0,0,1,0,0,0,0,0,0,0,0,1
modler,0,0,0,0,0,0,0,0,0,0,0,0,0,0,0,0,0,0,0,1,1
moehringia fontqueri,0,0,0,0,0,0,0,0,0,0,0,0,0,0,0,0,1,0,0,0,1
moist afromontane forest,0,0,0,0,0,0,0,0,0,0,0,0,0,0,0,0,1,0,0,0,1
potential effect,0,0,0,0,0,0,0,0,0,0,0,0,0,0,0,0,0,0,0,1,1
moisture,0,0,0,0,0,0,0,0,0,0,0,0,0,0,0,0,1,0,0,0,1
molar occlusal topography,0,0,0,0,0,0,0,0,0,0,0,1,0,0,0,0,0,0,0,0,1
molds,0,0,0,0,0,0,0,0,0,0,0,0,0,0,0,0,0,1,0,0,1
molecular ecology,0,0,0,0,0,0,0,0,0,0,0,0,0,0,0,0,0,0,1,0,1
potential establishment,0,0,0,0,0,0,0,0,0,0,0,0,0,0,0,1,0,0,0,0,1
potential agb reserve,0,0,0,0,0,0,0,0,0,0,0,0,0,0,0,0,0,1,0,0,1
potato cyst nematodes,0,0,0,0,0,0,0,0,0,0,0,0,0,0,0,0,0,0,1,0,1
potato breeding material,0,0,0,0,0,0,0,0,1,0,0,0,0,0,0,0,0,0,0,0,1
potato,0,0,0,0,0,0,0,0,0,0,0,0,0,0,0,0,1,0,0,0,1
potamopyrgus antipodarum,0,0,0,0,0,0,0,0,0,0,0,0,0,0,1,0,0,0,0,0,1
molecular phylogeography,0,0,0,0,0,0,0,1,0,0,0,0,0,0,0,0,0,0,0,0,1
potamilus amphichaenus,0,0,0,0,0,0,0,0,0,0,0,1,0,0,0,0,0,0,0,0,1
modis land surface temperature,0,0,0,0,0,0,0,0,0,0,0,0,0,1,0,0,0,0,0,0,1
modis gpp,0,0,0,0,0,0,0,0,0,0,0,0,0,0,1,0,0,0,0,0,1
modeling process,0,0,0,0,0,0,0,0,0,0,0,0,0,0,0,0,0,1,0,0,1
modelo autoregresivo espacial,0,0,0,0,1,0,0,0,0,0,0,0,0,0,0,0,0,0,0,0,1
modelled environmental surfaces,0,0,0,0,0,0,0,0,0,0,0,0,0,0,1,0,0,0,0,0,1
modelling,0,0,0,0,0,0,0,0,0,0,0,0,0,0,0,0,0,0,0,1,1
modelling and mapping,0,0,0,0,0,0,0,0,0,0,0,0,0,0,0,0,0,0,1,0,1
modelling and suitable habitat,0,0,0,0,0,0,0,0,0,0,0,0,0,0,0,0,1,0,0,0,1
modelling mountain species,0,0,0,0,0,0,0,0,0,0,0,0,0,0,0,1,0,0,0,0,1
potential habitat prediction,0,0,0,0,0,0,0,0,0,0,0,0,0,0,0,0,0,0,1,0,1
modelling techniques,0,0,0,0,0,0,0,0,0,0,0,0,1,0,0,0,0,0,0,0,1
modelo bayesiano jerarquico,0,0,0,0,1,0,0,0,0,0,0,0,0,0,0,0,0,0,0,0,1
potential evapotranspiration,0,0,0,0,0,0,0,0,0,0,0,0,0,1,0,0,0,0,0,0,1
potential fishing grounds,0,0,0,0,0,0,0,0,0,0,0,0,0,0,0,1,0,0,0,0,1
modelos de distribuci&#243,0,0,0,0,0,0,0,0,0,0,0,0,0,0,0,1,0,0,0,0,1
potential expansion,0,0,0,0,0,0,0,0,0,0,0,0,0,0,0,1,0,0,0,0,1
modelos predictivos,0,0,0,1,0,0,0,0,0,0,0,0,0,0,0,0,0,0,0,0,1
modern analogues,0,0,0,0,0,0,0,0,0,0,0,1,0,0,0,0,0,0,0,0,1
modiolus modiolus,0,0,0,0,0,0,0,1,0,0,0,0,0,0,0,0,0,0,0,0,1
modis data,0,0,0,0,0,0,0,0,0,0,0,0,0,0,0,0,0,0,0,1,1
molecular taxonomy,0,0,0,0,0,0,0,0,0,0,0,0,1,0,0,0,0,0,0,0,1
postglacial expansion,0,0,0,0,0,0,0,0,0,0,1,0,0,0,0,0,0,0,0,0,1
posterior predictive simulations,0,0,0,0,0,0,0,0,0,0,0,0,1,0,0,0,0,0,0,0,1
porcine circovirus type 2 (pcv2),0,0,0,0,0,0,0,0,0,0,0,0,0,0,0,0,0,0,0,1,1
monkey disease,0,0,0,0,0,0,0,0,0,0,0,0,0,0,0,1,0,0,0,0,1
monochamus alternatus,0,0,0,0,0,0,0,0,0,0,0,0,0,0,0,0,0,0,1,0,1
monochamus carolinensis,0,0,0,0,0,0,0,0,0,0,0,0,0,0,0,0,0,1,0,0,1
monochamus saltuarius,0,0,0,0,0,0,0,0,0,0,0,0,0,0,0,0,0,0,1,0,1
monochamus spp.,0,0,0,0,0,0,0,0,0,0,0,0,0,0,0,0,0,0,1,0,1
monochamus sutor,0,0,0,0,0,0,0,0,0,0,0,0,0,0,0,0,0,0,0,1,1
port hacking,0,0,0,0,0,0,0,0,0,0,0,0,1,0,0,0,0,0,0,0,1
monolepta hieroglyphica,0,0,0,0,0,0,0,0,0,0,0,0,0,0,0,0,0,0,0,1,1
molleturo,0,0,0,0,0,0,0,0,0,0,0,0,0,0,0,0,0,0,0,1,1
populus,0,0,0,0,0,0,0,0,0,0,0,0,0,0,0,0,0,0,1,0,1
monolepta quadriguttata,0,0,0,0,0,0,0,0,0,0,0,0,0,0,0,0,0,0,0,1,1
montane areas,0,0,0,0,0,0,0,0,0,0,0,0,0,0,0,0,1,0,0,0,1
populations with different climatic niche,0,0,0,0,0,0,0,0,0,0,0,0,0,0,0,0,0,0,1,0,1
montane ecosystems,0,0,0,0,0,0,0,0,0,0,0,0,0,0,0,1,0,0,0,0,1
population viability,0,0,0,0,0,0,0,0,0,0,0,0,0,0,0,0,0,0,0,1,1
montane meadow,0,0,0,0,0,0,0,0,0,0,0,0,0,0,0,0,0,1,0,0,1
monitoring data,0,0,0,0,0,0,0,0,0,0,0,0,1,0,0,0,0,0,0,0,1
portunus trituberculatus,0,0,0,0,0,0,0,0,0,0,0,0,0,0,0,1,0,0,0,0,1
monitoring counts,0,0,0,0,0,0,0,0,0,0,0,0,0,0,1,0,0,0,0,0,1
posidonia oceanica,0,0,0,0,0,0,0,0,0,0,0,0,0,0,1,0,0,0,0,0,1
post-socialist land use change,0,0,0,0,1,0,0,0,0,0,0,0,0,0,0,0,0,0,0,0,1
mollusk conservation,0,0,0,0,0,0,0,0,0,0,0,0,0,0,0,0,0,0,0,1,1
post-glacial migration lags,0,0,0,0,0,0,0,0,0,0,0,0,0,0,0,0,0,1,0,0,1
molossidae,0,0,0,0,0,0,0,0,0,0,0,0,0,0,1,0,0,0,0,0,1
post-fire regeneration,0,0,0,0,0,0,0,0,0,0,0,1,0,0,0,0,0,0,0,0,1
moluccas,0,0,0,0,0,0,0,0,0,0,0,0,1,0,0,0,0,0,0,0,1
positive predictive power,0,0,0,0,0,0,0,0,0,1,0,0,0,0,0,0,0,0,0,0,1
monetary assessment,0,0,0,0,0,0,0,0,0,0,0,0,0,0,0,0,1,0,0,0,1
mongolia,0,0,0,0,0,0,0,0,0,0,0,0,0,0,0,0,0,0,0,1,1
mongolian oak,0,0,0,0,0,0,0,0,0,0,0,0,0,0,0,0,0,0,0,1,1
positive and unlabelled learning,0,0,0,0,0,1,0,0,0,0,0,0,0,0,0,0,0,0,0,0,1
moniliasis,0,0,0,0,0,0,0,0,0,0,0,0,0,0,0,0,1,0,0,0,1
monitoreo de biodiversidad,0,0,0,0,0,0,0,0,0,0,0,0,0,0,0,0,0,0,0,1,1
positional uncertainty,0,0,0,0,0,0,0,0,0,1,0,0,0,0,0,0,0,0,0,0,1
positional accuracy,0,0,0,0,0,0,0,0,0,0,0,0,0,0,0,0,0,0,1,0,1
modeling training,0,0,0,0,0,0,0,0,0,0,0,0,0,0,0,0,0,1,0,0,1
modeling ecological niche,0,0,0,0,0,0,0,0,0,0,0,0,0,0,0,0,0,0,0,1,1
multiple broods,0,0,0,0,0,0,1,0,0,0,0,0,0,0,0,0,0,0,0,0,1
ppen-geiger climate classification,0,0,0,0,0,0,0,0,0,0,0,0,0,0,0,0,0,0,1,0,1
practical maxent toolbox,0,0,0,0,0,0,0,0,0,1,0,0,0,0,0,0,0,0,0,0,1
pprv,0,0,0,0,0,0,0,0,0,0,0,0,0,0,0,0,0,1,0,0,1
mitochondrial sequence data,0,0,0,0,0,0,0,0,0,0,1,0,0,0,0,0,0,0,0,0,1
ppr,0,0,0,0,0,0,0,0,0,0,0,0,0,0,0,0,0,1,0,0,1
ppm,0,0,0,0,0,0,0,0,0,0,0,0,0,0,0,0,0,0,1,0,1
mixed layer depth,0,0,0,0,0,0,0,0,0,0,0,0,0,0,0,0,1,0,0,0,1
mixed least squares-total least squares method,0,0,0,0,0,0,0,0,0,0,0,0,0,0,0,0,0,1,0,0,1
mixed northern hepatic mat,0,0,0,0,0,0,0,0,0,0,1,0,0,0,0,0,0,0,0,0,1
mito-nuclear,0,0,0,0,0,0,0,0,0,0,0,0,0,0,0,1,0,0,0,0,1
mixed-land use aquifer,0,0,0,0,0,0,0,0,0,0,0,0,0,0,0,1,0,0,0,0,1
ppell's vultures,0,0,0,0,0,0,0,0,0,0,0,0,0,0,0,0,0,0,1,0,1
poweshiek skipperling,0,0,0,0,0,0,0,0,0,0,1,0,0,0,0,0,0,0,0,0,1
mnemiopsis leidyi,0,0,0,0,0,0,0,0,0,0,0,0,0,0,0,0,0,0,0,1,1
powerful owls,0,0,0,0,0,0,0,0,0,0,0,1,0,0,0,0,0,0,0,0,1
mobile application,0,0,0,0,0,0,0,0,0,0,0,0,0,0,0,0,0,0,1,0,1
mobile river basin,0,0,0,0,0,0,0,0,0,0,0,0,0,1,0,0,0,0,0,0,1
mitochondrial diversity,0,0,0,0,0,0,0,0,0,0,0,0,0,0,0,0,0,0,1,0,1
prairie grouse,0,0,0,0,0,0,0,0,0,0,1,0,0,0,0,0,0,0,0,0,1
model-based data integration,0,0,0,0,0,0,0,0,0,0,0,0,0,0,0,0,1,0,0,0,1
miridae,0,0,0,0,0,0,0,0,0,0,0,0,0,0,1,0,0,0,0,0,1
minimum residence time,0,0,0,0,0,0,0,0,0,0,0,0,0,0,0,0,1,0,0,0,1
minimum temperature of coldest month (bio6),0,0,0,0,0,0,0,0,0,0,0,0,0,0,0,0,1,0,0,0,1
minimum volume ellipsoid,0,0,0,0,0,0,0,0,0,0,0,1,0,0,0,0,0,0,0,0,1
precision farming,0,0,0,0,0,0,0,0,0,0,0,0,0,0,0,0,0,1,0,0,1
mining,0,0,0,0,0,0,0,0,0,0,0,0,0,0,0,0,0,0,1,0,1
minjiang river basin,0,0,0,0,0,0,0,0,0,0,0,0,0,0,0,0,1,0,0,0,1
minnesota,0,0,0,0,0,0,0,0,0,0,0,0,0,1,0,0,0,0,0,0,1
miroc6,0,0,0,0,0,0,0,0,0,0,0,0,0,0,0,0,0,0,1,0,1
mitigation conservation,0,0,0,0,0,0,0,0,0,0,0,0,0,1,0,0,0,0,0,0,1
precis,0,0,0,0,0,0,0,0,0,0,0,1,0,0,0,0,0,0,0,0,1
miroc6 models,0,0,0,0,0,0,0,0,0,0,0,0,0,0,0,0,0,0,0,1,1
precipitation and river flow,0,0,0,0,0,0,0,0,0,0,0,0,0,0,0,0,0,0,0,1,1
mist nets,0,0,0,0,0,0,0,0,1,0,0,0,0,0,0,0,0,0,0,0,1
praxelinae,0,0,0,0,0,0,0,0,0,0,0,0,0,0,0,0,0,1,0,0,1
mistletoe,0,0,0,0,0,0,0,0,0,0,0,0,0,0,0,0,0,0,0,1,1
mitigation and adaptation,0,0,0,0,0,0,0,0,0,0,0,0,0,0,0,0,0,0,0,1,1
power analysis,0,0,0,0,0,0,0,0,0,0,0,1,0,0,0,0,0,0,0,0,1
mobility/circulation of resources,0,0,0,0,0,0,0,0,0,0,0,0,0,0,1,0,0,0,0,0,1
modeco,0,0,0,0,0,0,0,0,1,0,0,0,0,0,0,0,0,0,0,0,1
potential suitability,0,0,0,0,0,0,0,1,0,0,0,0,0,0,0,0,0,0,0,0,1
model interrogation,0,0,0,0,0,0,0,0,1,0,0,0,0,0,0,0,0,0,0,0,1
model overprediction,0,0,0,0,0,0,0,0,0,0,0,0,0,0,1,0,0,0,0,0,1
model prediction in no-analogue environments,0,0,0,0,0,0,0,1,0,0,0,0,0,0,0,0,0,0,0,0,1
potential suitable region,0,0,0,0,0,0,0,0,0,0,0,0,0,0,0,0,0,0,0,1,1
potential suitable habitats,0,0,0,0,0,0,0,0,0,0,0,0,0,0,0,1,0,0,0,0,1
model quality,0,0,0,0,0,0,0,0,0,0,0,0,0,0,1,0,0,0,0,0,1
model stability,0,0,0,1,0,0,0,0,0,0,0,0,0,0,0,0,0,0,0,0,1
potential species richness,0,0,0,0,0,0,0,0,0,0,0,0,0,0,0,0,0,0,0,1,1
modeflora,0,0,0,0,0,0,0,0,0,1,0,0,0,0,0,0,0,0,0,0,1
potential species distribution,0,0,0,0,0,0,0,0,0,0,0,0,0,0,0,0,0,0,0,1,1
potential risk zone distribution,0,0,0,0,0,0,0,0,0,0,0,0,1,0,0,0,0,0,0,0,1
model validation framework,0,0,0,0,0,0,0,0,0,0,0,0,0,0,0,0,0,0,0,1,1
potential risk areas,0,0,0,0,0,0,0,0,0,0,0,0,0,0,0,1,0,0,0,0,1
potential risk,0,0,0,0,0,0,0,0,0,0,0,0,0,0,0,0,1,0,0,0,1
potential richness,0,0,0,0,0,0,0,0,0,0,0,0,0,0,0,0,0,0,1,0,1
model variable selection,0,0,0,0,0,0,0,0,0,0,0,0,0,0,0,1,0,0,0,0,1
model interpretability,0,0,0,0,0,0,0,0,0,0,0,0,0,0,0,0,0,0,0,1,1
model generalization,0,0,0,0,0,0,0,0,0,0,0,0,0,0,0,0,0,1,0,0,1
model fit,0,0,0,0,0,0,0,0,0,0,0,0,0,1,0,0,0,0,0,0,1
model errors,0,0,0,1,0,0,0,0,0,0,0,0,0,0,0,0,0,0,0,0,1
powassan virus,0,0,0,0,0,0,0,0,0,0,0,0,0,0,0,1,0,0,0,0,1
poultry genetics and breeding,0,0,0,0,0,0,0,0,0,0,0,0,0,0,0,1,0,0,0,0,1
poultry,0,0,0,0,0,0,0,0,0,0,0,0,0,0,0,0,1,0,0,0,1
model assessment,0,0,0,0,0,0,0,0,0,0,0,0,0,0,0,1,0,0,0,0,1
potyvirus,0,0,0,0,0,0,0,0,0,0,0,0,0,0,0,0,1,0,0,0,1
potyviridae,0,0,0,0,0,0,0,0,0,0,0,0,0,0,0,0,1,0,0,0,1
model bias,0,0,0,0,0,0,0,0,0,0,1,0,0,0,0,0,0,0,0,0,1
model challenges,0,0,0,0,0,0,0,0,0,0,0,0,0,0,0,1,0,0,0,0,1
potential threat,0,0,0,0,0,0,0,0,0,0,0,0,0,0,1,0,0,0,0,0,1
model choice,0,0,0,0,0,0,0,0,0,0,0,0,0,0,0,0,0,0,1,0,1
potential survey area,0,0,0,0,0,0,0,0,0,0,0,0,0,0,0,0,1,0,0,0,1
model comparisons,0,0,0,0,0,1,0,0,0,0,0,0,0,0,0,0,0,0,0,0,1
model consensus,0,0,0,0,0,0,0,0,0,0,0,0,0,0,1,0,0,0,0,0,1
model contributors,0,0,0,0,0,0,0,0,0,0,0,0,0,0,0,0,0,0,1,0,1
model drivers,0,0,0,0,0,0,0,0,0,0,0,0,0,0,0,0,0,0,1,0,1
montane tropics,0,0,0,0,0,0,1,0,0,0,0,0,0,0,0,0,0,0,0,0,1
population surveys,0,0,0,0,0,0,0,0,0,0,0,0,0,0,0,0,0,0,0,1,1
montanelia disjuncta,0,0,0,0,0,0,0,0,0,1,0,0,0,0,0,0,0,0,0,0,1
poecile gambeli,0,0,0,0,0,0,0,0,0,0,0,0,0,0,0,0,0,0,1,0,1
poisonous grass,0,0,0,0,0,0,0,0,0,0,0,0,0,0,0,0,0,0,1,0,1
point-to-grid,0,0,0,0,0,0,0,0,0,1,0,0,0,0,0,0,0,0,0,0,1
multi-model approach,0,0,0,0,0,0,0,0,0,1,0,0,0,0,0,0,0,0,0,0,1
point process weighting,0,0,0,0,0,0,0,0,0,0,0,0,0,0,0,0,1,0,0,0,1
multi-model assessment,0,0,0,0,0,0,0,0,0,0,0,0,0,0,0,0,0,0,1,0,1
point process model,0,0,0,0,0,0,0,0,0,0,0,0,0,0,0,0,0,1,0,0,1
multi-model ensemble,0,0,0,0,0,0,0,0,0,0,0,0,0,0,0,1,0,0,0,0,1
poecile carolinensis,0,0,0,0,0,0,0,0,0,1,0,0,0,0,0,0,0,0,0,0,1
poisson likelihood,0,0,0,0,0,0,0,1,0,0,0,0,0,0,0,0,0,0,0,0,1
multi-scale habitat selection,0,0,0,0,0,0,0,0,0,0,0,0,0,0,0,1,0,0,0,0,1
multi-scale model optimisation,0,0,0,0,0,0,0,0,0,0,0,0,0,0,0,0,0,0,0,1,1
poecile atricapillus,0,0,0,0,0,0,0,0,0,1,0,0,0,0,0,0,0,0,0,0,1
podolian upland,0,0,0,0,0,0,0,0,0,0,0,0,0,0,0,0,0,0,1,0,1
podocarpus falcatus,0,0,0,0,0,0,0,0,0,0,0,0,0,0,0,0,1,0,0,0,1
multi-scale modelling approach,0,0,0,0,0,0,0,0,0,0,0,0,0,0,0,0,0,0,0,1,1
multi-scale optimization,0,0,0,0,0,0,0,0,0,0,0,0,0,0,0,0,1,0,0,0,1
multi-gcm ensembles,0,0,0,0,0,0,0,0,0,0,0,0,0,0,0,0,1,0,0,0,1
multi-climate scenarios,0,0,0,0,0,0,0,0,0,0,0,0,0,0,0,0,0,0,1,0,1
montanelia sorediata,0,0,0,0,0,0,0,0,0,1,0,0,0,0,0,0,0,0,0,0,1
mpumalanga,0,0,0,0,0,0,0,0,0,0,0,0,0,0,0,0,0,0,1,0,1
mouse-tailed bat,0,0,0,0,0,0,0,0,0,0,0,0,0,0,0,0,1,0,0,0,1
polistes,0,0,0,0,0,0,0,0,1,0,0,0,0,0,0,0,0,0,0,0,1
policy scenario,0,0,0,0,0,0,0,0,0,0,0,0,0,0,0,1,0,0,0,0,1
movement barriers,0,0,0,0,0,0,0,0,0,1,0,0,0,0,0,0,0,0,0,0,1
poleward shift,0,0,0,0,0,0,0,0,0,0,0,0,0,0,0,1,0,0,0,0,1
mpox,0,0,0,0,0,0,0,0,0,0,0,0,0,0,0,0,0,0,1,0,1
mpox virus,0,0,0,0,0,0,0,0,0,0,0,0,0,0,0,0,0,1,0,0,1
msdm,0,0,0,0,0,0,0,0,0,0,0,0,0,0,0,0,0,1,0,0,1
multi-algorithm ensembles,0,0,0,0,0,0,0,0,0,0,0,0,0,0,0,0,0,0,1,0,1
msmc2,0,0,0,0,0,0,0,0,0,0,0,0,0,0,0,0,0,1,0,0,1
mspa,0,0,0,0,0,0,0,0,0,0,0,0,1,0,0,0,0,0,0,0,1
poland,0,0,0,0,0,0,0,0,0,0,0,0,0,0,1,0,0,0,0,0,1
mtdna lineages,0,0,0,0,0,0,0,0,0,0,0,0,1,0,0,0,0,0,0,0,1
mud shrimp,0,0,0,0,0,0,0,1,0,0,0,0,0,0,0,0,0,0,0,0,1
poisson point pattern,0,0,0,0,0,0,0,0,0,0,0,0,0,0,0,0,0,1,0,0,1
mule,0,0,0,0,0,0,0,0,0,0,0,1,0,0,0,0,0,0,0,0,1
podocarpaceae,0,0,0,0,0,0,0,0,0,0,0,0,0,0,0,0,1,0,0,0,1
multi-scale sdm,0,0,0,0,0,0,0,0,0,0,0,0,0,0,0,0,0,0,1,0,1
multi-scenario simulation,0,0,0,0,0,0,0,0,0,0,0,0,0,0,0,0,0,0,1,0,1
pleistocene climate fluctuations,0,0,0,0,0,0,0,0,0,0,0,0,0,0,0,0,1,0,0,0,1
plethodon nettingi,0,0,0,0,0,0,0,0,0,0,0,0,0,0,0,0,0,0,0,1,1
plethodon neomexicanus,0,0,0,0,0,0,0,0,0,0,0,1,0,0,0,0,0,0,0,0,1
plethodon,0,0,0,0,0,0,0,0,0,0,0,0,0,0,0,1,0,0,0,0,1
plenodomus tracheiphilus,0,0,0,0,0,0,0,0,0,0,0,0,0,0,0,0,0,1,0,0,1
multicollinearity test,0,0,0,0,0,0,0,0,0,0,0,0,0,0,1,0,0,0,0,0,1
pleistocene fossils,0,0,0,0,0,0,0,0,0,0,0,0,0,0,0,0,0,0,1,0,1
pleistocene distribution,0,0,0,0,0,0,0,0,0,0,1,0,0,0,0,0,0,0,0,0,1
multicriteria suitability evaluation model,0,0,0,0,0,0,0,0,0,0,0,0,0,0,0,0,0,0,0,1,1
podarcis bocagei,0,0,0,0,0,0,0,0,0,0,0,0,0,0,0,1,0,0,0,0,1
pleistocene and refugium,0,0,0,0,0,0,0,1,0,0,0,0,0,0,0,0,0,0,0,0,1
pleistocene,0,0,0,0,0,0,0,0,0,0,0,0,0,0,0,0,0,0,1,0,1
plecoptera,0,0,0,0,0,0,0,0,0,0,0,0,0,0,0,0,0,1,0,0,1
multimodal,0,0,0,0,0,0,0,0,0,0,0,0,0,0,0,0,1,0,0,0,1
plebejus argus,0,0,0,0,0,0,0,0,0,1,0,0,0,0,0,0,0,0,0,0,1
multimodal species,0,0,0,0,0,0,0,0,0,0,1,0,0,0,0,0,0,0,0,0,1
multiple algorithms,0,0,0,0,0,0,0,0,0,0,0,0,0,0,0,0,0,0,0,1,1
multibeam sonar,0,0,0,0,1,0,0,0,0,0,0,0,0,0,0,0,0,0,0,0,1
pleurobema riddellii,0,0,0,0,0,0,0,0,0,0,0,1,0,0,0,0,0,0,0,0,1
pleurobranchaea maculata,0,0,0,0,0,0,0,0,0,0,0,0,0,1,0,0,0,0,0,0,1
multibeam,0,0,0,0,0,0,0,0,0,0,0,0,0,0,0,1,0,0,0,0,1
multi-source remote sensing data,0,0,0,0,0,0,0,0,0,0,0,0,0,0,0,0,0,0,1,0,1
poa scaberula,0,0,0,0,0,0,0,0,0,0,0,0,0,0,0,1,0,0,0,0,1
poa compressa,0,0,0,0,0,0,0,0,0,0,1,0,0,0,0,0,0,0,0,0,1
pmt,0,0,0,0,0,0,0,0,0,0,0,0,0,1,0,0,0,0,0,0,1
multi-species approach,0,0,0,0,0,1,0,0,0,0,0,0,0,0,0,0,0,0,0,0,1
plus model,0,0,0,0,0,0,0,0,0,0,0,0,0,0,0,0,0,0,0,1,1
plum cherry,0,0,0,0,0,0,0,0,0,0,0,0,0,0,0,0,0,0,0,1,1
multi-species assessment,0,0,0,0,0,0,0,0,0,0,0,0,0,0,0,0,1,0,0,0,1
multi-species conservation,0,0,0,0,0,0,0,0,0,0,0,0,0,0,0,0,0,0,0,1,1
multi-species fisheries,0,0,0,0,0,0,0,0,0,0,0,0,0,0,0,0,1,0,0,0,1
ploidy,0,0,0,0,0,0,0,0,0,0,0,0,0,0,0,0,0,0,1,0,1
pliocene,0,0,0,0,0,0,0,0,0,0,0,0,0,0,0,0,1,0,0,0,1
multi-species niche models,0,0,0,0,0,0,0,0,0,0,0,0,0,0,0,0,0,0,1,0,1
multi-target modelling,0,0,0,0,1,0,0,0,0,0,0,0,0,0,0,0,0,0,0,0,1
multi-temporal modelling,0,0,0,0,0,0,0,0,0,0,0,0,0,0,0,0,0,0,0,1,1
polistes dominula,0,0,0,0,0,0,0,0,0,0,0,0,0,0,1,0,0,0,0,0,1
pollen fossil,0,0,0,0,0,0,0,0,0,1,0,0,0,0,0,0,0,0,0,0,1
pollen grains,0,0,0,0,0,0,0,0,0,0,0,0,0,0,0,0,0,0,0,1,1
population distribution,0,0,0,0,0,0,0,0,0,0,0,0,0,0,0,0,0,1,0,0,1
morphological spatial analysis,0,0,0,0,0,0,0,0,0,0,0,0,0,0,0,0,0,0,1,0,1
population genetic structure,0,0,0,0,0,0,0,0,0,0,0,0,0,0,0,0,0,0,0,1,1
morphological spatial pattern analysis (mspa),0,0,0,0,0,0,0,0,0,0,1,0,0,0,0,0,0,0,0,0,1
morphometrics,0,0,0,0,0,0,0,0,0,0,0,0,0,0,0,0,1,0,0,0,1
"mortalities, machine learning",0,0,0,0,0,0,0,0,0,0,0,0,0,0,0,0,0,0,0,1,1
morus bassanus,0,0,0,0,0,0,0,0,0,0,0,0,0,0,0,0,1,0,0,0,1
mosaic,0,0,0,0,0,0,0,0,1,0,0,0,0,0,0,0,0,0,0,0,1
population density estimates,0,0,0,0,0,0,1,0,0,0,0,0,0,0,0,0,0,0,0,0,1
population centroid,0,0,0,0,0,0,0,0,0,0,0,0,0,0,0,0,0,0,1,0,1
mosquito nuisance,0,0,0,0,0,0,0,0,0,1,0,0,0,0,0,0,0,0,0,0,1
mosquito prediction,0,0,0,0,0,0,0,0,0,0,0,0,0,0,0,0,1,0,0,0,1
population decline,0,0,0,0,0,0,0,0,0,0,0,0,0,0,1,0,0,0,0,0,1
population consequences of disturbances,0,0,0,0,0,0,0,0,0,0,0,0,0,0,0,1,0,0,0,0,1
population change index,0,0,0,0,0,1,0,0,0,0,0,0,0,0,0,0,0,0,0,0,1
mosquito species,0,0,0,0,0,0,0,0,0,0,0,0,0,0,0,0,0,0,1,0,1
mosquito surveillance,0,0,0,0,0,0,0,0,0,0,0,0,0,0,0,0,0,0,0,1,1
population history,0,0,0,0,0,0,0,0,0,0,0,0,0,0,0,0,0,0,1,0,1
population inventory,0,0,0,0,0,0,0,0,0,0,0,0,0,1,0,0,0,0,0,0,1
moritziella castaneivora,0,0,0,0,1,0,0,0,0,0,0,0,0,0,0,0,0,0,0,0,1
moringa peregrina,0,0,0,0,0,0,0,0,0,0,0,0,0,0,0,1,0,0,0,0,1
monte ecoregion,0,0,0,0,0,0,0,0,0,0,0,0,0,0,0,0,0,0,0,1,1
monthly variability,0,0,0,0,0,0,1,0,0,0,0,0,0,0,0,0,0,0,0,0,1
montivipera,0,0,0,0,0,0,0,0,0,0,0,0,0,0,0,0,0,0,1,0,1
monumental redcedar,0,0,0,0,0,0,0,0,0,0,0,0,0,1,0,0,0,0,0,0,1
population restoration,0,0,0,0,0,0,0,0,0,0,0,0,0,0,0,0,0,0,0,1,1
moorlands,0,0,0,0,0,0,0,1,0,0,0,0,0,0,0,0,0,0,0,0,1
mop,0,0,0,0,0,0,0,0,0,0,0,0,0,0,0,1,0,0,0,0,1
mopane,0,0,0,0,0,0,0,0,1,0,0,0,0,0,0,0,0,0,0,0,1
population projections,0,0,0,0,0,0,0,0,0,0,0,0,0,0,0,0,0,1,0,0,1
mopane woodlands,0,0,0,0,0,0,0,0,0,0,0,0,0,1,0,0,0,0,0,0,1
population performance,0,0,0,0,0,0,0,0,0,0,0,0,0,0,0,0,1,0,0,0,1
mopani forest,0,0,0,0,0,0,0,0,0,0,0,0,0,0,0,0,0,0,1,0,1
morchella,0,0,0,0,0,0,0,0,0,0,0,0,0,0,0,0,1,0,0,0,1
morfometr & iacute,0,0,0,0,0,0,0,0,0,0,0,0,0,0,0,0,0,0,0,1,1
morinda officinalis,0,0,0,0,0,0,0,0,0,0,0,0,0,0,0,0,0,0,1,0,1
mosquitofish,0,0,0,0,0,0,0,0,0,0,0,0,0,0,0,1,0,0,0,0,1
moss species,0,0,0,0,0,0,0,0,0,0,0,0,0,0,0,0,0,0,0,1,1
pollen vector,0,0,0,0,0,0,0,0,0,0,0,0,0,0,0,1,0,0,0,0,1
polygon mesh,0,0,0,0,0,0,0,0,0,0,0,0,0,0,0,0,0,1,0,0,1
mountain cold-water fishes,0,0,0,0,0,0,0,0,0,0,0,0,0,0,0,0,0,0,0,1,1
polymetallic nodules,0,0,0,0,0,0,0,0,0,0,0,0,0,0,0,1,0,0,0,0,1
mountain ecology,0,0,0,0,0,0,0,0,0,1,0,0,0,0,0,0,0,0,0,0,1
polylepis,0,0,0,0,0,0,0,0,0,0,0,0,0,0,0,1,0,0,0,0,1
polygonum capitatum,0,0,0,0,0,0,0,0,0,0,0,0,0,0,0,0,0,0,1,0,1
mountain fauna,0,0,0,0,0,0,0,0,0,0,0,0,0,0,0,1,0,0,0,0,1
polygonatum sibiricum,0,0,0,0,0,0,0,0,0,0,0,0,0,0,0,0,0,1,0,0,1
mountain nyala,0,0,0,0,0,0,0,0,0,0,0,0,0,0,0,0,0,0,1,0,1
mosses,0,0,0,0,0,0,0,0,0,0,0,0,0,0,1,0,0,0,0,0,1
pipistrellus,0,0,0,0,0,0,0,1,0,0,0,0,0,0,0,0,0,0,0,0,1
pollinator abundance,0,0,0,0,0,0,0,0,0,0,0,0,0,0,0,0,0,0,0,1,1
mountain stewartia,0,0,0,0,0,0,0,0,0,0,0,0,0,0,0,1,0,0,0,0,1
mountain top extinction,0,0,0,0,0,0,0,0,0,0,1,0,0,0,0,0,0,0,0,0,1
mountain ungulate,0,0,0,0,0,0,0,0,0,0,0,0,1,0,0,0,0,0,0,0,1
mountain-type zoonotic visceral leishmaniasis,0,0,0,0,0,0,0,0,0,0,0,0,0,0,0,0,1,0,0,0,1
pollinated flowers,0,0,0,0,0,0,0,0,0,0,0,0,0,0,0,0,1,0,0,0,1
mountain coati,0,0,0,0,0,0,0,0,0,0,0,0,0,0,1,0,0,0,0,0,1
polypodiaceae,0,0,0,0,0,0,0,0,0,0,0,0,0,0,0,0,0,0,0,1,1
polyporus umbellatus,0,0,0,0,0,0,0,0,0,0,0,0,0,1,0,0,0,0,0,0,1
mountain cliff escarpments,0,0,0,0,0,0,0,0,0,0,0,0,0,0,0,0,1,0,0,0,1
most limiting factor,0,0,0,0,0,0,0,0,0,1,0,0,0,0,0,0,0,0,0,0,1
moth,0,0,0,0,0,0,0,0,0,0,0,0,0,0,0,0,0,0,0,1,1
populated cities,0,0,0,0,0,0,0,0,0,0,0,0,0,0,0,0,0,0,0,1,1
popilliajaponica,0,0,0,0,0,0,0,0,0,0,0,0,0,0,0,0,0,1,0,0,1
pontastacus leptodactylus,0,0,0,0,0,0,0,0,0,0,0,0,0,0,0,1,0,0,0,0,1
pond management,0,0,0,0,0,0,0,0,0,0,0,0,0,0,1,0,0,0,0,0,1
motility,0,0,0,0,0,0,0,0,0,0,0,0,0,0,0,0,1,0,0,0,1
pome fruits,0,0,0,0,0,0,0,0,0,0,0,0,0,0,0,0,0,0,0,1,1
pomacea maculata,0,0,0,0,0,0,0,0,0,0,0,0,0,0,0,0,0,0,0,1,1
mottled duck,0,0,0,0,0,0,0,0,0,0,0,0,0,1,0,0,0,0,0,0,1
polytrichaceae,0,0,0,0,0,0,0,0,0,0,0,0,0,0,0,0,0,0,1,0,1
mouflon,0,0,0,0,0,0,0,0,0,0,1,0,0,0,0,0,0,0,0,0,1
mount lofty ranges,0,0,0,0,0,0,0,1,0,0,0,0,0,0,0,0,0,0,0,0,1
mountain barrier,0,0,0,0,0,0,0,0,0,0,1,0,0,0,0,0,0,0,0,0,1
mountain biodiversity,0,0,0,0,0,0,1,0,0,0,0,0,0,0,0,0,0,0,0,0,1
pollution,0,0,0,0,0,0,0,0,0,0,0,0,0,0,1,0,0,0,0,0,1
neotenic lycidae,0,0,0,0,0,0,0,0,0,0,0,0,0,0,0,0,1,0,0,0,1
pipefish,0,0,0,0,0,0,0,0,0,0,0,0,0,0,0,1,0,0,0,0,1
npdn data base,0,0,0,0,0,0,0,0,0,0,0,1,0,0,0,0,0,0,0,0,1
papilionoidea,0,0,0,0,0,0,0,0,0,1,0,0,0,0,0,0,0,0,0,0,1
papilioninae,0,0,0,0,0,0,0,0,0,0,0,0,0,0,0,0,0,1,0,0,1
paper wasp,0,0,0,0,0,0,0,0,1,0,0,0,0,0,0,0,0,0,0,0,1
papaya ringspot virus,0,0,0,0,0,0,0,0,0,0,0,0,0,0,0,0,1,0,0,0,1
papaya mealybug,0,0,0,0,0,0,0,0,0,0,0,0,0,0,0,0,0,0,1,0,1
novel habitats,0,0,0,0,0,0,0,0,0,0,0,0,0,0,0,0,0,0,0,1,1
now database,0,0,0,0,0,0,0,0,0,0,0,0,0,0,0,0,1,0,0,0,1
nowhere to go,0,0,0,0,0,0,0,0,0,0,0,0,0,0,0,0,0,0,0,1,1
npmr,0,0,0,0,0,0,1,0,0,0,0,0,0,0,0,0,0,0,0,0,1
papua new guinea,0,0,0,0,0,0,0,0,0,0,0,1,0,0,0,0,0,0,0,0,1
ntfp species,0,0,0,0,0,0,0,0,0,0,0,0,0,0,0,0,0,0,1,0,1
nuclear central america,0,0,0,0,0,0,0,0,0,0,0,0,0,0,0,0,0,0,0,1,1
panulirus homarus,0,0,0,0,0,0,0,0,0,0,0,0,0,0,1,0,0,0,0,0,1
nucleosides,0,0,0,0,0,0,0,0,0,0,0,0,0,0,0,0,0,1,0,0,1
nucleotide diversity,0,0,0,0,0,0,0,0,0,0,0,0,0,0,0,0,0,0,1,0,1
panthera tigris,0,0,0,0,0,0,0,0,0,0,1,0,0,0,0,0,0,0,0,0,1
panthera pardus saxicolor pocock 1927,0,0,0,0,0,0,0,0,0,0,0,0,0,1,0,0,0,0,0,0,1
null modelling,0,0,0,0,0,0,0,0,0,1,0,0,0,0,0,0,0,0,0,0,1
papio,0,0,0,0,0,0,0,0,0,0,0,0,0,1,0,0,0,0,0,0,1
paracoccus marginatus,0,0,0,0,0,0,0,0,0,0,0,0,0,0,1,0,0,0,0,0,1
panthera pardus saxicolor,0,0,0,0,0,0,0,0,0,0,0,0,0,0,0,0,0,0,1,0,1
nothofagus cunninghamii,0,0,0,0,0,0,0,0,0,1,0,0,0,0,0,0,0,0,0,0,1
parana river basin,0,0,0,0,0,0,0,0,0,0,0,1,0,0,0,0,0,0,0,0,1
paramuricea clavata,0,0,0,0,0,0,0,0,0,0,0,0,0,0,0,0,0,0,1,0,1
paramuricea,0,0,0,0,0,0,0,0,0,0,0,0,0,0,1,0,0,0,0,0,1
norway lobster,0,0,0,0,0,0,0,1,0,0,0,0,0,0,0,0,0,0,0,0,1
norway spruce (picea abies),0,0,0,0,0,0,0,0,0,0,0,1,0,0,0,0,0,0,0,0,1
parameters,0,0,0,0,0,0,0,0,0,0,0,0,0,0,0,1,0,0,0,0,1
paralytic shellfish poisoning,0,0,0,0,0,0,0,0,0,0,0,0,0,0,0,0,1,0,0,0,1
paralaudakia microlepis,0,0,0,0,0,0,0,0,1,0,0,0,0,0,0,0,0,0,0,0,1
paralaudakia caucasia,0,0,0,0,0,0,0,1,0,0,0,0,0,0,0,0,0,0,0,0,1
paradoxornis flavirostris,0,0,0,0,0,0,0,0,0,0,0,0,0,0,0,0,0,0,1,0,1
paraguay river,0,0,0,0,1,0,0,0,0,0,0,0,0,0,0,0,0,0,0,0,1
notropis girardi,0,0,0,0,0,0,0,0,1,0,0,0,0,0,0,0,0,0,0,0,1
novel background-selection,0,0,0,0,0,0,0,0,0,0,0,0,0,0,0,1,0,0,0,0,1
paraguana,0,0,0,0,0,0,0,0,0,0,1,0,0,0,0,0,0,0,0,0,1
paragorgia,0,0,0,0,0,0,0,0,0,0,0,1,0,0,0,0,0,0,0,0,1
novel ecosystems,0,0,0,0,0,0,0,0,0,0,0,1,0,0,0,0,0,0,0,0,1
paragordius,0,0,0,0,0,0,0,0,0,0,1,0,0,0,0,0,0,0,0,0,1
paraglenea fortunei,0,0,0,0,0,0,0,0,0,0,0,0,0,0,0,0,0,0,0,1,1
numerical ecology,0,0,0,0,0,0,0,0,0,0,0,0,0,0,0,0,0,0,0,1,1
numerical prediction,0,0,0,0,0,0,0,0,0,0,0,0,0,1,0,0,0,0,0,0,1
parantica sita sita,0,0,0,0,0,0,0,0,0,0,0,0,0,0,1,0,0,0,0,0,1
oak-pine forests,0,0,0,0,0,0,0,0,0,0,0,0,0,0,0,0,0,1,0,0,1
oak fern,0,0,0,0,0,0,0,0,0,0,0,0,0,0,0,0,0,1,0,0,1
panama disease,0,0,0,0,0,0,0,0,0,0,0,0,0,0,0,0,0,0,1,0,1
pan-african,0,0,0,0,0,0,0,0,0,0,0,1,0,0,0,0,0,0,0,0,1
pan troglodytes ellioti,0,0,0,0,0,0,0,0,0,0,0,0,0,0,0,0,0,1,0,0,1
pampa,0,0,0,0,0,0,0,0,0,0,0,0,1,0,0,0,0,0,0,0,1
oak pollen,0,0,0,0,0,0,0,0,0,0,0,0,0,0,0,0,0,0,0,1,1
oak wilt,0,0,0,0,0,0,0,0,0,0,0,0,0,1,0,0,0,0,0,0,1
pam clustering,0,0,0,0,0,0,0,0,0,0,1,0,0,0,0,0,0,0,0,0,1
pam,0,0,0,0,0,0,0,0,0,0,0,0,0,0,0,0,0,0,1,0,1
nyssomyia whitmani,0,0,0,0,0,0,0,0,0,0,0,0,0,0,0,0,1,0,0,0,1
palmatifoliae,0,0,0,0,0,0,0,0,0,0,0,0,0,0,0,0,0,1,0,0,1
palmate newt,0,0,0,0,0,0,0,0,0,1,0,0,0,0,0,0,0,0,0,0,1
palm-stands,0,0,0,0,0,0,0,0,0,0,0,0,0,0,0,0,1,0,0,0,1
oats,0,0,0,0,0,0,0,0,0,0,0,0,0,0,0,0,0,1,0,0,1
pallid harrier,0,0,0,0,0,0,0,0,0,1,0,0,0,0,0,0,0,0,0,0,1
object recognition,0,0,0,0,0,0,0,0,0,0,0,0,0,0,0,0,0,0,0,1,1
palisander,0,0,0,0,0,0,0,0,0,0,0,0,0,0,0,0,0,0,1,0,1
object-orientation,0,0,0,0,0,0,0,0,0,1,0,0,0,0,0,0,0,0,0,0,1
o. sinensis,0,0,0,0,0,0,0,0,0,0,0,0,0,0,0,0,0,0,0,1,1
nyssomyia neivai,0,0,0,0,0,0,0,0,0,0,0,0,0,0,0,0,1,0,0,0,1
nursery,0,0,0,0,0,0,0,0,0,0,0,0,0,0,0,0,0,1,0,0,1
pantanal wetland,0,0,0,0,1,0,0,0,0,0,0,0,0,0,0,0,0,0,0,0,1
nursery habitat,0,0,0,0,0,0,0,0,0,0,0,0,0,1,0,0,0,0,0,0,1
panthera pardus fusca,0,0,0,0,0,0,0,1,0,0,0,0,0,0,0,0,0,0,0,0,1
panthera pardus ciscaucasica,0,0,0,0,0,0,0,0,0,0,0,0,0,0,0,0,0,0,1,0,1
nutria,0,0,0,0,0,0,0,0,0,0,0,0,0,1,0,0,0,0,0,0,1
nuts,0,0,0,0,0,0,0,0,0,0,0,0,0,0,0,0,0,0,0,1,1
nw himalaya,0,0,0,0,0,0,0,0,0,0,0,0,0,0,0,0,0,1,0,0,1
panthera leo,0,0,0,0,0,0,0,0,0,0,0,0,0,0,0,1,0,0,0,0,1
nwfps,0,0,0,0,0,0,0,0,0,0,0,0,0,0,0,0,0,0,0,1,1
nyctalus leisleri,0,0,0,0,0,0,0,0,1,0,0,0,0,0,0,0,0,0,0,0,1
panax notoginseng,0,0,0,0,0,0,0,0,0,0,0,0,0,0,0,0,1,0,0,0,1
nyctalus noctula,0,0,0,0,0,0,0,0,0,0,0,0,0,0,0,0,1,0,0,0,1
panstrongylus geniculatus,0,0,0,0,0,0,0,0,0,0,0,0,0,0,0,1,0,0,0,0,1
nyctereutes procyonoides,0,0,0,0,0,0,0,0,0,0,0,1,0,0,0,0,0,0,0,0,1
panopea,0,0,0,0,0,0,0,0,0,0,0,0,0,0,0,0,0,0,1,0,1
paniceae,0,0,0,0,0,0,0,0,0,0,1,0,0,0,0,0,0,0,0,0,1
pangolins,0,0,0,0,0,0,0,0,0,0,0,0,0,0,0,0,1,0,0,0,1
nysius cymoides,0,0,0,0,0,0,0,1,0,0,0,0,0,0,0,0,0,0,0,0,1
panax pseudoginseng,0,0,0,0,0,0,0,0,0,0,0,0,0,1,0,0,0,0,0,0,1
northwestern ontario,0,0,0,0,0,0,0,0,0,0,0,0,0,0,0,0,0,0,1,0,1
parapatry,0,0,0,0,0,0,0,0,0,0,0,1,0,0,0,0,0,0,0,0,1
palexorista zonata,0,0,0,0,0,0,0,0,0,0,0,0,0,0,0,0,0,0,1,0,1
passionvine mealybug,0,0,0,0,0,0,0,0,0,0,0,0,0,0,0,0,0,0,0,1,1
north american grasslands,0,0,0,0,0,0,0,0,0,0,0,0,0,0,0,0,0,0,0,1,1
north american southwest,0,0,0,0,0,0,0,0,0,0,0,0,0,0,0,0,0,0,0,1,1
pasture,0,0,0,0,0,0,0,0,0,0,0,0,0,0,0,0,0,0,0,1,1
pastoral suitability,0,0,0,0,0,0,0,0,0,1,0,0,0,0,0,0,0,0,0,0,1
north atlantic fisheries,0,0,0,0,0,0,0,0,0,0,0,0,0,0,0,1,0,0,0,0,1
pastoral livelihoods,0,0,0,0,0,0,0,0,0,0,1,0,0,0,0,0,0,0,0,0,1
passive surveillance,0,0,0,0,0,0,0,0,0,0,0,0,1,0,0,0,0,0,0,0,1
north atlantic ocean,0,0,0,0,0,0,0,0,1,0,0,0,0,0,0,0,0,0,0,0,1
north atlantic oscillation,0,0,0,0,0,0,0,0,0,0,0,0,0,0,0,0,0,0,1,0,1
north african forests,0,0,0,0,0,0,0,0,0,0,0,0,0,0,1,0,0,0,0,0,1
passerine birds,0,0,0,0,0,0,1,0,0,0,0,0,0,0,0,0,0,0,0,0,1
north carolina,0,0,0,0,0,0,0,0,0,0,1,0,0,0,0,0,0,0,0,0,1
north kazakhstan,0,0,0,0,0,0,0,0,0,0,0,0,0,0,0,0,1,0,0,0,1
north pacific,0,0,0,0,0,0,1,0,0,0,0,0,0,0,0,0,0,0,0,0,1
passer montanus,0,0,0,0,0,1,0,0,0,0,0,0,0,0,0,0,0,0,0,0,1
parus monticolus,0,0,0,0,0,0,0,1,0,0,0,0,0,0,0,0,0,0,0,0,1
particle tracking,0,0,0,0,0,0,0,0,0,0,0,0,0,0,0,0,1,0,0,0,1
participatory modeling,0,0,0,0,0,0,0,0,0,0,0,0,0,0,0,0,0,0,0,1,1
north american coastal plain,0,0,0,0,0,0,0,0,0,0,0,0,0,0,0,0,0,1,0,0,1
patagioenas fasciata,0,0,0,0,0,0,0,0,0,0,0,1,0,0,0,0,0,0,0,0,1
north-western himalayas,0,0,0,0,0,0,0,0,0,0,0,0,0,0,0,0,0,1,0,0,1
nonculturable,0,0,0,0,0,0,0,0,0,0,0,0,0,0,0,1,0,0,0,0,1
non-native plant species,0,0,0,0,0,0,0,0,0,0,0,0,0,0,0,0,1,0,0,0,1
pathogen spread,0,0,0,0,0,0,0,0,0,0,0,0,0,0,0,0,1,0,0,0,1
pathogen risk assessment,0,0,0,0,0,0,1,0,0,0,0,0,0,0,0,0,0,0,0,0,1
non-native range,0,0,0,0,0,0,0,0,0,0,0,0,0,0,1,0,0,0,0,0,1
non-native tree,0,0,0,0,0,0,0,0,0,0,0,0,0,0,0,0,0,0,0,1,1
pathogen mitigation strategy,0,0,0,0,0,0,0,0,0,0,0,0,0,1,0,0,0,0,0,0,1
non-parametric correlation,0,0,0,0,0,0,0,0,0,0,0,0,1,0,0,0,0,0,0,0,1
non-protected grasslands,0,0,0,0,0,0,0,0,0,0,0,0,0,0,1,0,0,0,0,0,1
nondetection,0,0,0,0,0,0,0,1,0,0,0,0,0,0,0,0,0,0,0,0,1
normalized difference vegetation index,0,0,0,0,0,0,0,0,0,0,0,0,0,0,0,0,0,0,0,1,1
nonhuman primates,0,0,0,0,0,0,0,0,0,0,0,0,0,1,0,0,0,0,0,0,1
patchy populations,0,0,0,0,0,1,0,0,0,0,0,0,0,0,0,0,0,0,0,0,1
norfolk island morepork,0,0,0,0,0,0,0,0,0,0,0,0,0,0,0,0,0,0,1,0,1
patch-occupancy model,0,0,0,0,0,0,0,1,0,0,0,0,0,0,0,0,0,0,0,0,1
patch,0,0,0,0,0,0,0,1,0,0,0,0,0,0,0,0,0,0,0,0,1
patagonian steppe,0,0,0,0,0,0,0,0,0,0,0,0,0,0,0,0,0,0,0,1,1
patagonian huemul,0,0,0,0,0,0,0,0,0,0,0,0,0,0,0,0,0,1,0,0,1
normalized concentration index,0,0,0,0,0,0,0,0,0,0,0,0,0,0,0,0,0,0,0,1,1
partial roc,0,0,0,0,0,0,0,0,0,0,0,0,0,0,0,0,1,0,0,0,1
north-western mediterranean sea,0,0,0,0,0,0,0,0,0,0,0,0,0,0,0,1,0,0,0,0,1
paraphlebia,0,0,0,0,0,0,0,0,0,1,0,0,0,0,0,0,0,0,0,0,1
pardofelis marmorata,0,0,0,0,0,0,0,0,0,1,0,0,0,0,0,0,0,0,0,0,1
paridae,0,0,0,0,0,0,0,0,0,0,0,0,0,0,0,0,0,0,0,1,1
northern range boundaries,0,0,0,0,0,0,0,0,0,0,1,0,0,0,0,0,0,0,0,0,1
northern thailand,0,0,0,0,0,0,1,0,0,0,0,0,0,0,0,0,0,0,0,0,1
pareto optimization,0,0,0,0,0,0,0,0,0,0,0,0,0,0,1,0,0,0,0,0,1
northwest,0,0,0,0,0,0,0,0,0,1,0,0,0,0,0,0,0,0,0,0,1
parelaphostrongylus tenuis,0,0,0,0,0,0,0,0,0,0,0,0,0,1,0,0,0,0,0,0,1
parectopa robiniella,0,0,0,0,0,0,0,0,0,0,0,0,0,0,0,0,1,0,0,0,1
pardofelis temminckii,0,0,0,0,0,0,0,0,0,1,0,0,0,0,0,0,0,0,0,0,1
parasitology,0,0,0,0,0,0,0,0,0,0,0,0,0,0,0,0,0,0,1,0,1
northern peru,0,0,0,0,0,0,0,1,0,0,0,0,0,0,0,0,0,0,0,0,1
northwest pacific,0,0,0,0,0,0,0,0,0,0,0,0,0,0,1,0,0,0,0,0,1
parasitoid wasp,0,0,0,0,0,0,0,0,0,0,0,0,0,0,0,0,0,1,0,0,1
northwest yunnan,0,0,0,0,0,0,0,0,0,0,0,0,0,0,0,1,0,0,0,0,1
parasitoid bee fly,0,0,0,0,0,0,0,0,0,0,0,0,0,0,0,0,0,1,0,0,1
northwestern atlantic ocean,0,0,0,0,0,0,0,0,0,0,0,0,0,0,0,0,1,0,0,0,1
parasitic angiosperms,0,0,0,0,0,0,0,0,0,0,0,0,0,0,0,0,0,0,0,1,1
parasite prevalence and richness,0,0,0,0,0,0,0,0,1,0,0,0,0,0,0,0,0,0,0,0,1
parasite,0,0,0,0,0,0,0,0,0,0,0,0,0,0,0,0,0,0,0,1,1
paris accord,0,0,0,0,0,0,0,0,0,0,0,0,0,1,0,0,0,0,0,0,1
northern italy,0,0,0,0,0,0,0,0,0,0,0,0,0,0,0,0,1,0,0,0,1
partial area under curve,0,0,0,0,0,0,0,0,0,0,0,0,0,1,0,0,0,0,0,0,1
parrhasius m-album,0,0,0,0,0,0,0,0,0,0,0,1,0,0,0,0,0,0,0,0,1
north-western south america,0,0,0,0,0,0,0,0,1,0,0,0,0,0,0,0,0,0,0,0,1
parthenium weed,0,0,0,0,0,0,0,0,0,0,0,0,0,1,0,0,0,0,0,0,1
northeast us large marine ecosystem,0,0,0,0,0,0,0,0,0,0,0,0,0,0,0,1,0,0,0,0,1
northern and southern china,0,0,0,0,0,0,0,0,0,0,0,0,0,0,0,0,0,1,0,0,1
northern andes,0,0,0,0,0,0,0,0,0,0,0,0,0,0,0,0,0,0,1,0,1
northern bald ibis,0,0,0,0,0,0,0,0,0,0,0,0,0,0,0,0,1,0,0,0,1
parrotia subaequalis,0,0,0,0,0,0,0,0,0,0,0,0,0,0,0,0,0,0,0,1,1
northern bay of bengal,0,0,0,0,0,0,0,0,0,0,0,0,0,0,0,0,0,0,0,1,1
northern bobwhite,0,0,0,0,0,0,0,0,0,0,0,0,0,0,0,0,0,1,0,0,1
paris polyphylla,0,0,0,0,0,0,0,0,0,0,0,0,0,0,0,1,0,0,0,0,1
parnassius,0,0,0,0,0,0,1,0,0,0,0,0,0,0,0,0,0,0,0,0,1
parnassiinae,0,0,0,0,0,0,0,0,0,0,0,0,0,0,0,0,0,1,0,0,1
northern fur seal,0,0,0,0,0,0,0,0,0,0,0,0,0,0,0,0,0,0,0,1,1
parmelioid lichens,0,0,0,0,0,0,0,0,0,1,0,0,0,0,0,0,0,0,0,0,1
parks,0,0,0,0,0,0,0,0,0,0,0,0,0,0,0,1,0,0,0,0,1
northern iran,0,0,0,0,0,0,0,0,0,0,0,0,0,0,0,1,0,0,0,0,1
parkinsonia,0,0,0,0,0,0,0,0,0,0,0,0,0,0,0,1,0,0,0,0,1
parisons,0,0,0,0,0,0,0,0,0,0,0,0,0,0,0,0,0,0,1,0,1
obligate,0,0,0,0,0,0,0,0,0,0,0,0,0,0,0,0,0,0,1,0,1
paleovegetation,0,0,0,0,0,0,0,0,0,0,0,0,0,0,0,0,0,1,0,0,1
pathogen suitability,0,0,0,0,0,0,0,0,0,0,0,0,0,0,0,0,1,0,0,0,1
orthodontium lineare,0,0,0,0,0,0,0,0,0,0,0,0,0,0,0,0,1,0,0,0,1
ospar area,0,0,0,0,0,0,0,0,0,0,0,0,0,0,0,0,0,0,1,0,1
open datasets,0,0,0,0,0,0,0,0,0,0,0,0,0,0,0,0,1,0,0,0,1
osmanthus fragrans,0,0,0,0,0,0,0,0,0,0,0,0,0,0,0,1,0,0,0,0,1
oryza sativa,0,0,0,0,0,0,0,0,0,0,0,0,0,0,0,0,0,0,0,1,1
open source,0,0,0,0,0,0,0,0,0,0,0,0,0,0,0,1,0,0,0,0,1
orthopoxvirus,0,0,0,0,0,0,0,0,0,0,0,1,0,0,0,0,0,0,0,0,1
orthomosaic,0,0,0,0,0,0,0,0,0,0,0,0,0,0,0,1,0,0,0,0,1
"open source geographic information system (ogis, qgis)",0,0,0,0,0,0,0,0,0,0,0,0,0,0,0,0,0,0,1,0,1
precordillera,0,0,0,0,0,0,0,0,0,0,0,0,0,0,0,0,1,0,0,0,1
osphya,0,0,0,0,0,0,0,0,0,0,0,0,0,0,0,0,0,1,0,0,1
orthacantha,0,0,0,0,0,0,0,0,0,0,0,0,0,0,0,1,0,0,0,0,1
open-access data,0,0,0,0,0,0,0,0,0,0,0,0,1,0,0,0,0,0,0,0,1
oroxylum indicum,0,0,0,0,0,0,0,0,0,0,0,0,0,0,0,1,0,0,0,0,1
open-access resources,0,0,0,0,0,0,0,0,0,0,0,0,0,0,0,1,0,0,0,0,1
oropouche,0,0,0,0,0,0,0,0,0,0,0,1,0,0,0,0,0,0,0,0,1
open-air sites,0,0,0,0,0,0,0,0,0,0,0,0,0,0,0,0,0,0,0,1,1
ornithodoros,0,0,0,0,0,0,0,0,0,0,0,0,0,0,0,0,0,0,0,1,1
open-canopy woodlands,0,0,0,0,0,0,0,0,0,0,0,0,0,0,0,0,1,0,0,0,1
open data,0,0,0,0,0,0,0,0,0,0,0,0,0,0,0,0,0,0,1,0,1
osteopilus,0,0,0,0,0,0,0,0,1,0,0,0,0,0,0,0,0,0,0,0,1
ornate sheep tick,0,0,0,0,0,0,0,0,0,0,0,0,0,0,0,0,1,0,0,0,1
only data,0,0,0,0,0,0,0,0,0,0,0,0,0,0,0,1,0,0,0,0,1
outline analysis,0,0,0,0,0,0,0,0,0,0,0,0,0,0,0,0,0,0,1,0,1
outlier detection,0,0,0,0,0,0,0,0,0,0,0,0,1,0,0,0,0,0,0,0,1
outlier,0,0,0,0,0,0,0,0,0,0,0,0,1,0,0,0,0,0,0,0,1
online survey,0,0,0,0,0,0,0,0,1,0,0,0,0,0,0,0,0,0,0,0,1
outbreak probability,0,0,0,0,0,0,0,0,0,0,0,0,0,1,0,0,0,0,0,0,1
outbreak area,0,0,0,0,0,0,0,0,0,0,0,0,0,1,0,0,0,0,0,0,1
ouachita mountains,0,0,0,0,0,0,0,0,0,0,0,1,0,0,0,0,0,0,0,0,1
otospermophilus beecheyi,0,0,0,0,0,0,0,0,0,0,0,0,0,1,0,0,0,0,0,0,1
otomops,0,0,1,0,0,0,0,0,0,0,0,0,0,0,0,0,0,0,0,0,1
osteopilus septentrionalis,0,0,0,1,0,0,0,0,0,0,0,0,0,0,0,0,0,0,0,0,1
ontario,0,0,0,0,0,0,0,0,0,0,0,0,0,0,0,0,1,0,0,0,1
ontario greenbelt,0,0,0,0,0,0,0,0,0,0,0,0,0,0,0,0,0,1,0,0,1
otiorhynchini,0,0,0,0,0,0,0,0,0,0,0,0,0,0,0,0,0,0,1,0,1
ontogeny,0,0,0,0,0,0,0,0,0,0,0,0,0,0,0,0,1,0,0,0,1
onychodactylus zhangyapingi,0,0,0,0,0,0,0,0,0,0,0,0,0,0,0,0,0,0,1,0,1
other,0,0,0,0,0,0,0,0,0,0,0,0,0,0,0,0,0,0,1,0,1
ostryopsis davidiana,0,0,0,0,0,0,0,0,0,0,0,0,0,0,0,1,0,0,0,0,1
open access data,0,0,0,0,0,0,0,0,0,1,0,0,0,0,0,0,0,0,0,0,1
ornithocenosis,0,0,0,0,0,0,0,0,0,0,0,0,0,0,0,0,0,0,0,1,1
ornate dog tick,0,0,0,0,0,0,0,0,0,0,0,0,0,0,0,0,1,0,0,0,1
outwelling hypothesis,0,0,0,0,0,0,0,0,0,0,0,0,0,0,0,0,1,0,0,0,1
orca,0,0,0,0,0,0,0,0,0,0,0,0,0,0,0,0,0,0,0,1,1
oplegnathus species,0,0,0,0,0,0,0,0,0,0,0,0,0,0,0,0,0,0,1,0,1
orchid species,0,0,0,0,0,0,0,0,1,0,0,0,0,0,0,0,0,0,0,0,1
oplismenus,0,0,0,0,0,0,0,1,0,0,0,0,0,0,0,0,0,0,0,0,1
oplismenus undulatifolius,0,0,0,0,0,0,0,0,0,0,0,0,0,0,1,0,0,0,0,0,1
orchid distribution,0,0,0,0,0,0,0,0,0,0,0,0,0,0,0,0,0,0,1,0,1
orchid bees,0,0,0,1,0,0,0,0,0,0,0,0,0,0,0,0,0,0,0,0,1
opportunistic data analysis,0,0,0,0,0,0,0,0,0,0,0,0,0,0,0,0,1,0,0,0,1
orchards,0,0,0,0,0,0,0,0,0,1,0,0,0,0,0,0,0,0,0,0,1
opportunity cost,0,0,0,0,0,0,0,0,0,0,0,0,0,0,0,0,0,0,1,0,1
opisthopappus,0,0,0,0,0,0,0,0,0,0,0,0,0,0,0,0,0,1,0,0,1
orbivirus,0,0,0,0,0,0,0,0,0,0,0,0,0,0,0,0,0,0,0,1,1
oracle cloud infrastructure,0,0,0,0,0,0,0,0,0,0,0,0,0,0,0,0,0,0,1,0,1
oracle,0,0,0,0,0,0,0,0,0,0,0,0,0,0,0,0,0,0,1,0,1
opuntia pubescens,0,0,0,0,0,0,0,0,0,0,1,0,0,0,0,0,0,0,0,0,1
optical remote sensing,0,0,1,0,0,0,0,0,0,0,0,0,0,0,0,0,0,0,0,0,1
optimum habitat,0,0,0,0,0,0,0,0,0,0,0,0,0,0,0,0,0,1,0,0,1
optimal illumination,0,0,0,0,0,0,0,0,0,0,0,0,0,0,0,0,0,0,0,1,1
optimized species distribution models,0,0,0,0,0,0,0,0,0,0,0,0,0,0,0,0,0,0,1,0,1
opisthorchiasis,0,0,0,0,0,0,0,0,0,0,0,0,0,0,0,0,0,0,1,0,1
ophiocordyceps sinensis,0,0,0,0,0,0,0,0,0,0,0,0,0,0,0,1,0,0,0,0,1
open-source data,0,0,0,0,0,0,0,0,0,0,0,0,1,0,0,0,0,0,0,0,1
operational criteria,0,0,0,0,0,0,0,0,1,0,0,0,0,0,0,0,0,0,0,0,1
ornamental trees,0,0,0,0,0,0,0,0,0,0,0,0,0,0,0,0,0,0,0,1,1
ormosia microphylla,0,0,0,0,0,0,0,0,0,0,0,0,0,0,0,0,0,0,1,0,1
open-source software,0,0,0,0,0,0,0,0,0,0,0,0,0,0,0,0,0,1,0,0,1
orinoco basin,0,0,0,0,0,0,0,0,0,0,0,0,0,0,0,0,0,0,1,0,1
open-top chambers,0,0,0,0,0,0,0,0,0,0,0,0,0,0,0,1,0,0,0,0,1
origin country,0,0,0,0,0,0,0,0,0,0,0,0,0,0,0,1,0,0,0,0,1
openmodeller,0,0,0,0,0,0,0,0,0,0,0,0,0,0,0,1,0,0,0,0,1
origin,0,0,0,0,0,0,0,0,0,1,0,0,0,0,0,0,0,0,0,0,1
oriental sweetgum tree,0,0,0,0,0,0,0,0,0,0,0,0,0,0,0,0,0,1,0,0,1
ordinal data,0,0,0,0,0,0,0,0,0,0,0,0,0,0,0,1,0,0,0,0,1
oriental beech,0,0,0,0,0,0,0,0,0,0,0,0,0,0,0,0,0,0,0,1,1
oreonax,0,0,0,0,0,0,0,0,0,0,0,0,0,0,0,0,0,1,0,0,1
orellana,0,0,0,0,0,0,0,0,0,0,0,0,1,0,0,0,0,0,0,0,1
oregon spotted frog,0,0,0,0,0,0,0,0,1,0,0,0,0,0,0,0,0,0,0,0,1
ordination methods,0,0,0,0,0,0,0,0,0,0,0,0,0,0,0,0,0,0,1,0,1
ordination,0,0,0,0,0,1,0,0,0,0,0,0,0,0,0,0,0,0,0,0,1
operational workflow,0,0,0,0,0,0,0,0,0,1,0,0,0,0,0,0,0,0,0,0,1
opgd model,0,0,0,0,0,0,0,0,0,0,0,0,0,0,0,0,0,0,0,1,1
one-class classification,0,0,0,0,0,0,0,0,0,0,0,0,0,0,1,0,0,0,0,0,1
ondo state,0,0,0,0,0,0,0,0,0,0,0,0,0,0,0,0,0,0,0,1,1
paleoendemism,0,0,0,0,0,0,0,0,0,0,0,0,0,0,0,0,0,0,0,1,1
ochotona princeps,0,0,0,0,0,0,0,0,0,0,1,0,0,0,0,0,0,0,0,0,1
palaeoecological reconstructions,0,0,0,0,0,0,0,0,0,0,0,1,0,0,0,0,0,0,0,0,1
oceanographic condition,0,0,0,0,0,0,0,0,0,0,0,0,0,0,0,0,0,0,0,1,1
pairwise distance sampling,0,0,0,0,0,0,1,0,0,0,0,0,0,0,0,0,0,0,0,0,1
pademelon,0,0,0,0,0,0,0,0,0,0,0,0,0,0,0,0,0,0,0,1,1
oceanographic variables,0,0,0,0,0,0,0,0,0,0,0,0,0,0,0,0,1,0,0,0,1
pacmad,0,0,0,0,0,0,0,1,0,0,0,0,0,0,0,0,0,0,0,0,1
oceanography,0,0,0,0,0,0,0,0,0,0,0,0,0,0,0,0,0,0,0,1,1
ocelot,0,0,0,0,0,0,0,0,0,0,0,0,0,0,0,0,1,0,0,0,1
ocotea catharinensis,0,0,0,0,0,0,0,0,0,0,0,0,0,0,0,0,0,0,1,0,1
palaeontology,0,0,0,0,0,0,0,1,0,0,0,0,0,0,0,0,0,0,0,0,1
ocotea odorifera,0,0,0,0,0,0,0,0,0,0,0,0,0,0,0,0,0,0,1,0,1
pacific herring,0,0,0,0,0,0,0,0,0,0,0,0,0,0,0,0,0,0,1,0,1
pacific coast tick fever,0,0,0,0,0,0,0,0,0,0,0,0,0,0,0,0,0,0,1,0,1
ocotea porosa,0,0,0,0,0,0,0,0,0,0,0,0,0,0,0,0,0,0,1,0,1
pacific asia,0,0,0,0,0,0,0,0,0,0,0,0,1,0,0,0,0,0,0,0,1
octopus stinkhorn,0,0,0,0,0,0,0,0,0,0,0,0,0,0,0,0,0,0,0,1,1
octopus vulgaris,0,0,0,0,0,1,0,0,0,0,0,0,0,0,0,0,0,0,0,0,1
pacifastacus leniusculus,0,0,0,0,1,0,0,0,0,0,0,0,0,0,0,0,0,0,0,0,1
palaeolithic archaeology,0,0,0,0,0,0,0,0,0,0,0,0,0,0,0,0,0,0,0,1,1
oceanic islands,0,0,0,0,0,0,0,0,0,0,0,0,0,0,0,0,0,0,0,1,1
p. quadrijuga,0,0,0,0,0,0,0,0,0,0,0,0,0,0,0,0,0,0,1,0,1
paleoclim,0,0,0,0,0,0,0,0,0,0,0,0,0,0,0,0,0,0,1,0,1
obligate parasitic myiasis,0,0,0,0,0,0,0,0,1,0,0,0,0,0,0,0,0,0,0,0,1
observation bias,0,0,0,0,0,0,0,0,0,0,0,0,0,0,0,1,0,0,0,0,1
observer behaviour,0,0,0,0,0,0,0,0,0,0,0,0,0,0,0,0,0,0,0,1,1
paleoecology and land-use history,0,0,0,0,0,0,0,0,1,0,0,0,0,0,0,0,0,0,0,0,1
observer bias,0,0,0,0,0,0,0,0,0,0,0,0,0,0,0,0,0,1,0,0,1
occupancy rates,0,0,0,0,0,0,0,0,0,0,0,1,0,0,0,0,0,0,0,0,1
paleoclimatic projections,0,0,0,0,0,0,0,0,0,0,0,0,0,0,0,0,0,0,0,1,1
occupied habitat,0,0,0,0,0,0,0,0,0,0,0,0,0,1,0,0,0,0,0,0,1
paleobotany,0,0,0,0,0,0,0,0,0,0,0,0,0,0,0,1,0,0,0,0,1
oceanic front,0,0,0,0,0,0,0,0,0,0,0,0,0,0,0,0,1,0,0,0,1
occurrence deficiency,0,0,0,0,0,0,0,0,0,0,0,0,0,0,0,0,0,0,1,0,1
paleo&#8208,0,0,0,0,0,0,0,0,0,0,0,0,0,0,0,1,0,0,0,0,1
occurrence localities,0,0,0,0,0,0,0,0,0,0,0,0,0,1,0,0,0,0,0,0,1
occurrence risk,0,0,0,0,0,0,0,0,0,0,0,0,0,0,0,0,0,0,1,0,1
ocean acidification,0,0,0,0,0,0,0,0,0,0,0,0,0,1,0,0,0,0,0,0,1
ocean biogeographic information system,0,0,0,0,0,0,0,0,0,0,1,0,0,0,0,0,0,0,0,0,1
ocean model,0,0,0,0,0,0,0,0,0,0,0,0,0,0,1,0,0,0,0,0,1
oceancolor,0,0,0,0,0,0,0,0,0,0,0,0,0,1,0,0,0,0,0,0,1
p. sericea,0,0,0,0,0,0,0,0,0,0,0,0,0,0,0,0,0,0,1,0,1
p. kurroa,0,0,0,0,0,0,0,0,0,0,0,0,0,0,0,0,1,0,0,0,1
oncorhynchus gorbuscha,0,0,0,0,0,0,0,0,0,0,0,0,0,0,0,0,0,0,1,0,1
omi,0,0,0,0,0,0,1,0,0,0,0,0,0,0,0,0,0,0,0,0,1
olinguito,0,0,0,0,0,0,0,0,0,0,0,0,1,0,0,0,0,0,0,0,1
ovis orientalis isphahanica nasonov 1910,0,0,0,0,0,0,0,0,0,0,0,0,0,1,0,0,0,0,0,0,1
olive fly,0,0,0,0,0,0,0,0,0,0,0,0,0,1,0,0,0,0,0,0,1
olive orchards,0,0,0,0,0,0,0,0,0,0,0,0,0,0,0,0,1,0,0,0,1
olive-sided flycatcher,0,0,0,0,0,0,0,0,0,0,0,0,0,0,1,0,0,0,0,0,1
ovine cutaneous myiasis,0,0,0,0,0,1,0,0,0,0,0,0,0,0,0,0,0,0,0,0,1
oman sea,0,0,0,0,0,0,0,0,0,0,0,0,0,0,0,0,1,0,0,0,1
overlapping setting,0,0,0,0,0,0,0,0,0,0,0,0,0,0,0,0,0,0,0,1,1
overlapped areas,0,0,0,0,0,0,0,0,0,0,0,0,0,0,0,0,1,0,0,0,1
oxalidaceae,0,0,0,0,0,0,0,0,0,0,0,0,0,0,0,0,0,1,0,0,1
omission error,0,0,0,0,0,0,0,0,0,0,0,0,0,0,0,0,1,0,0,0,1
overlap niche,0,0,0,0,0,0,0,0,0,0,0,0,0,0,0,0,1,0,0,0,1
omission error rate,0,0,0,0,0,0,0,0,0,0,0,0,0,1,0,0,0,0,0,0,1
omission rates,0,0,0,0,0,0,0,0,0,0,0,0,0,0,0,0,1,0,0,0,1
omphalea,0,0,0,0,0,0,0,0,0,0,0,0,0,1,0,0,0,0,0,0,1
overfit,0,0,0,0,0,0,0,0,0,0,0,0,0,0,0,0,0,0,1,0,1
overestimates,0,0,0,1,0,0,0,0,0,0,0,0,0,0,0,0,0,0,0,0,1
oncilla,0,0,0,0,0,0,0,0,0,0,0,0,0,0,0,0,0,0,1,0,1
ovis vignei,0,0,0,0,0,0,0,0,0,0,0,0,0,0,0,0,0,0,1,0,1
old-world screwworm,0,0,0,0,0,0,0,0,0,0,0,0,0,0,0,0,1,0,0,0,1
odo interglacial,0,0,0,0,0,0,0,0,0,0,0,0,0,0,0,0,0,0,1,0,1
oxycaryum cubense,0,0,0,0,0,0,0,0,0,0,0,0,0,0,0,0,0,0,0,1,1
p. abencerragus,0,0,0,0,0,0,0,0,1,0,0,0,0,0,0,0,0,0,0,0,1
odonates,0,0,0,0,0,0,0,0,0,0,0,0,0,0,0,0,0,0,0,1,1
p,0,0,0,0,0,0,0,0,0,0,0,0,0,0,0,0,0,1,0,0,1
oyashio current,0,0,0,0,0,0,0,0,0,0,0,0,0,0,0,0,1,0,0,0,1
oxynoemacheilus bergianus,0,0,0,0,0,0,0,0,0,0,0,0,0,0,0,0,0,0,0,1,1
oxygen requirements,0,0,0,0,0,0,0,0,0,0,0,0,0,1,0,0,0,0,0,0,1
odontobutidae,0,0,0,0,0,1,0,0,0,0,0,0,0,0,0,0,0,0,0,0,1
oxygen,0,0,0,0,0,0,0,0,0,0,0,0,0,0,1,0,0,0,0,0,1
oxley wild rivers national park,0,0,0,0,0,0,0,0,0,0,0,0,0,0,0,0,1,0,0,0,1
oxalis,0,0,0,0,0,0,0,0,0,0,0,0,0,0,0,0,0,1,0,0,1
oecophylla longinoda,0,0,0,0,0,0,0,0,0,0,0,0,0,0,0,0,0,0,0,1,1
oestrid flies,0,0,0,0,0,0,0,0,0,0,0,0,0,0,0,0,0,1,0,0,1
off-flavor material,0,0,0,0,0,0,0,0,0,0,0,0,0,0,0,1,0,0,0,0,1
offset,0,0,0,0,0,0,0,0,0,0,0,0,0,0,0,0,0,1,0,0,1
offshore sampling,0,0,0,0,0,0,0,0,0,1,0,0,0,0,0,0,0,0,0,0,1
offshore southern zhejiang,0,0,0,0,0,0,0,0,0,0,0,0,0,0,0,0,0,0,1,0,1
oil and gas,0,0,0,0,0,0,0,0,0,0,0,0,0,0,0,1,0,0,0,0,1
oil spill,0,0,0,0,0,0,0,0,0,0,0,0,0,0,1,0,0,0,0,0,1
non-native gecko,0,0,0,0,0,0,0,0,0,0,0,0,0,0,0,0,0,0,1,0,1
pattern analysis,0,0,0,0,0,0,0,0,1,0,0,0,0,0,0,0,0,0,0,0,1
pinyon/juniper,0,0,0,0,0,0,0,0,0,0,0,0,0,0,0,0,0,0,1,0,1
neofusicoccum laricinum,0,0,0,0,0,0,0,0,0,0,0,0,0,0,0,0,0,0,1,0,1
physiologically based demographic models (pbdms),0,0,0,0,0,0,0,0,0,0,1,0,0,0,0,0,0,0,0,0,1
neglected disease,0,0,0,0,0,0,0,0,0,0,0,0,0,0,0,0,0,0,1,0,1
neighbourhood averages,0,0,0,0,0,0,1,0,0,0,0,0,0,0,0,0,0,0,0,0,1
nematoda,0,0,0,0,0,1,0,0,0,0,0,0,0,0,0,0,0,0,0,0,1
nematomorpha,0,0,0,0,0,0,0,0,0,0,0,0,0,0,0,0,1,0,0,0,1
neochordodes,0,0,0,0,0,0,0,0,0,0,1,0,0,0,0,0,0,0,0,0,1
neochoristodera,0,0,0,0,0,0,0,0,0,0,0,0,0,0,0,1,0,0,0,0,1
neofelis diardi,0,0,0,0,0,0,0,0,0,1,0,0,0,0,0,0,0,0,0,0,1
neogene,0,0,0,0,0,0,0,0,0,0,0,0,0,0,0,1,0,0,0,0,1
phytopathogenic fungi,0,0,0,0,0,0,0,0,0,0,0,0,0,0,0,0,1,0,0,0,1
neogobius melanostomus,0,0,0,0,0,0,0,1,0,0,0,0,0,0,0,0,0,0,0,0,1
neolithic populations,0,0,0,0,0,0,0,0,0,0,0,0,0,0,0,0,0,1,0,0,1
neotropical bats,0,0,0,0,0,0,0,0,0,0,0,0,0,0,0,0,0,0,0,1,1
neotropical birds,0,0,0,0,0,0,0,0,0,0,0,0,0,1,0,0,0,0,0,0,1
neotropical diversity,0,0,0,0,0,0,0,0,0,0,0,0,0,0,1,0,0,0,0,0,1
physiological limits,0,0,0,0,0,0,0,0,0,0,0,0,0,0,0,0,0,0,0,1,1
neotropical mammals,0,0,0,0,0,0,0,0,0,0,0,0,0,0,0,0,0,0,1,0,1
neotropical otter,0,0,0,0,0,0,0,0,1,0,0,0,0,0,0,0,0,0,0,0,1
phytobenthos,0,0,0,0,0,0,0,0,1,0,0,0,0,0,0,0,0,0,0,0,1
phytophthora cinnamomi,0,0,0,0,0,0,0,0,0,0,1,0,0,0,0,0,0,0,0,0,1
physiological ecology,0,0,0,0,1,0,0,0,0,0,0,0,0,0,0,0,0,0,0,0,1
nearest-neighbor imputation,0,0,0,0,0,0,0,0,0,0,0,0,0,1,0,0,0,0,0,0,1
neamblysomus julianae,0,0,0,0,0,1,0,0,0,0,0,0,0,0,0,0,0,0,0,0,1
phytosanitary forecasting,0,0,0,0,0,0,0,0,0,0,0,0,0,0,0,0,1,0,0,0,1
near threatened,0,0,0,0,0,0,0,0,0,0,0,0,0,0,0,0,0,0,0,1,1
phytosanitary,0,0,0,0,0,0,0,0,0,0,0,0,0,0,0,0,0,1,0,0,1
near-threatened species,0,0,0,0,0,0,0,0,0,0,0,0,0,0,0,0,0,0,0,1,1
nearctic region,0,0,0,0,0,0,0,0,0,0,0,0,0,0,1,0,0,0,0,0,1
nearest neighbor imputation,0,0,0,0,0,0,0,0,1,0,0,0,0,0,0,0,0,0,0,0,1
phytoremediation,0,0,0,0,0,0,0,0,0,0,0,0,0,0,0,0,1,0,0,0,1
nearshore,0,0,0,0,0,0,0,0,0,0,1,0,0,0,0,0,0,0,0,0,1
negative binomial glm,0,0,0,0,0,0,0,0,1,0,0,0,0,0,0,0,0,0,0,0,1
neartic,0,0,0,0,0,0,0,1,0,0,0,0,0,0,0,0,0,0,0,0,1
nebkha,0,0,0,0,0,0,0,0,0,0,0,0,0,0,0,0,0,0,1,0,1
nebraska sandhills,0,0,0,0,0,0,0,0,0,0,0,0,0,1,0,0,0,0,0,0,1
nectar-feeding bat,0,0,0,0,0,0,1,0,0,0,0,0,0,0,0,0,0,0,0,0,1
nectariferous-polliniferous flora,0,0,0,0,0,0,0,0,0,0,0,0,0,1,0,0,0,0,0,0,1
needle cast,0,0,0,0,0,0,0,0,0,0,0,0,0,0,1,0,0,0,0,0,1
needle disease,0,0,0,0,0,0,0,0,0,0,0,0,0,0,0,0,0,0,0,1,1
phytophthora kernoviae,0,0,0,0,0,0,0,1,0,0,0,0,0,0,0,0,0,0,0,0,1
neotropical palm,0,0,0,0,0,0,0,0,0,0,0,0,0,0,0,0,0,0,0,1,1
neotropical pest,0,0,0,0,0,0,0,0,0,0,0,0,0,1,0,0,0,0,0,0,1
phytosociology,0,0,0,0,0,0,0,0,0,0,0,0,0,0,0,0,0,0,0,1,1
network connectivity,0,0,0,0,0,0,0,0,0,1,0,0,0,0,0,0,0,0,0,0,1
nesting habitat selection,0,0,0,0,0,0,0,0,0,0,0,0,0,0,0,0,0,0,0,1,1
phylogenetic niche modeling,0,0,0,0,0,0,0,0,0,0,0,0,0,0,0,0,0,0,1,0,1
phylogenetic niche conservatism,0,0,0,0,0,0,0,0,0,0,0,0,0,0,0,1,0,0,0,0,1
nesting sites,0,0,0,0,0,0,0,0,0,0,0,0,0,0,0,0,0,1,0,0,1
nesting success,0,0,0,0,0,0,0,0,0,0,0,1,0,0,0,0,0,0,0,0,1
net primary productivity,0,0,0,0,0,0,0,0,0,0,0,0,0,1,0,0,0,0,0,0,1
phylogenetic incongruence,0,0,0,0,0,0,0,0,0,0,0,0,0,0,0,1,0,0,0,0,1
network analysis,0,0,0,0,0,0,0,0,0,0,0,0,0,0,0,0,0,0,1,0,1
phylogenetic constraints,0,0,0,0,0,0,0,0,0,0,1,0,0,0,0,0,0,0,0,0,1
phylogenetic signal sesamum,0,0,0,0,0,0,0,0,0,0,0,0,0,0,0,0,0,0,0,1,1
phylogenetic analyses,0,0,0,0,0,0,0,0,0,0,0,0,0,0,0,0,0,0,1,0,1
phyloclim,0,0,0,0,0,0,0,0,0,1,0,0,0,0,0,0,0,0,0,0,1
neural net,0,0,0,0,0,0,0,0,0,0,0,0,1,0,0,0,0,0,0,0,1
phyllostomidae,0,0,0,0,0,0,0,0,0,0,0,0,0,0,0,0,0,0,0,1,1
phyllophora crispa,0,0,0,0,0,0,0,0,0,0,0,0,1,0,0,0,0,0,0,0,1
phthorimaea,0,0,0,0,0,0,0,0,0,0,0,0,0,0,0,0,0,0,1,0,1
phrynosoma cornutum,0,0,0,0,0,0,0,0,0,0,0,0,0,0,0,0,0,0,1,0,1
neurotoxins,0,0,0,0,0,0,0,0,0,0,0,0,0,1,0,0,0,0,0,0,1
nesting ecology,0,0,0,0,0,0,0,0,0,0,0,0,0,0,0,0,0,0,1,0,1
phylogenetic tree,0,0,0,0,0,0,0,0,0,0,0,0,0,0,0,0,0,0,0,1,1
neotropical pitvipers,0,0,0,0,0,0,0,0,0,0,0,0,0,0,1,0,0,0,0,0,1
nepetalactone biosynthesis,0,0,0,0,0,0,0,0,0,0,0,0,0,0,0,0,0,0,0,1,1
neotropical ungulates,0,0,0,0,0,0,0,0,0,0,0,0,0,0,0,0,0,0,0,1,1
nepenthaceae,0,0,0,0,0,0,0,1,0,0,0,0,0,0,0,0,0,0,0,0,1
physical sampling,0,0,0,0,0,0,0,0,1,0,0,0,0,0,0,0,0,0,0,0,1
physical habitat,0,0,0,1,0,0,0,0,0,0,0,0,0,0,0,0,0,0,0,0,1
nepenthes,0,0,0,0,0,0,0,1,0,0,0,0,0,0,0,0,0,0,0,0,1
nepenthes khasiana,0,0,0,0,0,0,0,0,0,0,0,0,0,0,0,0,0,1,0,0,1
nepenthes mirabilis,0,0,0,0,0,0,0,0,0,0,0,0,0,0,0,0,0,0,0,1,1
physalaemus cuvieri group,0,0,0,0,0,0,0,0,0,0,0,1,0,0,0,0,0,0,0,0,1
nephrops norvegicus,0,0,0,0,0,0,0,1,0,0,0,0,0,0,0,0,0,0,0,0,1
nested-niche,0,0,0,0,0,0,0,0,0,0,0,0,0,0,1,0,0,0,0,0,1
nerodia erythrogaster,0,0,0,0,1,0,0,0,0,0,0,0,0,0,0,0,0,0,0,0,1
nest height,0,0,0,0,0,0,0,0,0,0,0,0,0,0,0,0,0,0,0,1,1
nest predation,0,0,0,0,0,0,0,0,0,0,0,0,0,0,0,0,0,1,0,0,1
nest site selection,0,0,0,0,0,0,0,0,0,0,0,0,0,0,0,0,0,0,0,1,1
nest-site characteristics,0,0,0,0,0,0,0,0,0,0,0,0,0,0,0,0,0,0,0,1,1
phylogenetics,0,0,0,0,0,0,0,0,0,0,0,0,0,0,0,1,0,0,0,0,1
nested approach,0,0,0,0,0,0,0,0,0,0,0,0,0,1,0,0,0,0,0,0,1
nested model,0,0,0,0,0,0,0,0,0,0,0,0,0,0,1,0,0,0,0,0,1
phytosanitary protection,0,0,0,0,0,0,0,0,0,0,0,0,0,0,1,0,0,0,0,0,1
ne atlantic,0,0,0,0,0,0,0,1,0,0,0,0,0,0,0,0,0,0,0,0,1
photoprotection,0,0,0,0,0,0,0,0,0,0,0,0,0,1,0,0,0,0,0,0,1
pink salmon,0,0,0,0,0,0,0,0,0,0,0,0,0,0,0,0,0,0,1,0,1
pinus greggii,0,0,0,0,0,0,0,0,0,0,0,0,0,0,1,0,0,0,0,0,1
pinus chiapensis,0,0,0,0,0,0,0,0,0,0,0,0,0,0,0,0,1,0,0,0,1
native broad-leaved trees protection,0,0,0,0,0,0,0,0,0,0,0,0,0,0,0,0,0,0,0,1,1
pinus brutia ten.,0,0,0,0,0,0,0,0,0,0,0,0,0,0,0,0,0,0,0,1,1
pinus armandii,0,0,0,0,0,0,0,0,0,0,0,0,0,0,0,1,0,0,0,0,1
native invasive species,0,0,0,0,0,0,0,0,0,0,0,1,0,0,0,0,0,0,0,0,1
native lamprey,0,0,0,0,0,0,0,0,0,0,0,0,0,0,0,0,0,0,1,0,1
pink sea fan,0,0,0,0,0,0,0,0,0,0,0,0,0,0,0,0,1,0,0,0,1
native mangrove forests,0,0,0,0,0,0,0,0,0,0,0,0,0,0,0,0,0,0,0,1,1
native,0,0,0,0,0,0,0,0,0,0,0,0,0,0,0,0,0,0,1,0,1
pinellia ternata,0,0,0,0,0,0,0,0,0,0,0,0,0,0,0,0,0,1,0,0,1
native pollinator,0,0,0,0,0,0,0,0,0,0,0,0,0,0,0,0,0,0,1,0,1
native range size,0,0,0,0,0,0,0,0,0,0,0,0,0,0,0,0,1,0,0,0,1
native species displacement,0,0,0,0,0,0,0,0,0,0,0,0,0,0,0,0,0,1,0,0,1
pine wilt nematode,0,0,0,0,0,0,0,0,0,0,0,0,0,0,0,0,0,0,1,0,1
native temperate plants,0,0,0,0,0,0,0,0,0,0,0,0,0,0,0,0,0,0,0,1,1
native trees,0,0,0,0,0,0,0,0,0,0,0,0,0,0,0,0,0,0,0,1,1
natricinae,0,0,0,0,1,0,0,0,0,0,0,0,0,0,0,0,0,0,0,0,1
native and non-native species,0,0,0,0,0,0,0,0,0,0,1,0,0,0,0,0,0,0,0,0,1
national scale,0,0,0,0,0,0,0,0,0,0,0,0,0,0,0,0,0,1,0,0,1
pine tortoise scale,0,0,0,0,0,0,0,0,0,0,0,0,0,0,0,0,0,1,0,0,1
pinus radiata,0,0,0,0,0,0,0,0,0,0,0,0,0,1,0,0,0,0,0,0,1
pinus tabuliformis,0,0,0,0,0,0,0,0,0,0,0,0,0,0,0,1,0,0,0,0,1
pinus sylvestris,0,0,0,0,0,0,0,0,0,0,0,0,0,0,1,0,0,0,0,0,1
nardostachys jatamansi,0,0,0,0,0,0,0,0,0,0,0,0,0,0,0,0,1,0,0,0,1
narrow endemic plants,0,0,0,0,0,0,0,0,0,0,0,0,0,0,1,0,0,0,0,0,1
narrow tolerance,0,0,0,0,0,0,0,0,0,0,0,0,0,0,0,0,0,0,0,1,1
pinus spp.,0,0,0,0,0,0,0,0,0,0,0,0,0,0,0,1,0,0,0,0,1
narrow-endemism,0,0,0,0,0,0,0,0,0,0,0,0,0,0,0,1,0,0,0,0,1
natalidae,0,0,0,0,0,0,0,0,0,0,0,0,1,0,0,0,0,0,0,0,1
pinus pinaster aiton,0,0,0,0,0,0,0,0,0,0,0,0,0,0,1,0,0,0,0,0,1
national rivers and streams assessment,0,0,0,0,0,0,0,0,0,0,0,0,0,0,0,0,0,0,0,1,1
pinus palustris,0,0,0,0,0,0,1,0,0,0,0,0,0,0,0,0,0,0,0,0,1
natalus macrourus,0,0,0,0,0,0,0,0,0,0,0,0,1,0,0,0,0,0,0,0,1
national aquatic resource surveys,0,0,0,0,0,0,0,0,0,0,0,0,0,0,0,0,0,0,0,1,1
national forest,0,0,0,0,0,0,0,0,0,0,0,0,1,0,0,0,0,0,0,0,1
pinus nigra,0,0,0,0,0,0,0,0,0,0,0,0,0,0,1,0,0,0,0,0,1
national forest inventory data,0,0,0,0,0,0,0,0,0,0,0,0,0,0,0,0,1,0,0,0,1
pinus mugo,0,0,0,0,0,0,0,0,0,0,0,0,0,0,1,0,0,0,0,0,1
national protected plants,0,0,0,0,0,0,0,0,0,0,0,0,0,0,0,0,0,1,0,0,1
natural barriers,0,0,0,0,0,0,0,0,0,0,0,0,0,0,0,1,0,0,0,0,1
natural biomes,0,0,0,0,0,0,0,0,0,0,0,0,0,0,0,0,1,0,0,0,1
picathartes oreas,0,0,0,0,0,0,0,0,0,0,0,0,0,0,0,0,0,1,0,0,1
picea glauca,0,0,0,0,0,0,0,0,0,0,0,0,0,0,0,0,1,0,0,0,1
nature protection,0,0,0,0,0,0,0,1,0,0,0,0,0,0,0,0,0,0,0,0,1
nature restoration law,0,0,0,0,0,0,0,0,0,0,0,0,0,0,0,0,0,0,0,1,1
nature-based coastal defence,0,0,0,0,0,0,0,0,0,0,0,0,0,0,0,0,0,1,0,0,1
picea mariana,0,0,0,0,0,0,0,0,0,0,0,0,0,0,0,0,1,0,0,0,1
picea jezoensis carrire,0,0,0,0,0,0,0,0,0,0,0,0,0,0,0,0,1,0,0,0,1
nature-based solutions,0,0,0,0,0,0,0,0,0,0,0,0,0,0,0,0,0,1,0,0,1
picea jezoensis,0,0,0,0,0,0,0,0,0,0,0,0,0,0,0,0,0,1,0,0,1
navasota ladies' tresses,0,0,0,0,0,0,0,0,0,0,0,0,0,1,0,0,0,0,0,0,1
nayarit,0,0,0,0,0,0,0,0,0,0,0,0,0,0,0,0,0,1,0,0,1
picea rubens,0,0,0,0,0,0,0,0,0,0,0,0,0,0,0,0,1,0,0,0,1
nbs,0,0,0,0,0,0,0,0,0,0,0,0,0,0,0,0,0,0,0,1,1
nca-maxent,0,0,0,0,0,0,0,0,0,1,0,0,0,0,0,0,0,0,0,0,1
picea crassifolia,0,0,0,0,0,0,0,0,0,0,0,0,0,0,0,1,0,0,0,0,1
picea abies,0,0,0,0,0,0,0,0,0,0,0,0,0,0,0,0,0,0,0,1,1
nceas dataset,0,0,0,0,0,0,0,0,0,0,0,0,0,0,0,0,0,1,0,0,1
ndm,0,0,0,1,0,0,0,0,0,0,0,0,0,0,0,0,0,0,0,0,1
ndop,0,0,0,0,0,0,0,0,0,0,0,0,0,0,0,0,0,0,1,0,1
picea,0,0,0,0,0,0,0,0,0,0,0,0,0,0,0,1,0,0,0,0,1
nature cycles,0,0,0,0,0,0,0,0,0,0,0,0,0,0,0,0,0,1,0,0,1
picoides albolarvatus,0,0,0,0,0,0,0,0,0,1,0,0,0,0,0,0,0,0,0,0,1
natural enemies,0,0,0,0,0,0,0,0,0,0,0,0,0,0,0,0,0,0,0,1,1
pileated woodpecker(dryocopuspileatus),0,0,0,0,0,0,0,0,0,0,0,0,0,0,0,0,1,0,0,0,1
natural flow regime,0,0,0,0,0,0,0,0,0,0,1,0,0,0,0,0,0,0,0,0,1
pine marten,0,0,0,0,0,0,0,0,0,0,1,0,0,0,0,0,0,0,0,0,1
pine forestry,0,0,0,0,0,0,0,0,0,0,0,0,0,0,0,0,0,0,0,1,1
natural forest,0,0,0,0,0,0,0,0,0,0,0,0,0,0,0,0,1,0,0,0,1
natural grasslands,0,0,0,0,0,0,0,0,0,0,0,0,0,0,0,0,0,0,0,1,1
pine afforestation,0,0,0,0,0,0,0,0,0,0,0,1,0,0,0,0,0,0,0,0,1
natural habitat type of community interest,0,0,0,0,0,1,0,0,0,0,0,0,0,0,0,0,0,0,0,0,1
pin-tailed whydah,0,0,0,0,0,0,0,0,0,0,0,1,0,0,0,0,0,0,0,0,1
natural history,0,0,0,0,0,0,0,0,0,0,0,0,0,0,1,0,0,0,0,0,1
picoides arcticus,0,0,0,0,0,0,0,1,0,0,0,0,0,0,0,0,0,0,0,0,1
natural resource management,0,0,0,0,0,0,0,0,0,0,0,0,0,1,0,0,0,0,0,0,1
pika,0,0,0,0,0,0,0,0,0,0,0,0,0,1,0,0,0,0,0,0,1
natural resources,0,0,0,0,0,0,0,0,0,0,0,0,0,1,0,0,0,0,0,0,1
pig density,0,0,0,0,0,0,0,0,0,0,0,0,1,0,0,0,0,0,0,0,1
pieris mannii,0,0,0,0,0,0,0,0,0,0,0,0,0,0,0,1,0,0,0,0,1
natural selection,0,0,0,0,0,0,0,0,0,0,0,0,1,0,0,0,0,0,0,0,1
natural spread,0,0,0,0,0,0,0,0,0,0,0,0,0,0,0,0,0,0,1,0,1
naturalised species,0,0,0,0,0,0,0,0,0,1,0,0,0,0,0,0,0,0,0,0,1
photoseries analysis,0,0,0,0,0,0,0,0,0,0,0,0,0,1,0,0,0,0,0,0,1
phorophyte,0,0,0,0,0,0,0,1,0,0,0,0,0,0,0,0,0,0,0,0,1
non-native fungus,0,0,0,0,0,0,0,0,0,0,0,0,0,1,0,0,0,0,0,0,1
nocturnal behavior,0,0,0,0,0,0,0,0,0,0,0,1,0,0,0,0,0,0,0,0,1
pericon,0,0,0,0,0,0,0,0,0,0,0,0,0,1,0,0,0,0,0,0,1
nizampur national park,0,0,0,0,0,0,0,0,0,0,0,0,0,0,0,0,0,0,1,0,1
peri-urban areas,0,0,0,0,0,0,0,0,0,0,0,0,0,0,0,0,0,0,0,1,1
performance curves,0,0,0,0,0,0,0,0,0,0,0,1,0,0,0,0,0,0,0,0,1
no-analog,0,0,0,0,0,0,0,0,0,0,0,0,1,0,0,0,0,0,0,0,1
noaa,0,0,0,0,0,0,0,0,0,0,0,0,0,0,0,0,1,0,0,0,1
nobilis,0,0,0,0,0,0,0,0,0,0,0,0,0,0,0,0,0,1,0,0,1
performance analysis,0,0,0,0,0,0,0,0,0,0,0,0,0,1,0,0,0,0,0,0,1
perennial fruit,0,0,0,0,0,0,0,0,1,0,0,0,0,0,0,0,0,0,0,0,1
nitrate,0,0,0,0,0,0,0,0,0,0,0,0,1,0,0,0,0,0,0,0,1
percent indigeneity,0,0,0,0,0,0,0,0,0,0,0,0,0,0,0,0,0,0,1,0,1
percent contribution,0,0,0,0,0,0,0,0,0,0,1,0,0,0,0,0,0,0,0,0,1
noise filters,0,0,0,0,0,0,0,0,0,0,1,0,0,0,0,0,0,0,0,0,1
noise mapping,0,0,0,0,0,0,0,0,0,0,0,0,0,0,1,0,0,0,0,0,1
noise ranking,0,0,0,0,0,0,0,0,0,0,1,0,0,0,0,0,0,0,0,0,1
peperomia abyssinica,0,0,0,0,0,0,0,0,0,0,0,0,0,0,0,0,0,1,0,0,1
penultimate glaciation,0,0,0,0,0,0,0,0,0,0,1,0,0,0,0,0,0,0,0,0,1
penthaleus spp,0,0,0,0,0,0,1,0,0,0,0,0,0,0,0,0,0,0,0,0,1
nitrogen stable isotopes,0,0,0,0,0,0,0,0,0,0,0,0,0,0,0,0,0,0,0,1,1
perilla frutescens,0,0,0,0,0,0,0,0,0,0,0,0,0,0,0,0,0,0,1,0,1
pennatula phosphorea,0,0,0,0,0,0,0,0,0,0,0,0,0,0,0,1,0,0,0,0,1
nilgiritragus hylocrius,0,0,0,0,0,0,0,0,0,0,0,0,0,0,0,0,0,1,0,0,1
persiann,0,0,0,0,0,0,0,0,0,0,0,0,0,0,1,0,0,0,0,0,1
niger,0,0,0,0,0,0,0,0,0,0,0,0,0,0,0,0,0,0,0,1,1
persian squirrel,0,0,0,0,0,0,0,0,0,0,0,0,0,0,1,0,0,0,0,0,1
nigeria,0,0,0,0,0,0,0,0,0,0,0,0,0,0,1,0,0,0,0,0,1
nile tilapia,0,0,0,0,0,0,0,1,0,0,0,0,0,0,0,0,0,0,0,0,1
persian oak,0,0,0,0,0,0,0,0,0,0,0,0,0,0,1,0,0,0,0,0,1
nilgiri biosphere reserve,0,0,0,0,0,0,0,0,0,0,0,0,0,0,0,0,0,0,1,0,1
nilgiri tahr,0,0,0,0,0,0,0,0,0,0,0,0,0,0,0,0,0,1,0,0,1
nimo r package,0,0,0,0,0,0,0,0,0,0,0,0,0,0,0,0,0,0,1,0,1
permanent pastures,0,0,0,0,0,0,0,0,0,1,0,0,0,0,0,0,0,0,0,0,1
ninox scutulata,0,0,0,0,0,1,0,0,0,0,0,0,0,0,0,0,0,0,0,0,1
ninox strenua,0,0,0,0,0,0,0,0,0,0,0,1,0,0,0,0,0,0,0,0,1
persian fallow deer,0,0,0,0,0,0,0,0,0,1,0,0,0,0,0,0,0,0,0,0,1
peromyscus maniculatus,0,0,0,0,0,0,0,0,0,0,0,0,1,0,0,0,0,0,0,0,1
peromyscus,0,0,0,0,0,0,0,0,0,0,0,1,0,0,0,0,0,0,0,0,1
permutation importance,0,0,0,0,0,0,0,0,0,0,1,0,0,0,0,0,0,0,0,0,1
nipponaclerda biwakoensis,0,0,0,0,0,0,0,0,0,0,0,0,0,0,0,0,1,0,0,0,1
permanent refugia,0,0,0,0,0,0,0,0,0,0,0,0,0,0,0,0,0,0,0,1,1
nom-059-semarnat-2010,0,0,0,0,0,0,0,0,0,0,0,0,0,0,0,0,0,0,0,1,1
nomadic climber,0,0,0,0,0,0,0,0,0,0,0,0,0,0,0,0,0,0,0,1,1
nichemapr,0,0,0,0,0,0,0,0,0,0,0,0,0,1,0,0,0,0,0,0,1
non-indigenous,0,0,0,0,0,0,0,0,0,0,0,0,0,0,0,1,0,0,0,0,1
pelagic,0,0,0,0,0,0,0,0,0,0,0,0,0,0,0,1,0,0,0,0,1
pelagia noctiluca,0,0,0,0,0,0,0,0,0,0,0,0,0,0,0,0,0,0,0,1,1
pedunculate oak (quercus robur),0,0,0,0,0,0,0,0,0,0,0,1,0,0,0,0,0,0,0,0,1
non-game fish,0,0,0,0,0,0,0,0,0,0,0,0,0,0,0,0,0,0,1,0,1
pedomemory,0,0,0,0,0,0,0,0,0,0,0,0,0,1,0,0,0,0,0,0,1
non-gregarious locusts,0,0,0,0,0,0,0,0,0,0,0,0,0,0,0,0,1,0,0,0,1
peatland distribution,0,0,0,0,0,0,0,0,0,0,0,0,0,0,0,0,0,0,1,0,1
non-gyps conservation,0,0,0,0,0,0,0,0,0,0,0,0,0,0,0,0,0,0,1,0,1
non-linear discriminant analysis,0,0,0,0,0,0,0,0,0,1,0,0,0,0,0,0,0,0,0,0,1
pelagic fishes,0,0,0,0,0,0,0,0,0,0,0,0,0,0,0,0,0,0,1,0,1
non-linear principal component analysis,0,0,0,0,0,0,0,0,0,0,0,0,0,1,0,0,0,0,0,0,1
peat swamp forest,0,0,0,0,1,0,0,0,0,0,0,0,0,0,0,0,0,0,0,0,1
peary caribou,0,0,0,0,0,0,0,0,0,0,0,0,0,0,0,0,1,0,0,0,1
pcr,0,0,0,0,0,0,0,0,0,0,0,0,0,0,1,0,0,0,0,0,1
pawpaw,0,0,0,0,0,0,0,0,0,0,0,0,0,0,0,1,0,0,0,0,1
patterns of distribution,0,0,0,0,0,0,0,0,0,0,0,0,0,0,0,0,0,1,0,0,1
patterning,0,0,0,0,0,0,0,0,0,1,0,0,0,0,0,0,0,0,0,0,1
non-native,0,0,0,0,0,0,0,0,0,0,0,0,0,0,0,0,1,0,0,0,1
pelagic fish and sharks,0,0,0,0,0,0,0,0,0,1,0,0,0,0,0,0,0,0,0,0,1
non-equilibrium settings,0,0,0,0,0,0,0,0,1,0,0,0,0,0,0,0,0,0,0,0,1
nomadic movements,0,0,0,0,0,0,0,0,0,0,0,0,0,0,1,0,0,0,0,0,1
nomenclature,0,0,0,0,0,0,0,0,0,0,0,0,0,0,0,0,1,0,0,0,1
nomadic species,0,0,0,0,0,0,0,0,0,0,0,0,0,0,0,1,0,0,0,0,1
nomadism,0,0,0,0,0,0,0,0,0,0,0,0,0,0,0,0,1,0,0,0,1
peninsular thailand,0,0,0,0,0,1,0,0,0,0,0,0,0,0,0,0,0,0,0,0,1
peninsular malaysia and species distribution modelling,0,0,0,0,0,0,0,0,0,0,0,0,0,0,0,1,0,0,0,0,1
nomascus nasutus,0,0,0,0,0,0,0,0,0,0,0,0,0,0,0,0,1,0,0,0,1
peninsular malaysia,0,0,0,0,0,0,0,0,0,0,0,0,0,0,0,0,0,1,0,0,1
penalization,0,0,0,0,0,0,0,0,0,0,0,0,0,0,0,0,0,1,0,0,1
peloponnese region,0,0,0,0,0,0,0,0,0,0,0,0,0,0,0,0,1,0,0,0,1
non -analog ecosystems,0,0,0,0,0,0,0,0,0,0,0,0,0,0,0,0,0,0,1,0,1
non-equilibrium dynamics,0,0,1,0,0,0,0,0,0,0,0,0,0,0,0,0,0,0,0,0,1
pelomedusa,0,0,0,0,0,0,0,0,0,0,0,0,0,0,0,0,0,0,1,0,1
pelias barani,0,0,0,0,0,0,0,0,0,1,0,0,0,0,0,0,0,0,0,0,1
non place-based,0,0,0,0,0,1,0,0,0,0,0,0,0,0,0,0,0,0,0,0,1
pelagophils,0,0,0,0,0,0,0,0,0,0,1,0,0,0,0,0,0,0,0,0,1
non&#8208,0,0,0,0,0,0,0,0,0,0,0,0,0,0,0,1,0,0,0,0,1
non-adult life stages,0,0,0,0,0,0,0,0,0,0,1,0,0,0,0,0,0,0,0,0,1
non-canopy species,0,0,0,0,0,0,0,0,0,0,0,0,0,0,0,0,0,0,0,1,1
pelagic species,0,0,0,0,0,0,0,0,0,0,0,0,0,0,0,0,1,0,0,0,1
perth canyon,0,0,0,0,0,0,0,0,0,1,0,0,0,0,0,0,0,0,0,0,1
peruvian desert,0,0,0,0,0,0,0,0,0,0,0,0,0,0,0,0,1,0,0,0,1
neusticomys,0,0,0,0,0,0,0,0,0,0,0,1,0,0,0,0,0,0,0,0,1
ngorongoro conservation area,0,0,0,0,0,0,0,0,0,0,0,0,0,0,0,0,0,0,1,0,1
phenotypic distribution models (pdms),0,0,0,0,0,0,0,0,0,0,0,0,0,0,0,1,0,0,0,0,1
new zealand mud snail,0,0,0,0,0,0,0,0,0,0,0,0,0,0,1,0,0,0,0,0,1
new zealand sea lion,0,0,0,0,0,0,0,0,0,0,0,0,1,0,0,0,0,0,0,0,1
newfoundland,0,0,0,0,0,0,0,0,0,0,0,0,0,0,0,0,0,1,0,0,1
ney mountains,0,0,0,0,0,0,0,0,0,0,0,0,0,0,0,0,0,0,0,1,1
phenotypic differentiation,0,0,0,0,0,0,0,0,0,0,0,0,0,0,0,1,0,0,0,0,1
phenotype analysis,0,0,0,0,0,0,0,0,0,0,0,0,0,0,0,0,0,1,0,0,1
nezara viridula,0,0,0,0,0,0,0,1,0,0,0,0,0,0,0,0,0,0,0,0,1
phenological phase,0,0,0,0,0,0,0,0,0,0,0,0,0,0,0,0,0,1,0,0,1
new world primate,0,0,0,0,0,0,0,0,0,0,0,0,0,0,0,0,1,0,0,0,1
phenological metrics,0,0,0,0,0,0,0,0,0,0,0,0,1,0,0,0,0,0,0,0,1
niagara river,0,0,0,0,0,0,0,0,0,0,0,1,0,0,0,0,0,0,0,0,1
phenological characteristics,0,0,0,0,0,0,0,0,0,0,0,0,0,0,0,0,0,1,0,0,1
phengaris nausithous,0,0,0,0,0,0,0,0,0,1,0,0,0,0,0,0,0,0,0,0,1
phelsuma kochi,0,0,0,0,0,0,0,0,0,0,0,0,0,0,0,1,0,0,0,0,1
phelsuma grandis,0,0,0,0,0,0,0,0,0,0,0,0,0,0,0,1,0,0,0,0,1
pheasant,0,0,0,0,0,0,0,0,0,0,0,0,0,0,0,0,1,0,0,0,1
niche and agroecology,0,0,0,0,0,0,0,0,0,0,0,0,0,0,0,1,0,0,0,0,1
phenotypic diversity,0,0,0,0,0,0,0,0,0,0,0,0,0,0,0,0,0,0,0,1,1
phenotypic plasticity,0,0,0,0,0,0,0,0,0,0,0,0,0,0,0,0,0,1,0,0,1
niche com,0,0,0,0,0,0,0,0,0,0,0,0,0,0,0,0,0,0,1,0,1
phlebotomus tobbi,0,0,0,0,0,0,0,0,0,0,0,0,0,1,0,0,0,0,0,0,1
phomopsis canker,0,0,0,0,0,0,0,0,0,0,0,1,0,0,0,0,0,0,0,0,1
phoenix dactylifera l.,0,0,0,0,0,0,0,0,0,1,0,0,0,0,0,0,0,0,0,0,1
phoenician juniper (juniperus phoenicea),0,0,0,0,0,0,0,0,0,0,0,0,0,0,1,0,0,0,0,0,1
phoebe zhennan sustainability,0,0,0,0,0,0,0,0,0,0,0,0,0,0,0,0,0,0,1,0,1
phocoena phocoena,0,0,0,0,0,0,0,0,0,0,0,0,0,0,0,0,0,0,0,1,1
phocarctos hookeri,0,0,0,0,0,0,0,0,0,0,0,0,1,0,0,0,0,0,0,0,1
phlugiolopsis,0,0,0,0,0,0,0,1,0,0,0,0,0,0,0,0,0,0,0,0,1
new england,0,0,0,0,0,0,0,1,0,0,0,0,0,0,0,0,0,0,0,0,1
phlebotomus perniciosus,0,0,0,0,0,0,0,0,1,0,0,0,0,0,0,0,0,0,0,0,1
new tribal assignment,0,0,0,0,0,0,0,0,0,0,0,0,0,0,0,0,1,0,0,0,1
new environment,0,0,0,0,0,0,0,1,0,0,0,0,0,0,0,0,0,0,0,0,1
new mexico meadow jumping mouse,0,0,0,0,0,0,0,0,0,0,0,0,0,0,0,0,0,0,1,0,1
phlaeothripidae,0,0,0,0,0,0,0,0,1,0,0,0,0,0,0,0,0,0,0,0,1
pheronema carpenteri,0,0,0,0,0,0,0,0,0,0,0,0,0,0,0,0,0,1,0,0,1
new orleans,0,0,0,0,0,0,0,0,0,0,0,1,0,0,0,0,0,0,0,0,1
phenotypic variation,0,0,0,0,0,0,0,0,0,0,0,0,0,0,0,0,0,0,0,1,1
new south wales australia,0,0,0,0,0,0,0,0,0,0,0,0,0,0,1,0,0,0,0,0,1
phenotypic trait-based analysis,0,0,0,0,0,0,0,0,0,0,0,0,0,0,0,0,0,0,0,1,1
phallaceae,0,0,0,0,0,0,0,0,0,0,0,0,0,0,0,0,0,0,0,1,1
phalaris aquatica,0,0,0,0,0,0,0,0,0,0,0,1,0,0,0,0,0,0,0,0,1
niche-population model,0,0,0,0,0,0,0,0,0,1,0,0,0,0,0,0,0,0,0,0,1
pest forecast,0,0,0,0,0,0,0,0,0,0,0,0,0,0,0,0,0,0,0,1,1
pest prediction,0,0,0,0,0,0,0,0,0,0,0,0,0,0,0,1,0,0,0,0,1
pest mapping,0,0,0,0,0,0,0,0,0,0,0,0,0,0,0,1,0,0,0,0,1
niche reduction,0,0,0,0,0,0,0,0,0,0,0,0,0,0,0,0,0,0,1,0,1
niche reduction hypothesis,0,0,0,0,0,0,0,0,0,0,0,0,0,0,1,0,0,0,0,0,1
niche segregation,0,0,0,0,0,0,0,0,0,0,0,0,0,0,0,0,0,0,0,1,1
pest invasion forecasting,0,0,0,0,0,0,0,0,0,0,0,0,0,0,0,1,0,0,0,0,1
pest insects,0,0,0,0,0,0,0,0,0,0,0,0,0,1,0,0,0,0,0,0,1
pest hosts,0,0,0,0,0,0,0,0,0,0,0,0,0,0,0,0,0,0,0,1,1
niche structure,0,0,0,0,0,0,0,0,0,0,0,0,0,1,0,0,0,0,0,0,1
niche position,0,0,0,0,0,0,0,0,0,0,0,0,0,0,0,0,0,1,0,0,1
pessimistic and optimistic scenario,0,0,0,0,0,0,0,0,0,0,0,0,0,0,0,0,0,0,1,0,1
niche theory,0,0,0,0,0,0,0,0,1,0,0,0,0,0,0,0,0,0,0,0,1
niche transference,0,0,0,0,0,0,0,0,0,0,1,0,0,0,0,0,0,0,0,0,1
niche unfilling,0,0,0,0,0,0,0,0,0,0,0,0,0,0,1,0,0,0,0,0,1
niche volume,0,0,0,0,0,0,0,0,0,0,0,0,0,0,0,0,1,0,0,0,1
niche-base distribution models,0,0,0,0,0,0,0,0,0,1,0,0,0,0,0,0,0,0,0,0,1
niche-based model,0,0,1,0,0,0,0,0,0,0,0,0,0,0,0,0,0,0,0,0,1
peruvian peppertree,0,0,0,0,0,0,0,0,0,0,0,0,0,0,0,1,0,0,0,0,1
niche reconstruction,0,0,0,0,0,0,0,0,0,0,0,0,0,0,0,0,0,0,0,1,1
pest prioritisation,0,0,0,0,0,0,0,0,0,0,0,0,0,0,0,0,0,0,0,1,1
phaeothallus,0,0,0,0,0,0,0,0,0,0,0,0,0,0,0,0,0,0,0,1,1
pest status,0,0,0,0,0,1,0,0,0,0,0,0,0,0,0,0,0,0,0,0,1
phacellanthus tubiflorus,0,0,0,0,0,0,0,0,0,0,0,0,0,0,0,0,0,0,0,1,1
niche components,0,0,0,0,0,0,0,0,0,0,0,0,1,0,0,0,0,0,0,0,1
petroglyphs,0,0,0,0,0,0,0,0,0,0,0,0,0,0,1,0,0,0,0,0,1
petauroides volans,0,0,0,0,0,0,0,0,0,0,0,0,0,0,0,0,0,0,1,0,1
niche conservatism and ecological niche modelling,0,0,0,0,0,0,0,0,0,1,0,0,0,0,0,0,0,0,0,0,1
niche contraction,0,0,0,0,0,0,0,0,0,0,0,0,0,0,0,0,1,0,0,0,1
niche determinants,0,0,0,0,0,0,0,0,0,0,0,1,0,0,0,0,0,0,0,0,1
pest surveillance,0,0,0,0,0,0,0,0,0,0,0,0,0,0,0,0,0,1,0,0,1
niche difference,0,0,0,0,0,0,0,0,0,0,0,0,0,0,0,0,0,0,0,1,1
niche overlap and niche range,0,0,0,0,0,0,0,0,0,0,0,0,0,0,0,0,0,1,0,0,1
niche differentiation and phasianus colchicus,0,0,0,0,0,0,0,0,0,0,0,0,0,0,0,1,0,0,0,0,1
niche equivalence,0,0,0,0,0,0,0,0,0,0,0,0,0,0,0,1,0,0,0,0,1
niche equivalency test,0,0,0,0,0,1,0,0,0,0,0,0,0,0,0,0,0,0,0,0,1
niche estimation,0,0,0,0,0,0,0,1,0,0,0,0,0,0,0,0,0,0,0,0,1
niche following,0,0,0,0,0,0,0,0,0,0,0,0,0,0,0,1,0,0,0,0,1
niche identity,0,0,0,0,0,0,0,0,0,0,0,0,0,0,0,0,0,1,0,0,1
niche identity test,0,0,0,0,0,0,0,0,0,0,0,0,0,0,0,0,0,0,0,1,1
niche of occurrence,0,0,0,0,0,0,0,0,0,0,0,0,0,1,0,0,0,0,0,0,1
open vegetation,0,0,0,0,0,0,0,0,0,0,0,0,0,0,0,0,0,0,0,1,1
rhododendron ponticum,0,0,0,0,0,0,0,0,0,0,0,0,0,0,1,0,0,0,0,0,1
"predator species richness, zoonotic spillover",0,0,0,0,0,0,0,0,0,0,0,0,0,0,0,0,0,0,0,1,1
tea green leafhopper,0,0,0,0,0,0,0,0,0,0,0,0,0,0,0,0,0,0,1,0,1
tenrecidae,0,0,0,0,0,0,0,0,1,0,0,0,0,0,0,0,0,0,0,0,1
tennessee,0,0,0,0,0,0,0,0,0,0,0,0,0,0,0,0,0,1,0,0,1
temporal turnover,0,0,0,0,0,0,0,0,0,0,0,0,0,0,0,0,0,0,1,0,1
temporal trends,0,0,0,0,0,0,0,0,0,1,0,0,0,0,0,0,0,0,0,0,1
temporal series,0,0,0,0,0,0,0,0,0,0,0,0,0,0,0,0,0,0,1,0,1
temporal scales,0,0,0,0,0,0,0,0,0,0,0,0,1,0,0,0,0,0,0,0,1
temporal resolution,0,0,0,0,0,0,0,0,0,0,0,0,1,0,0,0,0,0,0,0,1
temporal nonstationarity,0,0,0,0,0,0,0,0,0,0,0,0,0,0,0,0,1,0,0,0,1
temporal niche segregation,0,0,0,0,0,0,0,0,0,0,0,0,0,0,0,0,0,0,0,1,1
temporal dynamics,0,0,0,0,1,0,0,0,0,0,0,0,0,0,0,0,0,0,0,0,1
temporal beta diversity,0,0,0,0,0,0,0,0,0,0,0,0,0,0,0,0,1,0,0,0,1
temporal analysis,0,0,0,0,0,0,0,0,0,0,0,0,0,0,1,0,0,0,0,0,1
temperature variability,0,0,0,0,0,0,0,0,0,0,0,0,0,0,0,1,0,0,0,0,1
temperature stress,0,0,0,0,0,0,0,0,0,0,0,0,0,0,0,0,1,0,0,0,1
temperature seasonality,0,0,0,0,0,0,1,0,0,0,0,0,0,0,0,0,0,0,0,0,1
temperature crossover model,0,0,0,0,0,0,0,1,0,0,0,0,0,0,0,0,0,0,0,0,1
temperature annual range (bio7),0,0,0,0,0,0,0,0,0,0,0,0,0,0,0,0,1,0,0,0,1
temperature and precipitation gradients,0,0,0,0,0,0,0,0,0,0,0,0,0,0,0,0,0,0,0,1,1
temperature and precipitation,0,0,0,0,0,0,0,0,0,0,0,0,0,0,0,1,0,0,0,0,1
temperate reefs,0,0,0,0,0,0,0,0,0,0,0,0,1,0,0,0,0,0,0,0,1
temperate rainforest,0,0,0,0,0,0,0,0,0,0,0,0,0,1,0,0,0,0,0,0,1
temperate bamboo,0,0,0,0,0,0,0,0,0,0,0,0,0,0,0,0,0,1,0,0,1
temperate australia,0,0,0,0,0,0,0,0,0,0,0,0,1,0,0,0,0,0,0,0,1
temperate and boreal forests,0,0,0,0,0,0,0,1,0,0,0,0,0,0,0,0,0,0,0,0,1
telemetr & iacute,0,0,0,0,0,0,0,0,0,0,0,0,0,0,0,0,0,0,0,1,1
tef head smudge,0,0,0,0,0,0,0,0,0,0,0,0,0,0,0,0,0,0,0,1,1
tef,0,0,0,0,0,0,0,0,0,0,0,0,0,0,0,0,0,0,0,1,1
tectonic movements,0,0,0,0,0,0,0,0,0,0,0,0,1,0,0,0,0,0,0,0,1
techniques,0,0,0,0,0,0,0,0,0,0,0,0,0,0,0,0,1,0,0,0,1
tephritidae,0,0,0,0,0,0,0,0,0,0,0,0,0,0,0,0,0,1,0,0,1
teratomyrmex,0,0,0,0,0,0,0,1,0,0,0,0,0,0,0,0,0,0,0,0,1
terminalia paniculata,0,0,0,0,0,0,0,0,0,0,0,0,0,0,0,0,0,0,1,0,1
tetrastes sewerzowi,0,0,0,0,0,0,0,0,0,0,0,0,0,0,1,0,0,0,0,0,1
the core zone of ynnr,0,0,0,0,0,0,0,0,0,0,0,0,0,1,0,0,0,0,0,0,1
the central urban area of chongqing,0,0,0,0,0,0,0,0,0,0,0,0,0,0,0,0,0,0,1,0,1
the black sea,0,0,0,0,0,0,0,0,0,0,0,0,0,0,0,1,0,0,0,0,1
thaumetopoea processionea,0,0,0,0,0,0,0,0,0,0,0,0,0,0,1,0,0,0,0,0,1
thaumatotibia leucotreta,0,0,0,0,0,0,0,0,0,0,0,0,0,0,0,0,1,0,0,0,1
thaumastocoris peregrinus,0,0,0,0,0,0,0,0,0,1,0,0,0,0,0,0,0,0,0,0,1
thamnophis,0,0,0,0,0,0,0,0,0,0,0,0,1,0,0,0,0,0,0,0,1
thamnophiinae,0,0,0,0,1,0,0,0,0,0,0,0,0,0,0,0,0,0,0,0,1
thamnocalamus spathiflorus,0,0,0,0,0,0,0,0,0,0,0,0,0,0,0,0,0,0,1,0,1
texas panhandle,0,0,0,0,0,0,0,0,0,0,1,0,0,0,0,0,0,0,0,0,1
teucrio-seslerietum,0,0,0,0,0,0,1,0,0,0,0,0,0,0,0,0,0,0,0,0,1
tetrastigma spp,0,0,0,0,0,0,0,0,0,0,0,0,0,0,0,0,1,0,0,0,1
tetrastigma,0,0,0,0,0,0,0,0,0,0,0,0,0,0,0,0,0,0,1,0,1
tetrao urogallus,0,0,0,0,0,0,0,0,0,0,0,0,0,1,0,0,0,0,0,0,1
termite-plant interaction,0,0,0,0,0,0,0,0,0,0,0,0,1,0,0,0,0,0,0,0,1
tessellations,0,0,0,0,0,0,0,0,0,0,0,0,0,0,1,0,0,0,0,0,1
tertiary,0,0,1,0,0,0,0,0,0,0,0,0,0,0,0,0,0,0,0,0,1
terrset,0,0,0,0,0,0,0,0,0,0,0,0,0,0,0,0,0,0,0,1,1
territory size,0,0,0,0,0,0,1,0,0,0,0,0,0,0,0,0,0,0,0,0,1
territory density,0,0,0,0,0,0,0,0,0,0,0,1,0,0,0,0,0,0,0,0,1
territory abandonment,0,0,0,0,0,0,0,0,0,0,0,1,0,0,0,0,0,0,0,0,1
terrestrial reptiles,0,0,0,0,0,0,0,0,0,0,0,0,0,0,1,0,0,0,0,0,1
terrestrial megaherbivore,0,0,0,0,0,0,0,0,0,0,0,0,0,0,1,0,0,0,0,0,1
terrestrial biodiversity,0,0,0,0,0,0,0,1,0,0,0,0,0,0,0,0,0,0,0,0,1
terrestrial,0,0,0,0,0,0,0,0,0,0,0,0,0,0,0,0,1,0,0,0,1
terrarana,0,0,0,0,0,0,0,1,0,0,0,0,0,0,0,0,0,0,0,0,1
terra-modis,0,0,0,0,0,1,0,0,0,0,0,0,0,0,0,0,0,0,0,0,1
terra nova bay,0,0,0,0,0,0,0,0,0,0,0,0,0,0,0,0,0,0,1,0,1
tea plant,0,0,0,0,0,0,0,0,0,0,0,0,0,0,0,0,0,0,1,0,1
te d'ivoire,0,0,0,0,0,0,0,0,0,0,0,0,0,0,0,0,0,0,0,1,1
sweet cherry,0,0,0,0,0,0,0,0,1,0,0,0,0,0,0,0,0,0,0,0,1
tayassu pecari,0,0,0,0,0,0,0,0,0,0,0,0,0,0,0,0,0,0,0,1,1
t-sne,0,0,0,0,0,0,0,0,0,0,0,0,0,0,0,0,1,0,0,0,1
syzygium jambos,0,0,1,0,0,0,0,0,0,0,0,0,0,0,0,0,0,0,0,0,1
systematic sampling,0,0,0,0,0,0,0,0,0,0,0,0,0,0,0,0,0,0,1,0,1
systematic position,0,0,0,0,0,0,0,0,0,0,0,0,0,0,0,0,1,0,0,0,1
systematic literature review,0,0,0,0,0,0,0,0,0,0,0,0,0,0,0,0,0,0,0,1,1
syrphidae,0,0,0,0,0,0,0,0,0,0,0,0,0,0,0,0,1,0,0,0,1
syrmaticus reevesii,0,0,0,0,0,0,0,0,0,0,0,0,0,0,0,0,1,0,0,0,1
syringammina fragilissima,0,0,0,0,0,0,0,0,1,0,0,0,0,0,0,0,0,0,0,0,1
synurbization,0,0,0,0,0,0,0,0,0,0,0,0,0,0,0,0,0,0,0,1,1
syntopy,0,0,0,0,0,0,0,0,0,0,0,0,0,0,0,0,0,1,0,0,1
syntermes,0,0,0,0,0,0,0,0,0,0,1,0,0,0,0,0,0,0,0,0,1
synoptic patterns,0,0,0,0,0,0,0,0,0,0,0,0,0,0,0,0,0,0,0,1,1
syngnathus abaster,0,0,0,0,0,0,0,0,0,0,0,0,0,0,0,1,0,0,0,0,1
syngnathids,0,0,0,0,0,0,0,0,0,0,0,0,0,0,0,1,0,0,0,0,1
symplocos,0,0,0,0,0,0,0,0,0,0,0,0,0,0,0,0,0,0,1,0,1
sympatric zone,0,0,0,0,0,0,0,1,0,0,0,0,0,0,0,0,0,0,0,0,1
sympatric ungulates,0,0,0,0,0,0,0,0,0,0,0,0,0,0,0,0,0,0,0,1,1
sympatric species distributions,0,0,0,0,0,0,0,0,0,0,0,0,0,0,0,0,0,0,1,0,1
sympatric species,0,0,0,0,0,0,0,0,0,0,0,0,0,0,0,0,1,0,0,0,1
sympatric carnivores,0,0,0,0,0,0,0,0,0,0,0,0,0,0,1,0,0,0,0,0,1
symbolic regression,0,0,0,0,0,0,0,0,0,0,0,0,0,0,1,0,0,0,0,0,1
symbiotic organisms,0,0,0,0,0,0,0,0,0,0,0,0,0,1,0,0,0,0,0,0,1
sylvatic cycle,0,0,0,0,0,0,0,0,0,0,0,0,0,0,0,0,1,0,0,0,1
sycamore lace bug,0,0,0,0,0,0,0,0,0,0,0,0,0,0,0,0,0,0,1,0,1
swiss flora,0,0,0,0,0,0,0,0,1,0,0,0,0,0,0,0,0,0,0,0,1
swiss alps,0,0,0,0,0,0,0,0,0,0,0,0,0,0,0,0,1,0,0,0,1
swine production systems,0,0,0,0,0,0,0,0,0,0,0,0,1,0,0,0,0,0,0,0,1
swertia bimaculata,0,0,0,0,0,0,0,0,0,0,0,0,0,0,0,1,0,0,0,0,1
sweet potato,0,0,0,0,0,1,0,0,0,0,0,0,0,0,0,0,0,0,0,0,1
tachypleus gigas,0,0,0,0,0,0,0,0,0,0,0,0,0,0,0,0,0,0,1,0,1
tachypleus tridentatus,0,0,0,0,0,0,0,0,0,0,0,0,0,0,0,0,0,0,1,0,1
taiga bean goose,0,0,0,0,0,0,0,0,0,0,0,0,0,0,0,0,0,0,0,1,1
targeted background,0,0,0,0,0,0,0,0,0,0,0,0,0,0,0,0,1,0,0,0,1
taxus mairei,0,0,0,0,0,0,0,0,0,0,0,0,0,0,0,0,1,0,0,0,1
taxus chinensis,0,0,0,0,0,0,0,0,0,0,0,0,0,0,0,0,1,0,0,0,1
taxus baccata,0,0,0,0,0,0,0,0,0,0,0,0,0,0,0,1,0,0,0,0,1
taxonomic uncertainty,0,0,0,0,0,0,0,0,0,0,0,0,0,0,0,0,0,0,0,1,1
taxonomic diversity,0,0,0,0,0,0,0,0,0,0,0,0,1,0,0,0,0,0,0,0,1
taxonomic distinctness,0,0,0,0,0,0,0,0,0,0,0,0,0,0,0,0,0,0,0,1,1
taxon cycle model,0,0,0,0,0,0,0,0,1,0,0,0,0,0,0,0,0,0,0,0,1
taxon cycle,0,0,0,0,0,0,0,0,0,0,1,0,0,0,0,0,0,0,0,0,1
taste-and-odor compound,0,0,0,0,0,0,0,0,0,0,0,0,0,0,0,1,0,0,0,0,1
tasmanian blue gum,0,0,0,0,0,0,0,0,0,0,0,0,0,0,0,1,0,0,0,0,1
tasmanian aboriginal people,0,0,0,0,0,0,0,0,0,0,0,0,0,1,0,0,0,0,0,0,1
taruka,0,0,0,0,0,0,0,0,0,0,0,0,0,1,0,0,0,0,0,0,1
taro,0,0,0,0,0,0,0,0,0,0,0,0,0,0,0,0,0,0,0,1,1
target-group absences,0,0,0,0,1,0,0,0,0,0,0,0,0,0,0,0,0,0,0,0,1
taita apalis,0,0,0,0,0,0,0,0,0,0,0,0,0,0,0,0,1,0,0,0,1
target species,0,0,0,0,0,0,0,0,0,0,0,0,0,0,0,0,0,1,0,0,1
target features,0,0,0,0,0,0,0,1,0,0,0,0,0,0,0,0,0,0,0,0,1
tarantulas,0,0,0,0,0,0,0,0,0,0,0,0,0,0,0,0,0,0,0,1,1
tarai region,0,0,0,0,0,0,0,0,0,0,0,0,0,0,1,0,0,0,0,0,1
tara mediterranean expedition,0,0,0,0,0,0,0,0,0,0,0,0,0,0,0,0,0,1,0,0,1
tapir,0,0,0,0,0,0,0,0,0,0,0,1,0,0,0,0,0,0,0,0,1
tang-e-sayad protected area,0,0,0,0,0,0,0,0,0,0,0,0,0,1,0,0,0,0,0,0,1
tamarix,0,0,0,0,0,0,0,1,0,0,0,0,0,0,0,0,0,0,0,0,1
tamarindus indica,0,0,0,0,0,0,0,0,0,0,0,0,0,0,0,0,0,1,0,0,1
tall-grass prairie,0,0,0,0,0,0,0,0,0,0,0,0,0,0,0,0,1,0,0,0,1
talispatra,0,0,0,0,0,0,0,0,0,0,0,0,0,0,0,0,0,0,0,1,1
tal,0,0,0,0,0,0,0,0,0,0,0,0,0,0,0,0,0,1,0,0,1
taita thrush,0,0,0,0,0,0,0,0,0,0,0,0,0,0,0,0,1,0,0,0,1
the frigid region,0,0,0,0,0,0,0,0,0,0,0,0,0,0,0,0,1,0,0,0,1
the gobi bear,0,0,0,0,0,0,0,0,0,0,0,0,0,0,1,0,0,0,0,0,1
the last deglaciation,0,0,0,0,0,0,0,0,0,0,0,0,0,0,0,0,0,0,0,1,1
the little fire ant,0,0,0,0,0,0,0,1,0,0,0,0,0,0,0,0,0,0,0,0,1
topographic metrics,0,0,0,0,0,0,0,0,0,0,0,1,0,0,0,0,0,0,0,0,1
topographic influence,0,0,0,0,0,0,0,0,0,0,0,0,0,0,0,0,1,0,0,0,1
topo-climate variables,0,0,0,0,0,0,0,0,0,0,0,0,0,0,0,0,1,0,0,0,1
top marine predators,0,0,0,0,0,0,0,0,0,0,0,0,0,0,0,1,0,0,0,0,1
tool for exploratory landscape scenario analyses (telsa),0,0,0,0,0,0,0,1,0,0,0,0,0,0,0,0,0,0,0,0,1
tomato leaf miner,0,0,0,0,0,0,0,0,0,0,0,0,0,0,1,0,0,0,0,0,1
tolerance guild index,0,0,0,0,0,0,0,0,0,0,0,0,0,0,1,0,0,0,0,0,1
tolerance,0,0,0,0,1,0,0,0,0,0,0,0,0,0,0,0,0,0,0,0,1
toiyabe range,0,0,0,0,0,0,0,0,0,0,0,0,0,0,1,0,0,0,0,0,1
toba,0,0,0,0,0,0,0,0,0,0,1,0,0,0,0,0,0,0,0,0,1
tityus,0,0,0,0,0,0,0,0,0,0,0,0,0,0,0,0,0,0,0,1,1
tithonia spp.,0,0,1,0,0,0,0,0,0,0,0,0,0,0,0,0,0,0,0,0,1
tipuloidea,0,0,0,0,0,0,0,1,0,0,0,0,0,0,0,0,0,0,0,0,1
tipula paludosa,0,0,0,0,0,0,0,1,0,0,0,0,0,0,0,0,0,0,0,0,1
tipula oleracea,0,0,0,0,0,0,0,1,0,0,0,0,0,0,0,0,0,0,0,0,1
tipping point,0,0,0,0,0,0,0,0,0,0,0,0,0,0,0,0,1,0,0,0,1
tion model,0,0,0,0,0,0,0,0,0,0,0,0,0,0,0,0,0,0,1,0,1
tingidae,0,0,0,0,0,0,0,0,0,0,0,0,0,0,1,0,0,0,0,0,1
time-specific niche models,0,0,0,0,0,0,0,0,0,0,0,0,0,0,0,0,0,0,0,1,1
time-specific enm,0,0,0,0,0,0,0,0,0,0,0,0,0,0,0,0,0,0,1,0,1
time-series validation,0,0,0,0,0,0,0,0,0,0,0,0,0,0,0,0,0,0,0,1,1
time-series analysis,0,0,0,0,0,0,0,0,0,0,0,0,0,0,0,0,1,0,0,0,1
time-depth recorders,0,0,0,0,0,0,0,1,0,0,0,0,0,0,0,0,0,0,0,0,1
time synchronization,0,0,0,0,0,0,0,0,0,0,0,0,0,0,0,1,0,0,0,0,1
time step,0,0,0,0,0,0,0,0,0,0,0,0,0,0,0,0,1,0,0,0,1
time since fire,0,0,0,0,0,0,0,0,0,0,0,0,0,0,1,0,0,0,0,0,1
time series forecasting,0,0,0,0,0,0,0,0,0,0,0,0,0,0,0,0,1,0,0,0,1
time series analysis,0,0,0,0,0,0,0,0,0,0,0,0,0,0,0,0,0,0,0,1,1
time lag,0,0,0,0,0,0,0,0,0,0,0,1,0,0,0,0,0,0,0,0,1
topographic species distribution models,0,0,0,0,0,0,0,0,0,0,0,0,0,0,0,1,0,0,0,0,1
topographic wetness index,0,0,0,0,0,0,0,0,0,0,0,0,0,0,0,0,1,0,0,0,1
tortilis,0,0,0,0,0,0,0,0,0,0,0,0,0,0,0,1,0,0,0,0,1
traffic volume,0,0,0,0,0,0,0,0,0,0,0,0,0,1,0,0,0,0,0,0,1
transboundary region,0,0,0,0,0,0,0,0,0,0,0,0,0,0,0,0,0,0,0,1,1
transboundary protected area,0,0,0,0,0,0,0,0,0,0,0,0,0,1,0,0,0,0,0,0,1
transboundary pas,0,0,0,0,0,0,0,0,0,0,0,0,0,0,0,0,0,0,1,0,1
trans-boundary rivers,0,0,0,0,0,0,0,0,0,0,0,0,0,0,0,0,0,0,1,0,1
trajectory,0,0,0,0,0,0,0,0,0,0,0,0,0,0,0,0,0,1,0,0,1
trait-based model,0,0,0,0,0,0,0,0,0,0,0,0,0,0,0,0,0,0,0,1,1
trait-based index,0,0,0,0,0,0,0,0,0,0,0,0,0,0,0,0,1,0,0,0,1
trait shift,0,0,0,0,0,0,0,0,0,0,0,0,0,0,0,1,0,0,0,0,1
trait evolution,0,0,0,0,0,0,0,0,0,0,0,0,0,0,0,0,0,0,0,1,1
trait composition,0,0,0,0,0,0,0,0,0,0,0,0,0,0,1,0,0,0,0,0,1
training,0,0,0,0,0,0,0,0,0,0,0,0,0,0,0,0,0,0,0,1,1
tragopan melanocephalus,0,0,0,0,0,0,0,0,0,0,0,0,0,0,0,0,0,1,0,0,1
tragelaphus buxtoni,0,0,0,0,0,0,0,0,0,0,0,0,0,0,0,0,0,0,1,0,1
traditional miao medicine,0,0,0,0,0,0,0,0,0,0,0,0,0,0,0,0,0,0,1,0,1
towed-gps,0,0,0,0,0,0,0,0,0,0,1,0,0,0,0,0,0,0,0,0,1
traditional management,0,0,0,0,0,0,0,0,0,0,0,0,0,0,0,0,1,0,0,0,1
traditional knowledge,0,0,0,0,0,0,0,0,0,0,0,0,0,0,0,0,0,0,0,1,1
traditional ecological knowledge,0,0,0,0,0,0,0,0,0,0,0,0,0,0,0,1,0,0,0,0,1
traded volume,0,0,0,0,0,0,0,0,0,0,0,0,0,0,0,1,0,0,0,0,1
tracking,0,0,0,0,0,0,0,0,0,0,0,0,0,0,1,0,0,0,0,0,1
trachypithecus delacouri,0,0,0,0,0,0,0,0,0,0,0,0,0,0,0,0,1,0,0,0,1
trachycarpus fortunei,0,0,0,0,0,0,0,0,0,0,0,1,0,0,0,0,0,0,0,0,1
trachemys scripta,0,0,0,0,0,0,0,0,0,0,1,0,0,0,0,0,0,0,0,0,1
toxorhynchites rutilus,0,0,0,0,0,0,0,0,0,0,0,0,0,0,1,0,0,0,0,0,1
toxoplasma gondii,0,0,0,0,0,0,0,0,0,0,0,0,0,1,0,0,0,0,0,0,1
toxicodryas,0,0,0,0,0,0,0,0,0,0,0,0,0,0,0,1,0,0,0,0,1
toxic fungi,0,0,0,0,0,0,0,0,0,0,0,0,0,0,0,0,0,0,1,0,1
towed-video,0,0,0,0,1,0,0,0,0,0,0,0,0,0,0,0,0,0,0,0,1
timber species,0,0,0,0,0,0,1,0,0,0,0,0,0,0,0,0,0,0,0,0,1
timber,0,0,0,0,0,0,0,0,0,0,0,0,0,1,0,0,0,0,0,0,1
timaliidae,0,0,0,0,0,0,0,0,1,0,0,0,0,0,0,0,0,0,0,0,1
thermotolerance,0,0,0,0,0,0,0,0,0,1,0,0,0,0,0,0,0,0,0,0,1
threatening process,0,0,0,0,0,0,0,0,0,0,0,0,0,0,1,0,0,0,0,0,1
threatened vascular flora,0,0,0,0,0,0,0,0,0,1,0,0,0,0,0,0,0,0,0,0,1
threatened species listing criteria,0,0,0,0,0,0,0,0,0,0,0,0,0,0,1,0,0,0,0,0,1
threatened raptors,0,0,0,0,0,0,0,0,0,0,1,0,0,0,0,0,0,0,0,0,1
threatened plant management,0,0,0,0,0,0,0,0,0,0,0,0,0,0,1,0,0,0,0,0,1
threatened forest trees species,0,0,0,0,0,0,0,1,0,0,0,0,0,0,0,0,0,0,0,0,1
threatened endemic vertebrates,0,0,0,0,0,0,0,0,0,0,0,0,0,0,0,0,1,0,0,0,1
threatened and endangered species,0,0,0,0,0,0,0,0,0,0,0,0,0,1,0,0,0,0,0,0,1
threat mapping,0,0,0,0,0,0,0,0,0,0,0,0,0,0,0,0,0,0,0,1,1
threat assessment,0,0,0,0,0,0,0,0,1,0,0,0,0,0,0,0,0,0,0,0,1
thorny devil,0,0,0,0,0,0,0,0,0,0,0,0,0,1,0,0,0,0,0,0,1
thick-billed grasswren,0,0,0,0,0,0,0,0,0,0,0,0,0,0,0,0,0,0,0,1,1
thesium chinense turcz,0,0,0,0,0,0,0,0,0,0,0,0,0,0,0,1,0,0,0,0,1
thermal refugia,0,0,0,0,0,0,0,0,0,0,0,0,0,0,0,0,0,1,0,0,1
three-wattled bellbird,0,0,0,0,0,0,1,0,0,0,0,0,0,0,0,0,0,0,0,0,1
thermal physiology,0,0,0,0,0,0,0,0,0,0,0,0,0,1,0,0,0,0,0,0,1
thermal niche,0,0,0,0,0,0,0,0,0,0,0,0,0,1,0,0,0,0,0,0,1
thermal limits,0,0,0,0,0,0,0,0,0,0,0,0,0,1,0,0,0,0,0,0,1
thermal adaptation,0,0,0,0,0,0,0,0,0,0,0,0,0,0,0,0,0,0,0,1,1
theil-sen trend analysis,0,0,0,0,0,0,0,0,0,0,0,0,0,0,0,0,0,0,1,0,1
the yangtze river basin,0,0,0,0,0,0,0,0,0,0,0,0,0,0,0,0,0,1,0,0,1
the yangtze finless porpoise,0,0,0,0,0,0,0,0,0,0,0,0,0,0,0,0,0,0,1,0,1
the yangtze estuary,0,0,0,0,0,0,0,0,0,0,0,0,0,0,0,0,0,1,0,0,1
the root of riparian homonoia,0,0,0,0,0,0,0,0,0,0,0,0,1,0,0,0,0,0,0,0,1
the red list index,0,0,0,0,0,0,0,0,0,0,0,0,0,0,0,0,0,0,0,1,1
the optimal maxent model,0,0,0,0,0,0,0,0,0,0,0,0,0,0,0,0,0,1,0,0,1
the netherlands,0,0,0,1,0,0,0,0,0,0,0,0,0,0,0,0,0,0,0,0,1
the middle east .,0,0,0,0,0,0,0,0,0,0,0,0,0,0,0,0,0,1,0,0,1
three-dimensional habitat structure,0,0,0,0,0,0,0,0,0,0,0,0,0,0,0,0,0,1,0,0,1
threshold interaction network,0,0,0,0,0,0,0,0,0,0,0,0,0,0,0,0,0,0,0,1,1
tillandsia usneiodes,0,0,0,0,0,0,0,0,1,0,0,0,0,0,0,0,0,0,0,0,1
tick attachment to humans,0,0,0,0,0,0,0,0,0,0,0,0,0,0,0,0,0,0,0,1,1
tillandsia landbeckii,0,0,0,0,0,0,0,0,0,0,0,0,0,0,0,0,1,0,0,0,1
tillandsia detection,0,0,0,0,0,0,0,0,0,0,0,0,0,0,0,0,1,0,0,0,1
tiliquini,0,0,0,0,0,0,0,0,0,0,0,0,0,0,0,0,0,0,1,0,1
tigray,0,0,0,0,0,0,0,0,0,0,0,0,0,0,0,0,1,0,0,0,1
tigertail,0,0,0,0,0,0,0,0,0,0,0,0,0,0,0,0,0,1,0,0,1
tiger cat,0,0,0,0,0,0,0,0,0,0,0,0,0,0,0,0,0,0,1,0,1
tiger,0,0,0,0,0,0,0,0,0,0,0,0,0,0,0,0,0,0,0,1,1
tierra del fuego,0,0,0,0,0,0,0,0,0,0,0,0,0,0,0,1,0,0,0,0,1
tien shan,0,0,0,0,0,0,0,0,0,0,0,0,0,0,0,0,1,0,0,0,1
tidyverse,0,0,0,0,0,0,0,0,0,0,0,0,0,0,0,0,0,0,1,0,1
tidal turbines,0,0,0,0,0,0,0,0,0,0,0,0,0,1,0,0,0,0,0,0,1
tick surveillance,0,0,0,0,0,0,0,0,0,0,0,0,0,0,0,1,0,0,0,0,1
tick distribution,0,0,0,0,0,0,0,0,0,0,0,0,0,0,0,1,0,0,0,0,1
tibetana,0,0,0,0,0,0,0,0,0,0,0,0,0,0,0,1,0,0,0,0,1
threshold selection,0,0,0,0,0,0,0,0,0,0,0,0,0,0,0,0,0,1,0,0,1
tibetan medicine,0,0,0,0,0,0,0,0,0,0,0,0,0,0,0,0,0,0,0,1,1
tibetan medicinal plants,0,0,0,0,0,0,0,0,0,0,0,0,0,0,0,0,0,0,0,1,1
tibetan macaque,0,0,0,0,0,0,0,0,0,0,0,0,0,0,0,0,1,0,0,0,1
tianshan mountain range,0,0,0,0,0,0,0,0,0,0,0,0,0,0,0,0,0,0,0,1,1
thysanoptera: phlaeothripidae,0,0,0,0,0,0,0,0,0,0,0,0,0,0,0,0,0,0,0,1,1
thymus praecox opiz,0,0,0,0,0,0,0,0,0,0,0,0,0,0,0,0,0,1,0,0,1
thung yai-huai kha khaeng world heritage site,0,0,0,0,0,0,0,0,1,0,0,0,0,0,0,0,0,0,0,0,1
thuja sutchuenensis,0,0,0,0,0,0,0,0,0,0,0,1,0,0,0,0,0,0,0,0,1
thuja koraiensis nakai,0,0,0,0,0,0,0,0,0,0,0,0,0,0,0,0,0,1,0,0,1
thrips parvispinus,0,0,0,0,0,0,0,0,0,0,0,0,0,0,0,0,1,0,0,0,1
thrips,0,0,0,0,0,0,0,0,0,0,0,0,0,0,0,0,0,1,0,0,1
thresholding,0,0,0,0,0,0,0,0,0,0,0,0,0,0,0,1,0,0,0,0,1
threshold-determining approach,0,0,0,0,1,0,0,0,0,0,0,0,0,0,0,0,0,0,0,0,1
sweet cherry cultivation,0,0,0,0,0,0,0,0,0,0,0,0,0,0,0,0,0,0,0,1,1
swat valley,0,0,0,0,0,0,0,0,0,0,0,0,0,0,0,0,0,0,1,0,1
species distribution forecast,0,0,0,0,0,0,0,0,0,0,0,0,0,0,0,0,1,0,0,0,1
spodoptera litura,0,0,0,0,0,0,0,0,0,0,0,0,0,1,0,0,0,0,0,0,1
ssp2-45,0,0,0,0,0,0,0,0,0,0,0,0,0,0,0,0,0,0,0,1,1
srtm,0,0,0,0,0,1,0,0,0,0,0,0,0,0,0,0,0,0,0,0,1
srl,0,0,0,0,0,0,0,0,0,0,0,0,0,0,0,0,0,0,0,1,1
sre,0,0,0,0,0,0,0,0,0,0,0,0,0,1,0,0,0,0,0,0,1
squirrels,0,0,0,0,0,0,0,0,0,0,0,0,0,0,0,0,0,0,1,0,1
squid biomass,0,0,0,0,0,0,0,0,0,0,0,0,0,0,0,0,0,1,0,0,1
spurious relationships,0,0,0,0,0,0,0,0,0,0,0,0,0,0,0,1,0,0,0,0,1
spur-thighed tortoise,0,0,0,0,0,0,1,0,0,0,0,0,0,0,0,0,0,0,0,0,1
spruce-fir forest,0,0,0,0,0,0,0,0,0,0,0,0,0,0,0,0,1,0,0,0,1
spruce-fir,0,0,0,0,0,0,0,0,0,0,1,0,0,0,0,0,0,0,0,0,1
spruce forest,0,0,0,0,0,0,0,0,0,0,0,0,0,0,0,0,0,1,0,0,1
spruce budworm,0,0,0,0,0,0,0,0,0,0,0,0,0,0,0,0,0,1,0,0,1
spring temperature,0,0,0,0,0,0,0,0,0,0,0,0,0,0,0,1,0,0,0,0,1
sprfmo,0,0,0,0,0,0,0,0,0,0,0,1,0,0,0,0,0,0,0,0,1
sprengeri,0,0,0,0,0,0,0,0,0,0,0,0,0,0,0,1,0,0,0,0,1
spread distance,0,0,0,0,0,0,0,0,0,0,0,0,0,0,0,0,0,0,1,0,1
spotted-salamander,0,0,0,0,0,0,0,0,0,0,0,0,0,0,0,0,1,0,0,0,1
spotted lanternfly,0,0,0,0,0,0,0,0,0,0,0,0,0,0,1,0,0,0,0,0,1
spotted fever group rickettsiae,0,0,0,0,0,0,0,0,0,0,1,0,0,0,0,0,0,0,0,0,1
spot-ndvi,0,0,0,0,0,0,0,0,0,0,1,0,0,0,0,0,0,0,0,0,1
sporotrichosis,0,0,0,0,0,0,0,0,0,0,0,0,0,0,0,1,0,0,0,0,1
sporothrix schenckii,0,0,0,0,0,0,0,0,0,0,0,0,0,0,0,1,0,0,0,0,1
sporothrix globosa,0,0,0,0,0,0,0,0,0,0,0,0,0,0,0,1,0,0,0,0,1
sporophila palustris,0,0,0,0,0,0,0,0,0,0,0,0,0,0,0,0,0,1,0,0,1
sporophila melanogaster,0,0,0,0,0,0,0,0,0,0,0,0,0,0,0,0,0,1,0,0,1
sporobolus pyramidalis,0,0,0,0,0,0,0,0,0,0,0,0,0,1,0,0,0,0,0,0,1
sporobolus natalensis,0,0,0,0,0,0,0,0,0,0,0,0,0,1,0,0,0,0,0,0,1
sponge grounds,0,0,0,0,0,0,0,0,0,0,0,0,0,1,0,0,0,0,0,0,1
spondias purpurea,1,0,0,0,0,0,0,0,0,0,0,0,0,0,0,0,0,0,0,0,1
ssp5-85,0,0,0,0,0,0,0,0,0,0,0,0,0,0,0,0,0,0,0,1,1
ssr,0,0,0,0,0,0,0,0,0,0,0,0,0,0,0,0,0,0,0,1,1
st. clair river,0,0,0,0,0,0,0,0,0,0,0,0,0,0,0,0,0,0,1,0,1
statistical prediction,0,0,0,0,0,0,0,0,0,0,0,0,0,1,0,0,0,0,0,0,1
stinkhorns,0,0,0,0,0,0,0,0,0,0,0,0,0,0,0,0,0,0,0,1,1
sternochetus,0,0,0,0,0,0,0,0,0,0,0,0,0,0,0,0,0,1,0,0,1
stereo-videography,0,0,0,0,0,0,0,0,0,1,0,0,0,0,0,0,0,0,0,0,1
sterechinus,0,0,0,0,0,0,1,0,0,0,0,0,0,0,0,0,0,0,0,0,1
stepwise removal,0,0,0,0,0,0,0,0,0,0,1,0,0,0,0,0,0,0,0,0,1
steppe habitats,0,0,0,0,0,0,0,0,0,0,0,0,0,0,0,0,0,0,1,0,1
stephens' kangaroo rat,0,0,0,0,0,0,0,0,0,0,0,0,0,1,0,0,0,0,0,0,1
step selection function (ssf ),0,0,0,0,0,0,0,0,0,0,0,0,0,0,0,0,1,0,0,0,1
stenotopic,0,0,0,0,0,0,0,0,1,0,0,0,0,0,0,0,0,0,0,0,1
stenella coeruleoalba,0,0,0,0,0,0,0,0,0,0,0,0,0,0,0,0,0,0,0,1,1
stenella,0,0,0,0,0,0,0,0,0,0,0,0,0,1,0,0,0,0,0,0,1
stem borer pests,0,0,0,0,0,0,0,0,0,0,0,0,0,0,0,0,0,1,0,0,1
statistical regularization,0,0,0,0,0,0,0,0,0,0,0,0,0,0,0,1,0,0,0,0,1
statistical machine learning,0,0,0,0,0,0,0,0,0,0,0,0,0,0,1,0,0,0,0,0,1
stable isotopes,0,0,0,0,1,0,0,0,0,0,0,0,0,0,0,0,0,0,0,0,1
statistical inference,0,0,0,0,0,0,0,0,0,0,0,0,0,0,1,0,0,0,0,0,1
statistical analysis,0,0,0,0,0,0,0,0,1,0,0,0,0,0,0,0,0,0,0,0,1
state-space modelling,0,0,0,0,0,1,0,0,0,0,0,0,0,0,0,0,0,0,0,0,1
stasis post-expansion model,0,0,0,0,0,0,0,0,1,0,0,0,0,0,0,0,0,0,0,0,1
stannophyllum zonarium,0,0,0,0,0,0,0,0,1,0,0,0,0,0,0,0,0,0,0,0,1
standardized quality assessment,0,0,0,0,0,0,0,0,0,0,0,0,0,0,0,0,0,0,0,1,1
stand structure,0,0,0,0,0,0,0,0,0,0,0,0,0,1,0,0,0,0,0,0,1
stand stability,0,0,0,0,0,0,0,0,0,0,0,0,0,0,1,0,0,0,0,0,1
stand infestation,0,0,0,0,0,0,0,0,0,0,0,0,0,1,0,0,0,0,0,0,1
stakeholder engagement,0,0,0,0,0,0,0,0,0,0,0,0,0,0,0,0,1,0,0,0,1
stacked sdms,0,0,0,0,0,0,0,0,0,0,0,0,0,0,0,0,0,1,0,0,1
stacked bioclimatic envelope models,0,0,0,0,0,0,0,0,0,0,0,0,0,0,0,0,0,0,1,0,1
stack models,0,0,0,0,0,0,0,0,0,0,0,0,0,0,0,0,0,0,1,0,1
spodosol,0,0,0,0,0,0,0,0,0,0,0,0,0,1,0,0,0,0,0,0,1
spodoptera,0,0,0,0,0,0,0,0,0,0,0,0,0,0,0,0,1,0,0,0,1
swat,0,0,0,0,0,0,0,0,0,0,0,0,0,1,0,0,0,0,0,0,1
spline smoother,0,0,0,0,0,0,0,1,0,0,0,0,0,0,0,0,0,0,0,0,1
species recognition,0,0,0,0,0,0,0,0,0,0,0,0,0,0,0,1,0,0,0,0,1
species range size,0,0,0,0,0,0,0,0,0,0,0,0,0,0,0,0,0,1,0,0,1
species presence data points,0,0,0,0,0,0,0,0,0,0,0,0,0,0,0,0,0,0,0,1,1
species preferences,0,0,0,0,0,0,0,0,0,0,0,0,0,0,0,0,0,0,0,1,1
species potential distribution,0,0,0,0,0,0,0,0,0,0,0,0,0,0,0,0,0,0,1,0,1
species persistence,0,0,0,0,0,0,0,0,1,0,0,0,0,0,0,0,0,0,0,0,1
species of conservation interest,0,0,0,0,0,0,0,1,0,0,0,0,0,0,0,0,0,0,0,0,1
species occurrence data,0,0,0,0,0,0,0,0,0,0,0,0,0,0,1,0,0,0,0,0,1
species occurrence,0,0,0,0,0,0,0,0,0,0,0,0,0,0,0,0,0,1,0,0,1
species occur- rence records,0,0,0,0,0,0,0,0,0,0,0,0,0,0,0,0,0,1,0,0,1
species occupancy,0,0,0,0,0,0,0,0,0,0,0,0,0,0,1,0,0,0,0,0,1
species niche shift,0,0,0,0,0,0,0,0,0,0,0,0,0,0,0,0,1,0,0,0,1
species niche model,0,0,0,0,0,0,0,0,0,0,0,0,0,0,0,0,0,0,1,0,1
species niche,0,0,0,0,0,0,0,1,0,0,0,0,0,0,0,0,0,0,0,0,1
species modeling,0,0,0,0,0,0,0,0,0,0,0,0,0,0,0,1,0,0,0,0,1
species mis-identification,0,0,0,0,0,0,0,0,0,1,0,0,0,0,0,0,0,0,0,0,1
species management plan,0,0,0,0,0,0,0,0,0,0,0,0,0,0,0,0,0,0,0,1,1
species lineages,0,0,0,0,0,0,0,0,0,0,0,0,0,0,0,0,0,1,0,0,1
species invasion potential,0,0,0,0,0,0,1,0,0,0,0,0,0,0,0,0,0,0,0,0,1
species habitat suitability,0,0,0,0,0,0,0,0,0,0,0,0,0,0,0,1,0,0,0,0,1
species habitat conservation,0,0,0,0,0,0,0,0,0,0,0,0,0,0,0,0,1,0,0,0,1
species functional traits,0,0,0,0,0,0,0,0,0,0,1,0,0,0,0,0,0,0,0,0,1
species establishment,0,0,0,0,0,0,0,0,1,0,0,0,0,0,0,0,0,0,0,0,1
species ecology,0,0,0,0,0,0,0,0,0,0,0,0,0,0,0,0,0,0,1,0,1
species ecological envelope,0,0,0,0,0,0,0,0,0,0,0,0,0,0,0,0,0,1,0,0,1
species dominance,0,0,0,0,0,0,0,0,0,0,0,0,0,0,1,0,0,0,0,0,1
species diversity distribution,0,0,0,0,0,0,0,0,0,0,0,0,0,0,0,0,1,0,0,0,1
species distribution records,0,0,0,0,0,0,0,0,0,1,0,0,0,0,0,0,0,0,0,0,1
species distribution projections,0,0,0,0,0,0,0,0,0,0,0,0,1,0,0,0,0,0,0,0,1
species record,0,0,0,0,0,0,0,0,0,0,0,0,0,0,0,0,0,0,0,1,1
species recovery,0,0,0,0,0,0,0,0,0,0,0,0,0,0,0,0,0,1,0,0,1
species richness estimation,0,0,0,0,0,0,0,0,0,0,0,0,0,0,1,0,0,0,0,0,1
spectral imaging,0,0,0,0,0,0,0,0,0,0,0,0,0,0,0,0,0,0,0,1,1
spittlebug,0,0,0,0,0,0,0,0,0,0,0,0,0,0,1,0,0,0,0,0,1
spilogale putorius,0,0,0,0,0,0,0,0,0,0,0,0,0,0,0,0,0,0,0,1,1
spilogale interrupta,0,0,0,0,0,0,0,0,0,0,0,0,0,0,0,0,1,0,0,0,1
sphingidae,0,0,0,0,0,1,0,0,0,0,0,0,0,0,0,0,0,0,0,0,1
sphenodon punctatus,0,0,0,0,0,0,0,0,0,0,0,0,0,0,0,1,0,0,0,0,1
sphenanthera,0,0,0,0,0,0,0,0,0,0,0,0,0,0,0,0,0,1,0,0,1
sphaeropthalminae,0,0,0,0,0,0,1,0,0,0,0,0,0,0,0,0,0,0,0,0,1
speyeria diana,0,0,0,0,0,0,0,0,0,0,0,0,1,0,0,0,0,0,0,0,1
spermophilus xanthoprymnus,0,0,0,0,0,0,0,1,0,0,0,0,0,0,0,0,0,0,0,0,1
spermophilus dauricus,0,0,0,0,0,0,0,0,0,0,0,0,1,0,0,0,0,0,0,0,1
spermophilus citellus,0,0,0,0,0,0,0,0,0,0,0,0,0,0,0,0,1,0,0,0,1
spectral traits,0,0,0,0,0,0,0,0,0,0,0,0,0,0,1,0,0,0,0,0,1
spectral indexes,0,0,0,0,0,0,0,0,0,0,0,0,0,0,1,0,0,0,0,0,1
spectacled petrel,0,0,0,0,0,0,0,0,0,0,0,0,0,0,0,0,0,1,0,0,1
species richness index,0,0,0,0,0,0,0,0,0,0,0,0,0,0,1,0,0,0,0,0,1
specimen identification,0,0,0,0,0,0,0,0,0,0,0,0,0,0,0,0,0,0,1,0,1
specimen,0,0,0,0,0,0,0,0,0,0,0,0,0,0,0,0,0,0,1,0,1
specificity,0,0,0,0,0,0,0,0,0,0,1,0,0,0,0,0,0,0,0,0,1
species-range delineation,0,0,0,0,0,0,0,0,0,0,0,0,0,0,0,1,0,0,0,0,1
species-genetic diversity correlations (sgdcs),0,0,0,0,0,0,0,0,0,0,0,1,0,0,0,0,0,0,0,0,1
species-climate interactions,0,0,0,0,0,0,0,0,0,0,1,0,0,0,0,0,0,0,0,0,1
species-by-species modelling,0,0,0,0,0,0,1,0,0,0,0,0,0,0,0,0,0,0,0,0,1
species-at-risk conservation,0,0,0,0,0,0,0,0,0,0,0,0,0,0,0,1,0,0,0,0,1
species-area relationship,0,0,0,0,0,0,0,0,0,0,0,0,0,0,1,0,0,0,0,0,1
species' limits,0,0,0,0,0,0,0,0,1,0,0,0,0,0,0,0,0,0,0,0,1
species turnover,0,0,0,0,0,0,0,0,0,0,1,0,0,0,0,0,0,0,0,0,1
species temporal turnover,0,0,0,0,0,0,0,0,0,0,0,0,0,0,0,0,1,0,0,0,1
species sampling,0,0,0,0,0,0,1,0,0,0,0,0,0,0,0,0,0,0,0,0,1
stipa tianschanica var. gobica,0,0,0,0,0,0,0,0,0,0,0,0,1,0,0,0,0,0,0,0,1
stipa tianschanica var. klemenzii,0,0,0,0,0,0,0,0,0,0,0,0,1,0,0,0,0,0,0,0,1
stipa tianschanica var. tianschanica,0,0,0,0,0,0,0,0,0,0,0,0,1,0,0,0,0,0,0,0,1
stochastic character mapping,0,0,0,0,0,0,0,0,0,0,1,0,0,0,0,0,0,0,0,0,1
supervised classification,0,0,0,0,0,0,0,0,0,0,0,0,0,0,0,1,0,0,0,0,1
superposition analysis,0,0,0,0,0,0,0,0,0,0,0,0,0,0,0,0,0,1,0,0,1
super computer,0,0,0,0,0,0,0,0,0,0,0,0,0,0,0,0,0,0,1,0,1
sunflower,0,0,1,0,0,0,0,0,0,0,0,0,0,0,0,0,0,0,0,0,1
sundaland,0,0,0,1,0,0,0,0,0,0,0,0,0,0,0,0,0,0,0,0,1
sunbittern,0,0,0,0,0,0,0,0,0,0,0,0,0,0,0,0,1,0,0,0,1
summer roost,0,0,0,0,0,0,0,0,0,0,0,0,0,0,0,0,1,0,0,0,1
summer rainfall,0,0,0,0,0,0,0,0,0,0,0,0,0,0,0,0,0,0,1,0,1
summer precipitation,0,0,0,0,0,0,0,0,0,0,0,0,0,0,0,1,0,0,0,0,1
summer habitat,0,0,0,0,0,0,0,0,0,0,0,0,0,0,0,1,0,0,0,0,1
sumatran serow,0,0,0,0,0,0,0,0,0,0,0,0,0,0,0,0,0,0,0,1,1
sumaco-galeras,0,0,0,0,0,0,0,0,0,0,0,0,1,0,0,0,0,0,0,0,1
sulidae,0,0,0,0,0,0,0,0,0,0,0,0,0,0,0,0,1,0,0,0,1
sulfur,0,0,0,0,0,0,0,0,1,0,0,0,0,0,0,0,0,0,0,0,1
sulawesi,0,0,0,0,0,0,0,0,0,0,0,0,0,0,0,0,0,0,0,1,1
suitable region,0,0,0,0,0,0,0,0,0,0,0,0,0,0,0,0,0,0,1,0,1
suitable niche,0,0,0,0,0,0,0,0,0,0,0,0,0,0,0,0,1,0,0,0,1
suitable habitatuncertainty,0,0,0,0,0,0,0,0,0,0,0,0,0,0,0,1,0,0,0,0,1
suitable growth area,0,0,0,0,0,0,0,0,0,0,0,0,0,0,0,1,0,0,0,0,1
suitable forestation area,0,0,0,0,0,0,0,0,0,0,0,0,0,0,0,0,0,0,0,1,1
suitable environmental areas,0,0,0,0,0,0,0,0,0,0,0,0,1,0,0,0,0,0,0,0,1
suitable cultivation areas,0,0,0,0,0,0,0,0,0,0,0,0,0,0,0,0,0,0,1,0,1
suitable climatic habitat,0,0,0,0,0,0,0,0,0,0,0,1,0,0,0,0,0,0,0,0,1
suitable area prediction,0,0,0,0,0,0,0,0,0,0,0,0,0,0,0,0,0,0,1,0,1
suitability zones,0,0,0,0,0,0,0,0,0,0,0,0,0,0,0,0,0,0,0,1,1
suitability mapping,0,0,0,0,0,0,0,0,0,0,0,0,0,0,0,0,1,0,0,0,1
suitability index,0,0,0,0,0,0,0,0,0,0,0,0,1,0,0,0,0,0,0,0,1
suitability distribution modeling,0,0,0,0,0,0,0,0,0,0,0,0,1,0,0,0,0,0,0,0,1
suilloid fungi,0,0,0,0,0,0,0,0,0,0,0,0,0,1,0,0,0,0,0,0,1
supervised machine learning,0,0,0,0,0,0,0,0,0,0,0,0,0,0,0,0,0,0,0,1,1
supervised machine learning modelling,0,0,0,0,0,0,0,0,0,0,0,0,0,0,0,1,0,0,0,0,1
supplementation,0,0,0,0,0,1,0,0,0,0,0,0,0,0,0,0,0,0,0,0,1
sustainable aquaculture,0,0,0,0,0,0,0,0,0,1,0,0,0,0,0,0,0,0,0,0,1
swan geese,0,0,0,0,0,0,0,0,0,0,0,0,0,0,0,0,1,0,0,0,1
swamp milkweed,0,0,0,0,0,0,0,0,0,0,0,0,0,1,0,0,0,0,0,0,1
swamp forest,0,0,0,0,0,0,0,0,0,0,1,0,0,0,0,0,0,0,0,0,1
swamp deer,0,0,0,0,0,0,0,0,0,0,0,0,0,0,0,0,0,1,0,0,1
suzhou city,0,0,0,0,0,0,0,0,0,0,0,0,0,0,0,0,1,0,0,0,1
suture zones,0,0,0,0,0,0,0,0,0,0,0,0,0,1,0,0,0,0,0,0,1
sustainable use,0,0,0,0,0,0,0,0,0,0,0,0,0,0,1,0,0,0,0,0,1
sustainable harvesting,0,0,0,0,0,0,0,0,0,0,1,0,0,0,0,0,0,0,0,0,1
sustainable forest management,0,0,0,0,0,0,0,0,0,0,0,0,0,0,0,0,0,0,0,1,1
sustainable fishing,0,0,0,0,0,0,0,0,0,0,0,0,0,0,0,0,0,0,1,0,1
sustainable fisheries,0,0,0,0,0,0,0,0,0,0,0,0,0,0,0,0,0,0,0,1,1
sustainable cultivation,0,0,0,0,0,0,0,0,0,0,0,0,0,0,0,0,0,0,1,0,1
sustainable blue economy,0,0,0,0,0,0,0,0,0,0,0,0,0,0,0,0,0,0,1,0,1
susceptible-exposed-infected model,0,0,0,0,0,0,0,0,0,0,0,0,0,0,0,0,0,0,0,1,1
support vector regression,0,0,0,0,0,0,0,0,0,0,0,0,1,0,0,0,0,0,0,0,1
susceptibility to occurrence,0,0,0,0,0,0,0,0,0,0,0,0,0,0,0,1,0,0,0,0,1
susceptibility,0,0,0,0,0,0,0,0,0,0,0,0,0,0,0,0,0,0,0,1,1
susa valley,0,0,0,0,0,0,0,0,0,0,0,0,0,0,0,0,0,0,0,1,1
survival-habitat suitability relationship,0,0,0,0,0,0,0,0,0,0,0,0,0,0,1,0,0,0,0,0,1
survival curve,0,0,0,0,0,0,0,0,0,0,0,0,0,0,0,0,0,0,0,1,1
survey bias,0,0,0,0,0,0,0,0,0,0,0,0,0,0,0,1,0,0,0,0,1
surrogates,0,0,0,0,0,0,0,0,0,0,0,0,1,0,0,0,0,0,0,0,1
surrogate species approach,0,0,0,0,0,0,0,0,0,0,0,0,0,0,0,0,0,1,0,0,1
surrogate model,0,0,0,0,0,0,0,0,0,0,0,0,0,0,0,0,0,0,0,1,1
surrogacy,0,0,0,0,0,0,0,0,0,0,0,0,0,0,0,0,0,0,0,1,1
surface range envelope,0,0,0,0,0,0,0,0,0,0,0,0,0,0,0,1,0,0,0,0,1
supraspecific units,0,0,0,0,0,0,0,0,0,0,0,0,0,0,0,0,0,1,0,0,1
supraspecific models,0,0,0,0,0,0,0,0,0,0,0,0,0,0,0,0,0,0,0,1,1
suid,0,0,0,0,0,0,0,0,0,0,0,0,0,0,0,0,0,0,0,1,1
sudan and upper egypt,0,0,0,0,0,0,1,0,0,0,0,0,0,0,0,0,0,0,0,0,1
sudam & eacute,0,0,0,0,0,0,0,0,0,0,0,0,0,0,0,0,0,0,0,1,1
streamcat,0,0,0,0,0,0,0,0,0,0,0,0,0,0,1,0,0,0,0,0,1
structure,0,0,0,0,0,0,0,0,0,0,0,0,0,0,0,0,0,0,1,0,1
structural parameters,0,0,0,0,0,0,0,0,0,0,0,0,0,0,0,0,0,0,1,0,1
structural corridor,0,0,0,0,0,0,0,0,0,0,0,0,1,0,0,0,0,0,0,0,1
strongyloides stercoralis,0,0,0,0,0,0,0,0,0,0,0,0,0,0,0,0,1,0,0,0,1
strix rufipes,0,0,0,0,0,0,0,0,0,0,0,1,0,0,0,0,0,0,0,0,1
strix nebulosa,0,0,0,0,0,0,0,0,0,0,0,0,0,0,0,0,0,1,0,0,1
strix hylophila,0,0,0,0,0,0,0,0,0,0,0,1,0,0,0,0,0,0,0,0,1
strix chacoensis,0,0,0,0,0,0,0,0,0,0,0,1,0,0,0,0,0,0,0,0,1
stripes,0,0,0,0,0,0,0,0,0,1,0,0,0,0,0,0,0,0,0,0,1
striped hyena,0,0,0,0,0,0,0,0,0,0,0,0,0,0,0,0,1,0,0,0,1
strigula multiformis,0,0,0,0,0,0,0,0,0,0,0,0,0,1,0,0,0,0,0,0,1
strepsirrhines,0,0,0,0,0,0,0,0,0,0,0,0,0,0,0,1,0,0,0,0,1
strepera graculina crissalis,0,0,0,0,0,0,0,0,0,0,0,0,0,0,0,1,0,0,0,0,1
stream networks,0,0,0,0,0,0,0,0,0,0,0,0,0,0,1,0,0,0,0,0,1
study area extent,0,0,0,0,0,0,0,0,0,0,0,0,0,0,0,0,0,1,0,0,1
stray cats,0,0,0,0,0,0,0,0,0,1,0,0,0,0,0,0,0,0,0,0,1
strawberry guava,0,0,0,0,0,0,0,0,0,0,0,0,0,0,0,0,1,0,0,0,1
stratified spread,0,0,0,0,0,0,0,0,0,0,0,0,0,1,0,0,0,0,0,0,1
strategy-oriented prescriptive process modelling,0,0,0,0,0,0,0,0,0,0,0,1,0,0,0,0,0,0,0,0,1
stranglewort,0,0,0,0,0,0,0,0,0,0,0,0,0,0,0,0,1,0,0,0,1
strait of sicily,0,0,0,0,0,0,0,0,0,0,0,0,0,0,0,0,1,0,0,0,1
storm damage,0,0,0,0,0,0,0,0,0,0,0,0,0,0,1,0,0,0,0,0,1
storeria dekayi,0,0,0,0,0,0,0,0,0,0,0,0,0,0,0,0,0,0,0,1,1
stored product,0,0,0,0,0,0,0,0,0,0,0,0,0,0,0,0,0,0,1,0,1
stony corals,0,0,0,0,0,0,0,0,0,0,0,0,0,0,0,0,1,0,0,0,1
stone marten,0,0,0,0,0,0,0,0,0,0,1,0,0,0,0,0,0,0,0,0,1
stocking,0,0,0,0,0,0,0,0,0,0,0,0,0,0,0,0,1,0,0,0,1
stochastic gradient boosting,0,0,0,0,0,0,0,0,0,0,0,0,0,1,0,0,0,0,0,0,1
structured additive model,0,0,0,0,0,1,0,0,0,0,0,0,0,0,0,0,0,0,0,0,1
study region extent,0,0,0,0,0,0,1,0,0,0,0,0,0,0,0,0,0,0,0,0,1
sucumbios,0,0,0,0,0,0,0,0,0,0,0,0,1,0,0,0,0,0,0,0,1
suber,0,0,0,0,0,0,0,0,0,0,0,0,0,0,0,1,0,0,0,0,1
succession,0,0,0,0,0,0,0,0,0,0,0,0,0,0,0,0,0,0,0,1,1
subtropical region,0,0,0,0,0,0,0,0,0,0,0,0,0,0,0,0,0,0,1,0,1
subterranean termite,0,0,0,0,0,0,0,0,1,0,0,0,0,0,0,0,0,0,0,0,1
subterranean rodents,0,0,0,0,0,0,0,0,0,0,0,0,0,0,0,0,1,0,0,0,1
subterranean habitats,0,0,0,0,0,0,0,0,0,0,0,1,0,0,0,0,0,0,0,0,1
substrate composition,0,0,0,0,0,0,0,0,0,0,0,1,0,0,0,0,0,0,0,0,1
substrate,0,0,0,0,0,0,0,0,0,0,0,0,0,1,0,0,0,0,0,0,1
substitution rates,0,0,0,0,0,0,1,0,0,0,0,0,0,0,0,0,0,0,0,0,1
subsidence,0,0,0,0,0,0,0,0,0,0,0,0,0,1,0,0,0,0,0,0,1
subset selection,0,0,0,0,0,0,0,0,0,0,0,0,0,1,0,0,0,0,0,0,1
submountain region,0,0,0,0,0,0,0,0,0,0,0,1,0,0,0,0,0,0,0,0,1
submarine canyons,0,0,0,0,0,0,0,0,0,0,0,0,0,0,0,0,0,0,0,1,1
subhumid and semi-arid climate zones,0,0,0,0,0,0,0,0,0,1,0,0,0,0,0,0,0,0,0,0,1
subarctic climate,0,0,0,0,0,0,0,0,0,0,0,0,1,0,0,0,0,0,0,0,1
stylirostris,0,0,0,0,0,0,0,0,0,0,0,0,0,0,0,1,0,0,0,0,1
subarctic,0,0,0,0,0,0,0,0,0,0,0,0,0,0,0,0,0,0,0,1,1
subantarctic subregion,0,0,0,1,0,0,0,0,0,0,0,0,0,0,0,0,0,0,0,0,1
subantarctic forests,0,0,0,0,0,0,0,0,0,0,0,1,0,0,0,0,0,0,0,0,1
subalpine suitable habitat,0,0,0,0,0,0,0,0,0,0,0,0,0,0,0,0,0,0,0,1,1
sub-seasonal to seasonal (s2s) forecast,0,0,0,0,0,0,0,0,0,0,0,0,0,0,0,0,0,0,0,1,1
sub-sampling,0,0,0,0,0,0,0,0,0,0,0,0,0,0,0,0,0,0,1,0,1
sub-p & aacute,0,0,0,0,0,0,0,0,0,0,0,0,0,0,0,0,0,0,1,0,1
suaeda salsa,0,0,0,0,0,0,0,0,0,0,0,0,0,0,0,0,1,0,0,0,1
suaeda aegyptiaca,0,0,0,0,0,0,0,0,0,0,0,0,0,0,0,0,0,0,0,1,1
styrax sumatrana,0,0,0,0,0,0,0,0,0,0,0,0,0,0,0,1,0,0,0,0,1
styphnolobium japonicum,0,0,0,0,0,0,0,0,0,0,0,0,0,0,0,0,1,0,0,0,1
stylophorum diphyllum,0,0,0,0,0,0,0,0,0,0,0,0,0,1,0,0,0,0,0,0,1
stylommatophora,0,0,0,0,0,0,0,0,0,0,0,0,0,0,0,1,0,0,0,0,1
transformation process,0,0,0,0,0,0,0,0,0,0,0,0,0,0,1,0,0,0,0,0,1
transformative conservation,0,0,0,0,0,0,0,0,0,0,0,0,0,0,1,0,0,0,0,0,1
transformed ecosystems,0,0,0,0,0,0,0,0,0,0,0,0,0,0,0,0,1,0,0,0,1
watershed modeling,0,0,0,0,0,0,0,0,0,0,0,1,0,0,0,0,0,0,0,0,1
western australia,0,0,0,0,0,0,0,0,0,1,0,0,0,0,0,0,0,0,0,0,1
western anatolian barrier,0,0,0,0,0,0,0,0,0,0,0,0,0,0,0,0,0,0,0,1,1
west of sichuan,0,0,0,0,0,0,0,0,0,0,0,0,0,0,0,0,0,0,1,0,1
west indian manatee,0,0,0,0,0,0,0,0,0,0,0,0,0,0,0,0,0,0,0,1,1
west editerranean coast,0,0,0,0,0,0,0,0,0,0,0,0,0,0,0,0,0,0,0,1,1
well-surveyed localities,0,0,0,1,0,0,0,0,0,0,0,0,0,0,0,0,0,0,0,0,1
welder anthrax,0,0,0,0,0,0,0,0,0,0,0,0,0,0,0,0,1,0,0,0,1
weights of evidence,0,0,0,0,0,0,0,0,0,0,0,0,0,0,0,0,0,0,0,1,1
weighted suitable forestation area,0,0,0,0,0,0,0,0,0,0,0,0,0,0,0,0,0,0,0,1,1
weighted overlay analysis,0,0,0,0,0,0,0,0,0,0,0,0,0,0,1,0,0,0,0,0,1
weighted model ensembles,0,0,0,0,0,0,1,0,0,0,0,0,0,0,0,0,0,0,0,0,1
weighted ensemble,0,0,0,0,0,0,0,0,0,0,0,0,0,1,0,0,0,0,0,0,1
weighted background,0,0,0,0,0,0,0,0,0,0,0,0,0,0,0,0,1,0,0,0,1
weibull function,0,0,0,0,0,1,0,0,0,0,0,0,0,0,0,0,0,0,0,0,1
weevils,0,0,0,0,0,0,0,0,0,0,0,0,0,0,0,0,0,0,1,0,1
weedy species,0,0,0,0,0,0,0,0,0,0,0,0,1,0,0,0,0,0,0,0,1
weeds of national significance,0,0,0,0,0,0,0,1,0,0,0,0,0,0,0,0,0,0,0,0,1
weed infestation,0,0,0,0,0,0,0,0,0,0,0,0,0,0,0,0,0,1,0,0,1
weed expansion,0,0,0,0,0,0,0,0,0,0,0,0,0,0,1,0,0,0,0,0,1
weed ecology,0,0,0,0,0,0,0,0,0,0,0,0,0,0,0,0,1,0,0,0,1
weed distribution,0,0,0,0,0,0,0,0,0,0,0,0,0,0,0,0,0,0,0,1,1
weed biocontrol,0,0,0,0,0,0,0,1,0,0,0,0,0,0,0,0,0,0,0,0,1
wedelia trilobata,0,0,0,0,0,0,0,0,0,1,0,0,0,0,0,0,0,0,0,0,1
weathering,0,0,0,0,0,0,0,0,0,0,0,0,0,0,0,0,0,0,1,0,1
weather extremes,0,0,0,0,0,0,0,0,0,0,0,0,1,0,0,0,0,0,0,0,1
weasels,0,0,0,0,0,0,0,0,0,0,0,0,0,0,0,0,0,0,0,1,1
waves,0,0,0,0,0,0,0,0,0,0,0,0,0,0,0,0,0,1,0,0,1
wave exposure,0,0,0,0,0,0,0,0,0,0,0,1,0,0,0,0,0,0,0,0,1
watson,0,0,0,0,0,0,0,0,0,0,0,0,0,0,0,0,1,0,0,0,1
western cherry fruit fly,0,0,0,0,0,0,0,0,1,0,0,0,0,0,0,0,0,0,0,0,1
western chimpanzee,0,0,0,0,0,0,0,0,0,0,0,0,0,1,0,0,0,0,0,0,1
western conifer seed bug,0,0,0,0,0,0,0,0,0,0,0,0,0,0,0,0,0,1,0,0,1
wetland communities,0,0,0,0,0,0,0,0,0,0,0,0,0,1,0,0,0,0,0,0,1
white seabream,0,0,0,0,0,0,0,0,1,0,0,0,0,0,0,0,0,0,0,0,1
white peach scale,0,0,0,0,0,0,0,0,0,0,0,0,0,0,1,0,0,0,0,0,1
white nose fungus,0,0,0,0,0,0,0,0,1,0,0,0,0,0,0,0,0,0,0,0,1
white clover',0,0,0,0,0,0,0,0,0,0,0,0,0,0,0,0,1,0,0,0,1
white bellied pangolin,0,0,0,0,0,0,0,0,0,0,0,0,0,0,0,0,0,0,1,0,1
wheel wingnut,0,0,0,0,0,0,0,0,0,0,0,0,0,0,0,0,0,0,0,1,1
wheat stem sawfly,0,0,0,0,0,0,0,0,0,0,1,0,0,0,0,0,0,0,0,0,1
wheat disease,0,0,0,0,0,0,0,0,0,0,0,0,0,0,0,0,0,0,1,0,1
whale-vessel collision risk,0,0,0,0,0,0,0,0,0,0,0,0,0,0,0,1,0,0,0,0,1
wetland restoration,0,0,0,0,0,0,0,0,0,0,0,0,0,0,0,1,0,0,0,0,1
wetland plant,0,0,0,0,0,0,0,0,0,0,0,0,0,0,0,0,1,0,0,0,1
wetland ecosystems,0,0,0,0,0,0,0,0,0,0,0,0,0,0,0,0,1,0,0,0,1
wetland conservation,0,0,0,0,0,0,0,0,0,0,0,0,0,0,0,0,1,0,0,0,1
wetland birds,0,0,0,0,0,0,0,0,0,1,0,0,0,0,0,0,0,0,0,0,1
western ecuador,0,0,0,0,0,0,0,1,0,0,0,0,0,0,0,0,0,0,0,0,1
wet sclerophyll forest,0,0,0,0,0,0,0,0,0,0,0,0,0,0,0,0,0,0,0,1,1
western ringtail possum,0,0,0,0,0,0,0,0,1,0,0,0,0,0,0,0,0,0,0,0,1
western rif,0,0,0,0,0,0,0,0,0,0,0,0,0,0,0,0,0,0,1,0,1
western papua and papua (indonesia),0,0,0,0,0,0,0,0,0,0,0,1,0,0,0,0,0,0,0,0,1
western palearctic,0,0,0,0,0,0,0,0,0,0,0,0,0,0,0,0,0,0,0,1,1
western pacific,0,0,0,0,0,0,0,0,0,0,0,0,0,0,0,0,1,0,0,0,1
western oregon,0,0,0,0,0,0,0,0,1,0,0,0,0,0,0,0,0,0,0,0,1
western north atlantic ocean,0,0,0,0,0,0,0,0,0,0,0,0,0,0,0,1,0,0,0,0,1
western monarch thanksgiving count,0,0,0,0,0,0,0,0,0,0,0,0,1,0,0,0,0,0,0,0,1
western mediterranean basin,0,0,0,0,0,0,0,0,0,0,0,0,0,0,1,0,0,0,0,0,1
western himalayan region,0,0,0,0,0,0,0,0,0,0,0,0,0,0,0,0,0,1,0,0,1
western himalaya,0,0,0,0,0,0,0,0,0,0,0,0,0,0,0,0,0,0,0,1,1
western ground parrot,0,1,0,0,0,0,0,0,0,0,0,0,0,0,0,0,0,0,0,0,1
watersnake,0,0,0,0,1,0,0,0,0,0,0,0,0,0,0,0,0,0,0,0,1
watershed characteristics,0,0,0,0,0,0,0,0,0,0,0,0,0,0,0,0,1,0,0,0,1
transformer network,0,0,0,0,0,0,0,0,0,0,0,0,0,0,0,0,1,0,0,0,1
waterfowl habitat,0,0,0,0,0,0,0,0,0,0,0,0,0,0,0,0,0,0,1,0,1
vulnerable ecoregion,0,0,0,0,0,0,0,0,0,0,0,0,0,1,0,0,0,0,0,0,1
vulnerable and endangered species,0,0,0,0,0,0,0,0,0,0,0,0,0,0,0,0,1,0,0,0,1
vulnerable,0,0,0,0,0,0,0,0,0,0,0,0,0,0,0,0,0,0,1,0,1
vulnerability to fishing,0,0,0,0,0,0,0,0,1,0,0,0,0,0,0,0,0,0,0,0,1
vulnerability index,0,0,0,0,0,0,0,0,0,1,0,0,0,0,0,0,0,0,0,0,1
vulnerabilidad,0,0,0,0,0,0,0,0,0,0,0,0,0,0,0,0,0,0,1,0,1
vrr sanctuary,0,0,0,0,0,0,0,0,0,0,0,0,0,0,1,0,0,0,0,0,1
voyage of the odyssey,0,0,0,0,0,0,0,0,0,0,1,0,0,0,0,0,0,0,0,0,1
vortex,0,0,0,0,0,0,0,0,0,0,1,0,0,0,0,0,0,0,0,0,1
volunteer recording,0,0,0,0,0,0,0,0,0,0,0,1,0,0,0,0,0,0,0,0,1
volunteer data,0,0,0,0,0,0,0,0,1,0,0,0,0,0,0,0,0,0,0,0,1
volga region,0,0,0,0,0,0,0,0,0,0,0,0,0,0,0,0,0,0,0,1,1
voles,0,0,0,0,0,0,0,0,0,1,0,0,0,0,0,0,0,0,0,0,1
vme,0,0,0,0,0,0,0,0,0,0,0,0,0,0,0,1,0,0,0,0,1
vlei rats,0,0,0,0,0,0,0,0,0,0,1,0,0,0,0,0,0,0,0,0,1
vl transmission,0,0,0,0,0,0,0,0,0,0,0,0,0,0,0,0,0,0,0,1,1
viviparity,0,0,0,0,1,0,0,0,0,0,0,0,0,0,0,0,0,0,0,0,1
viticulture,0,0,0,0,0,0,0,0,0,0,0,0,0,0,0,0,0,0,0,1,1
vital parameters,0,0,0,0,0,0,0,0,0,0,0,0,0,0,0,0,0,0,0,1,1
vitaceae,0,0,0,0,0,0,0,0,0,0,0,0,0,0,0,0,0,0,1,0,1
vistrails-sahm software,0,0,0,0,0,0,0,0,0,0,0,0,0,0,0,0,0,1,0,0,1
vistrails,0,0,0,0,0,0,0,0,0,0,0,0,0,0,0,0,0,1,0,0,1
viscacha rats,0,0,0,0,0,0,0,0,0,0,0,0,0,0,1,0,0,0,0,0,1
virus,0,0,0,0,0,0,0,0,0,0,0,0,0,0,0,0,1,0,0,0,1
virtual species modeling,0,0,0,0,0,0,0,0,0,0,0,0,0,0,0,0,0,0,0,1,1
virtual laboratory,0,0,0,0,0,0,0,0,0,0,0,0,0,0,0,0,0,0,0,1,1
virtual ecologist approach,0,0,0,0,0,0,0,0,0,0,0,0,0,0,1,0,0,0,0,0,1
virtual atlas,0,0,0,0,0,0,0,0,0,0,0,0,0,0,0,0,0,1,0,0,1
virology,0,0,0,0,0,0,0,0,0,0,0,0,0,0,0,0,1,0,0,0,1
vulnerable moss,0,0,0,0,0,0,0,0,0,0,0,0,0,0,0,0,0,1,0,0,1
vulnerable zones,0,0,0,0,0,0,0,0,0,0,0,0,0,0,0,0,0,0,0,1,1
vulpes vulpes,0,0,0,0,0,0,1,0,0,0,0,0,0,0,0,0,0,0,0,0,1
warm-water and cold-water fish,0,0,0,0,0,0,0,0,0,0,0,0,0,0,0,0,0,0,1,0,1
waterbird-human visibility,0,0,0,0,0,0,0,0,0,0,0,0,0,0,0,0,0,0,0,1,1
water use efficiency,0,0,0,0,0,0,0,0,0,0,0,0,0,0,0,0,0,0,0,1,1
water transfer,0,0,0,0,0,0,0,0,0,0,0,0,0,0,0,0,0,0,1,0,1
water safety,0,0,0,0,0,0,0,0,0,0,0,0,0,0,0,0,0,0,1,0,1
water residence time,0,0,0,0,0,0,0,0,0,0,0,0,0,0,0,1,0,0,0,0,1
water hyacinth distribution,0,0,0,0,0,0,0,0,0,0,0,0,0,0,0,0,0,0,1,0,1
water balance,0,0,0,0,0,0,0,0,0,0,0,0,0,0,0,1,0,0,0,0,1
water availability,0,0,0,0,0,0,0,0,0,1,0,0,0,0,0,0,0,0,0,0,1
water,0,0,0,0,0,0,0,0,0,0,0,0,0,0,0,0,0,1,0,0,1
wasmannia auropunctata,0,0,0,0,0,0,0,1,0,0,0,0,0,0,0,0,0,0,0,0,1
washington state,0,0,0,0,0,0,1,0,0,0,0,0,0,0,0,0,0,0,0,0,1
warming temperatures,0,0,0,0,0,0,0,0,0,0,0,0,0,0,1,0,0,0,0,0,1
warming effects,0,0,0,0,0,0,0,0,0,0,0,0,0,0,0,0,0,1,0,0,1
wangpicheon ecosystem and landscape conservation area,0,0,0,0,0,0,0,0,0,0,0,0,0,0,0,0,0,1,0,0,1
vulpes vulpes necator,0,0,0,0,0,0,0,0,0,0,0,0,1,0,0,0,0,0,0,0,1
wandering albatross,0,0,0,0,0,0,0,0,0,0,0,0,0,0,0,0,0,1,0,0,1
walnuts,0,0,0,0,0,0,0,0,0,0,0,0,0,0,0,0,0,1,0,0,1
wallonia,0,0,0,0,0,0,0,0,0,1,0,0,0,0,0,0,0,0,0,0,1
walleye pollock,0,0,0,0,0,0,0,0,0,0,0,0,0,0,0,0,0,0,0,1,1
wallacean deficit,0,0,0,0,0,0,0,0,0,0,0,0,0,0,0,1,0,0,0,0,1
wallace ecological modeling,0,0,0,0,0,0,0,0,0,0,0,0,0,0,0,0,0,0,1,0,1
wallace,0,0,0,0,0,0,0,0,0,0,0,0,0,0,0,0,0,0,1,0,1
wallaby,0,0,0,0,0,0,0,0,0,0,0,0,0,0,0,0,0,0,0,1,1
wakatobi national park,0,0,0,0,0,0,0,0,0,0,0,0,0,0,0,0,0,0,0,1,1
waghemira,0,0,0,0,0,0,0,0,0,0,0,0,0,0,0,0,1,0,0,0,1
wadeable streams,0,0,0,0,0,0,0,0,0,1,0,0,0,0,0,0,0,0,0,0,1
vulture conservation,0,0,0,0,0,0,0,0,0,0,0,0,0,0,0,0,0,0,0,1,1
vulpes vulpes patwin,0,0,0,0,0,0,0,0,0,0,0,1,0,0,0,0,0,0,0,0,1
white-breasted guineafowl,0,0,0,0,0,0,0,0,0,0,0,0,0,1,0,0,0,0,0,0,1
white-naped crane (grus vipio),0,0,0,0,0,0,0,0,0,0,0,1,0,0,0,0,0,0,0,0,1
white-naped tit,0,0,0,0,0,0,0,0,0,0,0,0,0,0,0,0,0,0,0,1,1
white-rumped vulture 4,0,0,0,0,0,0,0,0,0,0,0,0,0,0,0,0,0,0,0,1,1
yunnan snub-nosed monkeys,0,0,0,0,0,0,0,0,0,0,0,0,0,0,1,0,0,0,0,0,1
yungas ecoregion,0,0,0,0,0,1,0,0,0,0,0,0,0,0,0,0,0,0,0,0,1
yukon,0,0,0,0,0,0,0,0,0,0,0,1,0,0,0,0,0,0,0,0,1
yucatan state,0,0,0,0,0,0,0,0,0,0,0,1,0,0,0,0,0,0,0,0,1
yuanjiang river valley,0,0,0,0,0,0,0,0,0,0,0,0,0,0,0,0,0,0,1,0,1
yothersi,0,0,0,0,0,0,0,0,0,0,0,0,0,0,0,1,0,0,0,0,1
yosemite toad,0,0,0,0,0,1,0,0,0,0,0,0,0,0,0,0,0,0,0,0,1
yosemite national park,0,0,0,0,0,0,0,1,0,0,0,0,0,0,0,0,0,0,0,0,1
yield loss,0,0,0,0,0,0,0,0,0,0,0,0,0,0,0,0,1,0,0,0,1
yield,0,0,0,0,0,1,0,0,0,0,0,0,0,0,0,0,0,0,0,0,1
yew tree (<italic>taxus baccata</italic> l.),0,0,0,0,0,0,0,0,0,0,0,0,0,0,0,0,0,0,0,1,1
yemen,0,0,0,0,0,0,0,0,0,0,0,0,0,0,0,0,0,0,1,0,1
yellowfin tuna,0,0,0,0,0,0,0,0,0,0,0,0,0,0,0,0,0,0,1,0,1
yellow-throated marten,0,0,0,0,0,0,0,0,0,0,0,0,0,0,0,0,0,0,1,0,1
yellow-legged hornet,0,0,0,0,0,0,0,0,0,0,0,0,0,0,0,1,0,0,0,0,1
yellow-breasted pipit,0,0,0,0,0,0,0,0,0,0,0,0,1,0,0,0,0,0,0,0,1
yellow toadflax,0,0,0,0,0,0,0,0,0,0,0,0,0,1,0,0,0,0,0,0,1
yellow starthistle,0,0,0,0,0,0,0,0,0,0,0,1,0,0,0,0,0,0,0,0,1
yellow river headwaters,0,0,0,0,0,0,0,0,0,0,0,0,0,0,0,0,0,0,0,1,1
yellow river delta,0,0,0,0,0,0,0,0,0,0,0,0,0,0,0,0,0,0,1,0,1
yellow flag iris,0,0,0,0,0,0,0,0,0,0,0,0,0,0,0,0,1,0,0,0,1
yellow anaconda,0,0,0,0,0,0,0,1,0,0,0,0,0,0,0,0,0,0,0,0,1
yelkouan shearwater,0,0,0,0,0,0,0,0,0,0,0,1,0,0,0,0,0,0,0,0,1
yeasts,0,0,0,0,0,0,0,0,0,0,0,0,0,0,0,0,0,1,0,0,1
yangmingshan area,0,0,0,0,0,0,0,0,0,0,0,0,0,0,0,1,0,0,0,0,1
xylodon,0,0,0,0,0,0,0,0,0,0,0,0,0,0,0,1,0,0,0,0,1
xylella fastidiosa vectors,0,0,0,0,0,0,0,0,0,0,0,0,0,0,0,0,0,1,0,0,1
xylella fastidiosa,0,0,0,0,0,0,0,0,0,0,0,0,0,0,0,0,0,1,0,0,1
xinjiang uygur autonomous,0,0,0,0,0,0,0,0,0,0,0,0,0,0,0,0,1,0,0,0,1
yushania mating,0,0,0,0,0,0,0,0,0,0,0,0,1,0,0,0,0,0,0,0,1
zadiprion falsus,0,0,0,0,0,0,0,0,0,0,0,0,0,0,0,1,0,0,0,0,1
zapus hudsonius luteus,0,0,0,0,0,0,0,0,0,0,0,0,0,0,0,0,0,0,1,0,1
ziziphus spinosa (bunge) h,0,0,0,0,0,0,0,0,0,0,0,0,0,0,0,0,1,0,0,0,1
zulia,0,0,0,0,0,0,0,0,0,0,0,0,0,0,0,1,0,0,0,0,1
zucchini yellow mosaic virus,0,0,0,0,0,0,0,0,0,0,0,0,0,0,0,0,1,0,0,0,1
zooplankton abundance,0,0,0,0,0,0,0,0,0,0,0,0,0,0,0,0,0,1,0,0,1
zoonotic pathogens,0,0,0,0,0,0,0,0,0,0,0,0,0,0,0,0,0,1,0,0,1
zoonotic,0,0,0,0,0,0,0,0,0,0,0,0,0,1,0,0,0,0,0,0,1
zoon,0,0,0,0,0,0,0,0,0,0,0,0,1,0,0,0,0,0,0,0,1
zoochina,0,0,0,0,0,0,0,0,0,0,0,0,0,0,0,0,1,0,0,0,1
zoning designations,0,0,0,0,0,0,0,0,0,0,0,0,0,0,0,0,0,0,1,0,1
zoning,0,0,0,0,0,0,0,1,0,0,0,0,0,0,0,0,0,0,0,0,1
zonal metrics,0,0,0,0,0,0,0,0,0,0,0,0,0,0,1,0,0,0,0,0,1
zoige grassland wetland,0,0,0,0,0,0,0,0,0,0,0,0,0,0,0,0,1,0,0,0,1
zoapatle,0,0,0,0,0,0,0,0,0,0,0,0,0,0,1,0,0,0,0,0,1
zoanthidea,0,0,0,0,0,0,0,0,0,0,0,0,0,0,0,0,1,0,0,0,1
zion national park,0,0,0,0,0,0,0,0,0,0,0,0,0,0,0,0,0,1,0,0,1
zapus luteus,0,0,0,0,0,0,0,0,0,0,0,0,0,0,0,0,0,0,1,0,1
zingiberales,0,0,0,0,0,0,0,0,0,0,0,0,0,0,0,1,0,0,0,0,1
zingiber engganoense ardiyani,0,0,0,0,0,0,0,0,0,0,0,0,0,0,0,0,0,0,0,1,1
zika virus,0,0,0,0,0,0,0,0,0,0,0,0,0,0,0,0,1,0,0,0,1
zika,0,0,0,0,0,0,0,0,0,0,0,0,0,0,0,0,0,0,1,0,1
zhengzhou,0,0,0,0,0,0,0,0,0,0,0,0,0,0,0,0,0,1,0,0,1
zhejiang offshore,0,0,0,0,0,0,0,0,0,0,0,0,0,0,0,0,0,0,0,1,1
zeuzera pyrina,0,0,0,0,0,0,0,0,0,0,0,0,0,0,0,0,1,0,0,0,1
zero-inflated poisson regression,0,0,0,0,0,0,0,0,0,0,0,0,0,0,0,0,0,0,0,1,1
zero inflation,0,0,0,0,0,0,0,0,0,0,0,0,0,0,0,0,1,0,0,0,1
zero inflated,0,0,0,0,0,0,0,0,0,0,0,1,0,0,0,0,0,0,0,0,1
zebra chip disease,0,0,0,0,0,0,0,0,0,0,0,0,0,0,1,0,0,0,0,0,1
zebra and quagga mussels,0,0,0,0,0,0,0,0,0,0,0,0,0,0,1,0,0,0,0,0,1
zebra,0,0,0,0,0,0,0,0,0,1,0,0,0,0,0,0,0,0,0,0,1
xinjiang,0,0,0,0,0,0,0,0,0,0,0,0,0,0,1,0,0,0,0,0,1
ximo glacial,0,0,0,0,0,0,0,0,0,0,0,0,0,0,0,0,0,0,1,0,1
xenophyophorea,0,0,0,0,0,0,0,0,1,0,0,0,0,0,0,0,0,0,0,0,1
wild tulips,0,0,0,0,0,0,0,0,0,0,0,0,0,0,0,1,0,0,0,0,1
wind speed,0,0,0,0,0,0,0,0,0,0,0,0,0,1,0,0,0,0,0,0,1
wind shelter,0,0,0,0,0,0,0,0,0,0,0,0,0,0,0,0,0,0,0,1,1
wind energy,0,0,0,0,0,0,0,0,0,0,0,0,0,0,0,1,0,0,0,0,1
wildlife-human conflict,0,0,0,0,0,0,0,0,0,0,0,0,0,1,0,0,0,0,0,0,1
wildlife trade,0,0,0,0,0,0,0,0,0,0,0,0,0,0,0,0,0,0,0,1,1
wildlife mapping,0,0,0,0,0,0,0,1,0,0,0,0,0,0,0,0,0,0,0,0,1
wildlife exploitation,0,0,0,0,0,0,0,0,0,0,0,0,0,0,0,0,0,0,0,1,1
wildlife epidemiology,0,0,0,0,0,0,0,0,0,0,0,0,0,0,0,0,0,0,0,1,1
wildlife diseases,0,0,0,0,0,0,0,0,0,0,0,0,0,0,0,0,0,0,0,1,1
wildlife conflict,0,0,0,0,0,0,0,0,0,0,0,0,1,0,0,0,0,0,0,0,1
wild-domestic interface,0,0,0,0,0,0,0,0,0,0,0,0,0,0,0,0,0,0,0,1,1
wild vectors,0,0,0,0,0,0,0,0,0,0,0,0,0,1,0,0,0,0,0,0,1
wild turkey,0,0,0,0,0,0,0,0,0,0,0,0,0,0,0,0,0,1,0,0,1
wild rice,0,0,0,0,0,0,0,0,0,0,0,0,0,0,0,0,0,0,1,0,1
windward slope,0,0,0,0,0,0,0,0,0,0,0,0,0,0,0,1,0,0,0,0,1
wild relatives of citrus,0,0,0,0,0,0,0,0,0,0,0,0,0,0,0,0,1,0,0,0,1
wild radish,0,0,0,0,0,0,0,0,0,0,0,0,0,0,0,0,0,1,0,0,1
wild lentil species,0,0,0,0,0,0,0,0,0,0,0,0,0,0,0,0,0,0,0,1,1
wild edible plant,0,0,0,0,0,0,0,0,0,0,0,0,0,0,0,0,0,1,0,0,1
wild canid,0,0,0,0,0,0,0,0,0,0,0,1,0,0,0,0,0,0,0,0,1
wild boar-borne diseases,0,0,0,0,0,0,0,0,0,0,0,0,0,0,0,0,0,0,0,1,1
wild banana,0,0,0,0,0,0,0,0,0,0,0,0,0,0,0,0,1,0,0,0,1
wild ass,0,0,0,0,0,0,0,0,0,0,0,1,0,0,0,0,0,0,0,0,1
whole genome sequence,0,0,0,0,0,0,0,0,0,0,0,0,0,0,1,0,0,0,0,0,1
whitefly,0,0,0,0,0,0,0,0,0,0,0,0,0,0,0,0,1,0,0,0,1
whitefin swellshark,0,0,0,0,0,0,0,0,0,0,0,0,0,0,0,0,0,0,0,1,1
white-tailed ptarmigan,0,0,0,0,0,0,0,0,0,1,0,0,0,0,0,0,0,0,0,0,1
white-tailed deer,0,0,0,0,0,0,0,0,0,0,0,0,0,0,0,0,0,0,1,0,1
window collisions,0,0,0,0,0,0,0,0,0,0,0,0,0,0,0,0,0,0,1,0,1
wine,0,0,0,0,0,0,0,0,0,0,0,0,0,0,0,0,0,0,0,1,1
xanthomonas oryzae pv. oryzae,0,0,0,0,0,0,0,0,0,0,0,0,0,0,0,0,0,0,0,1,1
world database on protected areas (wdpa),0,0,0,0,0,0,0,0,0,0,0,0,0,0,0,0,1,0,0,0,1
xanthomonas oryzae,0,0,0,0,0,0,0,0,0,0,0,0,0,0,0,0,0,0,1,0,1
xanthium spinosum,0,0,0,0,0,0,0,0,0,0,0,0,0,0,0,0,0,0,0,1,1
xai,0,0,0,0,0,0,0,0,0,0,0,0,0,0,0,1,0,0,0,0,1
wxfire,0,0,0,0,0,0,0,0,0,0,0,0,0,0,1,0,0,0,0,0,1
worldwide study,0,0,0,0,0,0,0,0,0,0,0,0,1,0,0,0,0,0,0,0,1
worldview3,0,0,0,0,0,0,0,0,0,0,0,0,0,0,0,0,1,0,0,0,1
worldview-2,0,0,0,0,0,0,0,0,0,0,0,0,0,0,1,0,0,0,0,0,1
worldclim data,0,0,0,0,0,0,0,0,0,0,0,0,0,0,0,0,0,0,1,0,1
worldclim 2.0,0,0,0,0,0,0,0,0,0,0,0,0,0,0,0,0,1,0,0,0,1
world's worst invasive species,0,0,0,0,0,0,0,0,0,0,0,0,0,0,0,1,0,0,0,0,1
world ocean atlas,0,0,0,0,0,0,0,0,0,0,0,0,0,0,0,0,0,1,0,0,1
world heritage site,0,0,0,0,0,0,0,0,0,0,0,0,0,0,1,0,0,0,0,0,1
world health organization,0,0,0,0,0,0,0,0,0,0,0,0,0,1,0,0,0,0,0,0,1
woolly nightshade,0,0,0,0,0,0,0,0,0,0,0,0,0,0,1,0,0,0,0,0,1
winter,0,0,0,0,0,0,0,0,0,0,0,0,0,0,0,0,0,1,0,0,1
wool carder bees,0,0,0,0,1,0,0,0,0,0,0,0,0,0,0,0,0,0,0,0,1
woody species,0,0,0,0,0,0,0,0,0,0,0,0,0,0,0,0,0,1,0,0,1
woody oil species,0,0,0,0,0,0,0,0,0,0,0,0,0,0,0,0,0,0,1,0,1
woody oil plant,0,0,0,0,0,0,0,0,0,0,0,0,0,0,0,0,0,1,0,0,1
woody medicinal plant,0,0,0,0,0,0,0,0,0,0,0,0,0,0,0,0,0,0,1,0,1
wood turtle,0,0,0,0,0,0,0,0,0,0,0,0,0,0,0,0,0,0,0,1,1
wood density,0,0,0,0,0,0,0,0,0,0,0,0,0,0,0,0,0,0,0,1,1
within-species variability,0,0,0,0,0,0,0,1,0,0,0,0,0,0,0,0,0,0,0,0,1
wintering gyps,0,0,0,0,0,0,0,0,0,0,0,0,0,0,0,0,0,1,0,0,1
wintering area,0,0,0,0,0,0,1,0,0,0,0,0,0,0,0,0,0,0,0,0,1
winter season,0,0,0,0,0,0,0,0,0,0,0,0,0,0,0,1,0,0,0,0,1
winter habitat use,0,0,0,0,0,0,0,0,0,1,0,0,0,0,0,0,0,0,0,0,1
winter climate,0,0,0,0,0,0,0,0,0,0,0,0,0,0,0,0,0,1,0,0,1
virgularia mirabilis,0,0,0,0,0,0,0,0,0,0,0,0,0,0,0,1,0,0,0,0,1
virginia scenic rivers program,0,0,0,0,0,0,0,0,0,0,0,0,0,0,0,1,0,0,0,0,1
virginia rail rallus limicola,0,0,0,0,0,0,0,0,0,0,0,1,0,0,0,0,0,0,0,0,1
upslope migration,0,0,0,0,0,0,0,0,0,0,0,0,0,0,0,0,0,0,1,0,1
uav lidar,0,0,0,0,0,0,0,0,0,0,0,0,0,0,0,0,0,0,0,1,1
uas,0,0,0,0,0,0,0,0,0,0,0,0,0,0,0,1,0,0,0,0,1
u,0,0,0,0,0,0,0,0,0,0,0,0,0,0,0,0,0,0,0,1,1
typological habitats,0,0,0,0,0,0,0,0,0,0,0,0,0,0,0,0,1,0,0,0,1
typical trachinotus fishes,0,0,0,0,0,0,0,0,0,0,0,0,0,0,0,0,0,0,1,0,1
typhlocybinae,0,0,0,0,0,0,0,0,0,0,0,0,0,0,0,0,0,0,0,1,1
typha domingensis,0,0,0,0,0,0,0,0,0,0,0,0,0,0,0,0,0,0,0,1,1
type of building,0,0,0,0,0,0,0,0,0,0,0,0,0,0,0,1,0,0,0,0,1
tympanuchus phasianellus jamesi,0,0,0,0,0,0,0,0,0,0,0,0,0,1,0,0,0,0,0,0,1
tympanuchus cupido pinnatus,0,0,0,0,0,0,0,0,0,0,0,0,0,1,0,0,0,0,0,0,1
twig-giant anole,0,0,0,0,0,0,0,0,0,0,0,0,0,0,1,0,0,0,0,0,1
tuva,0,0,0,0,0,0,0,0,0,0,0,0,0,0,1,0,0,0,0,0,1
tuta absoluta,0,0,0,0,0,0,0,0,0,0,0,0,0,0,1,0,0,0,0,0,1
turtle nesting hotspots,0,0,0,0,0,0,0,0,0,0,0,0,0,0,0,0,1,0,0,0,1
turnover species,0,0,0,0,0,0,0,0,0,0,0,0,0,0,0,0,0,0,1,0,1
turks and caicos islands,0,0,0,0,0,0,1,0,0,0,0,0,0,0,0,0,0,0,0,0,1
turkmenistan,0,0,0,0,0,0,1,0,0,0,0,0,0,0,0,0,0,0,0,0,1
turkestan lynx,0,0,0,0,0,0,0,0,0,0,0,0,0,0,0,0,1,0,0,0,1
turdus,0,0,0,0,0,0,0,0,0,0,0,0,0,0,0,0,0,0,1,0,1
turdidae,0,0,0,0,0,0,0,0,0,0,0,0,0,0,0,0,1,0,0,0,1
turbot,0,0,0,0,0,0,0,0,0,0,0,0,0,0,0,0,0,1,0,0,1
turaco species,0,0,0,0,0,0,0,0,0,0,0,0,0,0,0,0,0,0,1,0,1
tunas and billfishes,0,0,0,0,0,0,0,0,0,0,1,0,0,0,0,0,0,0,0,0,1
tumbesian ecoregion,0,0,0,0,0,0,0,1,0,0,0,0,0,0,0,0,0,0,0,0,1
tumbes-choco-magdalena hotspot,0,0,0,0,0,0,0,1,0,0,0,0,0,0,0,0,0,0,0,0,1
tulipa,0,0,0,0,0,0,0,0,0,0,0,0,0,0,0,1,0,0,0,0,1
tuber melanosporum,0,0,0,0,0,0,0,0,0,0,0,0,0,0,0,0,0,0,0,1,1
tube-nosed bat,0,0,0,0,0,0,0,0,0,0,0,0,0,0,0,0,1,0,0,0,1
tubastraea tagusensis,0,0,0,0,0,0,0,0,0,1,0,0,0,0,0,0,0,0,0,0,1
uganda,0,0,0,0,0,0,0,0,0,0,1,0,0,0,0,0,0,0,0,0,1
ukrainian carpathians,0,0,0,0,0,0,0,1,0,0,0,0,0,0,0,0,0,0,0,0,1
ulex europaeus,0,0,0,0,0,0,0,0,0,0,0,0,0,0,0,0,0,1,0,0,1
uneven search-effort,0,0,0,0,0,0,0,0,0,0,1,0,0,0,0,0,0,0,0,0,1
upper mississippi river,0,0,0,0,0,0,0,0,0,0,0,0,0,0,0,0,0,0,1,0,1
upper guinea forest,0,0,0,0,0,0,0,0,0,0,0,0,0,1,0,0,0,0,0,0,1
upland,0,0,0,0,0,0,0,0,0,0,0,0,0,0,0,0,0,0,1,0,1
upgma,0,0,0,0,0,0,0,0,0,1,0,0,0,0,0,0,0,0,0,0,1
updated estimates,0,0,0,0,0,0,0,0,0,0,1,0,0,0,0,0,0,0,0,0,1
unstructured data,0,0,0,0,0,0,0,0,0,0,0,0,0,0,0,0,0,1,0,0,1
unmanned aerial vehicle,0,0,0,0,0,0,0,0,0,0,0,0,0,0,0,0,1,0,0,0,1
united kingdom,0,0,0,0,1,0,0,0,0,0,0,0,0,0,0,0,0,0,0,0,1
unionid biodiversity,0,0,0,0,0,0,0,0,0,0,0,0,0,0,0,1,0,0,0,0,1
unidirectional habitat modifications,0,0,0,0,0,0,0,0,0,0,0,0,0,0,0,0,0,0,0,1,1
ungulate density,0,0,0,0,0,0,0,0,0,0,0,0,0,0,1,0,0,0,0,0,1
unfilled range,0,0,0,0,0,0,0,0,1,0,0,0,0,0,0,0,0,0,0,0,1
unfilled niche,0,0,0,0,0,0,0,0,0,0,1,0,0,0,0,0,0,0,0,0,1
underwater images,0,0,0,0,0,0,0,0,0,0,0,0,0,0,0,0,0,0,0,1,1
ulva rigida,0,0,0,0,0,0,0,0,0,0,0,0,0,0,0,0,0,0,1,0,1
underutilized species,0,0,0,0,0,0,0,0,0,0,0,0,0,1,0,0,0,0,0,0,1
understorey temperatures,0,0,0,0,0,0,0,0,0,0,0,0,0,0,0,0,0,1,0,0,1
undersampled areas,0,0,0,0,0,0,0,0,0,0,0,1,0,0,0,0,0,0,0,0,1
underreporting,0,0,0,0,0,0,0,0,0,0,0,0,0,0,0,0,0,0,0,1,1
under-estimation,0,0,0,0,0,0,0,0,0,0,0,0,0,0,0,1,0,0,0,0,1
uncolonized leading edge,0,0,0,0,0,0,0,0,0,0,0,0,0,0,0,0,0,0,1,0,1
uncinata,0,0,0,0,0,0,0,0,0,0,0,0,0,0,1,0,0,0,0,0,1
uncertainty assessment,0,0,0,0,0,0,0,0,0,0,0,0,0,0,0,0,0,0,0,1,1
uncertainties,0,0,0,0,0,0,0,0,0,0,0,0,0,0,0,0,0,0,0,1,1
unbalanced data,0,0,0,0,0,0,0,0,0,0,0,0,0,0,0,0,1,0,0,0,1
un decade of ecosystem restoration,0,0,0,0,0,0,0,0,0,0,0,0,0,0,0,0,0,0,1,0,1
umbrella,0,0,0,0,0,0,0,0,0,1,0,0,0,0,0,0,0,0,0,0,1
umap,0,0,0,0,0,0,0,0,0,0,0,0,0,0,0,0,0,0,1,0,1
tubastraea coccinea,0,0,0,0,0,0,0,0,0,1,0,0,0,0,0,0,0,0,0,0,1
trypophloeus klimeschi,0,0,0,0,0,0,0,0,0,0,0,0,0,0,0,1,0,0,0,0,1
trypanosoma,0,0,0,0,0,1,0,0,0,0,0,0,0,0,0,0,0,0,0,0,1
tree ferns,0,0,0,0,0,0,0,0,0,0,0,0,0,0,0,0,0,0,1,0,1
triatomine bugs,0,0,0,0,0,0,0,0,0,0,0,0,0,1,0,0,0,0,0,0,1
triatoma virus,0,0,0,0,0,0,0,0,0,1,0,0,0,0,0,0,0,0,0,0,1
triatoma sordida,0,0,0,0,0,1,0,0,0,0,0,0,0,0,0,0,0,0,0,0,1
triatoma garciabesi,0,0,0,0,0,1,0,0,0,0,0,0,0,0,0,0,0,0,0,0,1
trial clusters,0,0,0,0,0,0,0,0,0,0,0,0,0,0,0,0,0,0,0,1,1
trend surface,0,0,0,0,0,0,1,0,0,0,0,0,0,0,0,0,0,0,0,0,1
trees outside forests,0,0,0,0,0,0,0,0,0,0,0,0,0,0,0,0,0,1,0,0,1
treenet,0,0,0,0,0,0,1,0,0,0,0,0,0,0,0,0,0,0,0,0,1
tree vitality,0,0,0,0,0,0,0,0,0,0,0,0,0,0,0,1,0,0,0,0,1
tree species classification,0,0,0,0,0,0,0,0,0,0,0,0,0,0,0,0,0,1,0,0,1
tree mortality,0,0,0,0,0,0,0,0,0,0,0,0,0,1,0,0,0,0,0,0,1
tree invaders,0,0,0,0,0,0,0,0,0,0,1,0,0,0,0,0,0,0,0,0,1
tree growth,0,0,0,0,0,0,0,0,0,0,0,1,0,0,0,0,0,0,0,0,1
tree decline,0,0,0,0,0,0,0,0,0,1,0,0,0,0,0,0,0,0,0,0,1
trichiurus spp,0,0,0,0,0,0,0,0,0,0,0,0,0,0,0,0,0,1,0,0,1
tree crop management,0,0,0,0,0,0,0,0,0,0,0,0,0,0,0,0,0,0,0,1,1
tree abundance modelling,0,0,0,0,0,0,0,0,0,0,0,0,0,0,0,0,0,1,0,0,1
travel network,0,0,0,0,0,0,0,0,0,0,0,0,0,0,0,0,0,0,1,0,1
trapping methods,0,0,0,0,0,0,0,0,0,0,0,0,0,0,0,0,0,1,0,0,1
transportation network,0,0,0,0,0,0,0,0,0,0,0,0,0,0,0,0,0,0,0,1,1
transportation,0,0,0,0,0,0,0,0,0,0,0,0,0,0,1,0,0,0,0,0,1
transparency,0,0,0,0,0,0,0,0,0,0,0,0,0,1,0,0,0,0,0,0,1
transmission routes,0,0,0,0,0,0,0,0,0,0,0,0,0,0,0,0,0,0,0,1,1
transmission risk prediction,0,0,0,0,0,0,0,0,0,0,0,0,0,0,0,0,1,0,0,0,1
transmission risk,0,0,0,0,0,0,0,0,0,0,0,0,0,0,0,0,0,0,1,0,1
translational science,0,0,0,0,0,0,0,0,0,0,0,0,0,0,0,0,1,0,0,0,1
transgenic crops,0,0,0,0,0,0,0,0,0,0,0,0,1,0,0,0,0,0,0,0,1
transformer species,0,0,0,0,0,0,0,0,0,0,0,0,1,0,0,0,0,0,0,0,1
trichinella,0,0,0,0,0,0,0,0,1,0,0,0,0,0,0,0,0,0,0,0,1
trichoderma harzianum,0,0,0,0,0,0,0,0,0,0,0,0,0,0,0,0,0,1,0,0,1
trypanorhyncha,0,0,0,0,0,0,0,0,0,1,0,0,0,0,0,0,0,0,0,0,1
tropical deer,0,0,0,0,0,0,0,0,0,0,0,0,0,0,1,0,0,0,0,0,1
truffles,0,0,0,0,0,0,0,0,0,0,0,0,0,0,0,0,1,0,0,0,1
troschel's pampas snake,0,0,0,0,0,0,0,0,0,0,0,0,0,0,0,0,0,0,1,0,1
tropical tuna,0,0,0,0,0,0,0,0,0,0,0,0,0,0,0,0,0,0,1,0,1
tropical tree,0,0,0,0,0,0,0,0,0,0,0,0,0,0,0,0,0,0,0,1,1
tropical savanna ecosystems,0,0,0,0,0,0,0,0,0,0,0,0,0,0,0,0,0,0,0,1,1
tropical rainforest,0,0,0,0,0,0,0,0,0,1,0,0,0,0,0,0,0,0,0,0,1
tropical purse seiners,0,0,0,0,0,0,0,0,0,0,1,0,0,0,0,0,0,0,0,0,1
tropical mosquito,0,0,0,0,0,0,0,0,0,0,0,0,0,0,0,0,0,0,1,0,1
tropical medicine,0,0,0,0,0,0,0,0,0,0,1,0,0,0,0,0,0,0,0,0,1
tropical forest trees,0,0,0,0,0,0,0,0,0,0,0,0,0,0,0,0,0,0,0,1,1
tropical fire ant,0,0,0,0,0,0,0,0,0,0,0,0,0,0,0,0,0,0,0,1,1
tropical estuary,0,0,0,0,0,0,0,0,0,0,0,0,0,0,0,0,0,0,0,1,1
tropical ecology,0,0,0,0,0,0,0,0,0,0,0,0,0,0,0,0,0,0,0,1,1
tropical cyclones,0,0,0,0,0,0,0,0,0,0,0,0,0,0,0,0,0,0,1,0,1
trichonephila,0,0,0,0,0,0,0,0,0,0,0,0,0,0,0,0,0,0,1,0,1
tropical conservation,0,0,0,0,0,0,0,0,0,0,0,0,0,0,0,0,0,0,1,0,1
tropical andes hotspot,0,0,0,0,0,0,0,1,0,0,0,0,0,0,0,0,0,0,0,0,1
tropical andes,0,0,0,0,0,0,0,0,0,0,0,0,0,0,1,0,0,0,0,0,1
tropical agriculture,0,0,0,0,0,0,0,0,0,0,0,0,0,0,0,0,0,0,0,1,1
trophic impacts,0,0,0,0,0,0,0,0,0,0,0,0,0,0,0,0,0,0,0,1,1
troglodytes,0,0,0,0,0,0,0,0,0,0,0,1,0,0,0,0,0,0,0,0,1
troglobiont,0,0,0,0,0,0,0,0,0,0,0,0,0,0,0,1,0,0,0,0,1
trmm,0,0,0,0,0,0,0,0,0,0,1,0,0,0,0,0,0,0,0,0,1
tritaeniorhynchus,0,0,0,0,0,0,0,0,0,0,0,0,0,0,1,0,0,0,0,0,1
tripterospermum,0,0,0,0,0,0,0,0,0,0,1,0,0,0,0,0,0,0,0,0,1
triploids,0,0,0,0,0,0,0,0,0,1,0,0,0,0,0,0,0,0,0,0,1
tricoloured blackbird,0,0,0,0,0,0,0,0,0,0,0,0,1,0,0,0,0,0,0,0,1
triclopyr,0,0,0,0,0,0,0,0,0,0,0,1,0,0,0,0,0,0,0,0,1
upper parana ecoregion,0,0,0,0,0,0,0,0,0,0,0,0,0,0,0,0,0,1,0,0,1
upslope shifts,0,0,0,0,0,0,0,0,0,0,0,0,0,0,0,0,0,0,0,1,1
vireo atricapilla,0,0,0,0,0,0,0,0,0,1,0,0,0,0,0,0,0,0,0,0,1
upwelling,0,0,0,0,0,0,0,0,0,0,0,0,0,0,0,0,1,0,0,0,1
veneto,0,0,0,0,0,0,0,0,0,0,0,0,0,0,1,0,0,0,0,0,1
velvety free-tailed bat,0,0,0,0,0,0,0,0,0,0,0,0,0,0,0,0,0,0,0,1,1
velvet ants,0,0,0,0,0,0,1,0,0,0,0,0,0,0,0,0,0,0,0,0,1
velika polipovka,0,0,0,0,0,0,0,0,0,0,0,0,0,0,0,0,0,0,0,1,1
velame,0,0,0,0,0,0,0,0,0,0,0,0,0,0,0,0,0,0,1,0,1
vegetation units,0,0,0,0,0,0,0,0,0,0,0,0,0,0,0,0,0,0,1,0,1
vegetation structure,0,0,0,0,0,0,0,0,0,0,0,0,0,0,0,0,1,0,0,0,1
vegetation shifts,0,0,0,0,0,0,0,0,1,0,0,0,0,0,0,0,0,0,0,0,1
vegetation regionalization,0,0,0,0,0,0,0,0,0,0,0,0,0,0,0,0,0,1,0,0,1
vegetation phenology,0,0,0,0,0,0,0,0,0,0,0,0,0,0,0,0,1,0,0,0,1
vegetation habitat,0,0,0,0,0,0,0,0,0,0,0,0,0,0,0,0,0,1,0,0,1
vegetation database,0,0,0,0,0,1,0,0,0,0,0,0,0,0,0,0,0,0,0,0,1
vegetation cover,0,0,0,0,0,0,0,0,0,0,0,0,0,0,1,0,0,0,0,0,1
vegetation composition,0,0,0,0,0,0,0,0,0,0,0,0,0,0,0,0,0,0,1,0,1
vegetation community map,0,0,0,0,0,1,0,0,0,0,0,0,0,0,0,0,0,0,0,0,1
vegetation communities,0,0,0,0,0,0,0,0,0,0,0,0,0,0,0,0,1,0,0,0,1
vegetation characteristics,0,0,0,0,0,0,0,0,0,0,0,0,0,0,0,0,0,1,0,0,1
vegetation burn severity,0,0,0,0,0,0,0,0,0,0,0,0,0,1,0,0,0,0,0,0,1
vegetation boundaries,0,0,0,0,0,0,0,0,0,0,0,0,0,0,0,0,1,0,0,0,1
vector-to-raster conversion,0,0,0,0,0,0,0,0,0,0,0,0,0,0,0,0,0,0,0,1,1
vector-pathogen-host,0,0,0,0,0,0,0,0,0,0,0,0,0,1,0,0,0,0,0,0,1
vector-borne plant diseases,0,0,0,0,0,0,0,0,0,0,0,0,0,0,0,0,0,0,0,1,1
vector-borne pathogens,0,0,0,0,0,0,0,0,0,0,0,0,0,0,0,1,0,0,0,0,1
vector-borne disease modelling,0,0,0,0,0,0,0,0,1,0,0,0,0,0,0,0,0,0,0,0,1
vector-borne,0,0,0,0,0,0,0,0,0,0,0,0,1,0,0,0,0,0,0,0,1
vector control,0,0,0,0,0,0,0,0,0,0,0,0,0,0,0,0,1,0,0,0,1
vazella pourtalesii,0,0,0,0,0,0,0,0,0,0,0,0,0,0,0,1,0,0,0,0,1
vatiga,0,0,0,0,0,0,0,0,0,1,0,0,0,0,0,0,0,0,0,0,1
varjin protected area,0,0,0,0,0,0,0,0,0,0,0,0,1,0,0,0,0,0,0,0,1
venezuela,0,0,0,0,0,0,0,0,0,0,0,0,1,0,0,0,0,0,0,0,1
venezuelan equine encephalitis virus,0,0,0,0,0,0,0,0,0,0,0,0,0,0,0,0,0,0,1,0,1
venice lagoon,0,0,0,0,0,1,0,0,0,0,0,0,0,0,0,0,0,0,0,0,1
veterinary pathogens,0,0,0,0,0,0,0,0,0,0,0,0,0,0,0,1,0,0,0,0,1
viral vector,0,0,0,0,0,0,0,0,0,0,0,0,0,0,1,0,0,0,0,0,1
viral haemorrhagic septicaemia,0,0,0,0,0,0,0,0,0,0,0,1,0,0,0,0,0,0,0,0,1
viperidae,0,0,0,0,0,0,0,0,0,0,0,0,0,0,0,1,0,0,0,0,1
vipera,0,0,0,0,0,0,0,0,0,1,0,0,0,0,0,0,0,0,0,0,1
vine,0,0,0,0,0,0,0,0,0,0,0,0,0,0,1,0,0,0,0,0,1
vincetoxicum pycnostelma,0,0,0,0,0,1,0,0,0,0,0,0,0,0,0,0,0,0,0,0,1
village chickens,0,0,0,0,0,0,0,0,0,0,0,0,0,0,0,0,0,0,1,0,1
viirs hotspots,0,0,0,0,0,0,0,0,0,0,0,0,0,0,1,0,0,0,0,0,1
vif,0,0,0,0,0,0,0,0,0,0,0,0,0,0,0,1,0,0,0,0,1
vietnam crocodile newt,0,0,0,0,0,0,0,1,0,0,0,0,0,0,0,0,0,0,0,0,1
vidua macroura,0,0,0,0,0,0,0,0,0,0,0,1,0,0,0,0,0,0,0,0,1
victoria,0,0,0,0,0,1,0,0,0,0,0,0,0,0,0,0,0,0,0,0,1
vicariance,0,0,0,0,0,0,1,0,0,0,0,0,0,0,0,0,0,0,0,0,1
veterinary,0,0,0,0,0,0,0,0,0,0,0,0,0,0,0,1,0,0,0,0,1
venomous animals,0,0,0,0,0,0,0,0,0,0,0,0,0,0,0,0,0,0,0,1,1
vessel position data,0,0,0,0,0,0,0,0,0,0,0,0,0,0,0,0,0,0,0,1,1
vespidae,0,0,0,0,0,0,0,0,0,0,0,0,0,0,0,0,0,0,1,0,1
vespa velutina,0,0,0,0,0,0,0,0,0,0,0,0,1,0,0,0,0,0,0,0,1
vesicular stomatitis virus,0,0,0,0,0,0,0,0,0,0,0,0,0,0,0,0,0,0,0,1,1
very fine scale prediction,0,0,0,0,0,0,0,0,0,0,0,0,0,0,0,0,1,0,0,0,1
verticillium wilt,0,0,0,0,0,0,0,0,0,0,0,0,0,0,1,0,0,0,0,0,1
vertical stratification,0,0,0,0,0,0,0,0,0,0,0,1,0,0,0,0,0,0,0,0,1
vertical difference,0,0,0,0,0,0,0,0,0,0,0,0,0,0,0,1,0,0,0,0,1
veronica dabneyi,0,0,0,0,0,0,0,0,0,1,0,0,0,0,0,0,0,0,0,0,1
veronica anagallis-aquatica,0,0,0,0,0,0,0,0,0,0,0,0,0,0,0,0,1,0,0,0,1
verdin,0,0,0,0,0,0,0,0,0,0,0,0,0,1,0,0,0,0,0,0,1
venomous snake,0,0,0,0,0,0,0,0,0,0,0,0,0,0,0,0,0,1,0,0,1
venomous insect,0,0,0,0,0,0,0,0,0,0,0,0,0,1,0,0,0,0,0,0,1
variance inflation factor,0,0,0,0,0,0,0,0,0,0,0,0,0,1,0,0,0,0,0,0,1
variance in the response data and sample size,0,0,0,0,0,0,0,1,0,0,0,0,0,0,0,0,0,0,0,0,1
variaci & oacute,0,0,0,0,0,0,0,0,0,0,0,0,0,0,0,0,0,0,0,1,1
urban heat islands,0,0,0,0,0,0,0,0,0,0,0,1,0,0,0,0,0,0,0,0,1
use-availability design,0,0,0,0,0,0,0,1,0,0,0,0,0,0,0,0,0,0,0,0,1
use versus availability,0,0,0,0,0,0,0,0,0,0,0,0,0,0,0,0,1,0,0,0,1
use planning,0,0,0,0,0,0,0,0,0,0,0,0,0,0,0,1,0,0,0,0,1
usa,0,0,0,0,0,0,0,0,0,0,0,0,0,0,0,0,0,0,0,1,1
us southwest,0,0,0,0,0,0,0,0,0,0,0,0,0,0,0,0,0,1,0,0,1
ursus thibetanus,0,0,0,0,0,0,0,0,0,0,0,0,0,0,0,0,0,1,0,0,1
ursus arctos isabellinus,0,0,0,0,0,0,0,0,0,0,0,0,0,0,0,1,0,0,0,0,1
urial,0,0,0,0,0,0,0,0,0,0,0,0,0,0,0,0,0,0,1,0,1
urban wetland,0,0,0,0,0,0,0,0,0,0,0,0,0,0,0,0,0,1,0,0,1
urban trees,0,0,0,0,0,0,0,0,0,0,0,0,0,0,0,0,0,0,0,1,1
urban remote sensing,0,0,0,0,0,0,0,0,0,0,0,0,1,0,0,0,0,0,0,0,1
urban planning,0,0,0,0,0,0,0,0,0,0,0,0,0,0,0,0,0,0,0,1,1
urban landscapes,0,0,0,0,0,0,0,0,0,0,0,1,0,0,0,0,0,0,0,0,1
urban growth,0,0,0,0,0,0,0,0,0,0,0,0,0,0,1,0,0,0,0,0,1
ushcn data,0,0,0,0,0,0,0,0,1,0,0,0,0,0,0,0,0,0,0,0,1
urban forest management,0,0,0,0,0,0,0,0,0,0,0,0,0,0,0,0,0,0,0,1,1
urban forest,0,0,0,0,0,0,0,0,0,0,0,0,0,1,0,0,0,0,0,0,1
urban exploiters,0,0,0,0,0,0,0,0,0,0,0,0,0,0,0,0,1,0,0,0,1
urban dweller,0,0,0,0,0,0,0,0,0,0,0,0,0,0,0,0,0,0,0,1,1
urban development,0,0,0,0,0,0,0,0,0,0,0,1,0,0,0,0,0,0,0,0,1
urban cycle,0,0,0,0,0,0,0,0,0,0,0,0,0,0,0,0,1,0,0,0,1
urban biodiversity,0,0,0,0,0,0,0,0,0,0,0,0,0,0,0,0,0,0,0,1,1
urban avoider,0,0,0,0,0,0,0,0,0,0,0,0,0,0,0,0,0,1,0,0,1
urban area,0,0,0,0,0,0,0,0,0,0,0,0,0,0,0,0,0,0,0,1,1
urban adapters,0,0,0,0,0,0,0,0,0,0,0,0,0,0,0,0,1,0,0,0,1
urban adapter species,0,0,0,0,0,0,0,0,0,0,0,0,0,0,0,0,0,0,0,1,1
uranotaenia unguiculata,0,0,0,0,0,0,0,0,0,0,0,1,0,0,0,0,0,0,0,0,1
uraniinae,0,0,0,0,0,0,0,0,0,0,0,0,0,1,0,0,0,0,0,0,1
user-centered design,0,0,0,0,0,0,0,0,0,0,0,0,0,0,0,0,0,0,0,1,1
utility poles,0,0,0,0,0,0,0,0,0,0,0,0,0,0,0,0,0,0,1,0,1
variable- specific enm,0,0,0,0,0,0,0,0,0,0,0,0,0,0,0,0,0,0,1,0,1
valles caldera,0,0,0,0,0,0,0,0,0,0,0,0,0,0,0,0,1,0,0,0,1
variable transformation,0,0,0,0,0,0,0,0,0,0,0,0,0,1,0,0,0,0,0,0,1
variable resolution,0,0,0,0,0,0,0,0,0,0,0,0,0,0,0,0,0,0,1,0,1
variable contribution,0,0,0,0,0,0,0,0,0,0,0,0,0,1,0,0,0,0,0,0,1
vanuatu,0,0,0,0,0,0,0,0,0,0,0,0,0,0,0,1,0,0,0,0,1
vannamei,0,0,0,0,0,0,0,0,0,0,0,0,0,0,0,1,0,0,0,0,1
vanilla crop wild relatives,0,0,0,0,0,0,0,0,0,0,0,0,0,0,0,0,0,0,0,1,1
vanilla borneensis,0,0,0,0,0,0,0,0,0,0,0,1,0,0,0,0,0,0,0,0,1
vancouver island,0,0,0,0,0,0,0,0,0,1,0,0,0,0,0,0,0,0,0,0,1
van chan,0,0,0,0,0,0,0,0,0,0,0,0,0,0,0,0,0,1,0,0,1
vampyrum spectrum,0,0,0,0,0,0,0,0,0,0,0,0,0,0,0,1,0,0,0,0,1
value of information,0,0,0,0,0,0,0,0,0,0,0,0,0,0,0,0,1,0,0,0,1
value chains,0,0,0,0,0,0,0,0,0,0,0,0,0,0,0,0,1,0,0,0,1
valles interandinos,0,0,0,0,0,0,0,0,0,0,0,0,0,0,0,0,0,0,0,1,1
validity,0,0,0,0,0,0,0,0,0,0,0,0,0,0,0,0,1,0,0,0,1
utilization distribution,0,0,0,0,0,0,0,0,0,1,0,0,0,0,0,0,0,0,0,0,1
validation methodology,0,0,0,0,0,0,0,0,0,0,0,0,0,0,1,0,0,0,0,0,1
validation,0,0,0,0,0,0,0,0,0,0,0,0,0,1,0,0,0,0,0,0,1
vagrant lichens,0,0,0,0,0,0,0,0,0,0,0,0,0,0,0,0,0,0,1,0,1
vaejovidae,0,0,0,0,0,0,0,0,0,0,0,1,0,0,0,0,0,0,0,0,1
vachellia nilotica,0,0,0,0,0,0,0,0,0,0,0,0,1,0,0,0,0,0,0,0,1
vaccinium uliginosum,0,0,0,0,0,0,0,0,0,0,0,0,0,0,0,0,1,0,0,0,1
vaccinia,0,0,0,0,0,0,0,0,0,0,0,1,0,0,0,0,0,0,0,0,1
v,0,0,0,0,0,0,0,0,0,0,0,0,0,0,0,1,0,0,0,0,1
uzbekistan,0,0,0,0,0,0,1,0,0,0,0,0,0,0,0,0,0,0,0,0,1
uv buffering hypothesis,0,0,0,0,0,0,0,0,0,0,0,0,0,0,0,0,0,0,0,1,1
uttarkashi,0,0,0,0,0,0,0,0,0,0,0,0,0,0,0,0,0,1,0,0,1
uttarakhand himalaya,0,0,0,0,0,0,0,0,0,0,0,0,0,0,0,0,1,0,0,0,1
uttarakhand,0,0,0,0,0,0,0,0,0,0,0,0,0,0,0,0,0,1,0,0,1
species distribution mapping,0,0,0,0,0,0,0,0,0,0,0,0,0,0,0,0,0,0,1,0,1
species distribution ensemble modeling,0,0,0,0,0,0,0,0,0,0,0,0,0,0,0,0,0,0,1,0,1
predator-prey relationships,0,0,0,0,0,0,0,0,0,0,0,0,0,0,1,0,0,0,0,0,1
regional climate models,0,0,0,0,0,0,0,0,0,0,0,0,0,0,0,0,0,0,0,1,1
remotely sensed variables,0,0,0,0,0,0,0,0,0,0,0,1,0,0,0,0,0,0,0,0,1
remotely sensed data,0,0,0,0,0,0,0,0,0,0,0,0,0,0,0,1,0,0,0,0,1
remotely sensed,0,0,0,0,0,1,0,0,0,0,0,0,0,0,0,0,0,0,0,0,1
remote-sensing imagery,0,0,0,0,0,0,0,0,0,0,0,0,0,0,0,0,1,0,0,0,1
remote sensing time series,0,0,0,0,0,0,0,0,0,0,0,0,0,0,0,1,0,0,0,0,1
remote sensing technology,0,0,0,0,0,0,0,0,0,0,0,0,0,0,0,0,0,0,0,1,1
remote sensing ecological indices,0,0,0,0,0,0,0,0,0,0,0,0,0,0,0,0,1,0,0,0,1
remnant populations,0,0,0,0,0,0,0,0,0,0,0,0,0,0,0,1,0,0,0,0,1
relict tree,0,0,0,0,0,0,0,0,0,0,0,0,0,0,0,1,0,0,0,0,1
relict plants species,0,0,0,0,0,0,0,0,0,0,0,0,0,0,0,1,0,0,0,0,1
relict,0,0,0,0,0,0,0,0,0,0,0,0,0,0,0,0,0,0,0,1,1
relaxed molecular clock,0,0,0,0,0,0,1,0,0,0,0,0,0,0,0,0,0,0,0,0,1
relaxed abundant center hypothesis,0,0,0,0,0,0,0,1,0,0,0,0,0,0,0,0,0,0,0,0,1
relative occurrence area,0,0,0,0,0,0,0,0,1,0,0,0,0,0,0,0,0,0,0,0,1
relative likelihood of occurrence,0,0,0,0,0,0,0,0,0,0,0,0,0,0,1,0,0,0,0,0,1
relative index of occurrence,0,0,0,0,0,0,0,0,0,0,0,0,0,0,0,1,0,0,0,0,1
relative habitat suitability modeling,0,0,0,0,0,0,0,0,0,0,0,1,0,0,0,0,0,0,0,0,1
reintroduction and maxent,0,0,0,0,0,0,0,0,0,0,0,0,0,0,0,0,1,0,0,0,1
reinforcement,0,0,0,0,0,0,0,0,0,0,0,1,0,0,0,0,0,0,0,0,1
reindeer husbandry,0,0,0,0,0,0,0,0,0,0,0,0,1,0,0,0,0,0,0,0,1
regulated river systems,0,0,0,0,0,0,0,0,0,0,0,0,0,0,0,0,1,0,0,0,1
regularized random forests,0,0,0,0,0,0,0,0,0,0,0,0,0,0,0,0,0,1,0,0,1
regression dilution bias,0,0,0,0,0,0,0,0,0,0,0,0,0,0,1,0,0,0,0,0,1
regression and classification methods,0,0,0,1,0,0,0,0,0,0,0,0,0,0,0,0,0,0,0,0,1
regression analysis,0,0,0,0,0,0,0,0,0,0,1,0,0,0,0,0,0,0,0,0,1
regional scale,0,0,0,0,0,0,0,0,0,0,0,0,0,0,0,0,0,1,0,0,1
regional ocean modeling,0,0,0,0,0,0,0,0,0,0,0,0,0,0,0,0,0,0,0,1,1
regional modelling,0,0,0,0,0,0,0,0,0,1,0,0,0,0,0,0,0,0,0,0,1
regional data,0,0,0,0,0,0,0,0,0,0,0,0,1,0,0,0,0,0,0,0,1
removal effect index,0,0,0,0,0,0,0,0,0,0,0,0,0,0,1,0,0,0,0,0,1
removal scenario,0,0,0,0,0,0,0,0,0,0,0,0,0,0,1,0,0,0,0,0,1
renewable energy impact,0,0,0,0,0,0,0,0,1,0,0,0,0,0,0,0,0,0,0,0,1
resistance to water loss,0,0,0,0,0,0,0,0,0,0,0,0,0,0,0,0,1,0,0,0,1
resurrection plants,0,0,0,0,0,0,0,0,0,0,0,0,0,0,0,0,0,0,0,1,1
resupply ethnopharmacological plants,0,0,0,0,0,0,0,0,0,0,0,0,0,1,0,0,0,0,0,0,1
restricted breeding range,0,0,0,0,0,0,0,0,0,0,0,0,0,0,0,1,0,0,0,0,1
restoration priorities,0,0,0,0,0,0,0,0,0,0,0,0,0,0,0,0,1,0,0,0,1
restoration planning,0,0,0,0,0,0,0,0,0,0,0,0,0,0,0,0,0,0,0,1,1
restoration hotspots,0,0,0,0,0,0,0,0,0,0,0,0,0,0,0,0,1,0,0,0,1
restoration ecology,0,0,0,0,0,0,0,0,0,0,0,0,0,0,0,0,0,0,0,1,1
resprouter,0,0,0,0,0,0,0,0,0,0,0,0,0,1,0,0,0,0,0,0,1
response variable,0,0,0,0,0,0,0,0,0,0,0,0,0,0,0,0,0,0,0,1,1
resource-oriented conservation,0,0,0,0,0,0,0,0,0,0,0,0,0,0,0,0,0,0,0,1,1
resource selection models,0,0,0,0,0,0,0,1,0,0,0,0,0,0,0,0,0,0,0,0,1
resource management and conservation,0,0,0,0,0,0,0,0,0,0,0,0,0,0,0,0,1,0,0,0,1
resistant species,0,0,0,0,0,0,0,0,0,1,0,0,0,0,0,0,0,0,0,0,1
resistance surface,0,0,0,0,0,0,0,0,0,0,0,0,0,0,0,0,0,0,0,1,1
repeat field surveys,0,0,0,0,0,0,0,0,0,0,0,0,0,1,0,0,0,0,0,0,1
resistance modeling,0,0,0,0,0,0,0,0,0,0,0,0,0,0,0,0,1,0,0,0,1
resist-adapt-direct,0,0,0,0,0,0,0,0,0,0,0,0,0,0,0,0,0,0,1,0,1
residual,0,0,0,0,0,0,0,0,0,0,0,0,0,0,0,0,0,1,0,0,1
resident vultures,0,0,0,0,0,0,0,0,0,0,0,0,0,0,0,1,0,0,0,0,1
resident gyps,0,0,0,0,0,0,0,0,0,0,0,0,0,0,0,0,0,1,0,0,1
residence time,0,0,0,0,0,0,0,0,0,0,0,0,0,0,0,0,1,0,0,0,1
reservoirs,0,0,0,0,0,0,0,0,0,0,0,1,0,0,0,0,0,0,0,0,1
reservoir regulation,0,0,0,0,0,0,0,0,0,0,0,0,0,0,0,0,1,0,0,0,1
reserve scope,0,0,0,0,0,0,0,0,0,0,0,0,0,0,0,0,1,0,0,0,1
reserve network,0,0,0,0,0,0,0,0,0,0,0,0,1,0,0,0,0,0,0,0,1
research center,0,0,0,0,0,0,0,0,0,0,0,0,0,0,0,1,0,0,0,0,1
representativeness,0,0,0,0,0,0,0,0,0,0,0,0,0,0,0,0,0,0,0,1,1
representation,0,0,0,0,0,0,0,0,0,0,0,0,0,0,0,1,0,0,0,0,1
regional crops,0,0,0,0,0,0,1,0,0,0,0,0,0,0,0,0,0,0,0,0,1
regional biogeography,0,0,0,0,0,0,0,0,0,0,0,0,0,1,0,0,0,0,0,0,1
raoiella indica,0,0,0,0,0,0,0,0,0,0,0,0,0,0,0,1,0,0,0,0,1
regional and global models,0,0,0,0,0,0,0,0,0,0,0,0,0,0,0,0,0,1,0,0,1
recursive feature elimination,0,0,0,0,0,0,0,0,0,0,0,0,0,0,0,0,0,0,1,0,1
recruitment,0,0,0,0,0,0,0,0,0,0,1,0,0,0,0,0,0,0,0,0,1
recreational shooting,0,0,0,0,0,0,0,0,0,0,0,0,0,1,0,0,0,0,0,0,1
recreational insects,0,0,0,0,0,0,0,0,0,0,0,1,0,0,0,0,0,0,0,0,1
recovery programme,0,0,0,0,0,0,0,0,0,0,0,0,0,0,0,1,0,0,0,0,1
recovery potential,0,0,0,0,0,0,0,0,0,0,0,0,1,0,0,0,0,0,0,0,1
recovery,0,0,0,0,0,0,0,0,0,0,0,0,0,0,0,1,0,0,0,0,1
recommendation system,0,0,0,0,0,0,0,0,0,0,1,0,0,0,0,0,0,0,0,0,1
recolonization patterns,0,0,0,0,0,0,0,0,0,0,0,0,0,0,1,0,0,0,0,0,1
reclamation and aquaculture,0,0,0,0,0,0,0,0,0,0,0,0,0,0,0,0,1,0,0,0,1
reciprocal niche models,0,0,0,0,0,0,0,0,0,0,0,0,0,0,0,1,0,0,0,0,1
reciprocal modelling,0,0,0,0,0,0,0,0,0,0,1,0,0,0,0,0,0,0,0,0,1
reciprocal comparison,0,0,0,0,1,0,0,0,0,0,0,0,0,0,0,0,0,0,0,0,1
reaumuria songarica,0,0,0,0,0,0,0,0,0,0,0,0,0,0,0,0,0,0,1,0,1
real-time kinematic global positioning systems,0,0,0,0,0,0,0,0,0,0,0,0,0,0,1,0,0,0,0,0,1
rcp4.5 to rcp 8.5~climate change scenarios,0,0,0,0,0,0,0,0,0,0,0,0,0,0,0,0,0,1,0,0,1
rcp-ssp scenarios,0,0,0,0,0,0,0,0,0,0,0,0,0,0,0,0,0,0,1,0,1
rcp 4.5 and 8.5,0,0,0,0,0,0,0,0,0,0,0,0,0,0,0,0,0,0,0,1,1
rcp 4.5,0,0,0,0,0,0,0,0,0,0,0,0,0,0,0,0,1,0,0,0,1
rattan,0,0,0,0,0,0,0,0,0,0,0,0,0,0,0,0,1,0,0,0,1
rastrelliger kanagurta,0,0,0,0,0,0,0,0,0,0,0,0,0,0,0,1,0,0,0,0,1
rarefy occurrences,0,0,0,0,0,0,0,0,0,0,0,1,0,0,0,0,0,0,0,0,1
rare species modeling paradox,0,0,0,0,0,0,0,0,0,0,0,0,0,0,0,0,0,0,1,0,1
rare mammal,0,0,0,0,0,0,0,0,0,0,1,0,0,0,0,0,0,0,0,0,1
rare event bias,0,0,0,0,0,0,0,0,0,0,0,0,0,0,1,0,0,0,0,0,1
rare <italic>michelia</italic> species,0,0,0,0,0,0,0,0,0,0,0,0,0,0,0,0,0,0,0,1,1
raptor distributions,0,0,0,0,0,0,0,0,0,0,0,0,0,0,1,0,0,0,0,0,1
rapoport' rule,0,0,0,0,0,0,0,0,0,1,0,0,0,0,0,0,0,0,0,0,1
rapid climate change,0,0,0,0,0,0,0,0,0,0,0,0,0,0,0,0,0,0,1,0,1
recursive partitioning,0,0,0,0,0,0,0,0,0,0,0,0,0,0,0,1,0,0,0,0,1
red crossbill,0,0,0,0,0,0,0,0,0,0,0,0,0,0,0,1,0,0,0,0,1
red imported fire ant,0,0,0,0,0,0,0,0,0,0,0,0,1,0,0,0,0,0,0,0,1
red-listed species,0,0,0,0,0,0,0,0,0,0,1,0,0,0,0,0,0,0,0,0,1
region-based,0,0,0,0,0,0,0,0,0,0,0,0,0,0,0,0,0,1,0,0,1
region,0,0,0,0,0,0,0,0,0,0,0,0,0,0,0,0,1,0,0,0,1
regime shift,0,0,0,0,0,0,0,0,0,0,0,1,0,0,0,0,0,0,0,0,1
regeneration,0,0,0,0,0,0,0,0,0,0,0,0,0,0,0,0,0,0,1,0,1
refugium,0,0,0,0,0,0,0,0,1,0,0,0,0,0,0,0,0,0,0,0,1
refugial hotspots,0,0,0,0,0,0,0,0,0,0,0,0,0,1,0,0,0,0,0,0,1
refugee species,0,0,0,0,0,0,0,0,0,0,0,0,0,0,0,0,0,1,0,0,1
refuge hypothesis,0,0,0,0,0,0,0,0,0,0,0,0,0,0,1,0,0,0,0,0,1
reforestation potential assessment,0,0,0,0,0,0,0,0,0,0,0,0,0,0,0,0,0,0,0,1,1
reef life survey,0,0,0,0,0,0,0,0,1,0,0,0,0,0,0,0,0,0,0,0,1
reed canarygrass,0,0,0,0,0,0,0,0,0,0,0,0,0,0,0,0,0,0,1,0,1
redistribution,0,0,0,0,0,0,0,0,0,0,0,0,0,0,0,1,0,0,0,0,1
red-shouldered hawk,0,0,0,0,0,0,0,0,0,0,0,0,0,1,0,0,0,0,0,0,1
red-crowned cranes,0,0,0,0,0,0,0,0,0,0,0,0,0,0,0,0,0,0,0,1,1
red junglefowl,0,0,0,0,0,0,0,0,0,0,1,0,0,0,0,0,0,0,0,0,1
red-breasted goose,0,0,0,0,0,0,0,0,0,0,0,0,0,0,0,0,0,0,0,1,1
red-bellied woodpecker,0,0,0,0,0,0,0,0,0,0,0,0,1,0,0,0,0,0,0,0,1
red-backed salamander,0,0,0,0,0,0,0,0,0,0,0,0,0,0,0,0,1,0,0,0,1
red wolves,0,0,0,0,0,0,0,0,0,0,1,0,0,0,0,0,0,0,0,0,1
red tree vole,0,0,0,0,0,0,0,0,0,0,0,1,0,0,0,0,0,0,0,0,1
red squirrel,0,0,0,0,0,0,0,0,0,0,0,0,0,1,0,0,0,0,0,0,1
red spruce,0,0,0,0,0,0,0,0,0,0,0,0,0,1,0,0,0,0,0,0,1
red seaweed,0,0,0,0,0,0,0,0,0,0,0,0,0,0,0,0,0,0,0,1,1
red sea coast,0,0,0,0,0,0,0,0,0,1,0,0,0,0,0,0,0,0,0,0,1
red sea,0,0,0,0,0,0,0,0,0,0,0,0,0,0,0,0,1,0,0,0,1
red natura 2000,0,0,0,0,0,0,0,0,0,0,0,0,0,0,0,0,0,0,0,1,1
red list of ecosystems,0,0,0,0,0,0,0,0,0,0,0,1,0,0,0,0,0,0,0,0,1
red knot,0,0,0,0,0,0,0,0,0,0,0,0,0,0,0,0,0,1,0,0,1
ret and endemic species,0,0,0,0,0,0,0,0,0,0,0,0,1,0,0,0,0,0,0,0,1
ret orchid,0,0,0,0,0,0,0,0,0,0,0,1,0,0,0,0,0,0,0,0,1
ret species,0,0,0,0,0,0,0,0,0,0,0,0,0,0,0,0,0,1,0,0,1
retaliatory killing,0,0,0,0,0,0,0,0,0,0,0,0,0,0,0,0,0,1,0,0,1
roc auc,0,0,0,0,0,0,0,0,0,0,0,0,1,0,0,0,0,0,0,0,1
robustness,0,0,0,0,0,0,0,0,0,0,0,0,0,0,0,0,0,0,0,1,1
roadkill hotspots,0,0,0,0,0,0,0,0,0,0,0,0,0,0,0,1,0,0,0,0,1
road-effect zone,0,0,0,0,0,0,0,0,0,0,0,0,0,0,1,0,0,0,0,0,1
road survey,0,0,0,0,0,0,0,0,0,0,0,0,0,0,1,0,0,0,0,0,1
road mortality,0,0,0,0,0,0,0,0,0,0,0,0,0,0,0,1,0,0,0,0,1
road casualties,0,0,0,0,0,0,0,0,0,0,0,0,0,0,1,0,0,0,0,0,1
road bias,0,0,0,0,0,0,0,0,0,0,0,0,0,0,0,0,0,1,0,0,1
road,0,0,0,0,0,0,0,0,0,0,0,0,0,0,0,0,0,0,0,1,1
rize,0,0,0,0,0,0,0,0,0,1,0,0,0,0,0,0,0,0,0,0,1
rivpacs,0,0,0,0,0,0,1,0,0,0,0,0,0,0,0,0,0,0,0,0,1
riverscape fragmentation,0,0,0,0,0,0,0,0,0,0,0,0,1,0,0,0,0,0,0,0,1
riverscape ecology,0,0,0,0,0,0,0,0,0,0,0,0,0,0,1,0,0,0,0,0,1
riverine species,0,0,0,0,0,0,0,0,0,0,0,0,0,0,0,0,0,0,0,1,1
riverbanks,0,0,0,0,0,0,0,0,0,0,0,0,0,0,0,0,0,0,0,1,1
river2d,0,0,0,0,0,0,0,0,0,1,0,0,0,0,0,0,0,0,0,0,1
river-connected canal,0,0,0,0,0,0,0,0,0,0,0,0,0,0,0,0,0,0,0,1,1
river restoration success,0,0,0,0,0,0,0,0,0,1,0,0,0,0,0,0,0,0,0,0,1
river regulation,0,0,0,0,0,0,0,1,0,0,0,0,0,0,0,0,0,0,0,0,1
river pollution,0,0,0,0,0,0,0,0,0,0,0,1,0,0,0,0,0,0,0,0,1
river otters,0,0,0,0,0,0,0,0,0,0,0,0,0,0,0,0,0,0,0,1,1
river flow regime,0,0,0,0,0,0,0,0,0,0,0,0,0,0,0,0,0,0,0,1,1
river discharges,0,0,0,0,0,0,0,0,0,0,0,0,0,1,0,0,0,0,0,0,1
risso's dolphin,0,0,0,0,0,0,0,0,0,0,0,0,0,0,0,0,0,0,1,0,1
risk of extinction,0,0,0,0,0,0,0,0,0,0,0,0,0,0,0,0,0,0,0,1,1
risk hotpot,0,0,0,0,0,0,0,0,0,0,1,0,0,0,0,0,0,0,0,0,1
risk factors,0,0,0,0,0,0,0,0,0,0,1,0,0,0,0,0,0,0,0,0,1
risk evaluation,0,0,0,0,0,0,0,1,0,0,0,0,0,0,0,0,0,0,0,0,1
risk assessment framework,0,0,0,0,0,0,0,1,0,0,0,0,0,0,0,0,0,0,0,0,1
roc curve,0,0,0,0,0,0,0,0,0,0,0,0,1,0,0,0,0,0,0,0,1
rock rose,0,0,0,0,0,0,0,0,0,0,0,0,0,0,0,0,0,1,0,0,1
rocky intertidal,0,0,0,0,0,0,0,0,0,0,1,0,0,0,0,0,0,0,0,0,1
rosewood,0,0,0,0,0,0,0,0,0,0,0,0,0,0,0,0,0,0,1,0,1
ruby mountains,0,0,0,0,0,0,0,0,0,0,0,0,0,0,1,0,0,0,0,0,1
rubiaceae,0,0,0,0,0,0,0,0,0,1,0,0,0,0,0,0,0,0,0,0,1
rubia cordifolia,0,0,0,0,0,0,0,0,0,0,0,0,0,0,0,0,0,1,0,0,1
rubber vine,0,0,0,0,0,0,0,0,0,0,1,0,0,0,0,0,0,0,0,0,1
rubber tree,0,0,0,0,0,0,0,0,0,0,1,0,0,0,0,0,0,0,0,0,1
rsf,0,0,0,0,0,0,0,0,0,0,0,0,0,0,1,0,0,0,0,0,1
rrdtn,0,0,0,0,0,0,0,0,0,0,0,0,0,0,0,0,0,1,0,0,1
rpvp,0,0,0,0,0,0,0,0,0,0,1,0,0,0,0,0,0,0,0,0,1
roughness,0,0,0,0,0,0,0,0,0,0,0,0,0,0,1,0,0,0,0,0,1
rough triggerfish,0,0,0,0,0,0,0,0,0,0,1,0,0,0,0,0,0,0,0,0,1
rotan,0,0,0,0,0,1,0,0,0,0,0,0,0,0,0,0,0,0,0,0,1
rostrhamus sociabilis,0,0,0,0,0,0,0,0,0,0,0,0,0,0,0,0,0,0,1,0,1
rost reef,0,0,0,0,0,0,0,1,0,0,0,0,0,0,0,0,0,0,0,0,1
roscoea,0,0,0,0,0,0,0,0,0,0,1,0,0,0,0,0,0,0,0,0,1
rocky reefs,0,0,0,0,0,0,0,0,0,0,0,0,0,1,0,0,0,0,0,0,1
rosa multiflora,0,0,0,0,0,0,1,0,0,0,0,0,0,0,0,0,0,0,0,0,1
rosa caninal,0,0,0,0,0,0,0,0,0,0,0,0,0,0,1,0,0,0,0,0,1
rootstock,0,0,0,0,0,0,0,0,0,0,0,0,0,0,0,0,0,0,0,1,1
rook invasion,0,0,0,0,0,0,0,0,0,0,0,0,0,0,0,0,0,0,1,0,1
rooibos,0,0,0,0,0,0,0,0,1,0,0,0,0,0,0,0,0,0,0,0,1
rondonia,0,0,0,0,0,0,0,0,0,0,0,1,0,0,0,0,0,0,0,0,1
romania,0,0,0,0,0,0,0,1,0,0,0,0,0,0,0,0,0,0,0,0,1
rodhainiella,0,0,0,0,0,0,0,0,0,1,0,0,0,0,0,0,0,0,0,0,1
rodent-borne trypanosoma,0,0,0,0,0,0,0,0,0,0,0,0,1,0,0,0,0,0,0,0,1
rodent reservoirs,0,0,0,0,0,0,0,0,0,0,0,0,1,0,0,0,0,0,0,0,1
rodent ecology,0,0,0,0,0,0,0,0,0,0,0,0,0,0,0,1,0,0,0,0,1
rodent control,0,0,0,0,0,0,0,0,0,0,0,0,0,0,0,0,0,0,1,0,1
rocky shore,0,0,0,0,0,0,0,0,0,0,0,0,0,1,0,0,0,0,0,0,1
risk assessment,0,0,0,0,0,0,0,0,0,0,0,0,0,0,0,0,0,0,0,1,1
rising water level,0,0,0,0,0,0,0,0,0,0,0,0,0,0,0,0,0,0,1,0,1
riptortus pedestris,0,0,0,0,0,0,0,0,0,0,0,0,0,0,0,0,1,0,0,0,1
rhincodontidae,0,0,0,0,0,0,0,0,0,0,0,0,0,0,1,0,0,0,0,0,1
rhodiola l.,0,0,0,0,0,0,0,0,0,0,0,0,0,0,0,0,0,1,0,0,1
rhizopogon salebrosus,0,0,0,0,0,0,0,0,0,0,0,0,0,1,0,0,0,0,0,0,1
rhizopogon pseudoroseolus,0,0,0,0,0,0,0,0,0,0,0,0,0,1,0,0,0,0,0,0,1
rhizoplaca,0,0,0,0,0,0,0,0,0,0,0,0,0,0,0,0,0,0,1,0,1
rhizophora mucronata,0,0,0,0,0,0,0,0,0,0,0,0,0,0,0,0,1,0,0,0,1
rhizocarpon geographicum,0,0,0,0,0,0,0,0,0,0,0,0,0,0,0,0,1,0,0,0,1
rhizocarpales,0,0,0,0,0,0,0,0,0,0,0,0,0,0,0,0,0,0,0,1,1
rhipicephalus annulatus,0,0,0,0,0,0,0,0,0,0,0,0,0,0,0,0,1,0,0,0,1
rhipicephalus (boophilus) spp,0,0,0,0,0,0,0,0,0,0,0,0,1,0,0,0,0,0,0,0,1
rhinopithecus roxellana,0,0,0,0,0,0,0,0,0,0,0,1,0,0,0,0,0,0,0,0,1
rhinopithecus,0,0,0,0,0,0,0,0,0,0,0,0,1,0,0,0,0,0,0,0,1
rhinolophus ferrumequinum,0,0,0,0,0,0,0,0,0,1,0,0,0,0,0,0,0,0,0,0,1
rhinoderma,0,0,0,0,0,0,0,0,0,0,0,0,1,0,0,0,0,0,0,0,1
rhincodon typus,0,0,0,0,0,0,0,0,0,0,0,0,0,0,0,0,0,0,1,0,1
rhodnius pictipes,0,0,0,0,0,0,0,0,0,0,0,0,0,0,0,0,0,0,1,0,1
rheum nanum,0,0,0,0,0,0,0,0,0,0,0,0,0,0,0,0,1,0,0,0,1
rhamnus utilis,0,0,0,0,0,0,0,0,0,0,0,0,0,0,0,0,0,1,0,0,1
rhamnaceae,0,0,0,0,0,0,0,0,0,0,0,0,0,0,0,1,0,0,0,0,1
rhagomys,0,0,0,0,0,0,0,0,0,0,0,1,0,0,0,0,0,0,0,0,1
rhagoletis indifferens,0,0,0,0,0,0,0,0,1,0,0,0,0,0,0,0,0,0,0,0,1
rgbi aerial imagery,0,0,0,0,0,0,0,0,0,0,0,0,0,0,0,0,1,0,0,0,1
rffa,0,0,0,0,0,0,0,0,0,0,0,0,0,0,0,0,1,0,0,0,1
rewetting,0,0,0,0,0,0,0,0,0,0,0,0,0,0,1,0,0,0,0,0,1
review,0,0,0,0,0,0,0,0,0,0,0,0,0,0,0,0,0,0,0,1,1
reverse progressive vector plot,0,0,0,0,0,0,0,0,0,0,1,0,0,0,0,0,0,0,0,0,1
retraction.,0,0,0,0,0,0,0,0,0,0,0,0,0,0,0,0,0,1,0,0,1
reticulitermes flavipes,0,0,0,0,0,0,0,0,0,0,0,0,0,1,0,0,0,0,0,0,1
reticulate evolution,0,0,0,0,0,0,0,0,0,0,0,0,0,0,1,0,0,0,0,0,1
rhodnius domesticus,0,0,0,0,0,0,0,0,0,0,0,0,0,0,0,0,0,1,0,0,1
rhodnius robustus,0,0,0,0,0,0,0,0,0,0,0,0,0,0,0,0,0,0,1,0,1
riparian zone,0,0,0,0,0,0,0,0,0,0,0,0,0,0,0,0,0,0,0,1,1
rice sheath blight,0,0,0,0,0,0,0,0,0,0,0,0,0,0,0,0,0,1,0,0,1
riparian habitat,0,0,0,0,0,0,0,0,0,1,0,0,0,0,0,0,0,0,0,0,1
riparian erosion,0,0,0,0,0,0,0,0,0,0,0,1,0,0,0,0,0,0,0,0,1
riparian buffers,0,0,0,0,0,0,0,0,0,0,0,0,0,0,0,1,0,0,0,0,1
rio santiago,0,0,0,0,0,0,0,0,0,0,0,0,0,0,0,1,0,0,0,0,1
rio grande cooter,0,0,0,0,0,0,0,0,0,0,0,1,0,0,0,0,0,0,0,0,1
rio doce basin,0,0,0,0,0,0,0,0,0,0,0,0,0,0,0,0,0,0,0,1,1
rift valley fever,0,0,0,0,0,0,0,0,0,0,0,0,0,0,0,1,0,0,0,0,1
rickettsia parkeri,0,0,0,0,0,0,0,0,0,0,0,0,0,0,0,1,0,0,0,0,1
rickettsia,0,0,0,0,0,0,0,0,0,0,0,0,0,0,0,1,0,0,0,0,1
richness models,0,0,0,0,0,0,0,0,0,1,0,0,0,0,0,0,0,0,0,0,1
rice yellow mottle virus,0,0,0,0,0,0,0,0,0,0,0,0,0,0,0,1,0,0,0,0,1
rice suitability area,0,0,0,0,0,0,0,0,0,1,0,0,0,0,0,0,0,0,0,0,1
rice suitability,0,0,0,0,0,0,0,0,0,0,0,0,0,0,1,0,0,0,0,0,1
rice paddy ecosystems,0,0,0,0,0,0,0,0,0,0,0,0,0,0,0,0,1,0,0,0,1
rhododendron indicum,0,0,0,0,0,0,0,0,0,0,0,0,0,0,0,0,0,1,0,0,1
rice paddies,0,0,0,0,0,0,0,0,0,0,0,0,0,1,0,0,0,0,0,0,1
rice leafhopper,0,0,0,0,0,0,0,0,0,0,0,0,0,0,0,0,0,0,0,1,1
rice habitat suitability,0,0,0,0,0,0,0,0,0,0,0,0,1,0,0,0,0,0,0,0,1
rice agroecosystem,0,0,0,0,0,0,0,0,0,0,0,0,0,0,0,0,1,0,0,0,1
ricania shantungensis,0,0,0,0,0,0,0,0,0,0,0,0,0,1,0,0,0,0,0,0,1
rica,0,0,0,0,0,0,0,0,0,0,0,0,0,0,0,0,0,0,0,1,1
rhyticeros cassidix,0,0,0,0,0,0,0,0,0,0,0,0,0,0,0,0,0,0,1,0,1
rhyssa persuasoria,0,0,0,0,0,0,0,0,0,0,0,0,0,1,0,0,0,0,0,0,1
rhodomyrtus tomentosa,0,0,0,0,0,0,0,0,0,0,0,0,0,0,0,1,0,0,0,0,1
rhododendron simisii,0,0,0,0,0,0,0,0,0,0,0,0,0,0,0,0,0,1,0,0,1
rhododendron schlippenbachii,0,0,0,0,0,0,0,0,0,0,0,0,0,0,0,0,0,1,0,0,1
minimum number,0,0,0,0,0,0,0,0,0,0,0,0,0,0,0,0,0,1,0,0,1
rhododendron oldhamii,0,0,0,0,0,0,0,0,0,0,0,0,0,0,0,0,0,1,0,0,1
rapid adaptation,0,0,0,0,1,0,0,0,0,0,0,0,0,0,0,0,0,0,0,0,1
ranunculaceae,0,0,0,0,0,0,0,0,0,0,0,0,0,0,1,0,0,0,0,0,1
species distribu-,0,0,0,0,0,0,0,0,0,0,0,0,0,0,0,0,0,0,1,0,1
privets,0,0,0,0,0,0,0,0,0,0,0,0,0,0,0,0,0,0,0,1,1
protected area effectiveness,0,0,0,0,0,0,0,0,0,0,0,0,0,0,0,0,0,0,0,1,1
protected area coverage,0,0,0,0,0,0,0,0,0,0,0,0,0,0,0,0,0,0,1,0,1
protected area connectivity,0,0,0,0,0,0,0,0,0,0,0,0,0,1,0,0,0,0,0,0,1
protected area (pa) systems,0,0,0,0,0,0,0,0,0,0,0,0,0,0,0,0,0,1,0,0,1
protected amazonian species,0,0,0,0,0,0,0,0,0,0,0,0,0,1,0,0,0,0,0,0,1
prosopis cineraria,0,0,0,0,0,0,0,0,0,0,0,0,0,0,0,0,1,0,0,0,1
prosopis,0,0,0,0,0,0,0,0,0,0,0,0,1,0,0,0,0,0,0,0,1
prosapia,0,0,0,0,0,0,0,0,0,0,0,0,0,0,0,1,0,0,0,0,1
prorocentrum cordatum,0,0,0,0,0,0,0,0,0,0,0,0,0,0,0,1,0,0,0,0,1
propagule pressure,0,0,0,0,0,0,0,0,0,0,0,0,0,0,1,0,0,0,0,0,1
pronghorn,0,0,0,0,0,0,0,0,0,0,1,0,0,0,0,0,0,0,0,0,1
promelitta alboclypeata,0,0,0,0,0,0,0,0,0,0,1,0,0,0,0,0,0,0,0,0,1
projection function,0,0,0,0,0,0,0,0,0,0,0,0,0,0,0,0,0,0,0,1,1
projected loss,0,0,0,0,0,0,0,0,0,0,0,0,0,0,0,0,0,0,0,1,1
projected distribution maps,0,0,0,0,0,0,0,0,0,0,0,0,0,0,0,0,0,0,0,1,1
profundulus,0,0,0,0,0,0,0,0,0,0,0,0,0,0,0,1,0,0,0,0,1
profile techniques,0,0,0,0,1,0,0,0,0,0,0,0,0,0,0,0,0,0,0,0,1
productivity,0,0,0,0,0,0,0,0,0,0,0,0,0,0,0,1,0,0,0,0,1
productive conservation,0,0,0,0,0,0,0,0,0,0,0,0,0,0,1,0,0,0,0,0,1
production area,0,0,0,0,0,0,0,0,0,0,0,0,0,0,0,0,0,1,0,0,1
procnias tricarunculatus,0,0,0,0,0,0,1,0,0,0,0,0,0,0,0,0,0,0,0,0,1
procapra przewalskii,0,0,0,0,1,0,0,0,0,0,0,0,0,0,0,0,0,0,0,0,1
procambarus sp,0,0,0,0,0,0,0,1,0,0,0,0,0,0,0,0,0,0,0,0,1
procambarus reimeri,0,0,0,0,0,0,0,0,0,0,0,1,0,0,0,0,0,0,0,0,1
procambarus fallax,0,0,0,0,0,1,0,0,0,0,0,0,0,0,0,0,0,0,0,0,1
proboscis monkeys,0,0,0,0,0,0,0,0,0,0,0,0,0,0,0,0,0,0,1,0,1
problematic alien species,0,0,0,1,0,0,0,0,0,0,0,0,0,0,0,0,0,0,0,0,1
probability risk,0,0,0,0,0,0,0,0,0,0,0,0,0,0,0,0,1,0,0,0,1
probability of extinction,0,0,0,0,0,0,0,1,0,0,0,0,0,0,0,0,0,0,0,0,1
protected area evaluation,0,0,0,0,0,0,0,0,0,0,0,0,0,0,0,0,1,0,0,0,1
protected plants,0,0,0,0,0,0,0,0,1,0,0,0,0,0,0,0,0,0,0,0,1
protected-area gaps,0,0,0,0,0,0,0,0,0,0,0,0,0,0,0,0,0,0,0,1,1
pseudemys gorzugi,0,0,0,0,0,0,0,0,0,0,0,1,0,0,0,0,0,0,0,0,1
pseudorabies virus (prv),0,0,0,0,0,0,0,0,0,0,0,0,0,0,0,0,0,0,0,1,1
pseudophilotes panoptes,0,0,0,0,0,0,0,0,1,0,0,0,0,0,0,0,0,0,0,0,1
pseudonotoncus,0,0,0,0,0,0,0,1,0,0,0,0,0,0,0,0,0,0,0,0,1
pseudolarix amabilis,0,0,0,0,0,0,0,0,0,0,0,0,1,0,0,0,0,0,0,0,1
pseudogymnoascus destructans,0,0,0,0,0,0,0,0,1,0,0,0,0,0,0,0,0,0,0,0,1
pseudoeurycea robertsi,0,0,0,0,0,0,0,0,0,0,0,0,0,0,0,1,0,0,0,0,1
pseudoeurycea leprosa,0,0,0,0,0,0,0,0,0,0,0,0,0,0,0,1,0,0,0,0,1
pseudocrassa,0,0,0,0,0,0,0,0,1,0,0,0,0,0,0,0,0,0,0,0,1
pseudocopulation,0,0,0,0,0,0,0,0,0,0,0,0,0,0,0,1,0,0,0,0,1
pseudocedrela kotschyi,0,0,0,0,0,0,0,0,0,0,0,0,0,0,0,0,0,0,1,0,1
pseudoabsence versus background model evaluation metrics,0,0,0,0,0,0,0,0,0,0,0,0,0,0,0,0,0,0,1,0,1
pseudo-absence sampling,0,0,0,0,0,0,0,0,0,0,0,0,0,0,0,0,0,0,0,1,1
pseudo -labeling,0,0,0,0,0,0,0,0,0,0,0,0,0,0,0,0,0,0,1,0,1
pseudemoia rawlinsoni,0,0,0,0,0,0,0,0,0,0,0,0,0,0,0,0,0,0,1,0,1
protection gap,0,0,0,0,0,0,0,0,0,0,0,0,0,0,0,0,0,0,1,0,1
pseudantechinus mimulus,0,0,0,0,0,0,0,0,0,0,0,0,0,0,0,0,0,0,1,0,1
pseudacris,0,0,0,0,0,0,0,0,0,0,0,0,0,0,0,1,0,0,0,0,1
psesp,0,0,0,0,0,0,0,0,0,0,0,0,1,0,0,0,0,0,0,0,1
prydz bay,0,0,0,0,0,0,0,0,0,0,0,0,0,0,0,0,0,0,0,1,1
prunus serrulata lindl.,0,0,0,0,0,0,0,0,0,0,0,0,0,0,0,0,0,0,0,1,1
prunus avium,0,0,0,0,0,0,0,0,0,0,0,0,0,0,0,0,0,0,0,1,1
prunus africana,0,0,0,0,0,0,1,0,0,0,0,0,0,0,0,0,0,0,0,0,1
prrsv,0,0,0,0,0,0,0,0,0,0,0,0,1,0,0,0,0,0,0,0,1
provenance,0,0,0,0,0,0,0,0,0,0,0,0,0,1,0,0,0,0,0,0,1
protostelids,0,0,0,0,0,0,1,0,0,0,0,0,0,0,0,0,0,0,0,0,1
proto-gulf of california,0,0,0,0,0,0,0,0,0,0,0,1,0,0,0,0,0,0,0,0,1
protective measures,0,0,0,0,0,0,0,0,0,0,0,0,0,0,0,0,0,0,1,0,1
protection strategy,0,0,0,0,0,0,0,0,0,0,0,0,0,0,0,0,0,1,0,0,1
probability,0,0,0,0,0,0,0,0,0,0,0,0,0,0,1,0,0,0,0,0,1
private lands,0,0,0,0,0,0,0,0,0,0,0,0,0,0,0,0,0,0,1,0,1
ranid frog,0,0,0,0,0,0,0,0,0,0,0,0,0,0,0,0,0,0,1,0,1
pristoderus bakewelli,0,0,0,0,0,1,0,0,0,0,0,0,0,0,0,0,0,0,0,0,1
presence&#8208,0,0,0,0,0,0,0,0,0,0,0,0,0,0,0,1,0,0,0,0,1
presence thinning,0,0,0,0,0,0,0,0,0,0,0,0,0,1,0,0,0,0,0,0,1
presence and background learning,0,0,0,0,0,0,0,0,1,0,0,0,0,0,0,0,0,0,0,0,1
presence -only data,0,0,0,0,0,0,0,0,1,0,0,0,0,0,0,0,0,0,0,0,1
presence,0,0,0,0,0,0,0,0,0,0,0,0,0,0,0,0,0,1,0,0,1
prepuna,0,0,0,0,0,0,0,0,0,0,0,0,0,0,0,0,1,0,0,0,1
prehistory,0,0,0,0,0,0,0,0,0,0,0,0,0,0,0,0,1,0,0,0,1
preferential sampling,0,0,0,0,0,1,0,0,0,0,0,0,0,0,0,0,0,0,0,0,1
predictors' territorial analysis,0,0,0,0,0,0,0,0,0,0,0,0,0,0,0,0,0,0,0,1,1
predictor variables,0,0,0,0,0,0,0,1,0,0,0,0,0,0,0,0,0,0,0,0,1
predictor choice,0,0,0,0,0,0,0,0,0,0,0,1,0,0,0,0,0,0,0,0,1
predictive variables,0,0,0,0,0,0,0,0,0,0,0,0,0,0,0,0,0,0,0,1,1
predictive risk maps,0,0,0,0,0,0,0,0,0,0,0,0,0,0,1,0,0,0,0,0,1
predictive model evaluation framework,0,0,0,0,0,0,0,0,0,0,0,0,0,1,0,0,0,0,0,0,1
predictive ecology,0,0,0,0,0,0,0,0,0,0,0,0,1,0,0,0,0,0,0,0,1
predictive ecological niche models,0,0,0,0,0,0,0,0,0,0,0,0,0,1,0,0,0,0,0,0,1
predictions into the future,0,0,0,0,0,0,0,0,0,0,0,1,0,0,0,0,0,0,0,0,1
prediction-oriented modelling,0,0,0,0,0,0,0,0,0,0,0,0,0,1,0,0,0,0,0,0,1
prediction threshold,0,0,0,0,0,0,0,0,0,0,0,1,0,0,0,0,0,0,0,0,1
prediction of suitable region,0,0,0,0,0,0,0,0,0,0,0,0,0,0,0,0,1,0,0,0,1
prediction map,0,0,0,0,0,0,0,0,0,1,0,0,0,0,0,0,0,0,0,0,1
prediction interval,0,0,0,0,0,0,0,0,0,0,0,0,1,0,0,0,0,0,0,0,1
prediction error,0,0,0,0,0,0,0,0,0,1,0,0,0,0,0,0,0,0,0,0,1
prediction domain,0,0,0,0,0,0,0,0,0,0,0,0,0,0,0,0,0,0,1,0,1
prediction bias,0,0,0,0,0,0,0,0,0,0,0,0,0,0,1,0,0,0,0,0,1
predicted presence,0,0,0,0,0,0,0,0,0,0,0,0,0,0,0,0,1,0,0,0,1
predicted invasion,0,0,0,0,0,0,0,0,0,0,0,0,0,1,0,0,0,0,0,0,1
predictability,0,0,0,0,0,0,0,0,0,0,0,0,0,0,1,0,0,0,0,0,1
predict,0,0,0,0,0,0,0,0,0,1,0,0,0,0,0,0,0,0,0,0,1
presence&#8211,0,0,0,0,0,0,0,0,0,0,0,0,0,0,0,1,0,0,0,0,1
presence-absence records,0,0,0,0,0,0,0,0,0,0,0,0,0,0,0,0,0,1,0,0,1
presence-only distribution models,0,0,0,1,0,0,0,0,0,0,0,0,0,0,0,0,0,0,0,0,1
primate diseases,0,0,0,0,0,0,0,0,0,0,1,0,0,0,0,0,0,0,0,0,1
priorizaci&#243,0,0,0,0,0,0,0,0,0,0,0,0,0,0,0,1,0,0,0,0,1
priority region,0,0,0,0,0,0,0,0,0,0,0,1,0,0,0,0,0,0,0,0,1
priority pest,0,0,0,0,0,0,0,0,0,0,0,0,0,0,0,0,0,0,0,1,1
priority marine features,0,0,0,0,0,0,0,0,1,0,0,0,0,0,0,0,0,0,0,0,1
priority,0,0,0,0,0,0,0,0,0,1,0,0,0,0,0,0,0,0,0,0,1
prior sample weight,0,0,0,0,0,0,0,0,0,1,0,0,0,0,0,0,0,0,0,0,1
prionailurus viverrinus,0,0,0,0,0,0,0,0,0,1,0,0,0,0,0,0,0,0,0,0,1
prionailurus bengalensis,0,0,0,0,0,0,0,0,0,1,0,0,0,0,0,0,0,0,0,0,1
priodontes maximus,0,0,0,0,0,0,0,0,0,0,0,0,0,0,0,1,0,0,0,0,1
primula nutans var. finmarchica,0,0,0,0,0,0,0,0,0,0,1,0,0,0,0,0,0,0,0,0,1
primula,0,0,0,0,0,0,0,0,0,0,0,0,0,0,0,1,0,0,0,0,1
primnoa resedaeformis,0,0,0,0,0,0,0,0,0,0,0,0,0,0,1,0,0,0,0,0,1
primnoa,0,0,0,0,0,0,0,0,0,0,0,1,0,0,0,0,0,0,0,0,1
primary production,0,0,0,0,0,0,0,0,0,0,0,0,1,0,0,0,0,0,0,0,1
presence/absence data,0,0,0,0,0,0,0,1,0,0,0,0,0,0,0,0,0,0,0,0,1
prickly pear cactus pear,0,0,0,0,0,0,0,0,0,0,1,0,0,0,0,0,0,0,0,0,1
pribilof islands,0,0,0,0,0,0,0,0,0,0,0,0,0,0,0,0,0,0,0,1,1
prey-predator interaction,0,0,0,0,0,0,0,0,0,0,1,0,0,0,0,0,0,0,0,0,1
prey potential richness,0,0,0,0,0,0,0,0,0,0,0,0,0,0,0,0,0,1,0,0,1
prey distribution,0,0,0,0,0,0,0,0,0,0,0,0,0,0,0,1,0,0,0,0,1
prey density,0,0,0,0,0,0,0,0,0,0,0,0,0,0,0,0,0,1,0,0,1
prey base,0,0,0,0,0,0,0,0,0,0,0,0,0,0,0,0,0,1,0,0,1
prey availability,0,0,0,0,0,0,0,0,0,0,0,0,0,0,0,0,0,0,0,1,1
prey,0,0,0,0,0,0,0,0,0,0,0,0,0,0,0,0,1,0,0,0,1
prevention,0,0,0,0,0,0,0,0,0,0,0,0,0,0,0,1,0,0,0,0,1
prevalence and sampling density,0,0,0,0,0,0,0,1,0,0,0,0,0,0,0,0,0,0,0,0,1
pressure-state relationship,0,0,0,0,0,0,0,0,0,0,0,0,0,0,0,1,0,0,0,0,1
present,0,0,0,0,0,0,0,0,0,0,0,0,0,0,0,0,1,0,0,0,1
pseudorasbora parva,0,0,0,0,0,0,0,0,0,0,0,0,0,0,0,0,0,1,0,0,1
psilopeganum sinense,0,0,0,0,0,0,0,0,0,0,0,0,0,0,0,0,0,0,0,1,1
psittacidae,0,0,0,0,0,0,0,0,1,0,0,0,0,0,0,0,0,0,0,0,1
psittaciformes,0,0,0,0,0,0,0,0,0,0,0,0,0,0,0,1,0,0,0,0,1
ramo,0,0,0,0,0,0,0,0,0,0,0,0,0,0,0,0,0,0,1,0,1
ramalina menziesii,0,0,0,0,0,0,0,0,0,0,0,0,0,1,0,0,0,0,0,0,1
rainout shelters,0,0,0,0,0,0,0,0,0,0,0,0,0,0,0,1,0,0,0,0,1
rainfed cotton,0,0,0,0,0,0,0,0,0,0,0,0,0,0,0,1,0,0,0,0,1
rainfed agriculture,0,0,0,0,0,0,0,0,0,0,0,0,0,0,0,0,0,0,0,1,1
rainfall,0,0,0,0,0,0,0,0,0,0,0,0,0,0,1,0,0,0,0,0,1
rainbow trout,0,0,0,0,0,0,0,0,0,0,0,0,0,0,0,0,0,0,0,1,1
rain-on-snow,0,0,0,0,0,0,0,0,0,0,0,0,0,0,0,0,1,0,0,0,1
rain forest refugia,0,0,0,0,0,0,0,0,0,0,1,0,0,0,0,0,0,0,0,0,1
ragweed,0,0,0,0,0,0,0,0,0,0,0,0,0,0,0,0,0,0,1,0,1
rafflesiaceae,0,0,0,0,0,0,0,0,0,0,0,0,0,0,0,0,0,0,1,0,1
rafflesia arnoldii,0,0,0,0,0,0,0,0,0,0,0,0,0,0,0,0,1,0,0,0,1
rafflesia,0,0,0,0,0,0,0,0,0,0,0,0,0,0,0,0,0,0,1,0,1
radiometric indices,0,0,0,0,0,0,0,0,0,0,0,0,0,0,0,1,0,0,0,0,1
radio-tracking,0,0,0,0,0,1,0,0,0,0,0,0,0,0,0,0,0,0,0,0,1
radial growth,0,0,0,0,0,0,0,0,0,0,0,0,0,0,0,0,0,0,0,1,1
rad&#8208,0,0,0,0,0,0,0,0,0,0,0,0,0,0,0,1,0,0,0,0,1
raccoon dog,0,0,0,0,0,0,0,0,0,0,0,1,0,0,0,0,0,0,0,0,1
r functions,0,0,0,0,0,0,0,0,0,0,0,0,0,0,1,0,0,0,0,0,1
r & uuml,0,0,0,0,0,0,0,0,0,0,0,0,0,0,0,0,0,0,1,0,1
quinine,0,0,0,0,0,0,0,0,0,0,0,0,0,0,0,0,1,0,0,0,1
quercus semecarpifolia,0,0,0,0,0,0,0,0,0,0,0,0,0,0,0,1,0,0,0,0,1
quercus robur,0,0,0,0,0,0,0,0,0,0,0,0,1,0,0,0,0,0,0,0,1
quercus pubescens,0,0,0,0,0,0,0,0,0,0,0,0,0,0,1,0,0,0,0,0,1
quercus lobata,0,0,0,0,0,0,0,0,0,0,0,0,0,1,0,0,0,0,0,0,1
quercus libani olivier,0,0,0,0,0,0,0,0,0,0,0,0,0,0,1,0,0,0,0,0,1
quercus havardii,0,0,0,0,0,0,0,0,0,0,0,0,0,0,0,0,0,0,1,0,1
quercus gilva,0,0,0,0,0,0,0,0,0,0,0,0,0,0,0,0,0,0,1,0,1
quercus engelmannii,0,0,0,0,0,0,0,0,1,0,0,0,0,0,0,0,0,0,0,0,1
ramsar site,0,0,0,0,0,0,0,0,0,0,0,0,0,0,0,0,0,0,0,1,1
rana catesbeiana,0,0,0,0,1,0,0,0,0,0,0,0,0,0,0,0,0,0,0,0,1
rana pretiosa,0,0,0,0,0,0,0,0,1,0,0,0,0,0,0,0,0,0,0,0,1
range of distribution,0,0,0,0,0,0,0,0,0,0,0,0,0,0,1,0,0,0,0,0,1
rangifer tarandus,0,0,0,0,0,0,0,0,0,0,0,0,0,1,0,0,0,0,0,0,1
ranger patrol data,0,0,0,0,0,0,0,0,0,0,0,0,0,0,0,0,1,0,0,0,1
rangeland ecosystems,0,0,0,0,0,0,0,0,0,0,0,0,0,0,0,0,1,0,0,0,1
rangeland,0,0,0,0,0,0,0,0,0,0,0,0,0,0,0,0,0,0,0,1,1
range-restricted species,0,0,0,0,0,0,0,0,0,0,0,0,0,0,0,0,0,0,0,1,1
range&#8208,0,0,0,0,0,0,0,0,0,0,0,0,0,0,0,1,0,0,0,0,1
range tool,0,0,0,0,0,0,0,0,0,0,0,0,0,0,0,1,0,0,0,0,1
range size rarity,0,0,0,0,0,0,0,0,0,0,1,0,0,0,0,0,0,0,0,0,1
range shifts,0,0,0,0,0,0,1,0,0,0,0,0,0,0,0,0,0,0,0,0,1
range shift prediction,0,0,0,0,0,0,0,0,0,0,0,0,0,0,0,0,0,0,1,0,1
range restricted,0,0,0,0,1,0,0,0,0,0,0,0,0,0,0,0,0,0,0,0,1
range projection,0,0,0,0,0,0,0,0,0,0,0,0,0,0,1,0,0,0,0,0,1
range prediction,0,0,0,0,0,0,0,0,0,0,0,0,0,0,0,0,1,0,0,0,1
range filling,0,0,0,0,1,0,0,0,0,0,0,0,0,0,0,0,0,0,0,0,1
rana temporaria,0,0,0,0,0,0,0,0,0,0,0,0,0,0,0,1,0,0,0,0,1
range edge,0,0,0,0,0,0,0,1,0,0,0,0,0,0,0,0,0,0,0,0,1
range core displacement,0,0,0,0,0,0,0,0,0,0,0,0,0,0,0,0,0,0,0,1,1
range contraction and expansion,0,0,0,0,0,0,0,0,0,0,0,0,0,0,0,0,0,0,1,0,1
range boundaries,0,0,0,0,0,0,0,0,1,0,0,0,0,0,0,0,0,0,0,0,1
randomness test,0,0,0,0,0,0,0,0,1,0,0,0,0,0,0,0,0,0,0,0,1
random stratified sampling,0,0,0,0,0,0,0,0,0,0,0,0,0,0,0,1,0,0,0,0,1
random points,0,0,0,0,0,0,0,0,0,0,0,0,0,0,0,0,0,0,0,1,1
random forest regression kriging,0,0,0,0,0,0,0,0,0,0,0,0,0,0,0,0,1,0,0,0,1
random forest classifier,0,0,0,0,0,0,0,0,0,0,0,0,0,0,0,0,1,0,0,0,1
random forest classification,0,0,0,0,0,0,0,0,0,0,0,0,0,0,0,0,1,0,0,0,1
random forest (bagging) and machine learning,0,0,0,0,0,0,0,0,0,0,0,1,0,0,0,0,0,0,0,0,1
random background,0,0,0,0,0,0,0,0,0,0,0,0,0,0,0,0,1,0,0,0,1
random,0,0,0,0,0,0,0,0,0,0,0,0,0,0,0,0,0,0,0,1,1
quercus coccifera,0,0,0,0,0,0,0,0,0,0,0,0,0,0,0,1,0,0,0,0,1
quercus brantii,0,0,0,0,0,0,0,0,0,0,0,0,0,0,0,1,0,0,0,0,1
quer & eacute,0,0,0,0,0,0,0,0,0,0,0,0,0,0,0,0,0,0,0,1,1
public policies,0,0,0,0,0,0,0,0,0,0,0,0,1,0,0,0,0,0,0,0,1
pygathrix,0,0,0,0,0,0,0,0,0,0,0,0,0,0,1,0,0,0,0,0,1
pycnonotus xantholaemus,0,0,0,0,0,0,0,0,0,0,0,0,0,0,1,0,0,0,0,0,1
pycaret,0,0,0,0,0,0,0,0,0,0,0,0,0,0,0,0,0,0,0,1,1
pxo1,0,0,0,0,0,0,0,0,0,0,0,0,0,0,0,0,1,0,0,0,1
purple martin,0,0,0,0,0,0,0,0,0,0,0,0,0,0,0,1,0,0,0,0,1
pure forests,0,0,0,0,0,0,0,0,0,0,0,0,0,0,0,0,1,0,0,0,1
punjab rice agroecosystems,0,0,0,0,0,0,0,0,0,0,0,0,0,0,0,0,0,0,0,1,1
puna,0,0,0,0,0,0,0,0,0,1,0,0,0,0,0,0,0,0,0,0,1
puma concolor,0,0,0,0,0,0,0,0,0,1,0,0,0,0,0,0,0,0,0,0,1
puffinus mauretanicus,0,0,0,0,0,0,0,0,0,0,0,0,0,0,0,1,0,0,0,0,1
puerto rico,0,0,1,0,0,0,0,0,0,0,0,0,0,0,0,0,0,0,0,0,1
pueraria montana,0,0,0,0,0,0,0,0,0,1,0,0,0,0,0,0,0,0,0,0,1
pudu deer,0,0,0,0,0,0,0,0,0,0,0,0,0,0,1,0,0,0,0,0,1
public awareness,0,0,0,0,0,0,0,0,0,0,0,0,0,0,1,0,0,0,0,0,1
pygmy madtom,0,0,0,0,0,0,0,0,0,0,0,0,0,0,0,0,1,0,0,0,1
ptychadena,0,0,0,0,0,0,0,0,0,0,0,1,0,0,0,0,0,0,0,0,1
pteropus giganteus,0,0,0,0,0,0,0,0,1,0,0,0,0,0,0,0,0,0,0,0,1
pteropodidae,0,0,0,0,0,0,0,0,0,0,0,0,0,0,0,0,0,0,0,1,1
pterocarya stenoptera,0,0,0,0,0,0,0,0,0,0,0,0,0,0,1,0,0,0,0,0,1
pterocarpusmarsupium,0,0,0,0,0,0,0,0,0,0,0,0,0,0,0,0,1,0,0,0,1
pterocarpus santalinus,0,0,0,0,0,0,1,0,0,0,0,0,0,0,0,0,0,0,0,0,1
pterocarpus erinaceus,0,0,0,0,0,0,0,0,0,0,0,0,0,0,1,0,0,0,0,0,1
pterocarpus angolensis,0,0,0,0,0,0,0,0,1,0,0,0,0,0,0,0,0,0,0,0,1
pteridophytes,0,0,0,0,0,0,0,0,0,0,0,0,0,0,0,0,0,0,0,1,1
ptarmigan,0,0,0,0,0,0,0,0,0,0,0,0,0,0,0,1,0,0,0,0,1
psyllidae,0,0,0,0,0,0,0,0,0,0,0,0,0,0,0,0,0,0,1,0,1
psmc,0,0,0,0,0,0,0,0,0,0,0,0,0,0,0,0,0,1,0,0,1
psittacula krameri,0,0,0,0,0,0,0,0,0,0,0,0,0,0,0,0,1,0,0,0,1
pygmy hippopotamus,0,0,0,0,0,0,0,0,0,0,0,0,0,1,0,0,0,0,0,0,1
pygmy rattlesnake,0,0,0,0,0,0,0,0,0,0,0,0,0,0,0,0,0,1,0,0,1
quaternary speciation,0,0,0,0,0,0,0,0,0,0,1,0,0,0,0,0,0,0,0,0,1
qiongzhuea tumidinoda,0,0,0,0,0,0,0,0,0,0,0,0,0,0,0,0,0,0,1,0,1
quasipaa boulengeri,0,0,0,0,0,0,0,0,0,0,0,0,0,0,0,0,1,0,0,0,1
quasi-modeling,0,0,0,0,0,0,0,0,0,0,0,0,0,0,1,0,0,0,0,0,1
quarantine plan,0,0,0,0,0,0,0,0,0,0,0,0,1,0,0,0,0,0,0,0,1
quarantine,0,0,0,0,0,0,0,0,0,0,0,0,0,0,1,0,0,0,0,0,1
quantitative evaluation,0,0,0,0,0,0,0,0,0,0,0,0,0,0,0,0,0,1,0,0,1
quantile regression forest,0,0,0,0,0,0,0,0,0,0,0,0,1,0,0,0,0,0,0,0,1
quality wood supply,0,0,0,0,0,0,0,0,0,0,0,0,0,0,1,0,0,0,0,0,1
quality variation,0,0,0,0,0,0,0,0,0,0,0,0,0,0,0,0,0,1,0,0,1
quality assessment,0,0,0,0,0,0,0,0,0,0,0,0,0,0,0,0,0,0,0,1,1
quagga mussel,0,0,0,0,0,0,0,0,0,1,0,0,0,0,0,0,0,0,0,0,1
qscat,0,0,1,0,0,0,0,0,0,0,0,0,0,0,0,0,0,0,0,0,1
qpcr,0,0,0,0,0,0,0,0,0,0,1,0,0,0,0,0,0,0,0,0,1
qom,0,0,0,0,0,0,0,0,0,1,0,0,0,0,0,0,0,0,0,0,1
qionglai,0,0,0,0,0,0,0,0,0,0,0,0,0,0,0,1,0,0,0,0,1
pygopodidae,0,0,0,0,0,0,0,0,0,0,0,0,0,0,0,0,0,1,0,0,1
qinling mountains,0,0,0,0,0,0,0,0,0,0,0,0,0,0,0,0,0,0,0,1,1
qinling lenok,0,0,0,0,0,0,0,0,0,0,0,0,0,0,0,0,0,0,0,1,1
qinghai-tibet plateau (qtp),0,0,0,0,0,0,0,0,0,0,0,0,0,0,0,0,0,1,0,0,1
qinghai spruce,0,0,0,0,0,0,0,0,0,0,0,0,0,0,0,0,0,0,0,1,1
qeshm,0,0,0,0,0,0,0,0,0,0,0,0,0,0,0,0,0,1,0,0,1
qatar,0,0,0,0,0,0,0,0,0,0,0,0,0,0,0,0,0,0,0,1,1
q-gis,0,0,0,0,0,0,0,0,0,0,0,0,0,0,0,0,0,0,1,0,1
q fever,0,0,0,0,0,0,0,0,0,0,0,1,0,0,0,0,0,0,0,0,1
q,0,0,0,0,0,0,0,0,0,0,0,0,0,0,0,1,0,0,0,0,1
python molurus bivittatus,0,0,0,0,0,0,0,0,0,0,0,0,1,0,0,0,0,0,0,0,1
python,0,0,0,0,0,0,0,0,0,0,0,0,0,0,0,0,0,0,0,1,1
pyrenees,0,0,0,0,0,0,0,0,0,0,0,0,0,0,0,0,0,0,0,1,1
pygoscelis penguins,0,0,0,0,0,0,0,1,0,0,0,0,0,0,0,0,0,0,0,0,1
rucervus eldii eldii,0,0,0,0,0,0,0,0,0,0,0,0,0,0,0,1,0,0,0,0,1
ruditapes philippinarum,0,0,0,0,0,1,0,0,0,0,0,0,0,0,0,0,0,0,0,0,1
ruggedness,0,0,0,0,0,0,0,0,0,0,0,0,1,0,0,0,0,0,0,0,1
small scale,0,0,0,0,0,0,0,0,0,0,0,0,0,0,0,0,0,1,0,0,1
socioeconomic development,0,0,0,0,0,0,0,0,0,0,0,0,0,0,0,0,0,0,1,0,1
socio-economic emission scenarios,0,0,0,0,0,0,0,0,0,0,0,0,0,0,0,0,0,0,0,1,1
socio-ecological processes,0,0,0,0,0,0,0,0,0,0,0,0,0,0,0,0,1,0,0,0,1
social-ecological systems,0,0,0,0,0,0,0,0,0,0,0,0,0,0,0,0,1,0,0,0,1
social wasp,0,0,0,0,0,0,0,0,0,0,0,0,0,0,0,0,0,0,0,1,1
social media photos,0,0,0,0,0,0,0,0,0,0,0,0,0,1,0,0,0,0,0,0,1
social costs,0,0,0,0,0,0,0,0,0,0,0,0,0,0,0,0,0,0,0,1,1
social calls,0,0,0,0,0,0,0,0,0,0,0,0,0,0,1,0,0,0,0,0,1
snub-nosed monkey,0,0,0,0,0,0,0,0,0,0,0,0,1,0,0,0,0,0,0,0,1
snps,0,0,0,0,0,0,0,0,0,0,0,0,0,0,1,0,0,0,0,0,1
snowpack,0,0,0,0,0,0,0,0,0,0,0,0,0,0,0,0,1,0,0,0,1
snow phenology,0,0,0,0,0,0,0,0,0,0,0,0,0,0,0,0,0,0,1,0,1
snow density,0,0,0,0,0,0,0,0,0,0,0,0,0,0,0,0,1,0,0,0,1
snow,0,0,0,0,0,0,0,0,0,0,0,0,0,1,0,0,0,0,0,0,1
snorkelling-based survey,0,0,0,0,0,0,0,0,0,0,0,0,0,0,1,0,0,0,0,0,1
snake fungal disease,0,0,0,0,0,0,0,0,0,0,0,0,0,0,0,0,0,0,0,1,1
snake conservation,0,0,0,0,0,0,0,0,0,0,0,0,0,0,1,0,0,0,0,0,1
snail-borne disease modelling,0,0,0,0,0,0,0,0,0,0,1,0,0,0,0,0,0,0,0,0,1
snail kite,0,0,0,0,0,0,0,0,0,0,0,0,0,0,0,0,0,0,1,0,1
snail habi-tats distributions,0,0,0,0,0,0,0,0,0,0,0,0,0,0,0,0,0,1,0,0,1
snail,0,0,0,0,0,0,0,0,0,0,0,0,0,0,0,0,0,0,1,0,1
snag,0,0,0,0,0,0,0,0,0,0,0,0,0,0,0,0,0,0,0,1,1
smooth-coated otter,0,0,0,0,0,0,0,0,0,0,0,0,0,0,0,0,0,1,0,0,1
sminthopsis psammophila,0,0,0,0,0,0,0,0,0,0,0,0,0,0,0,1,0,0,0,0,1
smeringurus mesaensis,0,0,0,0,0,0,0,0,0,0,0,1,0,0,0,0,0,0,0,0,1
smart,0,0,0,0,0,0,0,0,0,0,0,0,0,0,0,0,1,0,0,0,1
smallholder systems,0,0,0,0,0,0,0,0,0,0,0,0,0,0,0,0,0,1,0,0,1
small-scale fisheries,0,0,0,0,0,0,0,0,0,0,0,0,0,0,0,0,1,0,0,0,1
small-scale farmers,0,0,0,0,0,0,0,0,0,0,0,0,0,0,0,0,1,0,0,0,1
socioeconomic impact,0,0,0,0,0,0,0,0,0,0,0,0,0,0,1,0,0,0,0,0,1
socotra cormorant,0,0,0,0,0,0,0,0,0,0,0,0,0,0,0,0,1,0,0,0,1
soft allopatry,0,0,0,0,0,0,0,0,0,0,1,0,0,0,0,0,0,0,0,0,1
soil-borne pathogens,0,0,0,0,0,0,0,0,0,0,0,0,0,0,0,0,0,0,0,1,1
solute transport,0,0,0,0,0,0,0,0,0,0,0,0,0,0,0,0,1,0,0,0,1
solute mapping,0,0,0,0,0,0,0,0,0,0,0,0,0,0,0,0,0,0,0,1,1
solitary wasp,0,0,0,0,0,0,0,0,0,0,0,0,0,0,0,0,0,0,0,1,1
solifluction,0,0,0,0,0,0,0,0,1,0,0,0,0,0,0,0,0,0,0,0,1
solidago altissimal,0,0,0,0,0,0,0,0,0,0,0,0,0,0,1,0,0,0,0,0,1
solenosmilia variabilis,0,0,0,0,0,0,0,0,0,0,0,1,0,0,0,0,0,0,0,0,1
solenodon,0,0,0,0,0,0,0,0,0,0,0,0,0,0,1,0,0,0,0,0,1
sole,0,0,0,0,0,0,0,0,1,0,0,0,0,0,0,0,0,0,0,0,1
solar radiation,0,0,0,0,0,0,0,0,1,0,0,0,0,0,0,0,0,0,0,0,1
solanum tuberosum,0,0,0,0,0,0,0,0,0,0,0,0,0,0,0,1,0,0,0,0,1
solanum rostratum,0,0,0,0,0,0,0,0,0,0,0,0,0,0,0,0,1,0,0,0,1
solanaceae,0,0,0,0,0,0,0,0,0,0,0,0,0,0,0,0,0,0,1,0,1
soilborne,0,0,0,0,0,0,0,0,0,0,0,0,0,0,0,0,0,0,0,1,1
soil rehabilitation,0,0,0,0,0,0,0,0,0,0,0,0,0,0,1,0,0,0,0,0,1
soft bottoms,0,0,0,0,0,0,0,0,0,0,0,0,0,0,0,0,0,1,0,0,1
soil properties,0,0,0,0,0,0,0,0,0,0,0,0,0,0,0,1,0,0,0,0,1
soil predictors,0,0,0,0,0,0,0,0,0,0,0,0,0,0,0,0,0,0,0,1,1
soil physio-chemical factors,0,0,0,0,0,0,0,0,0,0,0,0,0,0,0,0,0,1,0,0,1
soil ph,0,0,0,0,0,0,0,0,0,1,0,0,0,0,0,0,0,0,0,0,1
soil parameters,0,0,0,0,0,1,0,0,0,0,0,0,0,0,0,0,0,0,0,0,1
soil moisture active passive satellite,0,0,0,0,0,0,0,0,0,0,0,0,0,0,0,0,1,0,0,0,1
soil microbiology,0,0,0,0,0,0,0,0,0,0,0,0,0,0,0,1,0,0,0,0,1
soil mapping,0,0,0,0,0,0,0,0,0,0,0,0,0,0,0,0,0,1,0,0,1
soil factors,0,0,0,0,0,0,0,0,0,0,0,0,0,0,0,0,0,0,0,1,1
soil erosion,0,0,0,0,0,0,0,0,0,0,0,0,0,0,0,0,0,0,0,1,1
soil burn severity,0,0,0,0,0,0,0,0,0,0,0,0,0,1,0,0,0,0,0,0,1
soil analysis,0,0,0,0,0,0,0,0,0,0,0,0,0,0,0,0,0,0,1,0,1
soft tick,0,0,0,0,0,0,0,0,0,0,0,0,0,0,0,0,0,0,1,0,1
small tortoiseshell,0,0,0,0,0,0,0,0,1,0,0,0,0,0,0,0,0,0,0,0,1
small pelagic fish,0,0,0,0,0,0,0,0,0,0,0,0,0,0,0,0,1,0,0,0,1
rule-based,0,0,0,0,0,0,0,0,0,0,0,0,0,0,0,0,0,0,0,1,1
small odontocetes,0,0,0,0,0,0,0,0,0,0,0,0,0,0,1,0,0,0,0,0,1
sinai peninsula,0,0,0,0,0,0,0,0,0,0,0,0,0,1,0,0,0,0,0,0,1
sinai,0,0,0,0,0,0,0,0,1,0,0,0,0,0,0,0,0,0,0,0,1
sin ho district,0,0,0,0,0,0,0,0,0,0,0,0,0,0,0,0,0,0,1,0,1
simuliidae,0,0,0,0,0,0,0,0,0,0,0,0,0,0,0,0,0,0,1,0,1
simulated environment,0,0,0,0,0,1,0,0,0,0,0,0,0,0,0,0,0,0,0,0,1
simple genetic algorithms,0,0,0,0,0,0,0,0,0,0,0,1,0,0,0,0,0,0,0,0,1
similarity-based reasoning,0,0,0,0,0,0,0,0,0,0,0,1,0,0,0,0,0,0,0,0,1
similarity,0,0,0,0,0,0,0,0,0,0,0,0,1,0,0,0,0,0,0,0,1
simex,0,0,0,0,0,0,0,0,0,1,0,0,0,0,0,0,0,0,0,0,1
silver wattle,0,0,0,0,0,0,0,0,0,0,0,0,0,0,0,0,1,0,0,0,1
silky shark,0,0,0,0,0,0,0,0,0,0,1,0,0,0,0,0,0,0,0,0,1
silene vulgaris,0,0,0,0,0,0,0,0,0,0,1,0,0,0,0,0,0,0,0,0,1
significance,0,0,0,0,0,0,0,0,0,0,0,0,0,1,0,0,0,0,0,0,1
signature whistle,0,0,0,0,0,0,0,0,0,0,0,0,0,0,0,1,0,0,0,0,1
signature extension,0,0,0,0,0,0,0,0,0,0,0,0,1,0,0,0,0,0,0,0,1
sign survey,0,0,0,0,0,0,0,0,0,0,0,0,0,0,0,0,0,0,1,0,1
sightings,0,0,0,0,0,0,0,0,0,0,0,0,0,0,0,1,0,0,0,0,1
sig,0,0,0,0,0,0,0,0,0,0,0,0,0,0,0,0,0,0,1,0,1
sierra nevada red fox,0,0,0,0,0,0,0,0,0,0,0,0,1,0,0,0,0,0,0,0,1
sierra madre del sur,0,0,0,0,0,0,0,0,0,0,0,0,0,0,0,0,0,0,1,0,1
sicily,0,0,0,0,0,0,0,0,0,0,0,0,0,0,1,0,0,0,0,0,1
sichuan province,0,0,0,0,0,0,0,0,1,0,0,0,0,0,0,0,0,0,0,0,1
sibbaldia procumbens s.l.,0,0,0,0,0,0,0,0,0,0,0,0,0,1,0,0,0,0,0,0,1
shrubland,0,0,0,0,0,0,0,0,0,0,0,1,0,0,0,0,0,0,0,0,1
shredder,0,0,0,0,0,0,0,0,0,0,0,0,0,0,0,0,0,1,0,0,1
showy milkweed,0,0,0,0,0,0,0,0,0,0,0,0,0,1,0,0,0,0,0,0,1
shot-hole borer,0,0,0,0,0,0,0,0,0,0,0,0,0,1,0,0,0,0,0,0,1
shorttailed weasel,0,0,0,0,0,0,0,0,1,0,0,0,0,0,0,0,0,0,0,0,1
shoot gall psylla,0,0,0,0,0,0,0,0,0,0,0,0,0,0,0,1,0,0,0,0,1
sinaic biogeographic sector,0,0,0,0,0,0,0,0,0,0,0,0,0,0,1,0,0,0,0,0,1
sinanthropic <italic>tityus</italic>,0,0,0,0,0,0,0,0,0,0,0,0,0,0,0,0,0,0,0,1,1
sinensis,0,0,0,0,0,0,0,0,0,0,0,0,0,0,0,0,0,1,0,0,1
skin microbiome,0,0,0,0,0,0,0,0,0,0,0,0,0,0,0,0,0,0,0,1,1
small landholder,0,0,0,0,0,0,0,0,0,0,0,0,0,0,1,0,0,0,0,0,1
small island states,0,0,0,0,0,0,0,1,0,0,0,0,0,0,0,0,0,0,0,0,1
small hydroelectric plant,0,0,0,0,0,0,0,0,0,0,0,0,0,0,0,1,0,0,0,0,1
small carnivores,0,0,0,0,0,0,0,0,0,0,0,0,0,0,0,0,1,0,0,0,1
slovenia,0,0,0,0,0,0,0,0,0,0,0,0,0,0,0,0,0,1,0,0,1
sloth bear,0,0,0,0,0,0,0,0,0,0,0,0,0,0,0,1,0,0,0,0,1
sleeper weeds,0,0,0,0,0,0,0,0,0,1,0,0,0,0,0,0,0,0,0,0,1
slash pine,0,0,0,0,0,0,0,0,0,0,0,0,0,0,1,0,0,0,0,0,1
slamm,0,0,0,0,0,1,0,0,0,0,0,0,0,0,0,0,0,0,0,0,1
sla,0,0,0,0,0,0,0,0,0,0,0,0,0,0,0,0,0,0,0,1,1
sky islands,0,0,0,0,0,0,0,0,0,0,0,0,0,0,0,0,0,0,0,1,1
skull morphology,0,0,0,0,0,0,0,0,0,0,0,1,0,0,0,0,0,0,0,0,1
skink,0,0,0,0,0,0,0,0,0,0,0,0,0,0,0,0,0,0,0,1,1
size-class distribution,0,0,0,0,0,0,0,0,0,0,0,0,0,0,1,0,0,0,0,0,1
sinensis forests,0,0,0,0,0,0,0,0,0,0,0,0,0,0,0,0,0,1,0,0,1
size,0,0,0,0,0,1,0,0,0,0,0,0,0,0,0,0,0,0,0,0,1
sitios de importancia para la biodiversidad,0,0,0,1,0,0,0,0,0,0,0,0,0,0,0,0,0,0,0,0,1
site prioritization,0,0,0,1,0,0,0,0,0,0,0,0,0,0,0,0,0,0,0,0,1
site occupancy model,0,0,0,0,0,0,0,0,1,0,0,0,0,0,0,0,0,0,0,0,1
site occupancy,0,0,0,0,0,0,0,0,0,0,0,0,0,0,0,0,1,0,0,0,1
site ecology,0,0,0,0,0,0,0,1,0,0,0,0,0,0,0,0,0,0,0,0,1
sirenia,0,0,0,0,0,0,0,0,0,0,0,0,0,0,0,0,0,0,0,1,1
sipsongpanna,0,0,0,0,0,0,0,0,0,0,0,0,0,0,0,0,0,1,0,0,1
siphonaptera,0,0,0,0,0,0,0,0,0,0,1,0,0,0,0,0,0,0,0,0,1
singlebeam echo-sounder,0,0,0,0,0,0,0,0,0,0,0,0,0,0,0,1,0,0,0,0,1
single-algorithm ensembles,0,0,0,0,0,0,0,0,0,0,0,0,0,0,0,0,0,0,1,0,1
single cropping rice,0,0,0,0,0,0,0,0,0,0,0,0,0,0,0,0,0,0,0,1,1
singapore,0,0,0,0,0,0,0,0,0,0,0,0,0,0,0,1,0,0,0,0,1
solutrean,0,0,0,0,0,0,0,0,0,0,0,0,1,0,0,0,0,0,0,0,1
son la province,0,0,0,0,0,0,0,0,0,0,0,0,0,0,0,0,0,0,1,0,1
song thanh,0,0,0,0,0,0,0,0,0,0,0,0,0,0,1,0,0,0,0,0,1
songbird trade,0,0,0,0,0,0,0,0,0,0,0,0,0,0,0,0,0,0,0,1,1
spatially rarefy occurrences,0,0,0,0,0,0,0,0,1,0,0,0,0,0,0,0,0,0,0,0,1
spatially marginal,0,0,0,0,0,0,0,0,1,0,0,0,0,0,0,0,0,0,0,0,1
spatially imbalanced-biased,0,0,0,0,0,0,0,0,0,0,0,0,0,0,0,0,0,1,0,0,1
spatially explicit threat assessment,0,0,0,0,0,0,0,0,0,0,0,0,0,0,0,0,1,0,0,0,1
spatially explicit modeling,0,0,0,0,0,0,1,0,0,0,0,0,0,0,0,0,0,0,0,0,1
spatially explicit mapping,0,0,0,0,0,0,0,0,0,0,1,0,0,0,0,0,0,0,0,0,1
spatially explicit distribution patterns,0,0,0,0,0,0,0,0,0,0,0,0,0,0,0,0,0,1,0,0,1
spatialization,0,0,0,0,0,0,0,0,0,0,0,0,0,0,0,1,0,0,0,0,1
"spatial-temporal distribution, species distribution modelling",0,0,0,0,0,0,0,0,0,0,0,0,0,0,0,0,0,0,1,0,1
spatial vegetation pattern,0,0,0,0,0,0,0,0,0,0,0,1,0,0,0,0,0,0,0,0,1
spatial transferability,0,0,0,0,0,0,0,0,0,0,1,0,0,0,0,0,0,0,0,0,1
spatial sustainability planning,0,0,0,0,0,0,0,0,0,0,0,0,0,0,0,0,0,0,0,1,1
spatial suitability,0,0,0,0,0,0,0,0,0,0,0,0,0,0,0,0,0,0,1,0,1
spatial subsidy,0,0,0,0,0,0,0,0,0,0,0,1,0,0,0,0,0,0,0,0,1
spatial statistics,0,0,0,0,0,0,0,0,1,0,0,0,0,0,0,0,0,0,0,0,1
spatial sorting bias,0,0,0,0,0,0,1,0,0,0,0,0,0,0,0,0,0,0,0,0,1
spatial scan statistic,0,0,0,0,1,0,0,0,0,0,0,0,0,0,0,0,0,0,0,0,1
spatial scale patterns,0,0,0,0,0,0,0,0,0,0,1,0,0,0,0,0,0,0,0,0,1
spatial sampling,0,0,0,0,0,0,0,0,0,0,0,1,0,0,0,0,0,0,0,0,1
spatial risk assessment,0,0,0,0,0,0,0,0,0,0,0,0,0,0,0,1,0,0,0,0,1
spatial risk,0,0,0,0,0,0,0,0,0,0,0,1,0,0,0,0,0,0,0,0,1
spatial regression,0,0,0,0,0,0,0,0,0,0,0,0,0,0,0,1,0,0,0,0,1
spatial region distribution,0,0,0,0,0,0,0,0,0,0,0,0,0,0,1,0,0,0,0,0,1
spatial point process,0,0,0,0,0,0,0,0,1,0,0,0,0,0,0,0,0,0,0,0,1
spatial planning and management,0,0,0,0,0,0,1,0,0,0,0,0,0,0,0,0,0,0,0,0,1
spatial management,0,0,0,0,0,0,0,0,0,0,0,0,0,0,0,0,0,0,0,1,1
spatial locations,0,0,0,0,0,0,0,0,0,0,1,0,0,0,0,0,0,0,0,0,1
spatial indicator,0,0,0,0,0,0,0,0,0,0,0,0,0,0,0,0,0,0,1,0,1
spatial grain,0,0,0,0,0,0,0,0,0,0,0,0,0,0,0,0,0,0,0,1,1
spatially-continuous environmental variables,0,0,0,0,0,0,0,0,0,0,0,0,0,1,0,0,0,0,0,0,1
spatio-temporal activity,0,0,0,0,0,0,0,0,0,0,0,0,0,0,0,0,1,0,0,0,1
spatio-temporal cluster,0,0,0,0,0,0,0,0,0,0,0,0,0,1,0,0,0,0,0,0,1
specialized herbivores,0,0,0,0,0,0,0,0,0,0,0,0,0,0,0,1,0,0,0,0,1
species displacement,0,0,0,0,0,0,0,0,0,0,0,0,0,0,0,0,0,0,1,0,1
species discovery curve,0,0,0,0,0,0,0,0,0,0,0,0,0,0,0,0,1,0,0,0,1
species density,0,0,0,0,0,0,0,0,0,0,0,0,0,0,1,0,0,0,0,0,1
species data,0,0,0,0,0,0,0,0,0,0,0,0,0,0,0,0,1,0,0,0,1
species community,0,0,0,0,0,0,0,0,0,0,0,0,0,0,0,0,0,0,0,1,1
species biogeography,0,0,0,0,0,0,0,0,0,0,1,0,0,0,0,0,0,0,0,0,1
species association,0,0,0,0,0,0,0,0,0,0,0,0,0,0,0,1,0,0,0,0,1
species area curve,0,0,0,0,0,0,0,0,0,0,0,0,0,0,0,1,0,0,0,0,1
species abundance model,0,0,0,0,0,0,0,1,0,0,0,0,0,0,0,0,0,0,0,0,1
specie distribution modeling,0,0,0,0,0,0,0,0,0,0,0,0,0,0,0,0,0,0,1,0,1
speciation,0,0,0,0,0,0,1,0,0,0,0,0,0,0,0,0,0,0,0,0,1
specialty crops,0,0,0,0,0,0,0,0,0,0,0,0,0,0,0,0,0,1,0,0,1
specialized pollination,0,0,0,0,0,0,0,0,0,0,0,0,0,0,0,0,0,0,0,1,1
specialists,0,0,0,0,0,0,0,0,0,0,0,0,1,0,0,0,0,0,0,0,1
spatio-temporal distribution,0,0,0,0,0,0,0,0,0,0,0,0,0,0,0,0,1,0,0,0,1
spawning origin,0,0,0,0,0,0,0,0,0,0,1,0,0,0,0,0,0,0,0,0,1
spawning habitat suitability model,0,0,0,0,0,0,0,0,0,0,0,0,0,0,0,0,0,1,0,0,1
spawning,0,0,0,0,0,0,0,0,0,0,0,0,0,0,0,1,0,0,0,0,1
spawn timing,0,0,0,0,0,0,0,0,0,0,0,0,0,0,0,0,0,0,1,0,1
spatiotemporal variation,0,0,0,0,0,0,0,0,0,0,0,0,0,0,0,0,0,0,1,0,1
spatiotemporal variability,0,0,0,0,0,0,0,0,0,0,0,0,0,0,1,0,0,0,0,0,1
spatiotemporal habitat prediction,0,0,0,0,0,0,0,0,0,0,0,0,0,0,0,0,0,0,1,0,1
spatiotemporal exploratory models,0,0,0,0,0,0,0,0,0,0,0,0,1,0,0,0,0,0,0,0,1
spatiotemporal dynamic simulation,0,0,0,0,0,0,0,0,0,0,0,0,0,0,0,0,0,0,0,1,1
spatiotemporal data,0,0,0,0,0,0,0,0,1,0,0,0,0,0,0,0,0,0,0,0,1
spatiotemporal changes,0,0,0,0,0,0,0,0,0,0,0,0,0,0,0,0,0,0,0,1,1
spatio-temporal mapping,0,0,0,0,0,0,0,0,0,0,0,0,0,0,0,0,0,0,0,1,1
spatio-temporal habitat suitability modelling,0,0,0,0,0,0,0,0,0,0,0,0,0,0,1,0,0,0,0,0,1
spatial geographic range,0,0,0,0,0,0,0,0,0,0,0,0,0,0,0,0,1,0,0,0,1
spatial extrapolation,0,0,0,0,0,0,0,0,0,0,0,0,0,0,0,0,0,0,0,1,1
spatial extent,0,0,0,0,0,0,0,0,0,0,0,0,0,0,0,1,0,0,0,0,1
south-eastern spain,0,0,0,1,0,0,0,0,0,0,0,0,0,0,0,0,0,0,0,0,1
southern ground hornbill,0,0,0,0,0,0,0,1,0,0,0,0,0,0,0,0,0,0,0,0,1
southern florida,0,0,0,0,0,0,0,0,0,0,0,0,1,0,0,0,0,0,0,0,1
southern caspian sea,0,0,0,0,0,0,0,0,0,0,0,0,0,0,0,0,0,0,0,1,1
southern arizona buffelgrass coordination center,0,0,0,0,0,0,0,1,0,0,0,0,0,0,0,0,0,0,0,0,1
southern appalachia,0,0,0,0,0,0,0,0,0,0,0,0,0,0,0,0,0,0,0,1,1
southern andes,0,0,0,0,0,0,0,0,0,0,0,0,0,0,0,0,0,0,0,1,1
southern alps,0,0,0,0,0,0,0,0,0,0,0,0,0,0,0,0,0,0,1,0,1
southeast oregon,0,0,0,0,0,0,0,0,0,0,0,0,0,1,0,0,0,0,0,0,1
southeast china,0,0,0,0,0,0,0,0,0,0,0,0,0,0,0,0,0,0,0,1,1
southeast brazil,0,0,0,0,0,0,0,0,0,0,0,0,1,0,0,0,0,0,0,0,1
southeast alaska,0,0,0,0,0,0,0,0,0,0,0,1,0,0,0,0,0,0,0,0,1
southampton island,0,0,0,0,0,0,0,0,0,0,0,0,1,0,0,0,0,0,0,0,1
south-western usa,0,0,0,0,0,0,0,0,0,1,0,0,0,0,0,0,0,0,0,0,1
south-eastern baltic sea,0,0,0,0,0,0,1,0,0,0,0,0,0,0,0,0,0,0,0,0,1
southern ontario,0,0,0,0,0,0,0,0,0,0,0,0,0,0,1,0,0,0,0,0,1
south-central yellow sea,0,0,0,0,0,0,0,0,0,0,0,0,0,0,0,0,0,0,1,0,1
south china sea,0,0,0,0,0,0,0,0,0,0,0,0,0,0,0,0,0,0,0,1,1
south carolina,0,0,0,0,0,0,0,0,0,0,1,0,0,0,0,0,0,0,0,0,1
south asia,0,0,0,0,0,0,0,0,0,0,0,0,0,0,0,0,0,0,1,0,1
south american ungulates,0,0,0,0,0,1,0,0,0,0,0,0,0,0,0,0,0,0,0,0,1
south american basins,0,0,0,0,0,0,0,0,0,0,1,0,0,0,0,0,0,0,0,0,1
south african plant invaders atlas (sapia),0,0,0,0,0,0,0,0,0,0,0,1,0,0,0,0,0,0,0,0,1
sousa chinensis,0,0,0,0,0,0,0,0,0,0,0,0,1,0,0,0,0,0,0,0,1
sound propagation,0,0,0,0,0,0,0,0,0,0,0,0,0,0,0,1,0,0,0,0,1
soricidae,0,0,0,0,0,0,0,0,0,0,0,0,0,0,0,0,0,1,0,0,1
sophora moorcroftiana,0,0,0,0,0,0,0,0,0,0,0,0,0,0,0,1,0,0,0,0,1
sonoran desert,0,0,0,0,0,0,0,1,0,0,0,0,0,0,0,0,0,0,0,0,1
songnen plain,0,0,0,0,0,0,0,0,0,0,0,0,0,0,0,0,0,0,0,1,1
southern hemisphere,0,0,0,0,0,0,0,0,0,1,0,0,0,0,0,0,0,0,0,0,1
southern rockhopper penguin,0,0,0,0,0,0,0,1,0,0,0,0,0,0,0,0,0,0,0,0,1
spatial dynamic models,0,0,0,0,0,0,0,0,0,1,0,0,0,0,0,0,0,0,0,0,1
spatial and temporal variability,0,0,0,0,0,0,0,0,0,0,0,0,0,0,0,0,0,0,0,1,1
spatial distribution models (sdms),0,0,0,0,0,0,0,0,0,0,0,0,0,0,0,0,0,0,0,1,1
spatial distribution modeling,0,0,0,0,0,1,0,0,0,0,0,0,0,0,0,0,0,0,0,0,1
spatial dependence,0,0,0,0,1,0,0,0,0,0,0,0,0,0,0,0,0,0,0,0,1
spatial data filtering,0,0,0,0,0,0,0,0,0,0,0,0,0,0,1,0,0,0,0,0,1
spatial conservation priority,0,0,0,0,0,0,0,0,0,0,0,0,0,0,0,0,0,1,0,0,1
spatial concept,0,0,0,0,0,0,0,0,0,0,0,0,0,0,1,0,0,0,0,0,1
spatial clustering,0,0,0,0,0,0,0,0,0,0,0,0,0,1,0,0,0,0,0,0,1
spatial changes,0,0,0,0,0,0,0,0,0,0,0,0,0,0,0,0,0,0,0,1,1
spatial blocking,0,0,0,0,0,0,0,0,0,0,0,0,0,0,0,0,0,0,1,0,1
spatial behavior,0,0,0,0,0,0,0,0,0,0,0,0,0,0,0,0,1,0,0,0,1
spatial autoregressive model,0,0,0,0,1,0,0,0,0,0,0,0,0,0,0,0,0,0,0,0,1
spatial autocovariate,0,0,0,0,0,0,0,0,0,0,0,0,0,0,0,1,0,0,0,0,1
spatial and temporal variation,0,0,0,0,0,0,0,0,0,0,0,0,0,0,0,0,0,0,0,1,1
spatial and detection sampling bias,0,0,0,0,0,0,0,0,0,0,0,0,0,0,1,0,0,0,0,0,1
southern sri lanka,0,0,0,0,0,0,0,0,0,0,0,0,0,0,0,0,1,0,0,0,1
spatial accuracy,0,0,0,0,0,0,0,0,0,0,0,0,0,0,0,0,0,0,1,0,1
spatial abundance,0,0,0,0,0,0,0,1,0,0,0,0,0,0,0,0,0,0,0,0,1
sparus aurata,0,0,0,0,0,0,0,0,0,0,0,0,0,0,0,0,0,0,1,0,1
spanish moss,0,0,0,0,0,0,0,0,1,0,0,0,0,0,0,0,0,0,0,0,1
spaces distribution models,0,0,0,0,0,0,0,0,0,0,0,0,0,0,1,0,0,0,0,0,1
space-time scan statistic,0,0,0,0,0,0,0,0,1,0,0,0,0,0,0,0,0,0,0,0,1
space-time cube,0,0,0,0,0,0,0,0,0,0,0,0,0,0,0,0,0,0,1,0,1
soybean true bug pest,0,0,0,0,0,0,0,0,0,0,0,0,0,0,0,0,0,0,1,0,1
soybean pests,0,0,0,0,0,0,0,0,0,0,0,0,0,0,0,0,0,0,1,0,1
soutpansberg,0,0,0,0,0,0,0,0,0,0,0,0,0,1,0,0,0,0,0,0,1
southwestern indian ocean,0,0,0,0,0,0,0,0,0,0,0,0,0,0,0,0,0,0,1,0,1
southwest nigeria,0,0,0,0,0,0,0,0,0,0,0,0,0,0,0,1,0,0,0,0,1
southwest,0,0,0,0,0,0,0,0,0,0,0,0,0,0,1,0,0,0,0,0,1
shola ecosystem,0,0,0,0,0,0,0,0,0,0,0,0,0,0,0,0,1,0,0,0,1
shoal bass,0,0,0,0,0,0,0,0,0,0,0,0,1,0,0,0,0,0,0,0,1
shipping,0,0,0,0,0,0,0,0,0,0,0,0,0,0,0,0,0,0,1,0,1
scrub typhus,0,0,0,0,0,0,0,0,0,0,0,0,1,0,0,0,0,0,0,0,1
scaled quail,0,0,0,0,0,0,0,0,0,0,0,0,0,0,0,0,0,1,0,0,1
scale optimization,0,0,0,0,0,0,0,0,0,0,0,0,0,0,1,0,0,0,0,0,1
scale of analysis,0,0,0,0,0,0,0,0,0,0,0,0,0,0,0,1,0,0,0,0,1
scale dependency,0,0,0,0,0,0,0,0,0,0,1,0,0,0,0,0,0,0,0,0,1
scalability,0,0,0,0,0,0,0,0,0,0,0,0,0,0,0,1,0,0,0,0,1
sbwemr,0,0,0,0,0,0,0,0,0,0,0,0,0,0,0,0,1,0,0,0,1
saxifragaceae,0,0,0,0,0,0,0,0,0,0,0,0,0,0,0,0,0,1,0,0,1
saving our species,0,0,0,0,0,0,0,0,0,0,0,0,0,1,0,0,0,0,0,0,1
savanna landscape,0,0,0,0,0,0,0,0,0,0,0,0,0,0,0,0,0,0,1,0,1
savanna baboons,0,0,0,0,0,0,0,0,0,0,0,0,0,1,0,0,0,0,0,0,1
saunders's gull,0,0,0,0,0,0,0,0,0,0,0,0,0,0,0,0,0,0,1,0,1
satyrium nepalense,0,0,0,0,0,0,0,0,0,0,0,0,0,0,0,0,1,0,0,0,1
satyrium liparops,0,0,0,0,0,0,0,0,0,0,0,1,0,0,0,0,0,0,0,0,1
satyrinae,0,0,0,0,0,0,0,0,1,0,0,0,0,0,0,0,0,0,0,0,1
satureja,0,0,0,0,0,0,0,0,0,0,0,0,0,0,0,0,0,1,0,0,1
satellite tracking data,0,0,0,0,0,0,0,0,0,0,0,1,0,0,0,0,0,0,0,0,1
satellite tracking,0,0,0,0,0,0,0,0,0,0,0,0,0,0,0,0,0,0,1,0,1
satellite telemetry,0,0,0,0,0,0,0,0,0,0,0,0,0,0,0,0,0,0,1,0,1
sassafras tzumu,0,0,0,0,0,0,0,0,0,0,0,0,0,0,1,0,0,0,0,0,1
sars-cov-2,0,0,0,0,0,0,0,0,0,0,0,0,0,0,0,0,1,0,0,0,1
sarcophagid flies,0,0,0,0,0,0,0,0,0,0,0,0,0,0,0,0,0,1,0,0,1
saproxylic,0,0,0,0,0,0,0,0,0,0,0,0,0,0,0,0,0,1,0,0,1
saprotrophic,0,0,0,0,0,0,0,0,0,0,0,0,0,0,0,1,0,0,0,0,1
saposhnikovia divaricata (turcz.) schischk,0,0,0,0,0,0,0,0,0,0,0,0,0,0,0,0,0,0,0,1,1
saponins,0,0,0,0,0,0,0,0,0,0,0,0,0,0,0,0,1,0,0,0,1
sapium sebiferum,0,0,0,0,0,0,0,1,0,0,0,0,0,0,0,0,0,0,0,0,1
sapindus mukorossi,0,0,0,0,0,0,0,0,0,0,0,0,0,0,0,0,1,0,0,0,1
sapindus delavayi,0,0,0,0,0,0,0,0,0,0,0,0,0,0,0,0,1,0,0,0,1
sapindus,0,0,0,0,0,0,0,0,0,0,0,0,0,0,0,0,1,0,0,0,1
scaling,0,0,0,0,0,0,0,0,0,0,0,0,0,0,0,1,0,0,0,0,1
scalloped hammerhead,0,0,0,0,0,0,0,0,0,0,0,0,0,0,0,1,0,0,0,0,1
scaptonyx fusicaudus,0,0,0,0,0,0,0,0,0,0,0,0,0,1,0,0,0,0,0,0,1
scientific workflows,0,0,0,0,0,0,0,0,0,0,0,0,0,0,0,0,0,0,0,1,1
screening tool,0,0,0,0,0,0,0,0,0,1,0,0,0,0,0,0,0,0,0,0,1
scottish uplands,0,0,0,0,0,0,0,1,0,0,0,0,0,0,0,0,0,0,0,0,1
scotish wildcat,0,0,0,0,0,0,0,0,0,0,0,0,0,0,0,0,0,0,1,0,1
scotch broom,0,0,0,0,0,0,0,0,0,0,0,0,0,1,0,0,0,0,0,0,1
scorpiones,0,0,0,0,0,0,0,1,0,0,0,0,0,0,0,0,0,0,0,0,1
scorpio kruglovi,0,0,0,0,0,0,0,0,0,0,0,0,0,0,0,0,1,0,0,0,1
scolytinae,0,0,0,0,0,0,0,0,0,1,0,0,0,0,0,0,0,0,0,0,1
sclerophylla,0,0,0,0,0,0,0,0,0,0,0,0,0,0,0,1,0,0,0,0,1
sclerophrys,0,0,0,0,0,0,0,0,0,0,0,0,0,0,1,0,0,0,0,0,1
scleroderma guani,0,0,0,0,0,0,0,0,0,0,0,0,0,0,0,0,0,0,1,0,1
sclerocarya birrea subsp,0,0,0,0,0,0,0,0,0,0,0,0,0,0,0,0,1,0,0,0,1
sclerocarya birrea,0,0,0,0,0,0,1,0,0,0,0,0,0,0,0,0,0,0,0,0,1
scincidae,0,0,0,0,0,0,0,0,0,0,0,0,0,0,0,0,0,0,0,1,1
scientific surveys,0,0,0,0,0,0,0,0,0,0,0,0,0,0,0,0,1,0,0,0,1
scarabaeidae,0,0,0,0,0,0,0,0,1,0,0,0,0,0,0,0,0,0,0,0,1
science-management partnerships,0,0,0,0,0,0,0,0,0,0,0,0,0,1,0,0,0,0,0,0,1
science diplomacy,0,0,0,0,0,0,0,0,0,0,0,0,0,0,0,0,1,0,0,0,1
sciaenidae,0,0,0,0,0,0,0,0,0,0,0,0,0,0,0,0,0,1,0,0,1
schrenk's spruce,0,0,0,0,0,0,0,0,0,0,1,0,0,0,0,0,0,0,0,0,1
schoener's d,0,0,0,0,0,0,0,0,0,0,0,0,0,0,1,0,0,0,0,0,1
schizopygopsis malacanthus,0,0,0,0,0,0,0,0,0,0,0,0,0,0,0,0,0,0,0,1,1
schistotegaceae,0,0,0,0,0,0,0,0,0,0,0,0,0,0,0,0,0,1,0,0,1
schistocerca gregaria,0,0,0,0,0,0,0,0,0,0,0,0,0,0,0,0,0,0,0,1,1
schismus spp,0,0,0,0,0,0,0,0,0,0,0,0,0,1,0,0,0,0,0,0,1
scent marking,0,0,0,0,0,0,0,0,0,0,0,0,0,0,0,0,1,0,0,0,1
scelionidae,0,0,0,0,0,0,0,0,0,0,0,1,0,0,0,0,0,0,0,0,1
scavenger conservation,0,0,0,0,0,0,0,0,0,0,0,0,0,0,0,0,0,0,0,1,1
scavenger,0,0,0,0,0,0,0,0,0,0,0,0,0,0,0,0,0,1,0,0,1
santa maria di leuca,0,0,0,0,0,0,0,0,0,0,0,1,0,0,0,0,0,0,0,0,1
sanguineus sensu lato,0,0,0,0,0,0,0,0,0,0,0,0,0,0,0,0,0,1,0,0,1
sandy beaches,0,0,0,0,0,0,0,0,1,0,0,0,0,0,0,0,0,0,0,0,1
sabcc,0,0,0,0,0,0,0,1,0,0,0,0,0,0,0,0,0,0,0,0,1
sakteng wildlife sanctuary (sws),0,0,0,0,0,0,0,0,0,0,0,0,0,1,0,0,0,0,0,0,1
saint catherine,0,0,0,0,0,0,0,0,0,0,0,0,0,1,0,0,0,0,0,0,1
saiga tatarica,0,0,0,0,0,0,0,0,0,0,0,0,0,0,0,0,0,0,1,0,1
sahyadria,0,0,0,0,0,0,0,0,0,0,0,0,0,0,0,0,1,0,0,0,1
sahm software,0,0,0,0,0,0,0,0,0,0,0,0,0,0,0,0,0,1,0,0,1
sahm,0,0,0,0,0,0,0,0,0,0,0,0,0,0,0,0,0,0,1,0,1
sahel belt,0,0,0,0,0,0,0,0,0,1,0,0,0,0,0,0,0,0,0,0,1
sage steppe,0,0,0,0,0,0,0,0,0,0,0,0,0,1,0,0,0,0,0,0,1
sage scrub,0,0,0,1,0,0,0,0,0,0,0,0,0,0,0,0,0,0,0,0,1
safe zone for conservation,0,0,0,0,0,0,0,0,0,0,0,0,0,0,0,0,0,0,1,0,1
sadie,0,0,0,0,0,0,0,0,0,0,0,0,0,1,0,0,0,0,0,0,1
sacramento valley red fox,0,0,0,0,0,0,0,0,0,0,0,1,0,0,0,0,0,0,0,0,1
sacramento mountain salamander,0,0,0,0,0,0,0,0,0,0,0,1,0,0,0,0,0,0,0,0,1
sabah,0,0,0,0,0,0,1,0,0,0,0,0,0,0,0,0,0,0,0,0,1
salamander demography,0,0,0,0,0,0,0,0,0,0,1,0,0,0,0,0,0,0,0,0,1
saara loricata,0,0,0,0,0,0,0,0,0,0,1,0,0,0,0,0,0,0,0,0,1
s. macrocephala,0,0,0,0,0,0,0,0,0,0,0,0,0,0,0,0,0,0,1,0,1
s. capitata,0,0,0,0,0,0,0,0,0,0,0,0,0,0,0,0,0,0,1,0,1
rutaceae,0,0,0,0,0,0,0,0,0,0,0,0,0,0,0,0,0,1,0,0,1
rusty blackbird,0,0,0,0,0,0,0,0,0,0,0,0,0,0,1,0,0,0,0,0,1
russian olive,0,0,0,0,0,1,0,0,0,0,0,0,0,0,0,0,0,0,0,0,1
russian caucasus,0,0,0,0,0,0,0,0,0,0,0,0,0,0,0,0,0,0,1,0,1
russia,0,0,0,0,0,0,0,0,0,0,0,0,0,0,0,0,0,0,0,1,1
rusa timorensis,0,0,0,0,0,0,0,0,0,0,0,0,0,0,1,0,0,0,0,0,1
rural restructuring,0,0,0,0,0,0,0,0,0,0,0,0,0,0,1,0,0,0,0,0,1
rural population,0,0,0,0,0,0,0,0,0,0,0,0,0,0,0,0,0,0,0,1,1
runoff model,0,0,0,0,0,0,0,0,0,0,0,1,0,0,0,0,0,0,0,0,1
ruminant livestock,0,0,0,0,0,0,0,0,0,0,0,0,0,0,0,1,0,0,0,0,1
salakphra wildlife sanctuary,0,0,0,0,0,0,0,0,0,0,0,0,0,0,0,0,0,1,0,0,1
salamandra infraimmaculata,0,0,0,0,0,0,1,0,0,0,0,0,0,0,0,0,0,0,0,0,1
sandhill dunnart,0,0,0,0,0,0,0,0,0,0,0,0,0,0,0,1,0,0,0,0,1
sambar (rusa unicolor),0,0,0,0,0,0,0,0,0,0,0,0,0,0,0,0,0,1,0,0,1
sand lizard,0,0,0,0,0,0,0,0,0,0,0,0,0,0,0,0,0,0,0,1,1
sand dunes,0,0,0,0,0,0,0,0,0,0,0,0,0,0,0,0,0,0,0,1,1
sand cat,0,0,0,0,0,0,0,0,0,0,0,0,1,0,0,0,0,0,0,0,1
sand accumulation modeling,0,0,0,0,0,0,0,0,0,0,0,0,0,0,1,0,0,0,0,0,1
sand,0,0,0,0,0,0,0,0,0,0,0,0,0,0,0,0,0,1,0,0,1
sampling plans,0,0,0,1,0,0,0,0,0,0,0,0,0,0,0,0,0,0,0,0,1
sampling method,0,0,0,0,0,0,0,0,0,0,0,0,0,1,0,0,0,0,0,0,1
sampling bias correction,0,0,0,0,0,0,0,0,0,0,0,0,0,0,0,0,0,1,0,0,1
samples with data,0,0,0,0,0,0,0,0,0,0,0,0,0,0,1,0,0,0,0,0,1
sample accuracy,0,0,0,0,0,0,0,0,0,0,1,0,0,0,0,0,0,0,0,0,1
sambucus,0,0,0,0,0,0,0,0,0,0,0,0,0,0,0,0,0,1,0,0,1
sambhar lake,0,0,0,0,0,0,0,0,0,0,0,0,0,0,0,0,0,0,0,1,1
sambar deer,0,0,0,0,0,1,0,0,0,0,0,0,0,0,0,0,0,0,0,0,1
samarco mining disaster,0,0,0,0,0,0,0,0,0,0,0,0,0,0,0,0,0,0,0,1,1
salamandrella keyserlingii,0,0,0,0,0,0,0,0,0,0,0,0,0,0,0,1,0,0,0,0,1
salvia multicaulis,0,0,0,0,0,0,0,0,0,0,0,0,0,0,0,0,0,0,0,1,1
salurnis marginella,0,0,0,0,0,0,0,0,0,0,0,0,0,0,0,0,0,0,0,1,1
salt range,0,0,0,0,0,0,0,0,0,0,0,0,0,0,1,0,0,0,0,0,1
salt marsh specialist,0,0,0,0,0,0,0,0,0,0,0,0,0,1,0,0,0,0,0,0,1
salt marsh interaction index,0,0,0,0,0,0,0,0,0,0,0,0,0,0,0,0,0,0,1,0,1
salmonidae,0,0,0,0,0,0,0,0,0,0,0,1,0,0,0,0,0,0,0,0,1
salmon farming,0,0,0,0,0,0,0,0,0,0,0,0,0,0,0,1,0,0,0,0,1
salmo salar (linnaeus 1758),0,0,0,0,0,0,0,0,0,0,0,0,0,0,0,0,0,1,0,0,1
salmo coruhensis,0,0,0,0,0,0,0,0,0,0,0,0,0,0,1,0,0,0,0,0,1
salish sea,0,0,0,0,0,0,0,0,0,0,0,0,0,0,0,1,0,0,0,0,1
salinity,0,0,0,0,0,0,0,0,0,0,1,0,0,0,0,0,0,0,0,0,1
saline agriculture,0,0,0,0,0,0,0,0,0,0,0,0,0,0,0,0,0,0,0,1,1
salimenaea integrifolia,0,0,0,0,0,0,0,0,0,0,0,0,0,0,0,0,0,0,0,1,1
screwworm species,0,0,0,0,0,0,0,0,0,0,0,0,0,0,0,1,0,0,0,0,1
scutellaria baicalensis,0,0,0,0,0,0,0,0,0,0,0,0,0,0,0,0,0,1,0,0,1
ship-mediated invasive species,0,0,0,0,0,0,0,0,0,0,0,0,1,0,0,0,0,0,0,0,1
sd,0,0,0,0,0,0,0,0,0,0,1,0,0,0,0,0,0,0,0,0,1
sequoia sempervirens,0,0,0,0,0,0,0,0,0,1,0,0,0,0,0,0,0,0,0,0,1
sequentially markovian coalescent,0,0,0,0,0,0,0,0,0,0,0,0,0,0,0,0,0,1,0,0,1
sequential data,0,0,0,0,0,0,0,0,0,0,0,0,0,0,0,1,0,0,0,0,1
sequencing,0,0,0,0,0,0,0,0,0,0,0,0,0,0,0,1,0,0,0,0,1
separation,0,0,0,0,0,0,0,0,0,0,0,0,0,0,1,0,0,0,0,0,1
sensitivity scores,0,0,0,0,0,0,0,0,0,0,0,0,0,0,0,0,0,0,1,0,1
sensitivity,0,0,0,0,0,0,0,0,0,0,0,0,0,0,1,0,0,0,0,0,1
sensitive benthic habitats,0,0,0,0,0,0,0,0,0,0,0,0,0,0,0,0,0,0,0,1,1
sensitive,0,0,0,0,0,0,0,0,0,0,0,0,0,0,0,0,0,1,0,0,1
seno skyring sea,0,0,0,0,0,0,0,0,0,0,0,0,0,0,0,0,0,0,1,0,1
senegal,0,0,0,0,0,0,0,0,0,0,0,0,1,0,0,0,0,0,0,0,1
senecio madagascariensis,0,0,0,0,0,1,0,0,0,0,0,0,0,0,0,0,0,0,0,0,1
semipalmated sandpipers,0,0,0,0,0,0,0,0,0,0,0,0,0,0,0,0,0,1,0,0,1
seminemacheilus,0,0,0,0,0,0,0,0,0,0,0,0,0,0,0,0,0,0,1,0,1
semiliquidambar cathayensis,0,0,0,0,0,0,0,0,0,0,0,0,0,0,1,0,0,0,0,0,1
semideciduous forest,0,0,0,0,0,0,0,0,0,0,0,0,1,0,0,0,0,0,0,0,1
semiarid environments,0,0,0,0,0,0,0,0,0,0,0,0,0,0,0,0,1,0,0,0,1
semiarid ecosystems,0,0,0,0,0,0,0,0,0,0,0,0,0,0,0,0,0,0,0,1,1
semi-supervised,0,0,0,0,0,0,0,0,0,0,0,0,0,0,0,0,0,1,0,0,1
semi-arid woodland birds,0,0,0,0,0,0,0,0,0,0,0,0,0,0,1,0,0,0,0,0,1
semi-arid region,0,0,0,0,0,0,0,0,0,0,0,0,0,0,0,0,1,0,0,0,1
semi-arid climate,0,0,0,0,0,0,0,0,0,0,0,0,0,0,0,0,0,0,1,0,1
semi-aquatic mammal,0,0,0,0,0,0,0,0,0,0,0,1,0,0,0,0,0,0,0,0,1
semi -supervised learning,0,0,0,0,0,0,0,0,0,0,0,0,0,0,0,0,0,0,1,0,1
semantic segmentation,0,0,0,0,0,0,0,0,0,0,0,0,0,0,0,0,0,0,0,1,1
self-training,0,0,0,0,0,0,0,0,0,0,0,0,0,0,0,0,0,1,0,0,1
self-organizing mapping,0,0,0,0,0,0,0,0,0,0,0,0,0,1,0,0,0,0,0,0,1
self-organising map,0,0,0,0,0,0,0,0,0,0,0,0,0,0,0,0,0,0,0,1,1
selection signature analysis,0,0,0,0,0,0,0,0,0,0,0,0,0,0,0,0,1,0,0,0,1
seral versus stable aspen communities,0,0,0,0,0,0,0,0,0,0,0,1,0,0,0,0,0,0,0,0,1
serengeti-mara,0,0,0,0,0,0,0,0,0,0,0,0,0,0,0,0,0,1,0,0,1
sergentomyia minuta,0,0,0,0,0,0,0,0,0,0,0,0,0,0,1,0,0,0,0,0,1
shaffer's nest survival,0,0,0,0,0,0,0,0,0,0,0,0,0,0,0,0,0,1,0,0,1
ship strike,0,0,0,0,0,0,0,0,0,0,0,0,0,0,0,1,0,0,0,0,1
shinybiomod,0,0,0,0,0,0,0,0,0,0,0,0,0,0,0,0,0,0,0,1,1
shiny,0,0,0,0,0,0,0,0,0,0,0,1,0,0,0,0,0,0,0,0,1
shinnery oak,0,0,0,0,0,0,0,0,0,0,0,0,0,0,0,0,0,0,1,0,1
shift,0,0,0,0,0,0,0,0,0,0,0,0,0,0,0,1,0,0,0,0,1
shared socioeconomic pathway (ssp) scenarios,0,0,0,0,0,0,0,0,0,0,0,0,0,0,0,0,1,0,0,0,1
shapley,0,0,0,0,0,0,0,0,0,0,0,0,0,0,0,0,0,0,0,1,1
shap analysis,0,0,0,0,0,0,0,0,0,0,0,0,0,0,0,0,0,0,0,1,1
shan,0,0,0,0,0,0,0,0,0,0,0,0,0,0,0,0,0,1,0,0,1
shaluli mountains,0,0,0,0,0,0,0,0,0,0,0,0,0,0,0,0,1,0,0,0,1
shallow waters,0,0,0,0,0,0,0,0,0,0,0,0,0,0,0,0,1,0,0,0,1
shallow subtidal benthic,0,0,0,0,0,0,0,0,0,0,0,0,0,0,0,1,0,0,0,0,1
shallow groundwater,0,0,0,0,0,0,0,0,0,0,0,0,0,0,0,0,0,0,0,1,1
shaded plantations,0,0,0,0,0,0,0,0,0,0,0,0,0,0,0,0,1,0,0,0,1
serological validation,0,0,0,0,0,0,0,0,0,0,0,0,0,0,0,0,0,0,0,1,1
shade-demanding species,0,0,0,0,0,0,0,0,0,0,0,0,0,1,0,0,0,0,0,0,1
shade coffee,0,0,0,0,0,0,0,0,0,0,0,0,0,0,1,0,0,0,0,0,1
sexual selection,0,0,0,0,0,0,0,0,0,0,0,0,1,0,0,0,0,0,0,0,1
sexual deception,0,0,0,0,0,0,0,0,0,0,0,0,0,0,0,0,1,0,0,0,1
sex-specific behaviour,0,0,0,0,0,0,0,1,0,0,0,0,0,0,0,0,0,0,0,0,1
sex-specific,0,0,0,0,0,0,0,0,0,0,0,0,0,1,0,0,0,0,0,0,1
severity,0,0,0,0,0,0,0,0,0,0,0,0,0,0,0,0,0,0,0,1,1
severe fever with thrombocytopenia syndrome,0,0,0,0,0,0,0,0,0,0,0,0,0,0,0,1,0,0,0,0,1
severe emission scenario,0,0,0,0,0,0,0,0,0,0,0,1,0,0,0,0,0,0,0,0,1
settlement,0,0,0,0,0,0,0,0,0,0,0,0,0,0,0,0,1,0,0,0,1
sesgo de observaci&#243,0,0,0,0,0,0,0,0,0,0,0,0,0,0,0,1,0,0,0,0,1
seseli mairei h. wolff,0,0,0,0,0,0,0,0,0,0,0,0,0,0,0,0,0,0,0,1,1
serpentine,0,0,0,1,0,0,0,0,0,0,0,0,0,0,0,0,0,0,0,0,1
selection of variables,0,0,0,0,0,0,0,0,1,0,0,0,0,0,0,0,0,0,0,0,1
sei whale,0,0,0,0,0,0,0,0,0,0,0,1,0,0,0,0,0,0,0,0,1
segregated distribution,0,0,0,0,0,0,0,0,0,0,0,0,0,0,0,1,0,0,0,0,1
sea surface temperature increase,0,0,0,0,0,0,0,0,0,0,0,0,0,0,0,1,0,0,0,0,1
season,0,0,0,0,0,0,0,0,0,0,0,0,0,0,0,1,0,0,0,0,1
seascape genetics,0,0,0,0,0,0,0,1,0,0,0,0,0,0,0,0,0,0,0,0,1
search problems,0,0,0,0,0,0,0,0,0,0,0,0,0,0,0,0,0,0,0,1,1
search effort,0,0,0,0,0,0,0,0,0,0,0,0,0,0,0,1,0,0,0,0,1
seahorse,0,0,0,0,0,0,0,0,0,0,0,0,1,0,0,0,0,0,0,0,1
seagrasses,0,0,0,0,0,0,0,1,0,0,0,0,0,0,0,0,0,0,0,0,1
seagrass meadows,0,0,0,0,0,0,0,0,0,0,0,0,0,0,0,0,1,0,0,0,1
seagrass conservation,0,0,0,0,0,0,0,0,0,0,0,0,0,0,0,0,0,0,0,1,1
seagrass beds,0,0,0,0,0,0,0,0,0,0,0,0,0,1,0,0,0,0,0,0,1
seaflower biosphere reserve,0,0,0,0,0,0,0,0,0,0,0,0,0,1,0,0,0,0,0,0,1
seafloor terrain,0,0,0,0,0,0,0,0,0,0,0,0,0,1,0,0,0,0,0,0,1
seafloor predictors,0,0,0,0,0,0,0,0,0,0,0,0,0,0,0,0,0,0,0,1,1
sea turtles,0,0,0,0,0,0,0,0,0,0,0,0,0,0,0,0,0,0,1,0,1
sea star wasting disease,0,0,0,0,0,0,0,0,0,0,1,0,0,0,0,0,0,0,0,0,1
seasonal abundance,0,0,0,0,0,0,0,0,0,0,0,0,0,0,0,0,0,0,1,0,1
sea snake diversity,0,0,0,0,0,0,0,0,0,0,0,0,0,0,0,0,0,0,0,1,1
sea slugs,0,0,0,0,0,0,0,0,0,0,0,0,0,0,0,0,1,0,0,0,1
sea otter,0,0,0,0,0,0,0,0,0,0,0,0,0,0,0,0,0,0,1,0,1
sea level rise scenarios,0,0,0,0,0,0,0,0,0,0,0,0,0,1,0,0,0,0,0,0,1
sea level rise,0,0,0,0,0,0,0,0,1,0,0,0,0,0,0,0,0,0,0,0,1
sea kraits,0,0,0,0,0,0,0,0,0,0,0,0,1,0,0,0,0,0,0,0,1
sdtf,0,0,0,0,0,0,0,0,0,0,0,0,0,0,0,1,0,0,0,0,1
sdm performance,0,0,0,0,0,0,0,0,0,0,1,0,0,0,0,0,0,0,0,0,1
sdm modelling,0,0,0,0,0,0,0,0,0,0,0,0,0,0,0,0,0,0,0,1,1
sdm maxent,0,0,0,0,0,0,0,0,0,0,0,1,0,0,0,0,0,0,0,0,1
sdgs,0,0,0,0,0,0,0,0,0,0,0,0,0,0,0,1,0,0,0,0,1
sdg 8,0,0,0,0,0,0,0,0,0,0,0,0,0,0,0,0,1,0,0,0,1
sdf,0,0,0,0,0,0,0,0,0,0,0,0,0,0,0,0,1,0,0,0,1
seasonal,0,0,0,0,0,0,0,0,0,0,1,0,0,0,0,0,0,0,0,0,1
seasonal biomass density,0,0,0,0,0,0,0,0,0,0,0,0,0,0,0,0,0,0,0,1,1
segmentation,0,0,0,0,0,0,0,0,0,0,1,0,0,0,0,0,0,0,0,0,1
secondary vegetation,0,0,0,0,0,0,0,0,0,0,0,0,0,0,0,0,0,0,0,1,1
seeder,0,0,0,0,0,0,0,0,0,0,0,0,0,1,0,0,0,0,0,0,1
seed-mixtures,0,0,0,0,0,0,0,0,0,0,0,0,0,1,0,0,0,0,0,0,1
seed zones,0,0,0,0,0,0,0,0,0,0,0,0,0,0,0,0,0,0,0,1,1
seed fruit trees,0,0,0,0,0,0,0,0,0,0,0,0,0,0,0,0,0,0,0,1,1
seed dispersal interactions,0,0,0,0,0,0,0,0,0,0,1,0,0,0,0,0,0,0,0,0,1
seed dispersal,0,0,0,0,0,0,0,0,0,0,0,0,0,0,0,1,0,0,0,0,1
seed degeneration,0,0,0,0,0,0,0,0,0,0,0,0,0,0,0,0,1,0,0,0,1
seed decay,0,0,0,0,0,0,0,0,0,0,0,0,0,0,0,0,0,0,1,0,1
seed burial experiment,0,0,0,0,0,0,0,0,0,0,0,0,0,0,0,0,0,0,1,0,1
sediment-water interface,0,0,0,0,0,0,0,0,0,0,0,0,0,0,0,0,1,0,0,0,1
sediment,0,0,0,0,0,0,0,0,0,0,0,0,0,0,0,0,0,1,0,0,1
security projects,0,0,0,0,0,0,0,0,0,0,0,0,0,0,0,0,0,0,1,0,1
section editor: abdul jabbar,0,0,0,0,0,0,0,0,0,0,0,0,0,0,0,0,0,0,1,0,1
secondary metabolites,0,0,0,0,0,0,0,0,0,0,0,0,0,0,0,0,0,1,0,0,1
seasonal climate niche,0,0,0,0,0,0,0,0,0,0,0,1,0,0,0,0,0,0,0,0,1
secondary invasion,0,0,0,0,0,0,0,0,0,0,0,0,0,0,0,0,0,0,0,1,1
secondary contact,0,0,0,0,0,0,0,0,0,0,0,0,0,0,0,0,1,0,0,0,1
secchi depth,0,0,0,0,0,0,0,1,0,0,0,0,0,0,0,0,0,0,0,0,1
seaweed cultivation,0,0,0,0,0,0,0,0,0,0,0,0,0,0,0,0,0,1,0,0,1
seaweed biogeography,0,0,0,0,0,0,0,0,0,0,0,0,0,0,1,0,0,0,0,0,1
seaweed aquaculture,0,0,0,0,0,0,0,0,0,1,0,0,0,0,0,0,0,0,0,0,1
seawater desalination plants,0,0,0,0,0,0,0,0,0,0,0,0,0,0,0,0,1,0,0,0,1
seasonal variation,0,0,0,0,0,0,0,0,0,0,0,0,0,0,0,0,1,0,0,0,1
seasonal variability,0,0,0,0,0,0,0,0,0,0,0,1,0,0,0,0,0,0,0,0,1
seasonal tropical dry forest,0,0,0,0,0,0,0,0,1,0,0,0,0,0,0,0,0,0,0,0,1
seasonal ranges,0,0,0,0,0,0,0,0,1,0,0,0,0,0,0,0,0,0,0,0,1
seasonal outbreaks,0,0,0,0,0,0,0,0,0,0,0,0,0,1,0,0,0,0,0,0,1
seasonal habitats,0,0,0,0,0,0,0,0,0,0,0,1,0,0,0,0,0,0,0,0,1
minimum presence threshold,0,0,0,0,1,0,0,0,0,0,0,0,0,0,0,0,0,0,0,0,1
"""",0,0,0,0,0,0,0,0,0,0,0,0,0,0,0,0,1,0,0,0,1
minimum mapping unit,0,0,0,0,0,0,0,1,0,0,0,0,0,0,0,0,0,0,0,0,1
climatechange,0,0,0,0,0,0,0,0,0,0,0,0,0,0,0,0,1,0,0,0,1
climatic niche shift,0,0,0,0,0,0,0,0,0,1,0,0,0,0,0,0,0,0,0,0,1
climatic niche conservatism,0,0,0,0,0,0,0,0,0,1,0,0,0,0,0,0,0,0,0,0,1
climatic niche breadth,0,0,0,0,0,0,0,0,0,0,0,0,0,0,1,0,0,0,0,0,1
climatic habitat suitability,0,0,0,0,0,0,0,0,0,0,0,0,0,1,0,0,0,0,0,0,1
climatic groups,0,0,0,0,0,0,1,0,0,0,0,0,0,0,0,0,0,0,0,0,1
climatic favourability,0,0,0,0,0,0,0,1,0,0,0,0,0,0,0,0,0,0,0,0,1
climatic envelope matching,0,0,0,0,0,0,1,0,0,0,0,0,0,0,0,0,0,0,0,0,1
climatic drivers,0,0,0,0,0,0,0,0,0,0,0,0,0,0,0,0,0,1,0,0,1
climatic bias,0,0,0,0,0,0,0,0,1,0,0,0,0,0,0,0,0,0,0,0,1
climatic and topographical variables,0,0,0,0,0,0,0,0,0,0,0,0,0,1,0,0,0,0,0,0,1
climatic and land use changes,0,0,0,0,0,0,0,0,1,0,0,0,0,0,0,0,0,0,0,0,1
climatic analogs,0,0,0,0,0,0,0,0,0,1,0,0,0,0,0,0,0,0,0,0,1
climatic,0,0,0,0,0,0,0,0,0,0,0,0,1,0,0,0,0,0,0,0,1
climatedt,0,0,0,0,0,0,0,0,0,0,0,0,0,0,0,1,0,0,0,0,1
climate-wise connectivity,0,0,0,0,0,0,0,0,0,0,0,0,0,0,0,0,0,0,0,1,1
climatic requirements,0,0,0,0,0,0,0,0,0,0,0,0,0,0,0,0,0,0,0,1,1
climate-suitable area,0,0,0,0,0,0,0,0,0,0,0,0,0,0,0,1,0,0,0,0,1
climate-smart farming,0,0,0,0,0,0,0,0,0,0,0,0,0,0,0,0,0,0,0,1,1
climate-smart crop protection,0,0,0,0,0,0,0,0,0,0,0,0,0,0,0,0,0,0,0,1,1
climate-lagged response,0,0,0,0,0,0,0,0,0,0,0,0,0,0,0,0,0,0,0,1,1
climate-change vulnerability,0,0,0,0,0,0,0,0,0,1,0,0,0,0,0,0,0,0,0,0,1
climate-based niche models,0,0,0,0,0,0,0,1,0,0,0,0,0,0,0,0,0,0,0,0,1
climate zoning,0,0,0,0,0,0,0,0,1,0,0,0,0,0,0,0,0,0,0,0,1
climate uncertainty,0,0,0,0,0,0,0,0,0,0,0,0,0,0,0,1,0,0,0,0,1
climate suitable habitats,0,0,0,0,0,0,0,0,0,0,0,0,0,0,0,1,0,0,0,0,1
climate shift,0,0,0,0,0,0,0,0,0,1,0,0,0,0,0,0,0,0,0,0,1
climate sensitivity,0,0,0,0,0,0,1,0,0,0,0,0,0,0,0,0,0,0,0,0,1
climate projection,0,0,0,0,0,0,0,0,0,0,0,0,0,0,0,0,0,0,1,0,1
climate offsets,0,0,0,0,0,0,0,0,0,0,0,0,0,0,1,0,0,0,0,0,1
climate niche modelling,0,0,0,0,0,0,0,0,0,0,0,0,0,0,0,0,1,0,0,0,1
climatic normal,0,0,0,0,0,0,0,0,0,0,0,0,0,0,0,1,0,0,0,0,1
climatic suitability models,0,0,0,0,0,0,0,0,0,0,0,0,0,0,0,0,0,0,0,1,1
coastal environment,0,0,0,0,0,0,0,0,0,0,0,0,0,0,0,0,0,0,1,0,1
cmcc-bioclimind,0,0,0,0,0,0,0,0,0,0,0,0,0,0,0,0,0,1,0,0,1
coastal dolphins,0,0,0,0,0,0,0,0,0,0,0,1,0,0,0,0,0,0,0,0,1
coastal development,0,0,0,0,0,0,0,0,0,0,0,0,0,0,0,0,0,1,0,0,1
coastal deserts,0,0,0,0,0,0,0,0,0,0,0,0,0,0,0,0,0,0,0,1,1
coastal birds,0,0,0,0,0,0,0,0,0,0,0,0,0,0,0,0,0,0,0,1,1
coalescent simulations,0,0,0,0,0,0,0,0,0,0,0,1,0,0,0,0,0,0,0,0,1
coalescent phylogeography,0,0,0,0,0,1,0,0,0,0,0,0,0,0,0,0,0,0,0,0,1
coalescent,0,0,0,0,0,0,1,0,0,0,0,0,0,0,0,0,0,0,0,0,1
co-occurring invasives,0,0,0,0,0,0,0,0,0,0,0,0,0,1,0,0,0,0,0,0,1
co-invasion,0,0,0,0,0,0,0,0,0,0,0,0,0,1,0,0,0,0,0,0,1
co-evolution,0,0,0,0,0,0,0,0,0,0,0,0,0,1,0,0,0,0,0,0,1
cnrm-esm-1,0,0,0,0,0,0,0,0,0,0,0,0,0,0,0,1,0,0,0,0,1
cneorum tricoccon,0,0,0,0,0,0,0,0,0,0,1,0,0,0,0,0,0,0,0,0,1
cmlp6,0,0,0,0,0,0,0,0,0,0,0,0,0,0,0,1,0,0,0,0,1
clustering,0,0,0,0,0,0,0,0,0,0,0,0,0,0,0,0,0,0,1,0,1
climatic suitability prediction,0,0,0,0,0,0,0,0,0,0,0,0,0,0,0,0,0,0,0,1,1
clr,0,0,0,0,0,0,0,0,0,0,0,0,0,0,0,0,0,0,0,1,1
cloud-based platform,0,0,0,0,0,0,0,0,0,0,0,0,0,0,0,0,0,1,0,0,1
cloud modeling,0,0,0,0,0,0,0,0,0,0,0,0,0,0,0,0,0,0,1,0,1
cloud coverage,0,0,0,0,0,0,0,0,0,0,0,0,0,0,1,0,0,0,0,0,1
cloud computing,0,0,0,0,0,0,0,0,0,0,0,0,0,0,0,1,0,0,0,0,1
clostridioides difficile,0,0,0,0,0,0,0,0,0,0,0,0,0,0,0,0,0,0,1,0,1
clonorchis sinensis,0,0,0,0,0,0,0,0,0,0,0,0,0,0,0,0,0,0,1,0,1
clonorchiasis,0,0,0,0,0,0,0,0,0,0,0,0,0,0,0,0,0,0,1,0,1
clonal plants,0,0,0,0,0,0,0,0,0,0,0,0,0,0,0,1,0,0,0,0,1
clonal diversity,0,0,0,0,0,0,0,0,0,1,0,0,0,0,0,0,0,0,0,0,1
cline analyses,0,0,0,0,0,0,0,0,0,0,0,0,0,0,0,1,0,0,0,0,1
clinch river,0,0,0,0,0,0,0,0,0,0,0,0,0,0,0,0,1,0,0,0,1
climbing beans,0,0,0,0,0,0,0,0,0,0,0,0,0,0,1,0,0,0,0,0,1
climatically suitable habitat,0,0,0,0,0,0,0,0,0,0,0,1,0,0,0,0,0,0,0,0,1
climate modeling,0,0,0,0,0,0,0,0,0,0,0,1,0,0,0,0,0,0,0,0,1
climate mitigation,0,0,0,0,0,0,0,0,0,0,0,0,0,0,0,0,0,0,1,0,1
climate interactions,0,0,0,0,0,0,0,0,0,0,0,0,0,0,0,1,0,0,0,0,1
circulant embedding,0,0,0,0,1,0,0,0,0,0,0,0,0,0,0,0,0,0,0,0,1
citrus pest,0,0,0,0,0,0,0,1,0,0,0,0,0,0,0,0,0,0,0,0,1
citrus fruit fly,0,0,0,0,0,0,0,0,0,0,0,0,0,0,0,0,0,0,1,0,1
citrus distribution,0,0,0,0,0,0,0,0,0,0,0,0,0,0,0,0,0,0,0,1,1
citrus aurantiifolia,0,0,0,0,0,0,0,0,0,0,0,0,0,0,0,0,0,0,0,1,1
citocromo b,0,0,0,0,0,0,0,0,0,0,0,0,0,0,0,0,0,0,0,1,1
citizen science data,0,0,0,0,0,0,0,0,0,0,0,0,0,0,0,0,0,0,0,1,1
citizen participation,0,0,0,1,0,0,0,0,0,0,0,0,0,0,0,0,0,0,0,0,1
cites,0,0,0,0,0,0,0,0,0,0,0,0,0,0,0,0,1,0,0,0,1
cistanche-haloxylon,0,0,0,0,0,0,0,0,0,0,0,0,0,0,0,0,1,0,0,0,1
cistanche salsa (c,0,0,0,0,0,0,0,0,0,0,0,0,0,0,0,0,1,0,0,0,1
cirsium arvense,0,0,0,0,0,0,0,0,1,0,0,0,0,0,0,0,0,0,0,0,1
circus pygargus,0,0,0,0,0,0,1,0,0,0,0,0,0,0,0,0,0,0,0,0,1
circus macrourus,0,0,0,0,0,0,0,0,0,1,0,0,0,0,0,0,0,0,0,0,1
circus aeruginosus,0,0,0,0,0,0,0,0,1,0,0,0,0,0,0,0,0,0,0,0,1
circuitscape analysis,0,0,0,0,0,0,0,0,0,0,0,0,0,0,0,0,1,0,0,0,1
climate influence,0,0,0,0,0,0,0,0,0,0,0,0,0,0,0,0,0,0,0,1,1
cipangopaludina chinensis,0,0,0,0,0,0,0,0,0,0,1,0,0,0,0,0,0,0,0,0,1
ciona robusta,0,0,0,0,0,0,0,0,0,0,0,0,0,0,0,0,0,0,0,1,1
cinque terre,0,0,0,0,0,0,0,0,0,0,0,0,0,0,1,0,0,0,0,0,1
cinnamomum travancoricum,0,0,0,0,0,0,0,0,0,0,0,0,0,0,0,0,0,0,1,0,1
cinnamomum parthenoxylon,0,0,0,0,0,0,0,0,0,0,0,0,0,0,0,0,0,0,1,0,1
cinnamomum camphora (linn,0,0,0,0,0,0,0,0,0,0,0,0,0,0,0,1,0,0,0,0,1
cinnamomum camphora,0,0,0,0,0,0,0,0,0,0,0,0,0,0,0,0,0,1,0,0,1
cinereous vulture,0,0,0,0,0,0,0,0,0,0,0,0,0,0,0,0,0,0,0,1,1
cinderella species,0,0,0,0,0,0,0,0,0,1,0,0,0,0,0,0,0,0,0,0,1
cichlidae,0,0,0,0,0,0,0,0,0,0,0,0,0,0,0,1,0,0,0,0,1
cicadella viridis,0,0,0,0,0,0,0,0,0,0,0,0,0,0,0,0,0,1,0,0,1
cibotium barometz,0,0,0,0,0,0,0,0,0,0,0,0,0,0,0,0,0,0,0,1,1
chuquiraga,0,0,0,0,0,0,0,0,0,0,0,0,0,0,0,0,0,1,0,0,1
chunii,0,0,0,0,0,0,0,0,0,0,0,0,0,0,0,1,0,0,0,0,1
clamping,0,0,0,0,0,1,0,0,0,0,0,0,0,0,0,0,0,0,0,0,1
class balancing,0,0,0,0,0,0,0,0,0,0,0,0,0,0,0,1,0,0,0,0,1
class overlap,0,0,0,0,0,0,0,0,0,0,0,0,0,0,0,1,0,0,0,0,1
classical swine fever,0,0,0,0,0,0,0,0,0,0,0,0,0,0,0,0,0,0,0,1,1
climate impact,0,0,0,0,0,0,0,0,0,0,0,0,0,0,0,0,0,0,1,0,1
climate forecast,0,0,0,0,0,0,1,0,0,0,0,0,0,0,0,0,0,0,0,0,1
climate extremes,0,0,0,0,0,0,0,0,0,0,0,0,0,0,0,0,0,0,0,1,1
climate databases,0,0,0,0,0,0,0,1,0,0,0,0,0,0,0,0,0,0,0,0,1
climate data scale,0,0,0,0,0,0,0,0,0,0,1,0,0,0,0,0,0,0,0,0,1
climate changing,0,0,0,0,0,0,0,0,0,0,0,0,1,0,0,0,0,0,0,0,1
"climate change, landscape connectivity",0,0,0,0,0,0,0,0,0,0,0,0,0,0,0,0,0,1,0,0,1
climate change vulnerability assessment,0,0,0,0,0,0,0,0,0,0,0,0,0,0,0,0,0,0,1,0,1
climate change velocity,0,0,0,0,0,0,0,0,0,0,0,0,0,0,0,0,0,1,0,0,1
climate change sensitivity,0,0,0,0,0,0,0,0,0,1,0,0,0,0,0,0,0,0,0,0,1
climate change pattern,0,0,0,0,0,0,0,0,0,1,0,0,0,0,0,0,0,0,0,0,1
climate change experiments,0,0,0,0,0,0,0,0,0,0,0,0,0,0,0,0,0,1,0,0,1
climate change effects,0,0,0,0,0,0,0,0,0,0,0,0,0,0,0,0,0,0,1,0,1
climate change beneficiary,0,0,0,0,0,0,0,0,0,0,0,0,0,0,0,0,1,0,0,0,1
climate change analysis,0,0,0,0,0,0,0,0,0,0,0,0,0,0,0,0,1,0,0,0,1
climate baseline,0,0,0,0,1,0,0,0,0,0,0,0,0,0,0,0,0,0,0,0,1
climate adaptation,0,0,0,0,0,0,0,0,0,0,0,0,0,0,0,0,0,0,1,0,1
cliff mapping,0,0,0,0,0,0,0,0,0,0,0,0,0,0,0,1,0,0,0,0,1
cliff failure,0,0,0,0,0,0,0,0,0,0,0,0,1,0,0,0,0,0,0,0,1
clerodendron infortunatum l,0,0,0,0,0,0,0,0,0,0,0,0,0,0,0,0,1,0,0,0,1
cleontes,0,0,0,0,0,0,0,0,0,1,0,0,0,0,0,0,0,0,0,0,1
clematis sect. fruticella s. str.,0,0,0,0,0,0,0,0,0,0,0,0,0,0,1,0,0,0,0,0,1
clean seed,0,0,0,0,0,0,0,0,0,0,0,0,0,0,0,0,0,0,0,1,1
clay-loving wild buckwheat,0,0,0,0,0,0,0,0,0,0,0,0,0,0,0,0,0,1,0,0,1
classifier fusion,0,0,0,0,0,0,0,0,0,0,0,0,0,0,0,1,0,0,0,0,1
classification-then-modelling,0,0,0,0,0,0,1,0,0,0,0,0,0,0,0,0,0,0,0,0,1
classification tree analysis,0,0,0,0,0,0,0,0,0,0,0,0,0,0,1,0,0,0,0,0,1
classification approach,0,0,0,0,0,0,0,0,0,0,1,0,0,0,0,0,0,0,0,0,1
classification accuracy,0,0,0,0,0,0,0,0,0,0,0,0,0,0,1,0,0,0,0,0,1
coastal dunes,0,0,0,0,0,0,0,0,0,0,0,0,0,0,0,0,1,0,0,0,1
coastal forests,0,0,0,0,0,0,0,0,0,0,0,0,0,0,0,0,0,1,0,0,1
conservation evaluation,0,0,0,0,0,0,0,0,0,0,0,0,0,0,0,0,0,0,0,1,1
comparative niche correlation,0,0,0,0,0,0,0,0,0,0,0,0,0,0,0,0,0,0,1,0,1
computational lighting,0,0,0,0,0,0,0,0,0,0,0,0,0,0,0,0,0,0,0,1,1
comprehensive habitat suitability,0,0,0,0,0,0,0,0,0,0,0,0,0,1,0,0,0,0,0,0,1
compounded disturbance,0,0,0,0,0,0,0,0,0,0,0,1,0,0,0,0,0,0,0,0,1
composite likelihood,0,0,0,0,0,0,0,0,0,0,0,0,1,0,0,0,0,0,0,0,1
composite burn index (cbi),0,0,0,0,0,0,0,0,0,0,0,0,0,1,0,0,0,0,0,0,1
complete mitochondrial genome,0,0,0,0,0,0,0,0,0,0,0,0,0,0,0,0,1,0,0,0,1
complementariedad,0,0,0,1,0,0,0,0,0,0,0,0,0,0,0,0,0,0,0,0,1
competitive exclusion,0,0,0,0,0,0,0,0,0,0,0,0,0,0,0,1,0,0,0,0,1
competition-colonization trade-off,0,0,0,0,0,0,0,0,0,0,0,0,0,0,0,1,0,0,0,0,1
competing suitability models,0,0,0,0,1,0,0,0,0,0,0,0,0,0,0,0,0,0,0,0,1
competence,0,0,0,0,0,0,0,0,0,0,0,0,0,0,0,0,0,0,0,1,1
comperiella calauanica,0,0,0,0,0,0,0,0,0,0,0,0,0,0,0,1,0,0,0,0,1
comparison of ecological niche,0,0,0,0,0,0,0,0,0,0,0,0,0,1,0,0,0,0,0,0,1
comparative phylogeography,0,0,0,0,0,0,0,0,0,0,0,1,0,0,0,0,0,0,0,0,1
community similarity,0,0,0,0,0,0,0,0,0,0,0,0,1,0,0,0,0,0,0,0,1
conceptual species distribution models,0,0,0,0,0,0,0,0,0,0,0,1,0,0,0,0,0,0,0,0,1
community shifts,0,0,0,0,0,0,1,0,0,0,0,0,0,0,0,0,0,0,0,0,1
community science data,0,0,0,0,0,0,0,0,0,0,0,0,0,0,0,0,0,0,1,0,1
community distribution models,0,0,0,0,0,0,0,0,0,0,0,0,0,0,0,0,1,0,0,0,1
community composition,0,0,0,0,0,0,0,0,0,0,0,0,0,1,0,0,0,0,0,0,1
community assembly,0,0,0,0,0,0,0,0,0,0,0,0,0,0,1,0,0,0,0,0,1
community,0,0,0,0,0,0,0,0,0,0,0,0,0,0,0,0,0,0,1,0,1
communal resources,0,0,0,0,0,0,0,0,0,0,0,0,0,0,0,0,0,0,0,1,1
common teal,0,0,0,0,0,0,0,0,0,0,1,0,0,0,0,0,0,0,0,0,1
common octopus,0,0,0,0,0,0,0,0,0,0,0,0,0,0,0,0,1,0,0,0,1
common minke whales,0,0,0,0,0,0,0,0,0,0,0,0,0,0,0,0,0,0,0,1,1
common leopard,0,0,0,0,0,0,0,0,0,0,0,0,0,0,0,0,0,0,0,1,1
common genet,0,0,0,0,0,0,0,0,0,0,1,0,0,0,0,0,0,0,0,0,1
common eider,0,0,0,0,0,0,1,0,0,0,0,0,0,0,0,0,0,0,0,0,1
common dolphin,0,0,0,0,0,0,1,0,0,0,0,0,0,0,0,0,0,0,0,0,1
computational modeling,0,0,0,0,0,0,0,0,0,0,0,0,0,0,0,0,0,1,0,0,1
concordance,0,0,0,0,0,0,0,0,0,0,0,0,0,0,0,0,0,1,0,0,1
coastal habitat restoration,0,0,0,0,0,0,0,0,0,0,0,0,0,0,0,0,0,0,0,1,1
consensus forecast,0,0,0,0,0,0,0,0,0,1,0,0,0,0,0,0,0,0,0,0,1
conservation effectiveness,0,0,0,0,0,0,0,0,0,0,1,0,0,0,0,0,0,0,0,0,1
conservation decision,0,0,0,0,0,0,0,0,0,0,0,1,0,0,0,0,0,0,0,0,1
conservation culturomics,0,0,0,0,0,0,0,0,0,0,0,0,0,0,0,0,0,0,0,1,1
conservation conflict,0,0,0,0,0,0,0,1,0,0,0,0,0,0,0,0,0,0,0,0,1
conservation biases,0,0,0,0,0,0,0,0,0,0,0,0,0,0,0,0,1,0,0,0,1
conservation behavior,0,0,0,0,0,0,0,0,0,0,0,0,1,0,0,0,0,0,0,0,1
conservation and sustainable management,0,0,0,0,0,0,0,0,0,0,0,0,0,0,1,0,0,0,0,0,1
conservation and reforestation areas,0,0,0,0,0,0,0,1,0,0,0,0,0,0,0,0,0,0,0,0,1
conservation and management,0,0,0,0,0,0,0,0,0,0,0,0,0,0,0,0,1,0,0,0,1
conservation and cultivation,0,0,0,0,0,0,0,0,0,0,0,0,0,0,1,0,0,0,0,0,1
conservation action plan,0,0,0,0,0,0,0,0,0,0,0,0,0,0,0,0,0,0,0,1,1
consensus value,0,0,0,0,0,0,0,0,0,0,0,0,0,0,1,0,0,0,0,0,1
consensus model for modeling,0,0,0,0,0,0,0,0,0,0,0,0,0,0,0,0,0,0,0,1,1
consensus land cover data,0,0,0,0,0,0,0,0,0,0,0,0,0,0,0,0,1,0,0,0,1
consensual areas,0,0,0,1,0,0,0,0,0,0,0,0,0,0,0,0,0,0,0,0,1
cone snails,0,0,0,0,0,0,0,0,0,0,0,0,0,0,0,0,0,1,0,0,1
conopsis nasus,0,0,0,0,0,0,0,0,0,0,0,0,0,0,0,0,0,1,0,0,1
conopsis lineata,0,0,0,0,0,0,0,0,0,0,0,0,0,0,0,0,0,1,0,0,1
conopsis biserialis,0,0,0,0,0,0,0,0,0,0,0,0,0,0,0,0,0,1,0,0,1
connectivity index,0,0,0,0,0,0,0,0,0,0,0,0,0,0,0,0,0,1,0,0,1
connectivity conservation,0,0,0,0,0,0,0,0,0,0,0,0,0,0,0,0,0,0,1,0,1
connectivity analysis toolkit,0,0,0,0,0,0,0,0,0,0,0,0,0,0,0,0,0,0,1,0,1
conifer plantation,0,0,0,0,0,0,0,0,1,0,0,0,0,0,0,0,0,0,0,0,1
confusion matrix,0,0,0,0,0,0,0,0,0,0,0,0,0,0,0,0,0,1,0,0,1
conflict mitigation,0,0,0,0,0,0,0,0,0,0,0,0,0,1,0,0,0,0,0,0,1
configuration option settings,0,0,0,0,0,0,0,0,0,0,0,0,0,1,0,0,0,0,0,0,1
confidence statistics,0,0,0,0,0,0,0,0,0,0,0,0,0,0,0,0,0,0,0,1,1
conefor sensinode,0,0,0,0,0,0,0,0,0,0,1,0,0,0,0,0,0,0,0,0,1
conefor,0,0,0,0,0,0,0,0,0,0,0,0,0,0,0,1,0,0,0,0,1
conectividad,0,0,0,0,0,0,0,0,0,0,0,0,0,0,0,0,0,1,0,0,1
common,0,0,0,0,0,0,0,0,0,0,0,0,0,0,0,0,1,0,0,0,1
commiphora,0,0,0,0,0,0,0,0,0,0,0,0,0,0,0,0,0,1,0,0,1
commercial species,0,0,0,0,0,0,0,0,0,0,0,0,0,0,0,0,0,0,0,1,1
coccoidea,0,0,0,0,0,0,0,0,0,0,0,0,0,0,0,0,1,0,0,0,1
cold,0,0,0,0,0,0,0,0,0,0,0,0,0,0,0,0,0,0,1,0,1
coi sequences,0,0,0,0,0,0,0,0,0,0,1,0,0,0,0,0,0,0,0,0,1
cohort species,0,0,0,0,0,0,0,0,0,0,0,0,0,0,0,1,0,0,0,0,1
coffee-growing regions,0,0,0,0,0,0,0,0,0,0,0,0,0,0,0,0,0,0,0,1,1
"coffee leaf miner, leucoptera coffeella, niche shift, ecological niche models, insect pests, species distributions",0,0,0,0,0,0,0,0,0,0,0,0,0,0,0,0,0,0,1,0,1
codonopsis pilosula,0,0,0,0,0,0,0,0,0,0,0,0,0,0,0,1,0,0,0,0,1
codium fragile,0,0,0,0,0,0,0,0,0,0,0,0,0,1,0,0,0,0,0,0,1
cod,0,0,1,0,0,0,0,0,0,0,0,0,0,0,0,0,0,0,0,0,1
coconut scale insect,0,0,0,0,0,0,0,0,0,0,0,0,0,0,0,1,0,0,0,0,1
cockroaches,0,0,0,1,0,0,0,0,0,0,0,0,0,0,0,0,0,0,0,0,1
cock of the rocks,0,0,0,0,0,0,0,0,0,0,0,0,0,0,0,0,0,1,0,0,1
cochlospermum spp,0,0,0,0,0,0,0,0,0,0,0,0,0,0,0,0,1,0,0,0,1
cochliomyia hominivorax,0,0,0,0,0,0,0,0,1,0,0,0,0,0,0,0,0,0,0,0,1
coccomorpha,0,0,0,0,0,0,0,0,0,0,0,0,0,0,0,0,1,0,0,0,1
coat morph,0,0,0,0,0,0,0,0,0,0,0,0,0,0,0,0,0,0,1,0,1
commercial plantations,0,0,0,0,0,0,0,0,0,0,0,0,0,0,0,0,1,0,0,0,1
coasts of mazandaran,0,0,0,0,0,0,0,0,0,0,0,0,0,0,0,0,0,0,0,1,1
coastal zone,0,0,0,0,0,0,0,0,0,0,0,0,0,0,1,0,0,0,0,0,1
coastal waters,0,0,0,0,0,0,0,0,0,0,0,0,0,0,1,0,0,0,0,0,1
coastal vegetation,0,0,0,0,0,0,0,0,0,0,1,0,0,0,0,0,0,0,0,0,1
coastal swamp forest,0,0,0,0,0,0,0,0,0,0,0,0,0,1,0,0,0,0,0,0,1
coastal research,0,0,0,0,0,0,0,0,0,0,0,0,0,0,0,0,0,0,0,1,1
coastal provinces,0,0,0,0,0,0,0,0,0,0,0,0,0,0,0,0,1,0,0,0,1
coastal protection,0,0,0,0,0,0,0,0,0,0,0,0,0,0,0,0,0,1,0,0,1
coastal pressures management,0,0,0,0,0,0,0,0,0,0,0,0,1,0,0,0,0,0,0,0,1
coastal plant,0,0,0,0,0,0,0,0,0,0,0,0,0,0,0,0,0,1,0,0,1
coastal plain yellowtops,0,0,0,0,0,0,0,0,0,0,0,0,1,0,0,0,0,0,0,0,1
coastal land-cover,0,0,0,0,0,1,0,0,0,0,0,0,0,0,0,0,0,0,0,0,1
coastal lagoon,0,0,0,0,0,0,0,0,0,0,0,0,0,0,1,0,0,0,0,0,1
coastal hazards,0,0,0,0,0,0,0,0,0,0,0,0,0,0,0,0,0,1,0,0,1
cold distribution limits,0,0,0,0,0,0,0,0,0,0,0,0,0,0,0,1,0,0,0,0,1
cold stratification,0,0,0,0,0,0,0,0,0,0,0,0,0,0,0,0,1,0,0,0,1
cold tolerance,0,0,0,0,0,0,0,0,0,0,1,0,0,0,0,0,0,0,0,0,1
cold water habitat,0,0,0,0,0,0,0,0,0,0,0,0,0,0,0,0,0,0,0,1,1
combretum-terminalia woodland,0,0,0,0,0,0,0,0,0,0,0,0,0,0,0,0,1,0,0,0,1
colydiinae,0,0,0,0,0,1,0,0,0,0,0,0,0,0,0,0,0,0,0,0,1
columnar cacti,0,0,0,0,0,0,0,0,0,0,0,0,0,0,0,0,1,0,0,0,1
columbidae,0,0,0,0,0,0,0,0,0,1,0,0,0,0,0,0,0,0,0,0,1
colorado plateau,0,0,0,0,0,0,0,0,0,1,0,0,0,0,0,0,0,0,0,0,1
color morph distribution,0,0,0,0,0,0,0,0,0,0,0,0,0,0,0,0,0,1,0,0,1
colophospermum mopane,0,0,0,0,0,0,0,0,0,0,0,0,0,0,0,1,0,0,0,0,1
colonization and range shifts,0,0,0,0,0,0,0,0,0,1,0,0,0,0,0,0,0,0,0,0,1
colonization ability,0,0,0,0,0,0,0,0,0,0,0,0,0,0,0,0,0,1,0,0,1
colombian pacific ocean,0,0,0,0,0,0,0,0,0,0,0,0,0,0,0,0,0,0,1,0,1
colombian pacific,0,0,0,0,0,0,0,0,0,0,0,0,0,0,0,0,1,0,0,0,1
colombian llanos,0,0,0,0,0,0,0,0,0,0,0,0,0,0,0,0,0,0,1,0,1
collinearity shift,0,0,0,0,0,0,0,0,0,0,0,0,0,1,0,0,0,0,0,0,1
collinearity,0,0,0,0,0,0,0,0,0,0,0,0,0,0,0,0,0,1,0,0,1
collective species distribution model,0,0,0,0,0,0,0,0,0,0,0,0,0,0,0,0,0,0,1,0,1
collection records,0,0,0,0,0,0,0,0,0,0,0,0,0,0,0,0,0,0,0,1,1
collection preference,0,0,0,0,0,0,0,0,0,0,0,0,0,0,0,0,0,0,1,0,1
collection bias,0,0,1,0,0,0,0,0,0,0,0,0,0,0,0,0,0,0,0,0,1
collecting expedition,0,0,0,0,0,0,0,0,0,1,0,0,0,0,0,0,0,0,0,0,1
collecting effort,0,0,0,0,0,0,0,0,1,0,0,0,0,0,0,0,0,0,0,0,1
collecting biases,0,0,0,0,0,1,0,0,0,0,0,0,0,0,0,0,0,0,0,0,1
collaborative capacity,0,0,0,0,0,0,0,0,0,0,0,0,0,0,0,0,0,0,1,0,1
collaboration,0,0,0,0,0,0,0,0,0,0,0,0,0,0,0,0,1,0,0,0,1
coldest months,0,0,0,0,0,0,0,0,0,0,0,0,0,0,0,1,0,0,0,0,1
cold-water habitat,0,0,0,0,0,0,0,0,0,0,0,0,0,0,0,0,0,1,0,0,1
cold-tolerant species,0,0,0,0,0,0,0,0,0,0,0,0,0,0,0,0,0,0,1,0,1
cold-temperate species,0,0,0,0,0,0,0,0,0,0,0,0,0,0,0,0,1,0,0,0,1
cold-temperate,0,0,0,0,0,0,0,0,0,0,1,0,0,0,0,0,0,0,0,0,1
cold-adapted amphibians,0,0,0,0,0,0,0,0,0,0,0,0,0,0,0,1,0,0,0,0,1
chrysosplenium macrophyllum,0,0,0,0,0,0,0,0,0,0,0,0,0,0,0,0,0,0,0,1,1
chrysops silacea,0,0,0,0,0,0,0,0,0,0,0,0,0,1,0,0,0,0,0,0,1
chrysops dimidiata,0,0,0,0,0,0,0,0,0,0,0,0,0,1,0,0,0,0,0,0,1
carnegie airborne observatory,0,0,0,0,0,0,0,0,0,0,0,1,0,0,0,0,0,0,0,0,1
cash crop diseases,0,0,0,0,0,0,0,0,0,0,0,0,0,0,0,0,0,1,0,0,1
case-only study,0,0,0,0,0,0,0,0,0,0,0,1,0,0,0,0,0,0,0,0,1
case-based reasoning,0,0,0,0,0,0,0,0,0,0,0,0,0,0,1,0,0,0,0,0,1
cascadia,0,0,0,0,0,0,1,0,0,0,0,0,0,0,0,0,0,0,0,0,1
cascade range,0,0,0,0,0,0,0,0,0,0,0,0,1,0,0,0,0,0,0,0,1
caryophyllales: amaranthaceae,0,0,0,0,0,0,0,0,0,0,0,0,0,0,0,0,0,0,0,1,1
carthamus,0,0,0,0,0,0,0,0,1,0,0,0,0,0,0,0,0,0,0,0,1
carposina coreana,0,0,0,0,0,0,0,0,0,0,0,0,0,0,0,0,0,0,1,0,1
carpinus tientaiensis,0,0,0,0,0,0,0,0,0,0,0,0,0,0,0,0,0,0,1,0,1
carpinus,0,0,0,0,0,0,0,0,0,0,0,0,0,0,0,1,0,0,0,0,1
carpentarian gap,0,0,0,0,0,0,0,0,0,0,0,0,0,0,1,0,0,0,0,0,1
carolinian avifauna,0,0,0,0,0,0,0,0,0,0,0,0,1,0,0,0,0,0,0,0,1
carob,0,0,0,0,0,0,0,0,0,0,0,0,0,0,0,0,1,0,0,0,1
carnivore management,0,0,0,0,0,0,0,0,0,0,0,0,1,0,0,0,0,0,0,0,1
carlesii,0,0,0,0,0,0,0,0,0,0,0,0,0,0,0,1,0,0,0,0,1
cassava mosaic disease,0,0,0,0,0,0,0,0,0,0,0,0,0,0,0,0,0,0,0,1,1
caribbean central america distribution modelling edaphic variables guiana highlands hypopterygium tamarisci,0,0,0,0,1,0,0,0,0,0,0,0,0,0,0,0,0,0,0,0,1
caribbean basin,0,0,0,0,0,0,0,0,0,0,0,0,0,1,0,0,0,0,0,0,1
carex alatauensis,0,0,0,0,0,0,0,0,0,0,0,0,0,0,0,0,0,1,0,0,1
caret package,0,0,0,0,0,0,0,0,0,0,0,0,0,0,0,1,0,0,0,0,1
carduelis citrinella,0,0,0,0,0,0,0,0,1,0,0,0,0,0,0,0,0,0,0,0,1
cardellina canadensis,0,0,0,0,0,0,0,0,0,0,0,0,0,0,0,0,0,0,1,0,1
carcinoscorpius rotundicauda,0,0,0,0,0,0,0,0,0,0,0,0,0,0,0,0,0,0,1,0,1
carbon stable isotopes,0,0,0,0,0,0,0,0,0,0,0,0,0,0,0,0,0,0,0,1,1
carbon loss,0,0,0,0,0,0,0,0,0,0,1,0,0,0,0,0,0,0,0,0,1
carbon cycle,0,0,0,0,0,0,0,0,0,0,0,0,0,0,0,0,1,0,0,0,1
carapa procera,0,0,0,0,0,0,0,0,0,0,0,0,0,0,0,0,0,0,1,0,1
carambola fruit fly,0,0,0,0,0,0,0,0,0,0,0,0,0,0,0,0,0,0,0,1,1
caracal caracal schmitzi,0,0,0,0,0,0,0,0,0,0,0,0,0,0,0,0,1,0,0,0,1
caracal caracal,0,0,0,0,0,0,0,0,0,0,0,0,0,0,0,0,1,0,0,0,1
caspian snowcock,0,0,0,0,0,0,0,0,0,0,0,0,0,0,0,0,0,0,1,0,1
cassidaigne canyon,0,0,0,0,0,0,0,0,0,0,0,0,1,0,0,0,0,0,0,0,1
chrysomya bezziana,0,0,0,0,0,0,0,0,1,0,0,0,0,0,0,0,0,0,0,0,1
catchment risk,0,0,0,0,0,0,0,1,0,0,0,0,0,0,0,0,0,0,0,0,1
cctv,0,0,0,0,0,0,0,0,0,0,0,0,0,0,0,0,0,0,1,0,1
cavernicola pilosa,0,0,0,0,0,0,0,0,0,0,0,0,0,0,0,0,0,0,1,0,1
cavefishes,0,0,0,0,0,0,0,0,0,0,0,0,0,0,0,0,0,0,1,0,1
cave&#8208,0,0,0,0,0,0,0,0,0,0,0,0,0,0,0,1,0,0,0,0,1
cave paintings,0,0,0,0,0,0,0,0,0,0,0,0,0,0,1,0,0,0,0,0,1
causal inference,0,0,0,0,0,0,0,0,0,0,0,0,0,0,0,0,0,0,1,0,1
caulerpa cylindracea,0,0,0,0,0,0,0,0,0,0,0,0,0,0,0,0,0,0,0,1,1
caucasus forest,0,0,0,0,0,0,0,0,0,0,0,0,0,0,0,0,0,0,1,0,1
caucasian vultures,0,0,0,0,0,0,0,0,0,0,0,0,0,0,0,0,0,1,0,0,1
caucasian rock lizards,0,0,0,0,0,0,0,0,0,0,0,0,0,0,1,0,0,0,0,0,1
catopuma temminckii,0,0,0,0,0,0,0,0,0,0,0,0,0,0,0,0,0,0,1,0,1
caterpillar,0,0,0,0,0,0,0,0,0,0,0,0,0,1,0,0,0,0,0,0,1
category agreements,0,0,0,0,0,0,0,0,0,0,0,0,0,0,0,0,0,0,1,0,1
categorical maps,0,0,0,0,0,0,0,0,0,0,0,0,0,0,0,0,0,0,0,1,1
catchment,0,0,0,0,0,0,0,0,0,0,0,1,0,0,0,0,0,0,0,0,1
castanea crenata,0,0,0,0,1,0,0,0,0,0,0,0,0,0,0,0,0,0,0,0,1
catch per unit effort,0,0,0,0,0,0,0,0,0,0,0,0,0,0,0,0,0,1,0,0,1
catboost,0,0,0,0,0,0,0,0,0,0,0,0,0,0,0,0,0,0,1,0,1
catanduanes (philippines),0,0,0,0,0,0,0,0,0,0,1,0,0,0,0,0,0,0,0,0,1
catalpa bungei c. a. mey.,0,0,0,0,0,0,0,0,0,0,0,0,0,0,0,0,1,0,0,0,1
catalonia,0,0,0,0,0,0,1,0,0,0,0,0,0,0,0,0,0,0,0,0,1
cat colonies,0,0,0,0,0,0,0,0,0,1,0,0,0,0,0,0,0,0,0,0,1
casuarina equisetifolia,0,0,0,0,0,0,1,0,0,0,0,0,0,0,0,0,0,0,0,0,1
casualty,0,0,0,0,0,0,0,0,0,0,0,0,0,0,0,0,1,0,0,0,1
castor fiber,0,0,0,0,0,0,0,0,0,0,0,0,0,0,1,0,0,0,0,0,1
castor californicus,0,0,0,0,0,0,0,0,0,0,0,0,0,0,0,0,0,0,1,0,1
castanopsis,0,0,0,0,0,0,0,0,0,0,0,0,0,0,0,1,0,0,0,0,1
castanea seguinii,0,0,0,0,0,0,0,0,0,0,0,0,0,0,0,0,0,0,0,1,1
castanea henryi,0,0,0,0,0,0,0,0,0,0,0,0,0,0,0,0,1,0,0,0,1
castanea dentata,0,0,0,0,0,0,0,0,0,0,0,0,0,0,0,0,0,0,0,1,1
caracal,0,0,0,0,0,0,0,0,0,0,0,0,0,0,0,0,0,0,1,0,1
carabus,0,0,0,0,0,0,0,0,0,0,0,0,0,0,0,1,0,0,0,0,1
carabidae,0,0,0,0,0,0,0,0,1,0,0,0,0,0,0,0,0,0,0,0,1
camara,0,0,0,0,0,0,0,0,0,0,0,0,0,0,0,0,1,0,0,0,1
campylorhynchus,0,0,0,0,0,0,0,0,0,0,0,0,1,0,0,0,0,0,0,0,1
camptotheca acuminata,0,0,0,0,0,0,0,0,0,0,0,0,0,0,1,0,0,0,0,0,1
campo imperatore plateau,0,0,0,0,0,0,0,0,0,0,0,0,0,0,0,1,0,0,0,0,1
campa,0,0,0,0,0,0,0,0,0,0,0,0,0,0,0,0,0,0,0,1,1
camonica valley,0,0,0,0,0,0,0,0,0,0,0,0,0,0,0,0,0,0,1,0,1
cameroon,0,0,0,0,0,0,0,0,0,0,0,0,0,0,0,0,0,1,0,0,1
cameras,0,0,0,0,0,0,0,0,0,0,0,0,0,0,0,0,0,0,1,0,1
camera trapping,0,0,0,0,0,0,0,0,0,0,0,0,0,0,0,0,0,0,1,0,1
camellia sinensis var,0,0,0,0,0,0,0,0,0,0,0,0,0,0,0,0,0,1,0,0,1
camellia sinensis,0,0,0,0,0,0,0,0,0,0,0,0,0,0,0,0,0,0,1,0,1
camel tick,0,0,0,0,0,0,0,0,0,0,0,0,0,0,0,0,0,0,1,0,1
cambodia,0,0,0,0,0,0,0,0,0,0,0,1,0,0,0,0,0,0,0,0,1
cambarus causeyi,0,0,0,0,0,0,0,0,0,0,0,0,0,0,0,0,0,1,0,0,1
cambaridae,0,0,0,0,0,0,0,0,0,0,0,0,0,0,0,0,0,0,0,1,1
calyptocephalella gayi,0,0,0,0,0,0,0,0,0,0,0,0,0,0,0,0,0,0,1,0,1
capuchin,0,0,0,0,0,0,0,0,0,0,0,0,0,0,0,0,1,0,0,0,1
calomyscidae,0,0,0,0,0,0,0,0,0,0,0,0,0,1,0,0,0,0,0,0,1
callorhinus ursinus,0,0,0,0,0,0,0,0,0,0,0,0,0,0,0,0,0,0,0,1,1
callophrys hesseli,0,0,0,0,0,0,0,0,0,0,0,1,0,0,0,0,0,0,0,0,1
callichromatini,0,0,0,0,0,0,0,0,0,0,0,0,0,0,0,1,0,0,0,0,1
callianassa subterranea,0,0,0,0,0,0,0,1,0,0,0,0,0,0,0,0,0,0,0,0,1
californiensis,0,0,0,0,0,0,0,0,0,0,0,0,0,0,0,1,0,0,0,0,1
california ground squirrel,0,0,0,0,0,0,0,0,0,0,0,0,0,1,0,0,0,0,0,0,1
california condor,0,0,0,0,0,0,0,0,0,1,0,0,0,0,0,0,0,0,0,0,1
calibration region,0,0,0,0,0,1,0,0,0,0,0,0,0,0,0,0,0,0,0,0,1
calibration plot,0,0,0,0,0,0,0,0,0,0,0,0,0,0,1,0,0,0,0,0,1
calcite saturation state,0,0,0,0,0,0,1,0,0,0,0,0,0,0,0,0,0,0,0,0,1
calathiformis,0,0,0,0,0,0,0,0,0,0,0,0,0,0,0,1,0,0,0,0,1
calanus finmarchicus,0,0,0,0,0,0,0,0,0,0,0,0,0,0,0,0,0,1,0,0,1
calamus inops,0,0,0,0,0,0,0,0,0,0,0,0,0,0,0,0,0,0,0,1,1
canadian arctic,0,0,0,0,0,0,0,0,0,0,0,0,1,0,0,0,0,0,0,0,1
canape categorization,0,0,0,0,0,0,0,0,0,0,0,1,0,0,0,0,0,0,0,0,1
canary islands,0,0,0,0,0,0,0,0,1,0,0,0,0,0,0,0,0,0,0,0,1
candidatus liberibacter africanus,0,0,0,0,0,0,0,0,0,0,0,0,0,0,1,0,0,0,0,0,1
capture-mark recapture,0,0,0,0,0,0,0,0,0,0,0,0,0,0,1,0,0,0,0,0,1
capture mechanism,0,0,0,0,0,0,0,1,0,0,0,0,0,0,0,0,0,0,0,0,1
captive breeding,0,0,0,0,0,1,0,0,0,0,0,0,0,0,0,0,0,0,0,0,1
captain's wood snake,0,0,0,0,0,0,0,0,0,0,1,0,0,0,0,0,0,0,0,0,1
capsicum pubescens,0,0,0,0,0,0,0,0,0,0,0,0,0,0,1,0,0,0,0,0,1
caprifoliaceae,0,0,0,0,0,0,0,0,0,0,0,1,0,0,0,0,0,0,0,0,1
capridae,0,0,0,0,0,0,0,0,1,0,0,0,0,0,0,0,0,0,0,0,1
capraiellus panzeri,0,0,0,1,0,0,0,0,0,0,0,0,0,0,0,0,0,0,0,0,1
caprahircus,0,0,0,0,0,0,0,0,0,0,0,0,0,0,0,0,1,0,0,0,1
capra pyrenaica,0,0,0,0,0,0,0,0,0,0,0,0,0,0,0,0,1,0,0,0,1
capra aegagrus,0,0,0,0,0,0,0,0,0,0,0,0,0,0,0,0,0,0,1,0,1
capra,0,0,0,0,0,0,0,0,1,0,0,0,0,0,0,0,0,0,0,0,1
capfitogen,0,0,0,0,0,0,0,0,0,0,1,0,0,0,0,0,0,0,0,0,1
capelin (mallotus villosus),0,0,0,0,0,0,0,0,0,0,0,0,0,0,1,0,0,0,0,0,1
capbreton canyon,0,0,0,0,0,0,0,0,0,0,0,0,0,0,0,0,1,0,0,0,1
canyon,0,0,0,0,0,0,0,0,0,0,0,0,0,0,0,0,0,1,0,0,1
cantabrian mountains,0,0,0,0,0,0,0,0,0,0,0,0,0,0,0,0,0,0,0,1,1
canopy-dwelling,0,0,0,0,0,0,0,0,0,0,0,1,0,0,0,0,0,0,0,0,1
canopy structure,0,0,0,0,0,0,0,0,0,0,0,0,0,0,1,0,0,0,0,0,1
canopy species,0,0,0,0,0,0,0,0,0,0,0,0,0,0,0,0,0,0,0,1,1
canopy height,0,0,0,0,0,0,0,0,0,0,0,0,0,0,0,0,0,1,0,0,1
canonical analysis,0,0,0,0,0,0,0,0,0,0,0,0,0,0,0,0,1,0,0,0,1
canola,0,0,0,0,0,0,0,0,0,0,0,0,1,0,0,0,0,0,0,0,1
canoco,0,0,0,0,0,0,0,0,0,0,0,0,0,0,0,0,0,0,1,0,1
canis rufus,0,0,0,0,0,0,0,0,0,0,1,0,0,0,0,0,0,0,0,0,1
canis lupus baileyi,0,0,0,0,0,0,0,0,0,0,0,0,1,0,0,0,0,0,0,0,1
canine leishmaniasis,0,0,0,0,0,0,0,0,1,0,0,0,0,0,0,0,0,0,0,0,1
canine,0,0,0,0,0,0,0,0,0,0,0,0,0,0,0,1,0,0,0,0,1
canela-sassafras,0,0,0,0,0,0,0,0,0,0,0,0,0,1,0,0,0,0,0,0,1
ccz,0,0,0,0,0,0,0,0,0,0,0,0,0,0,0,1,0,0,0,0,1
cebidae,0,0,0,0,0,0,0,0,0,0,0,0,0,0,0,0,0,0,0,1,1
cebus albifrons aequatorialis,0,0,0,0,0,0,0,1,0,0,0,0,0,0,0,0,0,0,0,0,1
chemical composition,0,0,0,0,0,0,0,0,0,0,0,0,0,0,0,0,0,0,0,1,1
chilean hotspot,0,0,0,0,0,0,0,0,0,0,0,0,0,1,0,0,0,0,0,0,1
chilean dolphin,0,0,0,0,0,0,0,0,0,0,0,0,0,0,0,0,0,0,1,0,1
chile pepper,0,0,0,0,0,0,0,0,0,0,0,0,0,0,0,0,0,1,0,0,1
chihuahua spruce,0,0,0,0,0,0,0,0,0,0,0,0,0,1,0,0,0,0,0,0,1
chigger mite,0,0,0,0,0,0,0,0,0,0,0,0,0,0,0,0,0,0,0,1,1
chicken breed,0,0,0,0,0,0,0,0,0,0,0,0,0,0,0,0,0,1,0,0,1
chickadee,0,0,0,0,0,0,0,0,0,1,0,0,0,0,0,0,0,0,0,0,1
chicago,0,0,0,0,0,0,0,0,0,0,0,0,1,0,0,0,0,0,0,0,1
chiasma frequency,0,0,0,0,0,0,0,0,0,0,0,0,0,0,0,0,0,0,1,0,1
chiapas highlands,0,0,0,0,0,0,0,0,0,0,0,0,0,0,0,0,0,0,1,0,1
chestnut-leaved oak,0,0,0,0,0,0,0,0,0,0,0,0,0,0,0,0,0,0,0,1,1
chenopod,0,0,0,0,0,0,0,0,0,0,0,0,0,0,0,0,0,0,0,1,1
chen,0,0,0,0,0,0,0,0,0,0,0,0,0,0,0,0,1,0,0,0,1
chemical defence,0,0,0,0,0,0,0,0,0,0,0,0,0,0,0,0,0,0,1,0,1
chelsa climate scenarios,0,0,0,0,0,0,0,0,0,0,0,0,0,0,0,0,0,0,1,0,1
charadrius alexandrinus,0,0,0,0,0,1,0,0,0,0,0,0,0,0,0,0,0,0,0,0,1
chelsa,0,0,0,0,0,0,0,0,0,0,0,0,0,0,0,0,0,0,0,1,1
chelonia mydas,0,0,0,0,0,0,0,0,0,0,0,0,0,0,0,0,0,1,0,0,1
cheirotonus gestroi,0,0,0,0,0,0,0,0,0,0,0,0,0,0,0,0,0,0,0,1,1
cheirogaleidae,0,0,0,0,0,0,0,0,0,0,0,0,0,0,0,0,0,1,0,0,1
cheetah,0,0,0,0,0,0,0,0,0,0,0,0,1,0,0,0,0,0,0,0,1
cheer pheasant,0,0,0,0,0,0,0,0,0,0,0,0,0,0,0,0,1,0,0,0,1
chechnya,0,0,0,0,0,0,0,0,0,0,0,0,0,0,0,0,0,0,1,0,1
cheatgrass,0,0,0,0,0,0,0,0,0,0,0,0,0,0,0,0,0,0,1,0,1
chayote,0,0,0,0,0,0,0,0,0,0,0,0,0,0,0,0,0,0,1,0,1
chasmophytic species,0,0,0,0,0,0,0,0,0,0,0,0,0,0,0,1,0,0,0,0,1
chasmophyte,0,0,0,0,0,0,0,0,0,0,0,0,0,0,0,0,0,1,0,0,1
charybdis bimaculata,0,0,0,0,0,0,0,0,0,0,0,0,0,0,0,0,0,0,1,0,1
charcoal production,0,0,0,0,0,0,0,0,0,0,0,0,0,1,0,0,0,0,0,0,1
charcoal disease,0,0,0,0,0,0,0,0,0,0,0,0,0,0,0,0,0,0,1,0,1
chilled adult technique,0,0,0,0,0,0,0,0,1,0,0,0,0,0,0,0,0,0,0,0,1
chilli,0,0,0,0,0,0,0,0,0,0,0,0,0,0,0,0,1,0,0,0,1
chilli thrips,0,0,0,0,0,0,0,0,0,0,0,0,0,0,0,0,0,1,0,0,1
chimanimani,0,0,0,0,0,0,0,0,0,0,0,0,0,0,0,0,1,0,0,0,1
chrysomya albiceps,0,0,0,0,0,0,0,0,0,0,0,0,0,0,0,0,1,0,0,0,1
chrysanthemoides monilifera,0,0,0,0,0,0,0,0,1,0,0,0,0,0,0,0,0,0,0,0,1
chromolaena congesta complex,0,0,0,0,0,0,0,0,0,0,0,0,0,0,0,0,0,1,0,0,1
chordodes,0,0,0,0,0,0,0,0,0,0,1,0,0,0,0,0,0,0,0,0,1
chongming island,0,0,0,0,0,0,0,0,0,0,0,0,0,0,0,0,0,0,1,0,1
chondrus crispus,0,0,0,0,0,0,0,0,0,0,0,0,0,1,0,0,0,0,0,0,1
chondrichthyes,0,0,0,0,0,0,0,0,0,1,0,0,0,0,0,0,0,0,0,0,1
chloroplast regions,0,0,0,0,0,0,0,0,0,0,0,0,0,1,0,0,0,0,0,0,1
chloroplast rbcl sequence,0,0,0,0,0,0,0,0,0,0,0,0,0,0,0,0,0,1,0,0,1
chloroplast microsatellites,0,0,0,0,0,0,0,0,0,0,0,0,0,0,0,1,0,0,0,0,1
chlorophyll-a concentration,0,0,0,0,0,0,0,0,0,0,0,0,1,0,0,0,0,0,0,0,1
chlorophyll,0,0,0,0,0,0,0,0,0,0,0,0,0,0,0,1,0,0,0,0,1
chlorogenic acid,0,0,0,0,0,0,0,0,0,0,0,0,0,0,0,0,0,0,1,0,1
chloridoideae,0,0,0,0,0,0,0,0,0,0,1,0,0,0,0,0,0,0,0,0,1
chlamydiales,0,0,0,0,0,0,0,0,0,0,0,0,0,0,1,0,0,0,0,0,1
chirps precipitation,0,0,0,0,0,0,0,0,0,0,0,0,0,0,0,0,1,0,0,0,1
chirps,0,0,0,0,0,0,0,0,0,0,1,0,0,0,0,0,0,0,0,0,1
chirodropida,0,0,0,1,0,0,0,0,0,0,0,0,0,0,0,0,0,0,0,0,1
chiricahua leopard frog,0,0,0,0,0,0,0,0,0,0,0,1,0,0,0,0,0,0,0,0,1
chionanthus retusus,0,0,0,0,0,0,0,0,0,0,0,0,0,0,0,0,0,0,1,0,1
chinnar wildlife sanctuary,0,0,0,0,0,0,0,0,0,0,0,0,0,0,0,0,0,0,1,0,1
chinese sturgeon,0,0,0,0,0,0,0,0,0,0,0,0,0,0,0,0,0,0,0,1,1
chinese mystery snail,0,0,0,0,0,0,0,0,0,0,1,0,0,0,0,0,0,0,0,0,1
chinese loess plateau,0,0,0,0,0,0,0,0,0,0,0,0,0,0,1,0,0,0,0,0,1
chinese grouse,0,0,0,0,0,0,0,0,0,0,0,0,0,0,1,0,0,0,0,0,1
chinese coastal waters,0,0,0,0,0,0,0,0,0,0,0,0,0,0,0,0,1,0,0,0,1
chinese caterpillar fungus,0,0,0,0,0,0,0,0,0,0,0,0,0,0,0,0,0,0,0,1,1
china flora,0,0,0,0,0,0,0,0,1,0,0,0,0,0,0,0,0,0,0,0,1
chimonanthus,0,0,0,0,0,0,0,0,0,0,0,0,0,0,0,0,0,0,1,0,1
charcoal,0,0,0,0,0,0,0,0,0,0,0,0,0,0,1,0,0,0,0,0,1
character release,0,0,0,0,0,0,0,0,0,1,0,0,0,0,0,0,0,0,0,0,1
cedrus atlantica,0,0,0,0,0,0,0,0,0,0,0,0,0,0,0,0,0,0,1,0,1
central iranian plateau,0,0,0,0,0,0,0,0,0,0,0,0,1,0,0,0,0,0,0,0,1
ceratina,0,0,0,0,0,0,0,0,0,0,0,0,0,1,0,0,0,0,0,0,1
cephus cinctus,0,0,0,0,0,0,0,0,0,0,1,0,0,0,0,0,0,0,0,0,1
cephalotaxus oliveri mast,0,0,0,0,0,0,0,0,0,0,0,0,0,0,0,0,0,1,0,0,1
cephaloscyllium albipinnum,0,0,0,0,0,0,0,0,0,0,0,0,0,0,0,0,0,0,0,1,1
cephalopods,0,0,0,0,0,0,0,0,0,0,0,0,0,0,0,0,0,0,0,1,1
cephalanthera,0,0,0,0,0,0,0,0,0,0,0,0,0,0,0,0,0,0,1,0,1
centroids movement,0,0,0,0,0,0,0,0,0,0,0,0,0,0,0,0,1,0,0,0,1
centroid shift,0,0,0,0,0,0,0,0,0,0,0,0,0,0,0,0,0,0,0,1,1
centroid change,0,0,0,0,0,0,0,0,0,0,0,0,0,0,0,0,0,1,0,0,1
centres of diversity,0,0,0,0,0,0,0,0,0,0,1,0,0,0,0,0,0,0,0,0,1
centrality measures,0,0,0,0,0,0,0,0,0,0,0,0,0,0,0,1,0,0,0,0,1
central-eastern mediterranean sea,0,0,0,0,0,0,0,0,0,0,0,0,0,0,1,0,0,0,0,0,1
central mediterranean sea,0,0,0,0,0,0,0,0,0,0,0,0,0,0,0,0,0,0,0,1,1
central italy,0,0,0,0,0,0,0,0,0,0,0,0,0,0,0,1,0,0,0,0,1
central iran,0,0,0,0,0,0,0,0,1,0,0,0,0,0,0,0,0,0,0,0,1
changthang,0,0,0,0,0,0,0,0,0,0,0,0,0,0,0,0,0,1,0,0,1
central forest state nature reserve,0,0,0,0,0,0,0,0,0,0,0,0,0,0,0,0,1,0,0,0,1
central ethiopia region,0,0,0,0,0,0,0,0,0,0,0,0,0,0,0,0,0,0,1,0,1
central chilean subregion,0,0,0,1,0,0,0,0,0,0,0,0,0,0,0,0,0,0,0,0,1
central appalachians,0,0,0,0,0,0,0,0,0,0,0,0,0,1,0,0,0,0,0,0,1
central andean puna,0,0,0,0,0,0,0,0,0,0,0,0,0,0,0,0,0,0,1,0,1
centipede,0,0,0,0,0,0,0,0,0,0,0,0,0,0,0,0,0,0,1,0,1
center-of-mass transfer,0,0,0,0,0,0,0,0,0,0,0,0,0,0,0,0,0,0,1,0,1
center of gravity,0,0,0,0,0,0,0,0,0,0,0,0,0,0,0,1,0,0,0,0,1
centaurea stoebe,0,0,0,0,0,0,0,0,1,0,0,0,0,0,0,0,0,0,0,0,1
centaurea solstitialis,0,0,0,0,0,0,0,0,0,0,0,1,0,0,0,0,0,0,0,0,1
cellular automata,0,0,0,0,0,0,0,0,0,0,0,0,0,0,0,0,0,1,0,0,1
cells of ecosystem functioning,0,0,0,0,0,0,0,0,0,0,0,0,1,0,0,0,0,0,0,0,1
celastrus orbiculatus,0,0,0,0,0,0,1,0,0,0,0,0,0,0,0,0,0,0,0,0,1
cedrus libani,0,0,0,0,0,0,0,0,0,0,0,0,0,0,0,0,1,0,0,0,1
ceratitis capitata,0,0,0,1,0,0,0,0,0,0,0,0,0,0,0,0,0,0,0,0,1
ceratitis cosyra,0,0,0,1,0,0,0,0,0,0,0,0,0,0,0,0,0,0,0,0,1
ceratitis rosa,0,0,0,1,0,0,0,0,0,0,0,0,0,0,0,0,0,0,0,0,1
ceratobasidium,0,0,0,0,0,0,0,0,0,0,0,0,0,0,0,1,0,0,0,0,1
changing correlations,0,0,0,0,1,0,0,0,0,0,0,0,0,0,0,0,0,0,0,0,1
changing climate,0,0,0,0,0,0,0,0,0,0,0,0,0,0,0,0,0,1,0,0,1
changes in range,0,0,0,0,0,0,0,0,0,0,0,0,0,0,0,1,0,0,0,0,1
change point,0,0,0,0,0,0,0,0,0,0,0,0,1,0,0,0,0,0,0,0,1
change,0,0,0,0,0,0,0,0,0,0,0,0,0,0,0,0,0,0,1,0,1
champsosaurus,0,0,0,0,0,0,0,0,0,0,0,0,0,0,0,1,0,0,0,0,1
chamaesium,0,0,0,0,0,0,0,0,0,0,0,0,0,0,0,1,0,0,0,0,1
chalcid wasps,0,0,0,0,0,0,0,0,0,0,0,0,0,0,0,0,0,0,1,0,1
chaetocnema pulla species group,0,0,0,0,0,0,0,0,0,0,0,0,0,0,0,1,0,0,0,0,1
chaetocnema,0,0,0,0,0,0,0,0,0,0,0,0,0,0,0,0,1,0,0,0,1
chaerephon,0,0,0,0,0,0,1,0,0,0,0,0,0,0,0,0,0,0,0,0,1
chaco ecoregion,0,0,0,0,0,0,0,0,0,0,0,0,0,0,0,0,0,0,0,1,1
chaco,0,0,0,0,0,0,0,0,0,0,0,0,0,0,0,0,0,0,0,1,1
chacma baboon,0,0,0,0,0,0,0,0,0,0,0,0,0,0,1,0,0,0,0,0,1
cetacean habitat model,0,0,0,0,0,0,0,0,0,0,0,0,0,0,0,1,0,0,0,0,1
cetacean distribution,0,0,0,0,0,0,0,0,0,0,0,0,0,0,0,0,0,0,0,1,1
cetacean conservation,0,0,0,0,0,0,0,0,0,0,0,0,0,0,0,0,0,0,0,1,1
cestoda,0,0,0,0,0,0,0,0,0,1,0,0,0,0,0,0,0,0,0,0,1
cervus unicolor,0,0,0,0,0,1,0,0,0,0,0,0,0,0,0,0,0,0,0,0,1
cervinae,0,0,0,0,0,0,0,0,0,0,0,0,0,0,1,0,0,0,0,0,1
cervids,0,0,0,0,0,0,0,0,0,0,0,0,0,0,0,0,0,0,1,0,1
cerrado domain,0,0,0,0,0,0,0,0,0,0,0,1,0,0,0,0,0,0,0,0,1
ceroplastes rusci,0,0,0,0,0,0,0,0,0,0,0,0,0,0,0,0,0,1,0,0,1
ceroplastes cirripediformis,0,0,0,0,0,0,0,0,0,0,0,0,0,0,0,1,0,0,0,0,1
cereus,0,0,0,0,0,0,0,0,0,0,0,0,0,0,0,0,0,0,0,1,1
cereal grass aphid,0,0,0,0,0,0,0,0,0,0,0,0,0,0,0,0,0,0,0,1,1
ceratopogonidae,0,0,0,0,0,0,0,0,0,0,1,0,0,0,0,0,0,0,0,0,1
ceratonia siliqua l.,0,0,0,0,0,0,0,0,0,0,0,0,0,0,0,0,1,0,0,0,1
ceratocystis fimbriata,0,0,0,0,0,0,0,0,0,0,0,0,0,0,1,0,0,0,0,0,1
"conservation epidemiology, ebolavirus",0,0,0,0,0,0,0,0,0,0,0,0,0,0,0,0,0,0,0,1,1
conservation feasibility,0,0,0,0,0,0,0,0,1,0,0,0,0,0,0,0,0,0,0,0,1
cajun prairie,0,0,0,0,0,0,0,0,0,0,0,0,0,0,0,0,0,0,1,0,1
discrimination accuracy,0,0,0,0,0,0,0,0,0,0,0,0,0,0,0,1,0,0,0,0,1
dispersal kernel,0,0,0,0,0,0,0,0,0,0,0,0,0,0,0,0,0,0,0,1,1
dispersal dynamics,0,0,0,0,0,0,0,0,0,0,0,0,0,0,0,0,0,0,0,1,1
disparification through time,0,0,0,0,0,0,0,0,0,0,1,0,0,0,0,0,0,0,0,0,1
dismo,0,0,0,0,0,0,0,0,0,0,1,0,0,0,0,0,0,0,0,0,1
disease-transmitting pest,0,0,0,0,0,0,0,0,0,0,0,0,0,1,0,0,0,0,0,0,1
disease susceptibility,0,0,0,0,0,0,0,0,0,0,0,0,0,0,0,0,1,0,0,0,1
disease surveillance,0,0,0,0,0,0,0,0,0,0,0,0,0,0,0,0,0,0,1,0,1
disease risk mapping,0,0,0,0,0,0,0,0,0,0,0,0,0,0,0,0,0,1,0,0,1
disease risk,0,0,0,0,0,0,0,0,0,0,0,0,0,1,0,0,0,0,0,0,1
disease management,0,0,0,0,0,0,0,0,0,0,0,0,0,0,0,0,0,0,0,1,1
disease control and pest management,0,0,0,0,0,0,0,0,0,0,0,0,0,0,0,0,1,0,0,0,1
disease biogeography,0,0,0,0,0,0,0,0,0,0,0,1,0,0,0,0,0,0,0,0,1
discriminatory ability,0,0,0,0,0,0,0,0,0,0,0,0,0,1,0,0,0,0,0,0,1
discrimination and calibration,0,0,0,0,0,0,0,0,0,0,1,0,0,0,0,0,0,0,0,0,1
discretisation rule,0,0,0,0,0,0,0,0,0,0,0,0,0,0,0,0,0,0,0,1,1
dispersal scenarios,0,0,0,0,0,0,0,0,0,0,0,0,0,0,0,0,0,0,1,0,1
discrete choice models,0,0,0,0,0,0,0,1,0,0,0,0,0,0,0,0,0,0,0,0,1
discontinuous distribution,0,0,0,0,0,0,0,0,0,1,0,0,0,0,0,0,0,0,0,0,1
discarding,0,0,0,0,0,0,0,0,0,0,0,0,0,0,0,0,0,0,0,1,1
dirus,0,0,0,0,0,0,0,0,0,0,0,0,0,0,0,0,1,0,0,0,1
directional distributions,0,0,0,0,0,0,0,0,0,0,0,0,0,1,0,0,0,0,0,0,1
dipterocarp trees,0,0,0,0,0,0,0,0,0,0,0,1,0,0,0,0,0,0,0,0,1
dipterocarp forests,0,0,0,0,0,0,0,0,0,0,0,0,0,0,0,0,0,0,0,1,1
dipsacoideae,0,0,0,0,0,0,0,0,0,0,0,0,0,0,0,0,0,0,0,1,1
dipodomys stephensi,0,0,0,0,0,0,0,0,0,0,0,0,0,1,0,0,0,0,0,0,1
diploids,0,0,0,0,0,0,0,0,0,1,0,0,0,0,0,0,0,0,0,0,1
diplogale hosei,0,0,0,0,0,0,0,1,0,0,0,0,0,0,0,0,0,0,0,0,1
dipetalogaster maxima,0,0,0,0,0,0,0,0,0,0,0,0,0,0,0,0,1,0,0,0,1
dioscorea elephantipes,0,0,0,0,0,0,0,0,0,0,0,0,0,0,0,0,1,0,0,0,1
dioscorea composita,0,0,0,0,0,0,0,0,0,0,0,0,0,0,0,0,0,1,0,0,1
dispersal routes,0,0,0,0,0,0,0,0,0,0,0,0,0,0,0,0,0,0,1,0,1
dispersal vectors,0,0,0,0,0,0,0,0,0,1,0,0,0,0,0,0,0,0,0,0,1
divergent selection,0,0,0,0,0,0,0,0,0,0,0,1,0,0,0,0,0,0,0,0,1
distribution prediction service,0,0,0,0,0,0,0,0,0,0,0,0,0,0,0,0,0,0,1,0,1
divergence time,0,0,0,0,0,0,1,0,0,0,0,0,0,0,0,0,0,0,0,0,1
divergence dating,0,0,0,0,0,0,0,0,0,1,0,0,0,0,0,0,0,0,0,0,1
divergence,0,0,0,0,0,0,0,0,0,0,0,0,0,0,1,0,0,0,0,0,1
diva-gis,0,0,0,0,0,0,0,0,0,0,0,0,0,0,0,1,0,0,0,0,1
diurnal moth,0,0,0,0,0,0,0,0,0,0,0,0,0,1,0,0,0,0,0,0,1
disturbance interactions,0,0,0,0,0,0,0,0,0,0,0,0,0,1,0,0,0,0,0,0,1
distributions,0,0,0,0,0,0,0,0,0,0,0,0,0,0,0,0,0,0,1,0,1
distributional shift,0,0,0,0,0,0,0,0,0,0,0,0,0,0,0,0,0,1,0,0,1
distributional limits,0,0,0,0,0,0,0,0,0,0,0,0,0,0,0,0,0,0,0,1,1
distribution shifts,0,0,0,0,0,0,0,0,0,0,0,0,0,1,0,0,0,0,0,0,1
distribution risk,0,0,0,0,0,0,0,0,0,0,0,1,0,0,0,0,0,0,0,0,1
distribution records,0,0,0,0,0,0,0,1,0,0,0,0,0,0,0,0,0,0,0,0,1
distribution ranges,0,0,0,0,0,0,0,0,0,0,0,0,0,0,0,1,0,0,0,0,1
distribution probability,0,0,0,0,0,0,0,0,0,0,1,0,0,0,0,0,0,0,0,0,1
distribution potential areas,0,0,0,0,0,0,0,0,0,0,0,0,0,0,1,0,0,0,0,0,1
dispersion,0,0,0,0,0,0,0,0,0,0,0,1,0,0,0,0,0,0,0,0,1
distribution of suitable habitats,0,0,0,0,0,0,0,0,0,0,0,0,0,0,0,0,1,0,0,0,1
distribution models,0,0,0,0,0,0,0,0,0,0,0,0,0,1,0,0,0,0,0,0,1
distribution modelling practice,0,0,0,0,0,0,0,0,0,1,0,0,0,0,0,0,0,0,0,0,1
distribution modeling,0,0,0,0,0,0,0,0,0,0,0,0,0,0,0,0,0,0,0,1,1
distribution in india,0,0,0,0,0,0,0,0,0,0,0,0,0,0,0,0,1,0,0,0,1
distribution history,0,0,0,0,0,0,0,0,0,0,0,0,0,0,0,0,0,0,1,0,1
distribution dynamic,0,0,0,0,0,0,0,0,0,0,0,0,1,0,0,0,0,0,0,0,1
distribution characteristics,0,0,0,0,0,0,0,0,0,0,0,0,0,0,1,0,0,0,0,0,1
distribution change detection,0,0,0,0,0,0,0,0,0,0,0,0,0,0,0,0,0,0,1,0,1
distance to the niche centroid,0,0,0,0,0,0,0,0,0,0,0,0,0,0,0,0,0,1,0,0,1
distance from the river,0,0,0,0,0,0,0,0,0,0,0,0,0,0,0,0,0,0,0,1,1
distance,0,0,0,0,0,0,0,0,0,0,0,0,1,0,0,0,0,0,0,0,1
dissostichus eleginoides,0,0,0,0,0,0,0,0,0,0,0,0,0,0,0,1,0,0,0,0,1
dissolved organic matter,0,0,0,0,0,0,0,0,0,0,0,0,1,0,0,0,0,0,0,0,1
dioscorea,0,0,0,0,0,0,0,0,0,0,0,0,0,1,0,0,0,0,0,0,1
dinamica ego,0,0,0,0,0,0,0,0,0,0,0,0,0,0,0,0,1,0,0,0,1
dimethyl sulfide,0,0,0,0,0,0,1,0,0,0,0,0,0,0,0,0,0,0,0,0,1
depredation risk,0,0,0,0,0,0,0,0,0,0,0,1,0,0,0,0,0,0,0,0,1
detarium senegalense,0,0,0,0,0,0,0,0,0,0,0,0,0,0,0,0,0,0,1,0,1
detarium microcarpum,0,0,0,0,0,0,0,0,0,0,0,0,0,0,0,0,0,0,1,0,1
desertification control,0,0,0,0,0,0,0,0,0,0,0,0,0,0,0,0,0,0,1,0,1
desert vegetation,0,0,0,0,0,0,0,0,0,0,0,0,0,1,0,0,0,0,0,0,1
desert teak,0,0,0,0,0,0,0,0,0,0,0,0,0,0,0,0,0,0,0,1,1
desert monitor,0,0,0,0,0,0,0,0,0,0,0,0,0,0,0,0,0,0,1,0,1
desert lizards,0,0,0,0,0,0,0,0,0,0,1,0,0,0,0,0,0,0,0,0,1
desert hamster,0,0,0,0,0,0,0,0,0,0,0,0,0,0,1,0,0,0,0,0,1
desert biomes,0,0,0,0,0,0,0,0,0,0,0,0,0,0,1,0,0,0,0,0,1
desert biogeography,0,0,0,0,0,0,1,0,0,0,0,0,0,0,0,0,0,0,0,0,1
descriptive ecology,0,0,0,0,0,0,0,0,0,0,0,0,0,1,0,0,0,0,0,0,1
dermochelys coriacea,0,0,0,0,0,0,0,0,0,0,0,0,0,0,0,0,0,0,1,0,1
dermacentor similis,0,0,0,0,0,0,0,0,0,0,0,0,0,0,0,0,0,0,0,1,1
depth,0,0,0,0,0,0,0,0,0,0,0,0,0,0,0,0,0,0,0,1,1
dependencia espacial,0,0,0,0,1,0,0,0,0,0,0,0,0,0,0,0,0,0,0,0,1
dimensionality reduction techniques,0,0,0,0,0,0,0,0,0,0,0,0,0,0,0,0,0,1,0,0,1
dental microwear texture analysis (dmta),0,0,0,0,0,0,0,0,0,0,0,0,0,0,0,0,1,0,0,0,1
density surface model,0,0,0,0,0,0,0,0,0,0,0,0,0,0,0,1,0,0,0,0,1
dense ombrophilous forest,0,0,0,0,0,0,0,0,0,0,0,0,0,0,0,0,0,0,0,1,1
dengue mapping,0,0,0,0,0,0,0,0,0,0,0,0,1,0,0,0,0,0,0,0,1
dendronephthya australis,0,0,0,0,0,0,0,0,0,0,1,0,0,0,0,0,0,0,0,0,1
dendrolimus punctatus,0,0,0,0,0,0,0,0,0,0,0,0,0,0,0,0,0,0,1,0,1
dendroctonus ponderosae hopkins,0,0,0,0,0,0,0,0,0,0,1,0,0,0,0,0,0,0,0,0,1
dendroctonus armandi,0,0,0,0,0,0,0,0,0,0,0,0,0,0,0,1,0,0,0,0,1
dendrochronology,0,0,0,0,0,0,0,0,0,0,0,1,0,0,0,0,0,0,0,0,1
dendrobium,0,0,0,0,0,0,0,0,0,0,0,0,0,0,1,0,0,0,0,0,1
dendrobatidae,0,0,0,0,0,0,0,0,0,0,0,0,0,0,0,0,0,0,1,0,1
demographic modeling,0,0,0,0,0,1,0,0,0,0,0,0,0,0,0,0,0,0,0,0,1
demographic model selection,0,0,0,0,0,0,0,0,0,0,0,0,0,0,0,0,0,0,1,0,1
demersal species,0,0,0,0,0,0,0,0,0,0,0,0,0,0,1,0,0,0,0,0,1
detection trapping,0,0,0,0,0,0,0,0,0,0,0,0,0,0,0,0,0,1,0,0,1
detrital subsidy,0,0,0,0,0,0,0,0,0,0,1,0,0,0,0,0,0,0,0,0,1
detritivore,0,0,0,0,0,0,0,0,0,0,0,0,0,0,0,0,0,1,0,0,1
detroit river,0,0,0,0,0,0,0,0,0,0,0,0,0,0,0,0,0,0,1,0,1
dimensional hypervolume,0,0,0,0,0,0,0,0,0,0,0,0,0,0,0,1,0,0,0,0,1
dikerogammarus villosus,0,0,0,0,0,0,0,1,0,0,0,0,0,0,0,0,0,0,0,0,1
digital surface models,0,0,0,0,0,0,0,0,0,0,0,0,0,0,0,1,0,0,0,0,1
digital mapping,0,0,0,0,0,0,0,0,0,0,0,0,0,0,1,0,0,0,0,0,1
digital map,0,0,0,0,0,0,0,0,0,0,0,0,0,0,0,0,0,1,0,0,1
digital elevation or terrain models,0,0,0,0,0,0,0,0,1,0,0,0,0,0,0,0,0,0,0,0,1
digital elevation models,0,0,0,0,0,0,0,0,0,0,0,0,0,0,0,1,0,0,0,0,1
differential interference contrast microscopy,0,0,0,0,0,0,0,0,0,0,1,0,0,0,0,0,0,0,0,0,1
differential grasshopper,0,0,0,0,0,0,0,0,0,0,0,0,0,0,0,0,0,0,0,1,1
differential evolution,0,0,0,0,0,0,0,0,0,0,0,0,1,0,0,0,0,0,0,0,1
dietary plants,0,0,0,0,0,0,0,0,0,0,0,0,0,0,1,0,0,0,0,0,1
diet composition,0,0,0,0,0,0,0,0,1,0,0,0,0,0,0,0,0,0,0,0,1
die-off,0,0,0,0,0,0,0,0,0,0,0,1,0,0,0,0,0,0,0,0,1
didymium nullifilum,0,0,0,0,0,0,0,0,0,0,0,0,0,0,0,0,0,0,1,0,1
didymium mexicanum,0,0,0,0,0,0,0,0,0,0,0,0,0,0,0,0,0,0,1,0,1
didemnum vexillum,0,0,0,0,0,0,0,0,0,0,0,0,0,0,0,0,0,0,0,1,1
didelphimorphia,0,0,0,0,0,0,0,0,0,0,0,0,0,0,0,0,0,0,1,0,1
dicrocoelium dendriticum,0,0,0,0,0,0,0,0,0,0,0,0,0,0,0,1,0,0,0,0,1
dicranum viride,0,0,0,0,0,0,0,0,0,0,0,0,0,0,1,0,0,0,0,0,1
diatom community,0,0,0,0,1,0,0,0,0,0,0,0,0,0,0,0,0,0,0,0,1
diaspidius,0,0,0,0,0,0,0,0,0,1,0,0,0,0,0,0,0,0,0,0,1
diaporthe vaccinii,0,0,0,0,0,0,0,0,0,0,0,1,0,0,0,0,0,0,0,0,1
diaphorina citri kuwayama,0,0,0,0,0,0,0,0,0,0,0,0,0,1,0,0,0,0,0,0,1
diameter at breast height,0,0,0,0,0,0,0,0,0,0,0,0,0,0,0,0,0,0,0,1,1
diagnostic tools,0,0,0,0,0,0,0,0,0,0,0,0,0,0,1,0,0,0,0,0,1
diadema setosum,0,0,0,0,0,0,0,0,0,0,0,1,0,0,0,0,0,0,0,0,1
dez and karkheh regions,0,0,0,0,0,0,0,0,0,1,0,0,0,0,0,0,0,0,0,0,1
development plan,0,0,0,0,0,0,0,0,0,0,0,1,0,0,0,0,0,0,0,0,1
development,0,0,0,0,0,0,0,0,0,0,0,0,0,0,1,0,0,0,0,0,1
divergencia ecol & oacute,0,0,0,0,0,0,0,0,0,0,0,0,0,0,0,0,0,0,1,0,1
diversity anomaly,0,0,0,0,0,0,0,0,0,0,0,0,0,0,0,0,0,0,0,1,1
conservation hotspots,0,0,0,0,0,0,0,0,0,0,0,0,0,0,0,0,1,0,0,0,1
e.s. strauchi,0,0,0,0,0,0,0,0,0,0,1,0,0,0,0,0,0,0,0,0,1
eastern gulf of mexico,0,0,0,0,0,0,0,0,0,0,0,1,0,0,0,0,0,0,0,0,1
eastern europe and the former soviet union,0,0,0,0,0,1,0,0,0,0,0,0,0,0,0,0,0,0,0,0,1
eastern arc mountains,0,0,0,0,0,0,0,0,0,0,0,0,0,1,0,0,0,0,0,0,1
eastern amazon,0,0,0,0,0,0,0,0,0,0,0,0,0,0,0,0,0,0,0,1,1
east asian biodiversity hotspot,0,0,0,0,0,0,0,0,0,0,0,0,0,0,0,0,0,0,1,0,1
east asia subtropics,0,0,0,0,0,0,0,0,0,0,0,0,0,0,0,0,0,1,0,0,1
earthworms,0,0,0,0,0,0,0,0,0,0,0,0,0,0,0,0,0,0,0,1,1
earthworm distribution,0,0,0,0,0,0,0,0,0,0,0,0,0,0,0,0,0,1,0,0,1
earth observation,0,0,0,0,0,0,0,0,0,0,0,0,1,0,0,0,0,0,0,0,1
earth mounds,0,0,0,0,0,0,0,0,0,0,0,1,0,0,0,0,0,0,0,0,1
early warning,0,0,0,0,0,0,0,0,0,0,0,0,0,0,0,0,0,0,0,1,1
early prediction,0,0,0,0,0,0,0,0,0,0,0,0,0,0,0,0,1,0,0,0,1
early detection and rapid response,0,0,0,0,0,0,0,0,0,0,0,0,0,0,0,1,0,0,0,0,1
eared-pheasant,0,0,0,0,0,0,0,0,0,0,0,1,0,0,0,0,0,0,0,0,1
e.s. kopetdaghica,0,0,0,0,0,0,0,0,0,0,1,0,0,0,0,0,0,0,0,0,1
eastern humid forest,0,0,0,0,0,0,0,0,0,0,0,0,0,0,0,0,0,0,1,0,1
e. perlacea,0,0,0,0,0,0,0,0,0,0,0,0,0,0,0,0,0,1,0,0,1
e-obs,0,0,0,0,0,0,0,0,0,0,0,0,0,0,0,0,0,1,0,0,1
dzhungarian (zhetisu) alatau,0,0,0,0,0,0,0,0,0,0,0,0,0,0,0,0,1,0,0,0,1
dysderidae,0,0,0,0,0,0,0,0,0,0,0,0,0,0,0,1,0,0,0,0,1
dyscritothamnus,0,0,0,0,0,0,0,0,0,1,0,0,0,0,0,0,0,0,0,0,1
dysbiosis,0,0,0,0,0,0,0,0,0,0,0,0,0,0,0,0,0,0,0,1,1
dynamics,0,0,0,0,0,0,0,1,0,0,0,0,0,0,0,0,0,0,0,0,1
dynamic process model,0,0,0,0,0,0,0,0,0,0,0,0,0,1,0,0,0,0,0,0,1
dynamic ocean management,0,0,0,0,0,0,0,0,0,0,0,0,0,0,0,0,0,1,0,0,1
dynamic niche models,0,0,0,0,0,0,0,0,0,0,0,0,0,0,0,0,0,0,0,1,1
dynamic model,0,0,0,0,0,0,0,0,0,0,0,0,0,0,0,0,0,1,0,0,1
dynamic history,0,0,0,0,0,0,0,0,0,0,0,0,0,0,0,0,0,0,0,1,1
dynamic habitats,0,0,0,0,0,0,0,0,0,0,0,0,0,0,0,0,0,0,1,0,1
dynamic habitat suitability,0,0,0,0,0,0,0,0,0,0,0,0,0,1,0,0,0,0,0,0,1
eastern hemlock,0,0,0,0,0,0,0,0,0,0,0,0,0,0,0,0,0,0,1,0,1
eastern massasauga,0,0,0,0,0,0,0,0,0,0,0,0,1,0,0,0,0,0,0,0,1
diversity driver,0,0,0,0,0,0,0,0,0,0,0,0,0,0,0,0,1,0,0,0,1
ecological attributes for restoration,0,0,0,0,0,0,0,0,0,1,0,0,0,0,0,0,0,0,0,0,1
ecological legacies,0,0,0,0,0,0,0,0,0,0,0,0,0,0,0,0,1,0,0,0,1
ecological landscape,0,0,0,0,0,0,0,0,0,0,0,0,0,1,0,0,0,0,0,0,1
ecological knowledge,0,0,0,0,0,1,0,0,0,0,0,0,0,0,0,0,0,0,0,0,1
ecological indicator values,0,0,0,0,0,0,0,0,0,0,0,0,0,0,1,0,0,0,0,0,1
ecological guild,0,0,0,0,0,0,0,0,0,0,0,0,0,0,0,0,0,1,0,0,1
ecological fallacy,0,0,0,0,0,0,0,0,0,0,0,1,0,0,0,0,0,0,0,0,1
ecological factor analysis (enfa),0,0,0,0,0,1,0,0,0,0,0,0,0,0,0,0,0,0,0,0,1
ecological dynamics,0,0,0,0,0,0,0,0,0,0,0,0,0,0,0,0,0,0,0,1,1
ecological distribution,0,0,0,0,0,0,0,0,0,0,0,0,0,0,0,0,0,0,0,1,1
ecological data,0,0,0,0,0,0,0,0,0,0,0,0,0,0,0,0,1,0,0,0,1
ecological conditions,0,0,0,0,0,0,0,0,0,0,0,0,0,0,0,0,0,0,1,0,1
ecological complexity,0,0,0,0,0,0,0,0,0,0,0,0,0,0,1,0,0,0,0,0,1
ecological biogeography,0,0,0,0,0,0,0,0,0,0,0,0,0,1,0,0,0,0,0,0,1
ecological barrier,0,0,0,0,0,0,0,0,0,0,0,0,0,0,0,0,1,0,0,0,1
ecological assessments,0,0,0,0,0,0,0,0,0,0,0,0,0,0,0,0,1,0,0,0,1
ebfm,0,0,0,0,0,0,0,0,0,0,0,0,0,0,0,0,0,0,0,1,1
ecological and environmental quality,0,0,0,0,0,0,0,0,0,0,0,0,0,0,0,0,1,0,0,0,1
ecologic niche model,0,0,0,0,0,0,0,0,0,0,0,0,0,0,0,0,0,0,0,1,1
ecologic niche,0,0,0,0,0,0,0,0,0,0,0,1,0,0,0,0,0,0,0,0,1
ecologia del paisaje,0,0,0,0,0,0,0,0,0,0,0,0,0,0,0,0,0,1,0,0,1
ecoinformatics,0,0,0,0,0,1,0,0,0,0,0,0,0,0,0,0,0,0,0,0,1
ecocrop,0,0,0,0,0,0,0,0,0,0,0,0,0,0,1,0,0,0,0,0,1
ecoclimate indices,0,0,0,0,0,0,0,0,0,0,0,0,0,0,0,0,0,0,0,1,1
echolocation calls,0,0,0,0,0,0,0,0,0,0,0,0,0,0,1,0,0,0,0,0,1
echolocation,0,0,0,0,0,0,0,0,0,0,0,0,0,0,0,1,0,0,0,0,1
echinoderm,0,0,0,0,0,0,0,0,0,0,1,0,0,0,0,0,0,0,0,0,1
echinococcosis,0,0,0,0,0,0,0,0,0,0,0,0,0,0,0,0,1,0,0,0,1
echinochloa,0,0,0,0,0,0,0,1,0,0,0,0,0,0,0,0,0,0,0,0,1
echinocarpa,0,0,0,0,0,0,0,0,0,0,0,0,0,0,0,1,0,0,0,0,1
ebsa,0,0,0,0,0,0,0,0,0,0,0,0,0,1,0,0,0,0,0,0,1
dynamic energy budget,0,0,0,0,0,0,0,0,0,0,0,0,0,0,0,0,0,0,0,1,1
dye plants,0,0,0,0,0,0,0,0,0,0,0,0,0,0,0,0,0,0,1,0,1
dwelling spider,0,0,0,0,0,0,0,0,0,0,0,0,0,0,0,1,0,0,0,0,1
donor regions,0,0,0,0,0,0,0,0,0,0,0,0,0,0,0,0,0,1,0,0,1
dracaena surculosa lindl,0,0,0,0,0,0,0,0,0,0,0,0,0,1,0,0,0,0,0,0,1
dracaena cinnabari,0,0,0,0,0,0,0,0,0,0,0,0,0,0,0,0,1,0,0,0,1
dracaena camerooniana baker,0,0,0,0,0,0,0,0,0,0,0,0,0,1,0,0,0,0,0,0,1
dracaena afromontana mildbr,0,0,0,0,0,0,0,0,0,0,0,0,0,1,0,0,0,0,0,0,1
downslope shift,0,0,0,0,0,0,0,0,0,0,0,0,0,0,0,0,1,0,0,0,1
downscaled hydrodynamics,0,0,0,0,0,0,0,0,0,0,0,0,0,0,1,0,0,0,0,0,1
down-sampling random forests,0,0,0,0,0,0,0,0,0,0,0,0,0,0,0,0,1,0,0,0,1
down-sampling,0,0,0,0,0,0,0,0,0,0,0,0,0,0,0,0,1,0,0,0,1
douc langur,0,0,0,0,0,0,0,0,0,0,0,0,1,0,0,0,0,0,0,0,1
douc,0,0,0,0,0,0,0,0,0,0,0,0,0,0,1,0,0,0,0,0,1
double cropping rice,0,0,0,0,0,0,0,0,0,0,0,0,0,0,0,0,0,0,0,1,1
dothideomycetes,0,0,0,0,0,0,0,0,0,0,0,0,0,1,0,0,0,0,0,0,1
dothideales,0,0,0,0,0,0,0,0,0,0,0,0,1,0,0,0,0,0,0,0,1
dot-winged crake,0,0,0,0,0,0,0,0,0,0,0,0,0,0,0,0,0,0,0,1,1
dominant plants,0,0,0,0,0,0,0,0,0,0,0,0,0,0,0,0,0,1,0,0,1
dvi,0,0,0,0,0,0,0,0,0,0,0,0,0,0,0,0,1,0,0,0,1
dominant plant species,0,0,0,0,0,0,0,0,0,0,0,0,0,0,0,0,0,0,1,0,1
dominant niche conditions,0,0,0,0,0,0,0,0,0,0,0,0,0,0,0,1,0,0,0,0,1
dominant markers,0,0,0,0,0,0,0,0,0,0,0,0,0,0,1,0,0,0,0,0,1
domestication gradient,0,0,0,0,0,0,0,0,0,0,0,0,0,0,0,0,0,1,0,0,1
domestication area,0,0,0,0,0,0,0,0,0,0,0,0,0,1,0,0,0,0,0,0,1
domain presence-only model,0,0,0,0,0,0,0,0,0,0,0,0,0,0,0,1,0,0,0,0,1
domain model,0,0,0,0,0,0,0,0,0,0,0,0,0,0,0,0,0,1,0,0,1
dog,0,0,0,0,0,0,0,0,0,0,0,0,0,0,0,1,0,0,0,0,1
dna metabarcoding,0,0,0,0,0,0,0,0,0,0,0,0,0,0,0,0,0,0,0,1,1
dmz,0,0,0,0,0,0,0,0,0,0,0,0,0,0,0,1,0,0,0,0,1
djaffa mountains guereza,0,0,0,0,0,0,0,0,0,0,0,0,0,0,0,0,1,0,0,0,1
diz,0,0,0,0,0,0,0,0,0,0,0,0,0,0,0,1,0,0,0,0,1
diving beetle,0,0,0,0,0,0,0,0,1,0,0,0,0,0,0,0,0,0,0,0,1
diversity patterns,0,0,0,0,0,0,0,0,0,0,0,0,0,0,0,0,1,0,0,0,1
drainage,0,0,0,0,0,0,0,0,0,0,0,1,0,0,0,0,0,0,0,0,1
dreissena polymorpha,0,0,0,0,0,0,0,1,0,0,0,0,0,0,0,0,0,0,0,0,1
dreissenids,0,0,0,0,0,0,0,0,0,0,0,0,0,0,0,0,0,0,1,0,1
drepanostachyum falcatum,0,0,0,0,0,0,0,0,0,0,0,0,0,0,0,0,0,1,0,0,1
duty cycle,0,0,0,0,0,0,0,0,0,0,0,0,0,0,1,0,0,0,0,0,1
dutch elm disease,0,0,0,0,0,0,0,0,0,0,0,0,0,0,0,1,0,0,0,0,1
dust storm,0,0,0,0,0,0,0,0,0,0,0,0,0,0,1,0,0,0,0,0,1
dust hotspots,0,0,0,0,0,0,0,0,0,0,0,0,0,0,0,0,0,0,1,0,1
durango,0,0,0,0,0,0,0,0,0,0,0,0,1,0,0,0,0,0,0,0,1
dung beetle,0,0,0,0,0,0,0,0,0,0,0,0,0,0,1,0,0,0,0,0,1
dune ecosystem,0,0,0,0,0,0,0,0,0,0,0,0,1,0,0,0,0,0,0,0,1
dugong,0,0,0,0,0,0,0,0,0,0,0,1,0,0,0,0,0,0,0,0,1
duck river,0,0,0,0,0,0,0,0,0,0,0,0,0,0,0,0,1,0,0,0,1
dubas bug,0,0,0,0,0,0,0,0,0,0,0,0,1,0,0,0,0,0,0,0,1
dryopteridaceae,0,0,0,0,0,0,0,0,0,0,0,0,0,0,0,0,0,0,1,0,1
dryomys laniger,0,0,0,0,0,0,0,0,0,0,0,0,0,0,0,0,0,0,1,0,1
drylands vesper mouse,0,0,0,0,0,0,0,0,0,0,0,0,0,0,0,0,0,0,0,1,1
dry-hot valleys,0,0,0,0,0,0,0,0,0,0,0,0,0,0,0,0,0,0,0,1,1
dry tropical forests,0,0,0,0,0,0,0,0,0,0,0,0,0,0,0,1,0,0,0,0,1
dry diagonal,0,0,0,0,0,0,0,0,0,0,0,0,0,0,0,1,0,0,0,0,1
drought tolerance,0,0,0,0,0,0,0,0,1,0,0,0,0,0,0,0,0,0,0,0,1
drought responses,0,0,0,0,0,0,0,0,0,0,0,1,0,0,0,0,0,0,0,0,1
drought resistance,0,0,0,0,0,0,0,0,0,0,0,0,0,1,0,0,0,0,0,0,1
drought extremes,0,0,0,0,0,0,0,0,0,0,0,0,0,0,0,0,1,0,0,0,1
drought effects,0,0,0,0,0,0,0,0,0,0,0,0,0,0,0,0,0,1,0,0,1
drosophilidae,0,0,0,0,0,0,0,0,0,0,0,0,0,0,0,0,0,1,0,0,1
drosophila suzukii,0,0,0,0,0,0,0,0,0,0,0,0,0,1,0,0,0,0,0,0,1
driving mechanisms,0,0,0,0,0,0,0,0,0,0,0,0,0,0,1,0,0,0,0,0,1
driving forces,0,0,0,0,0,0,0,0,1,0,0,0,0,0,0,0,0,0,0,0,1
drivers of extinctions,0,0,0,0,0,0,0,0,0,0,0,0,1,0,0,0,0,0,0,0,1
drive,0,0,0,0,0,0,0,0,0,0,0,0,0,0,1,0,0,0,0,0,1
drifting recorders,0,0,0,0,0,0,0,0,0,0,0,0,0,0,0,1,0,0,0,0,1
drift algae,0,0,0,0,0,0,0,0,0,0,1,0,0,0,0,0,0,0,0,0,1
demersal fisheries,0,0,0,0,0,0,0,0,0,0,0,0,0,0,0,0,0,0,1,0,1
demersal fish distribution,0,0,0,0,0,0,0,0,0,0,0,0,0,0,0,1,0,0,0,0,1
demersal fish,0,0,0,0,0,0,0,0,0,0,0,0,0,0,0,1,0,0,0,0,1
crete,0,0,0,0,0,0,0,0,0,0,0,0,0,0,1,0,0,0,0,0,1
crop rotation,0,0,0,0,0,0,0,0,0,0,0,0,0,0,0,0,0,0,0,1,1
crop raiding,0,0,0,0,0,0,0,0,0,0,0,0,0,0,0,0,0,1,0,0,1
crop losses,0,0,0,0,0,0,0,0,0,0,0,0,0,0,0,0,0,0,1,0,1
crop insect pests,0,0,0,0,0,0,0,0,0,0,0,0,0,0,0,0,0,0,1,0,1
crop depredation,0,0,0,0,0,0,0,0,0,0,0,0,0,0,1,0,0,0,0,0,1
crop data layer,0,0,0,0,0,0,0,0,0,0,0,0,0,0,0,0,0,0,0,1,1
crocodylia,0,0,0,0,0,0,0,0,0,0,0,0,0,0,0,0,0,0,1,0,1
croatia,0,0,0,0,0,0,0,0,0,0,0,1,0,0,0,0,0,0,0,0,1
critical loads,0,0,0,0,0,0,0,0,1,0,0,0,0,0,0,0,0,0,0,0,1
critical habitat requirements,0,0,0,0,0,0,0,0,0,0,0,0,0,0,0,0,0,0,0,1,1
critical areas,0,0,0,0,0,0,0,0,0,0,0,0,0,0,0,0,0,1,0,0,1
crinum malabaricum,0,0,0,0,0,0,0,0,0,0,0,0,0,0,0,0,0,1,0,0,1
crimean-congo hemorrhagic,0,0,0,0,0,0,0,0,0,0,0,0,0,0,0,0,1,0,0,0,1
crimean juniper,0,0,0,0,0,0,0,0,0,1,0,0,0,0,0,0,0,0,0,0,1
crested porcupine,0,0,0,0,0,0,0,1,0,0,0,0,0,0,0,0,0,0,0,0,1
crop-exploiting species,0,0,0,0,0,0,0,0,0,0,0,0,0,0,0,0,0,0,1,0,1
crayfish burrow,0,0,0,0,0,0,0,0,0,0,0,0,0,0,0,0,0,0,1,0,1
crataegus monogyna,0,0,0,0,0,0,0,0,0,0,0,0,0,0,0,0,0,0,0,1,1
cranberry viscid rot,0,0,0,0,0,0,0,0,0,0,0,1,0,0,0,0,0,0,0,0,1
cranberries,0,0,0,0,0,0,0,0,0,0,0,1,0,0,0,0,0,0,0,0,1
crabs,0,0,0,0,0,0,0,0,0,0,0,0,0,0,0,1,0,0,0,0,1
crabeater seal,0,0,0,0,0,0,0,0,0,0,0,0,0,0,0,1,0,0,0,0,1
cpue,0,0,0,0,0,0,0,0,0,0,0,0,0,0,0,0,0,0,0,1,1
coyotes,0,0,0,0,0,0,0,0,1,0,0,0,0,0,0,0,0,0,0,0,1
coxiella,0,0,0,0,0,0,0,0,0,0,0,1,0,0,0,0,0,0,0,0,1
covariates importance,0,0,0,0,0,0,0,0,0,0,0,0,0,0,1,0,0,0,0,0,1
covariates,0,0,0,0,0,0,0,0,0,0,0,0,0,0,1,0,0,0,0,0,1
covariate correction,0,0,0,0,0,0,0,0,0,0,0,0,0,0,0,1,0,0,0,0,1
county,0,0,0,0,0,0,0,0,0,0,0,0,0,0,0,1,0,0,0,0,1
coue,0,0,0,0,0,0,0,0,0,0,0,0,0,0,0,0,0,0,0,1,1
crop simulation modeling,0,0,0,0,0,0,0,0,0,0,0,0,0,0,0,0,0,0,1,0,1
cross-scale validation,0,0,0,0,0,0,1,0,0,0,0,0,0,0,0,0,0,0,0,0,1
delta d animal origins,0,0,0,0,0,0,0,0,0,0,0,1,0,0,0,0,0,0,0,0,1
cryptozoans,0,0,0,0,0,0,0,0,0,0,0,0,0,0,0,0,0,0,1,0,1
culex theileri,0,0,0,0,0,0,0,0,0,0,0,0,0,1,0,0,0,0,0,0,1
culex pipiens-restuans,0,0,0,0,0,0,0,0,0,0,0,0,0,0,0,1,0,0,0,0,1
culex pipiens quinquefasciatus,0,0,0,0,0,0,0,0,0,0,0,0,0,0,1,0,0,0,0,0,1
culex pipiens pallens,0,0,0,0,0,0,0,0,0,0,0,0,0,0,1,0,0,0,0,0,1
culex nigripalpus,0,0,0,0,0,0,0,0,0,0,1,0,0,0,0,0,0,0,0,0,1
cucurbitaceae,0,0,0,0,0,0,0,0,0,0,0,0,0,0,0,0,0,1,0,0,1
cubozoa,0,0,0,1,0,0,0,0,0,0,0,0,0,0,0,0,0,0,0,0,1
cuban toad,0,0,0,0,0,0,0,0,0,0,0,0,0,0,0,1,0,0,0,0,1
cuba,0,0,0,0,0,0,0,0,0,0,1,0,0,0,0,0,0,0,0,0,1
ctenophorus caudicinctus,0,0,0,0,0,0,0,0,0,0,1,0,0,0,0,0,0,0,0,0,1
ctenomys australis,0,0,0,0,0,0,0,0,0,0,0,0,0,0,0,0,1,0,0,0,1
ctenomys,0,0,0,0,0,0,0,0,0,0,0,0,0,0,0,1,0,0,0,0,1
cta,0,0,0,0,0,0,0,0,0,0,0,0,0,1,0,0,0,0,0,0,1
cscf,0,0,0,0,0,0,0,0,1,0,0,0,0,0,0,0,0,0,0,0,1
cryptostegia grandiflora,0,0,0,0,0,0,0,0,0,0,1,0,0,0,0,0,0,0,0,0,1
cross-validation,0,0,0,0,0,0,0,0,0,0,0,0,0,0,1,0,0,0,0,0,1
cryptosporidium,0,0,0,0,0,0,0,0,0,0,0,0,0,0,0,0,0,1,0,0,1
cryptosporidiosis,0,0,0,0,0,0,0,0,0,0,0,0,0,0,0,0,0,1,0,0,1
cryptophractus pilosus,0,0,0,0,0,0,0,0,0,0,0,1,0,0,0,0,0,0,0,0,1
cryptobranchus,0,0,0,0,0,0,0,0,0,0,0,0,0,0,1,0,0,0,0,0,1
cryptic taxa,0,0,0,0,0,0,0,0,0,0,0,0,0,0,0,0,1,0,0,0,1
cryptic refugia,0,0,0,0,0,0,0,0,0,0,0,0,0,0,0,1,0,0,0,0,1
cryptic,0,0,0,0,0,0,0,0,0,0,0,0,0,1,0,0,0,0,0,0,1
crowned lemurs,0,0,0,0,0,0,0,0,0,0,0,0,0,0,1,0,0,0,0,0,1
croton wagneri,0,0,0,0,0,0,0,0,0,0,0,0,0,0,0,0,0,0,1,0,1
crotalus oreganus,0,0,0,0,0,0,0,0,0,0,0,0,0,0,0,1,0,0,0,0,1
crotalus horridus,0,0,0,0,0,0,0,0,0,0,0,0,0,0,0,0,0,0,1,0,1
crossoptilon mantchuricum,0,0,0,0,0,0,0,0,0,0,1,0,0,0,0,0,0,0,0,0,1
crossoptilon auritum,0,0,0,0,0,0,0,0,0,0,0,0,0,0,0,0,1,0,0,0,1
crossoptilon,0,0,0,0,0,0,0,0,0,0,0,1,0,0,0,0,0,0,0,0,1
coua,0,0,0,0,0,0,0,0,0,0,0,0,0,0,0,0,1,0,0,0,1
cotton pest,0,0,0,0,0,0,0,0,1,0,0,0,0,0,0,0,0,0,0,0,1
cotton jassid,0,0,0,0,0,0,0,0,0,0,0,0,0,0,0,0,0,0,0,1,1
contamination,0,0,0,0,0,0,0,0,0,1,0,0,0,0,0,0,0,0,0,0,1
copernicus marine service (cms),0,0,0,0,0,0,0,0,0,0,0,0,0,0,0,0,0,0,1,0,1
copernicus,0,0,0,0,0,0,0,0,0,0,0,0,0,0,0,1,0,0,0,0,1
copepoda,0,0,0,0,0,0,0,0,0,0,0,0,0,0,0,0,0,0,1,0,1
cope's skink,0,0,0,0,0,0,0,0,0,0,0,0,0,0,1,0,0,0,0,0,1
cop 15: eastern ghats,0,0,0,0,0,0,0,0,0,0,0,0,0,0,0,0,0,0,1,0,1
coosawattee,0,0,0,0,0,0,0,0,1,0,0,0,0,0,0,0,0,0,0,0,1
controlled environment experiment,0,0,0,0,0,0,0,0,0,0,0,0,0,0,0,0,0,0,0,1,1
continentality,0,0,0,0,0,0,0,0,0,0,0,0,1,0,0,0,0,0,0,0,1
continental shelf,0,0,0,0,0,0,0,1,0,0,0,0,0,0,0,0,0,0,0,0,1
continental island,0,0,0,0,0,0,0,0,0,0,0,0,1,0,0,0,0,0,0,0,1
continental disjuncts,0,0,0,0,0,0,0,0,0,0,0,0,0,0,0,1,0,0,0,0,1
contiguous poverty areas,0,0,0,0,0,0,0,0,0,0,0,0,0,0,0,0,0,0,1,0,1
contextual information,0,0,0,0,0,0,0,0,0,0,0,0,0,0,0,0,1,0,0,0,1
context dependency,0,0,0,0,0,0,0,0,0,0,0,0,0,0,0,0,0,0,1,0,1
contaminants,0,0,0,0,0,0,0,0,0,0,0,0,0,1,0,0,0,0,0,0,1
cost distance,0,0,0,0,0,0,0,0,0,0,0,0,1,0,0,0,0,0,0,0,1
constrictors,0,0,0,0,0,0,0,0,0,0,0,0,0,0,0,0,0,0,1,0,1
constancy,0,0,0,0,0,0,0,0,0,0,0,0,0,0,1,0,0,0,0,0,1
consistent reporting,0,0,0,0,0,0,0,0,0,0,0,0,1,0,0,0,0,0,0,0,1
conservation reserve program,0,0,0,0,0,0,0,0,0,0,0,1,0,0,0,0,0,0,0,0,1
conservation priority assessment,0,0,0,0,0,0,0,0,0,0,0,0,0,0,0,0,0,0,1,0,1
conservation prioritization analysis,0,0,0,0,0,0,0,0,0,0,0,0,0,1,0,0,0,0,0,0,1
conservation practice,0,0,0,0,0,0,0,0,0,0,0,0,0,0,0,0,0,0,0,1,1
conservation potential,0,0,0,0,0,0,0,0,0,0,0,0,0,0,0,0,0,0,1,0,1
conservation palaeobiology,0,0,0,0,0,0,0,0,0,0,0,0,0,0,0,0,0,0,1,0,1
conservation of wildlife,0,0,0,0,0,0,0,0,0,0,0,0,0,0,0,0,0,1,0,0,1
conservation of nature,0,0,0,0,0,0,0,0,0,0,0,0,0,0,0,1,0,0,0,0,1
conservation of natural resources,0,0,0,0,0,0,0,0,0,0,0,0,0,0,0,0,0,0,0,1,1
conservation monitoring,0,0,0,0,0,0,0,0,0,0,0,0,0,0,0,0,0,0,0,1,1
conservation medicine,0,0,0,0,0,0,0,0,1,0,0,0,0,0,0,0,0,0,0,0,1
copper mahseer,0,0,0,0,0,0,0,0,0,0,0,0,0,0,0,1,0,0,0,0,1
coptis,0,0,0,0,0,0,0,0,0,0,0,0,0,0,1,0,0,0,0,0,1
coptis species,0,0,0,0,0,0,0,0,0,0,0,0,0,0,0,0,0,0,0,1,1
coracias garrulus,0,0,0,0,0,0,0,0,0,0,0,0,0,0,1,0,0,0,0,0,1
coscinium fenestratum,0,0,0,0,0,0,0,0,0,0,0,0,0,0,0,0,1,0,0,0,1
corythucha arcuata,0,0,0,0,0,0,0,0,0,0,0,0,0,0,0,0,0,0,0,1,1
corystes cassivelaunus,0,0,0,0,0,0,0,1,0,0,0,0,0,0,0,0,0,0,0,0,1
coryphodema tristis (cossid moth),0,0,0,0,0,0,0,0,0,0,0,0,0,1,0,0,0,0,0,0,1
corylus avellana,0,0,0,0,0,0,0,0,0,1,0,0,0,0,0,0,0,0,0,0,1
corticolous lichens,0,0,0,0,0,0,0,0,0,0,1,0,0,0,0,0,0,0,0,0,1
corsican red deer,0,0,0,0,0,0,0,0,0,0,0,0,0,0,0,0,1,0,0,0,1
corridor designer,0,0,0,0,0,0,0,0,0,0,0,0,0,0,0,1,0,0,0,0,1
correlation,0,0,0,0,0,0,0,0,1,0,0,0,0,0,0,0,0,0,0,0,1
corrected weighted endemism,0,0,0,0,0,0,0,0,1,0,0,0,0,0,0,0,0,0,0,0,1
coronella austriaca,0,0,0,0,0,0,0,0,0,0,0,0,0,0,1,0,0,0,0,0,1
coronavirus,0,0,0,0,0,0,0,0,0,0,0,0,0,0,0,0,1,0,0,0,1
coronado national forest,0,0,0,0,0,0,0,0,0,0,0,0,0,0,0,0,0,1,0,0,1
cornitermes,0,0,0,0,0,0,0,0,0,0,1,0,0,0,0,0,0,0,0,0,1
corn suitability,0,0,0,0,0,0,0,0,0,0,0,0,0,0,0,0,0,0,0,1,1
corn leafhopper,0,0,0,0,0,0,0,0,0,0,0,0,0,1,0,0,0,0,0,0,1
cormorant,0,0,0,0,0,0,0,0,0,0,0,1,0,0,0,0,0,0,0,0,1
cork oak,0,0,0,0,0,0,0,0,0,0,0,0,0,0,0,0,1,0,0,0,1
corine land cover,0,0,0,0,0,0,0,0,0,0,0,0,0,0,0,0,1,0,0,0,1
core size and shift,0,0,0,0,0,0,0,0,0,0,0,0,1,0,0,0,0,0,0,0,1
cordyla pinnata,0,0,0,0,0,0,0,0,0,0,0,0,0,0,0,0,0,0,1,0,1
cordillera de talamanca,0,0,0,0,0,0,0,0,0,0,0,0,0,0,0,0,0,1,0,0,1
corbicula fluminalis,0,0,0,0,0,0,0,1,0,0,0,0,0,0,0,0,0,0,0,0,1
coralligenous conservation,0,0,0,0,0,0,0,0,0,0,0,0,0,0,0,0,0,1,0,0,1
coral triangle,0,0,0,0,0,0,0,0,0,0,0,0,0,0,0,0,0,1,0,0,1
coral species,0,0,0,0,0,0,0,0,0,1,0,0,0,0,0,0,0,0,0,0,1
coral snakes,0,0,0,0,1,0,0,0,0,0,0,0,0,0,0,0,0,0,0,0,1
coral reef biogeography,0,0,0,0,0,0,1,0,0,0,0,0,0,0,0,0,0,0,0,0,1
coral gardening,0,0,0,0,0,0,0,0,0,0,0,0,0,0,0,0,0,0,0,1,1
culicoides imicola,0,0,0,0,0,0,0,0,0,0,0,0,0,0,0,0,0,0,1,0,1
cultivated plants,0,0,0,0,0,0,0,0,0,0,1,0,0,0,0,0,0,0,0,0,1
cultivation sites,0,0,0,0,0,0,0,0,0,0,0,0,0,0,0,0,1,0,0,0,1
data scarcity,0,0,0,0,0,0,0,0,0,0,0,0,0,0,1,0,0,0,0,0,1
dead man's fingers,0,0,0,0,0,0,0,0,0,0,0,0,0,0,0,0,1,0,0,0,1
ddrad,0,0,0,0,0,0,0,0,0,0,0,0,0,0,1,0,0,0,0,0,1
dbh,0,0,0,0,0,0,0,0,0,0,0,0,0,1,0,0,0,0,0,0,1
daxiangling mountains,0,0,0,0,0,0,0,0,0,0,0,0,1,0,0,0,0,0,0,0,1
datasets,0,0,0,0,0,0,0,0,0,0,0,0,1,0,0,0,0,0,0,0,1
databases,0,0,0,0,0,0,0,0,0,0,0,0,0,0,0,0,0,0,1,0,1
data-loggers,0,0,0,0,0,0,0,0,0,0,0,0,0,0,0,1,0,0,0,0,1
data-limited,0,0,0,0,0,0,0,0,0,0,0,0,0,0,0,0,0,0,1,0,1
data-integration models,0,0,0,0,0,0,0,0,0,0,0,0,0,0,0,0,1,0,0,0,1
data-cleaning,0,0,0,0,0,0,0,0,0,0,1,0,0,0,0,0,0,0,0,0,1
data-centric,0,0,0,0,0,0,0,0,0,0,0,0,0,0,0,0,0,0,1,0,1
data visualization,0,0,0,0,0,0,0,0,0,0,0,0,0,0,0,0,0,0,1,0,1
data usage technique,0,0,0,0,0,0,0,0,0,0,0,0,0,0,0,0,0,0,0,1,1
data type,0,0,0,0,0,0,0,0,0,0,0,0,0,0,0,0,0,0,0,1,1
data resolution,0,0,0,0,0,0,0,0,0,0,0,0,1,0,0,0,0,0,0,0,1
dasypus pilosus,0,0,0,0,0,0,0,0,0,0,0,1,0,0,0,0,0,0,0,0,1
data reliability,0,0,0,0,0,0,0,0,0,0,0,0,0,0,0,0,0,0,1,0,1
data refinement,0,0,0,0,0,0,0,0,0,0,1,0,0,0,0,0,0,0,0,0,1
data quality filtering,0,0,0,0,0,0,0,0,0,0,0,0,0,0,0,1,0,0,0,0,1
data pooling,0,0,0,0,0,0,0,0,0,0,0,0,0,0,0,0,1,0,0,0,1
data modeling,0,0,0,0,0,0,1,0,0,0,0,0,0,0,0,0,0,0,0,0,1
data mining methods,0,0,0,0,0,0,0,0,0,0,0,0,0,0,0,1,0,0,0,0,1
data infrastructure,0,0,0,0,0,0,0,0,0,0,0,0,0,0,0,0,0,0,0,1,1
data incompleteness,0,0,0,0,0,0,0,0,0,0,0,0,0,0,0,0,1,0,0,0,1
data harmonization,0,0,0,0,0,0,0,0,0,0,0,0,0,0,0,0,0,0,0,1,1
data errors,0,0,0,0,0,0,0,0,0,0,0,0,0,0,1,0,0,0,0,0,1
data culling,0,0,0,0,0,0,0,0,0,0,0,0,0,0,0,1,0,0,0,0,1
data complexity,0,0,0,0,0,0,0,0,0,0,1,0,0,0,0,0,0,0,0,0,1
data compilation,0,0,0,0,0,0,0,0,0,0,0,0,0,0,0,0,1,0,0,0,1
data availability,0,0,0,0,0,0,0,0,0,0,0,0,0,0,0,0,0,1,0,0,1
deadwood detection,0,0,0,0,0,0,0,0,0,0,0,0,0,0,0,0,1,0,0,0,1
deadwood-dependent fungi,0,0,0,0,0,0,0,0,0,0,0,1,0,0,0,0,0,0,0,0,1
death,0,0,0,0,0,0,0,0,0,0,0,0,0,0,0,0,1,0,0,0,1
decapoda,0,0,0,0,0,0,0,0,0,0,0,0,0,0,0,0,0,0,0,1,1
delphinidae,0,0,0,0,0,0,0,0,0,1,0,0,0,0,0,0,0,0,0,0,1
deliberate poisoning,0,0,0,0,0,0,1,0,0,0,0,0,0,0,0,0,0,0,0,0,1
delavayi,0,0,0,0,0,0,0,0,0,0,0,0,0,0,0,1,0,0,0,0,1
degradation,0,0,0,0,0,0,0,0,0,1,0,0,0,0,0,0,0,0,0,0,1
degazettement,0,0,0,0,0,0,0,0,0,0,1,0,0,0,0,0,0,0,0,0,1
deforested area,0,0,0,0,0,0,1,0,0,0,0,0,0,0,0,0,0,0,0,0,1
deforestation frontier,0,0,0,0,0,0,0,0,0,0,0,0,1,0,0,0,0,0,0,0,1
definitive hosts,0,0,0,0,0,0,0,0,0,0,0,0,0,0,0,0,0,0,1,0,1
deer species,0,0,0,0,0,0,0,1,0,0,0,0,0,0,0,0,0,0,0,0,1
deer mouse,0,0,0,0,0,0,0,0,0,0,0,0,0,0,0,0,0,1,0,0,1
deer management,0,0,0,0,0,0,0,0,0,0,1,0,0,0,0,0,0,0,0,0,1
deepwater horizon,0,0,0,0,0,0,0,0,0,0,0,0,0,0,1,0,0,0,0,0,1
deep-water gorgonian corals,0,0,0,0,0,0,0,1,0,0,0,0,0,0,0,0,0,0,0,0,1
deep-sea coral and sponge species,0,0,0,0,0,0,0,0,0,0,0,0,0,0,0,0,0,0,0,1,1
deep subtidal environment,0,0,0,0,0,0,0,0,0,0,0,1,0,0,0,0,0,0,0,0,1
deep learning tools,0,0,0,0,0,0,0,0,0,0,0,0,0,0,0,0,1,0,0,0,1
deep learning neural network,0,0,0,0,0,0,0,0,0,0,0,0,0,0,0,0,0,0,0,1,1
deenanath grass,0,0,0,0,0,0,0,0,0,0,0,0,0,0,1,0,0,0,0,0,1
deductive approach,0,0,0,0,0,0,0,0,0,0,0,0,0,0,1,0,0,0,0,0,1
decticus verrucivorus,0,0,0,0,0,0,0,0,0,0,0,1,0,0,0,0,0,0,0,0,1
decma fissa,0,0,0,0,0,0,0,0,0,0,0,0,0,0,0,0,0,1,0,0,1
decision-tree,0,0,0,0,0,0,0,0,0,0,0,0,0,1,0,0,0,0,0,0,1
decision-support tools,0,0,0,0,0,0,0,1,0,0,0,0,0,0,0,0,0,0,0,0,1
decision tree modelling,0,0,0,0,0,0,0,0,0,0,0,0,0,0,0,0,0,0,1,0,1
decision tree & rules,0,0,0,0,0,0,0,0,0,0,0,0,0,0,0,0,1,0,0,0,1
decision support tools,0,0,0,0,0,0,0,0,0,0,0,0,0,0,0,0,1,0,0,0,1
decision support systems,0,0,0,1,0,0,0,0,0,0,0,0,0,0,0,0,0,0,0,0,1
decision fusion,0,0,0,0,0,0,0,0,0,0,0,0,0,0,0,0,0,1,0,0,1
deciduous trees,0,0,0,0,0,0,0,0,0,0,0,0,0,0,1,0,0,0,0,0,1
data analysis,0,0,0,0,0,0,0,0,0,0,0,0,0,0,0,0,0,0,0,1,1
dastarcus helophoroides,0,0,0,0,0,0,0,0,0,0,0,0,0,0,0,0,0,0,1,0,1
cultural consensus theory,0,0,0,0,0,0,0,0,1,0,0,0,0,0,0,0,0,0,0,0,1
currentflow,0,0,0,0,0,0,0,0,0,0,1,0,0,0,0,0,0,0,0,0,1
cyclobalanopsis glauca (thunberg) oersted,0,0,0,0,0,0,0,0,0,0,0,0,0,0,0,0,1,0,0,0,1
cycas sexseminifera,0,0,0,0,0,0,0,0,0,0,0,0,0,0,0,0,0,0,0,1,1
cycas segmentifida,0,0,0,0,0,0,0,0,0,0,0,0,0,0,0,0,0,0,1,0,1
cyatheaceae,0,0,0,0,0,0,0,0,0,0,0,0,0,0,0,1,0,0,0,0,1
cyanobacteria,0,0,0,0,0,0,0,0,0,0,0,0,0,0,1,0,0,0,0,0,1
cx. pipiens,0,0,0,0,0,0,0,0,0,0,0,0,0,0,0,0,1,0,0,0,1
cx,0,0,0,0,0,0,0,0,0,0,0,0,0,0,1,0,0,0,0,0,1
cwr,0,0,0,0,0,0,0,0,0,0,0,0,0,0,0,1,0,0,0,0,1
cuvier's gazelle,0,0,0,0,0,0,0,0,0,0,0,0,0,0,0,0,0,0,1,0,1
cuvier's beaked whale,0,0,0,0,0,0,0,0,0,0,0,0,0,0,0,0,0,0,1,0,1
cuttlefish,0,0,0,0,0,0,0,0,1,0,0,0,0,0,0,0,0,0,0,0,1
customary medicinal plants,0,0,0,0,0,1,0,0,0,0,0,0,0,0,0,0,0,0,0,0,1
cuscuta chinensis,0,0,0,0,0,0,0,0,0,0,0,0,0,0,1,0,0,0,0,0,1
currents,0,0,0,0,0,0,0,1,0,0,0,0,0,0,0,0,0,0,0,0,1
current and future suitable habitat,0,0,0,0,0,0,0,0,0,0,0,0,0,0,0,1,0,0,0,0,1
dasometric relationship,0,0,0,0,0,0,0,0,0,0,0,0,0,0,1,0,0,0,0,0,1
current and future distribution,0,0,0,0,0,0,0,0,0,0,0,0,0,0,0,1,0,0,0,0,1
curlew,0,0,0,0,0,0,0,1,0,0,0,0,0,0,0,0,0,0,0,0,1
curcubit pest,0,0,0,0,0,0,0,0,0,0,0,0,0,0,0,1,0,0,0,0,1
cupressaceae,0,0,0,0,0,0,0,0,0,0,0,0,0,0,0,0,1,0,0,0,1
cuon alpinus,0,0,0,0,0,0,1,0,0,0,0,0,0,0,0,0,0,0,0,0,1
cuol del norte,0,0,0,0,0,0,0,0,0,0,0,0,0,0,0,0,0,1,0,0,1
cunninghamia lanceolata,0,0,0,0,0,0,0,0,0,0,0,0,0,0,1,0,0,0,0,0,1
cumulative pressures,0,0,0,0,0,0,0,0,0,0,0,0,0,0,0,0,0,0,1,0,1
cumulative impacts,0,0,0,0,0,0,0,0,0,0,0,0,0,0,1,0,0,0,0,0,1
culturally significant plants,0,0,0,0,0,0,0,0,0,0,0,0,0,0,0,0,1,0,0,0,1
cultural value,0,0,0,0,0,1,0,0,0,0,0,0,0,0,0,0,0,0,0,0,1
cultural species,0,0,0,0,0,0,0,0,0,0,0,0,0,0,0,0,0,0,0,1,1
cultural plants,0,0,0,0,0,0,0,0,0,0,0,0,0,0,0,0,0,1,0,0,1
cultural data,0,0,0,0,0,0,0,0,0,0,0,0,0,1,0,0,0,0,0,0,1
cyclocarya paliurus,0,0,0,0,0,0,0,0,0,0,0,0,0,0,0,0,0,1,0,0,1
cymodocea nodosa,0,0,0,0,0,0,0,0,0,0,0,0,0,0,0,0,1,0,0,0,1
cynara cardunculus subsp. scolymus,0,0,0,0,0,0,0,0,0,0,0,0,0,0,0,0,0,0,1,0,1
cynarine,0,0,0,0,0,0,0,0,0,0,0,0,0,0,0,0,0,0,1,0,1
dasiphora fruticosa,0,0,0,0,0,0,0,0,0,0,0,1,0,0,0,0,0,0,0,0,1
dasineura rubiformis,0,0,0,0,0,0,0,0,0,0,0,0,0,0,0,0,1,0,0,0,1
darwin's fox,0,0,0,0,0,0,0,0,0,0,0,0,0,0,0,0,0,0,0,1,1
dartseq,0,0,0,0,0,0,0,0,0,0,0,0,0,0,1,0,0,0,0,0,1
dark diversity,0,0,0,0,0,0,0,0,0,0,0,0,0,1,0,0,0,0,0,0,1
darevskia praticola,0,0,0,0,0,0,0,0,0,0,0,0,1,0,0,0,0,0,0,0,1
daphnia,0,0,0,0,0,0,0,0,0,0,0,0,0,0,0,0,1,0,0,0,1
daphne rodriguezii,0,0,0,0,0,0,0,0,0,0,1,0,0,0,0,0,0,0,0,0,1
danakil desert,0,0,0,0,0,0,0,0,0,0,0,0,0,0,0,0,0,1,0,0,1
damage niche,0,0,0,0,0,0,0,1,0,0,0,0,0,0,0,0,0,0,0,0,1
dam impact,0,0,0,0,0,0,0,0,0,0,0,0,0,0,0,0,0,0,1,0,1
dam construction,0,0,0,0,0,0,0,0,0,0,0,0,1,0,0,0,0,0,0,0,1
dam,0,0,0,0,0,0,0,0,0,0,0,0,0,0,0,1,0,0,0,0,1
dalmatian toadflax,0,0,0,0,0,0,0,0,0,0,0,0,0,1,0,0,0,0,0,0,1
dalbergia latifolia,0,0,0,0,0,0,0,0,0,0,0,0,0,0,0,0,0,0,0,1,1
dakota skipper,0,0,0,0,0,0,0,0,0,0,0,0,0,0,0,0,0,0,1,0,1
dairy farms,0,0,0,0,0,0,0,1,0,0,0,0,0,0,0,0,0,0,0,0,1
dactylorhiza,0,0,0,0,0,0,0,0,0,0,0,0,0,0,0,0,1,0,0,0,1
dacelo,0,0,0,0,0,0,0,0,0,0,0,0,0,0,1,0,0,0,0,0,1
d. brandisii,0,0,0,0,0,0,0,0,0,0,0,0,0,0,0,0,0,0,1,0,1
cytochrome c oxidase,0,0,0,0,0,0,0,0,0,0,0,0,0,0,1,0,0,0,0,0,1
cyt b,0,0,0,0,0,0,0,0,0,0,0,0,0,0,1,0,0,0,0,0,1
cystoseira canopies,0,0,0,0,0,0,0,0,0,0,0,0,0,0,1,0,0,0,0,0,1
cyprus,0,0,0,0,0,0,0,0,0,0,0,0,0,0,0,1,0,0,0,0,1
cyprinella lutrensis,0,0,0,0,0,0,1,0,0,0,0,0,0,0,0,0,0,0,0,0,1
cyperetum flavescentis,0,0,0,0,0,0,0,0,0,0,0,0,0,0,1,0,0,0,0,0,1
cyperaceae,0,0,0,0,0,0,0,0,0,0,0,0,0,0,0,0,0,0,0,1,1
cynops orientalis,0,0,0,0,0,0,0,0,0,0,0,0,0,0,0,1,0,0,0,0,1
cynipid galls,0,0,0,0,0,0,0,0,0,1,0,0,0,0,0,0,0,0,0,0,1
calabria,0,0,0,0,0,0,0,0,0,0,0,0,0,0,0,0,0,1,0,0,1
caffra,0,0,0,0,0,0,0,0,0,0,0,0,0,0,0,0,1,0,0,0,1
ecological management,0,0,0,0,0,0,0,0,0,0,0,0,0,0,0,0,0,1,0,0,1
alphitobius diaperinus,0,0,0,0,0,0,0,0,0,0,0,0,0,0,0,0,0,0,0,1,1
alternate wetting and drying,0,0,0,0,0,0,0,0,0,0,0,0,0,0,0,1,0,0,0,0,1
alternanthera philoxeroides,0,0,0,0,0,0,0,0,0,0,0,0,0,0,1,0,0,0,0,0,1
altered flow regime,0,0,0,0,0,0,0,0,1,0,0,0,0,0,0,0,0,0,0,0,1
alsophila costularis baker,0,0,0,0,0,0,0,0,0,0,0,0,0,0,0,0,0,0,1,0,1
alsophila,0,0,0,0,0,0,0,0,0,0,0,0,0,0,0,0,0,0,1,0,1
als,0,0,0,0,0,0,0,0,0,0,0,0,0,0,0,0,0,0,1,0,1
alpine treeline ecotone,0,0,0,0,0,0,0,0,0,0,0,0,0,1,0,0,0,0,0,0,1
alpine plants,0,0,0,0,0,0,0,0,0,0,0,0,0,0,0,0,0,0,0,1,1
alpine mountain,0,0,0,0,0,0,0,0,0,0,0,0,0,0,1,0,0,0,0,0,1
alpine habitats,0,0,0,0,0,0,0,0,0,0,0,0,0,0,0,0,0,0,1,0,1
alpine ecology,0,0,0,0,0,0,0,0,0,1,0,0,0,0,0,0,0,0,0,0,1
alpine butterflies,0,0,0,0,0,0,1,0,0,0,0,0,0,0,0,0,0,0,0,0,1
alpine botany,0,0,0,0,0,0,0,0,0,0,0,0,0,0,0,0,0,1,0,0,1
alpine and subalpine species,0,0,0,0,0,0,0,0,0,0,0,0,0,1,0,0,0,0,0,0,1
alpha-capacity,0,0,0,0,0,0,0,0,0,0,0,1,0,0,0,0,0,0,0,0,1
altimontane beech forest,0,0,0,0,0,0,0,0,0,0,0,0,0,0,0,1,0,0,0,0,1
alpha shape 3d,0,0,0,0,0,0,0,0,0,0,0,0,0,1,0,0,0,0,0,0,1
alpha diversity,0,0,0,0,0,0,0,0,0,0,0,0,0,0,0,1,0,0,0,0,1
alouatta ululata,0,0,0,0,0,0,0,0,0,0,0,0,0,0,1,0,0,0,0,0,1
alouatta palliata mexicana,0,0,0,0,0,0,0,0,0,0,0,0,1,0,0,0,0,0,0,0,1
alouatta palliata,0,0,0,0,0,1,0,0,0,0,0,0,0,0,0,0,0,0,0,0,1
alouatta guariba clamitans,0,0,0,0,0,0,0,0,0,1,0,0,0,0,0,0,0,0,0,0,1
alouatta caraya,0,0,0,0,0,0,0,0,0,1,0,0,0,0,0,0,0,0,0,0,1
alosimus marginicollis,0,0,0,0,0,0,0,0,0,0,0,0,0,0,0,0,0,0,0,1,1
alopex lagopus,0,0,0,0,0,0,1,0,0,0,0,0,0,0,0,0,0,0,0,0,1
aloe ferox,0,0,0,0,0,0,0,0,0,0,0,0,0,0,0,0,1,0,0,0,1
alnus viridis,0,0,0,0,0,0,0,0,0,0,0,0,0,0,0,1,0,0,0,0,1
alnus glutinosa,0,0,0,0,0,0,0,0,0,1,0,0,0,0,0,0,0,0,0,0,1
alligator gar,0,0,0,0,0,0,0,0,0,0,0,0,0,0,0,0,0,0,1,0,1
allergy,0,0,0,0,0,0,0,0,0,0,0,1,0,0,0,0,0,0,0,0,1
alternative states,0,0,0,0,0,0,0,0,0,0,0,1,0,0,0,0,0,0,0,0,1
alydidae,0,0,0,0,0,0,0,0,0,0,0,0,0,0,0,0,1,0,0,0,1
amygdalus scoparia,0,0,0,0,0,0,0,0,0,0,0,0,0,0,0,1,0,0,0,0,1
american beech,0,0,0,0,0,0,0,0,0,0,0,0,0,0,0,0,0,0,0,1,1
amphipsalta zelandica,0,0,0,0,0,1,0,0,0,0,0,0,0,0,0,0,0,0,0,0,1
amphipsalta cingulata,0,0,0,0,0,1,0,0,0,0,0,0,0,0,0,0,0,0,0,0,1
amphidromus,0,0,0,0,0,0,0,0,0,0,0,1,0,0,0,0,0,0,0,0,1
amphibian species,0,0,0,0,0,0,0,0,0,0,0,0,0,0,0,1,0,0,0,0,1
ampedus,0,0,0,0,0,0,0,0,0,0,0,0,0,0,0,0,1,0,0,0,1
amorphophallus titanum,0,0,0,0,0,0,0,0,0,0,0,0,0,0,0,0,1,0,0,0,1
amoebae,0,0,0,0,0,0,0,0,0,0,0,0,0,0,0,0,0,0,0,1,1
amnesic shellfish poisoning,0,0,0,0,0,0,0,0,0,0,0,0,0,0,0,0,0,1,0,0,1
ammodytes personatus,0,0,0,0,0,0,0,0,0,0,0,0,0,0,0,1,0,0,0,0,1
amhara-region,0,0,0,0,0,0,0,0,0,0,0,0,0,0,0,0,0,1,0,0,1
american southwest,0,0,0,0,0,0,0,0,0,0,0,0,0,0,0,0,0,0,1,0,1
american pika,0,0,0,0,0,0,0,0,0,0,1,0,0,0,0,0,0,0,0,0,1
american oystercatcher,0,0,0,0,0,0,0,0,0,0,0,1,0,0,0,0,0,0,0,0,1
american black bear,0,0,0,0,0,0,0,0,0,0,0,0,1,0,0,0,0,0,0,0,1
ameiurus melas,0,0,0,0,0,0,0,1,0,0,0,0,0,0,0,0,0,0,0,0,1
amandava,0,0,0,0,0,0,0,0,0,1,0,0,0,0,0,0,0,0,0,0,1
ambystoma ordinarium,0,0,0,0,0,0,0,0,0,0,0,0,0,1,0,0,0,0,0,0,1
ambystoma jeffersonianum,0,0,0,0,0,0,0,0,0,0,0,0,0,0,0,0,0,1,0,0,1
ambystoma californiense,0,0,0,0,0,0,0,0,0,0,1,0,0,0,0,0,0,0,0,0,1
ambrosia trifida,0,0,0,0,0,0,0,0,0,0,0,0,0,0,0,0,1,0,0,0,1
ambrosia beetles,0,0,0,0,0,0,0,0,0,0,0,1,0,0,0,0,0,0,0,0,1
amblyomma mixtum,0,0,0,0,0,0,0,0,0,0,0,0,0,0,0,1,0,0,0,0,1
amblyomma,0,0,0,0,0,0,0,0,0,0,0,0,0,1,0,0,0,0,0,0,1
amazonian biome,0,0,0,0,0,0,0,0,0,0,0,0,0,0,0,0,0,0,0,1,1
amazonian biogeography,0,0,0,0,0,0,0,0,0,0,0,0,0,0,0,1,0,0,0,0,1
amazonia-cerrado transition area,0,0,0,0,0,0,0,0,0,0,0,0,0,0,0,0,0,0,1,0,1
amazon-nut,0,0,0,0,0,0,0,0,0,0,0,0,0,1,0,0,0,0,0,0,1
amazon deforestation,0,0,0,0,0,0,0,0,0,0,0,0,1,0,0,0,0,0,0,0,1
amazon basin,0,0,0,0,0,0,0,0,0,0,0,1,0,0,0,0,0,0,0,0,1
amaranthus palmeri s,0,0,0,0,0,0,0,0,0,0,0,0,0,0,0,0,1,0,0,0,1
allelopathy,0,0,0,0,0,0,0,0,0,0,0,0,0,0,0,0,1,0,0,0,1
allee effects,0,0,0,0,0,0,0,0,0,0,0,0,0,1,0,0,0,0,0,0,1
alkaloids,0,0,0,0,0,0,0,0,0,0,0,0,0,0,1,0,0,0,0,0,1
aglae caerulea,0,0,0,0,0,0,0,1,0,0,0,0,0,0,0,0,0,0,0,0,1
agrilus planipennis,0,0,0,0,0,0,1,0,0,0,0,0,0,0,0,0,0,0,0,0,1
agriculture productivity,0,0,0,0,0,0,0,0,0,0,0,0,0,0,0,0,0,1,0,0,1
agriculture and food security,0,0,0,0,0,0,0,0,0,0,0,0,0,0,0,1,0,0,0,0,1
agricultural sustainability,0,0,0,0,0,0,0,0,0,0,0,0,0,0,0,0,0,0,0,1,1
agricultural space,0,0,0,0,0,0,0,0,0,0,0,0,0,0,0,0,0,1,0,0,1
agricultural risk assessment,0,0,0,0,0,0,0,0,0,0,0,0,0,0,0,0,0,0,0,1,1
agricultural production,0,0,0,0,0,0,0,0,0,0,0,0,0,0,0,0,0,0,0,1,1
agricultural product processing complex,0,0,0,0,0,0,0,0,0,0,0,0,0,0,0,0,0,0,0,1,1
agricultural planning,0,0,0,0,0,0,0,0,0,0,0,0,0,0,0,0,0,0,0,1,1
agricultural land,0,0,0,0,0,0,0,0,0,1,0,0,0,0,0,0,0,0,0,0,1
agricultural intensification,0,0,0,0,0,0,0,0,0,0,0,0,0,0,0,0,0,0,1,0,1
agricultural development,0,0,0,0,0,0,0,0,0,0,0,0,0,0,0,0,1,0,0,0,1
agricultural damage,0,0,0,0,0,0,0,0,0,0,0,0,0,1,0,0,0,0,0,0,1
agricultural adaptation,0,0,0,0,0,0,0,0,0,0,0,0,0,0,0,0,0,0,0,1,1
aggregated areal data,0,0,0,0,0,0,0,0,0,0,0,0,0,0,0,0,1,0,0,0,1
alien woody plants,0,0,0,0,0,0,0,0,0,0,0,0,0,0,0,0,0,0,0,1,1
ageratum conyzoides l.,0,0,0,0,0,0,0,0,0,0,0,0,0,0,0,0,0,0,1,0,1
agent-based modeling,0,0,0,0,0,0,0,0,0,0,0,0,0,0,0,0,0,1,0,0,1
agent prioritisation,0,0,0,0,0,0,0,0,0,0,0,0,0,1,0,0,0,0,0,0,1
agent impact studies,0,0,0,0,0,0,0,0,1,0,0,0,0,0,0,0,0,0,0,0,1
age-area model,0,0,0,0,0,0,0,0,1,0,0,0,0,0,0,0,0,0,0,0,1
agb modeling,0,0,0,0,0,0,0,0,0,0,0,0,0,0,0,0,0,1,0,0,1
agave,0,0,0,0,0,0,0,0,0,0,0,1,0,0,0,0,0,0,0,0,1
agasthyamalai biosphere reserve,0,0,0,0,0,0,0,0,0,0,1,0,0,0,0,0,0,0,0,0,1
agasicles hygrophila,0,0,0,0,0,0,0,0,0,0,0,0,0,0,0,0,0,0,0,1,1
agaricomycetes,0,0,0,0,0,0,0,0,0,0,0,0,0,0,0,0,0,1,0,0,1
agaricales,0,0,0,0,0,0,0,0,0,0,0,1,0,0,0,0,0,0,0,0,1
agamid lizard,0,0,0,0,0,0,0,0,0,0,0,0,0,0,0,0,1,0,0,0,1
afzelia africana,0,0,0,0,0,0,0,0,0,0,0,0,0,0,0,0,0,0,0,1,1
africanized honeybee,0,0,0,0,0,0,0,0,0,0,1,0,0,0,0,0,0,0,0,0,1
agro-biodiversity,0,0,0,0,0,0,0,0,0,0,0,0,0,0,0,0,0,0,1,0,1
agro-silvopastoral,0,0,0,0,0,0,0,0,0,0,0,0,0,1,0,0,0,0,0,0,1
agroecological,0,0,0,0,0,0,0,0,0,0,0,0,0,0,0,1,0,0,0,0,1
agroecological zones,0,0,0,0,0,0,0,0,0,0,0,0,0,0,0,1,0,0,0,0,1
alien weeds,0,0,0,0,0,0,0,0,0,0,0,0,0,1,0,0,0,0,0,0,1
alien trees,0,0,0,0,0,0,0,0,0,0,0,0,0,0,0,0,1,0,0,0,1
alien succulent,0,0,0,0,0,0,0,0,0,0,1,0,0,0,0,0,0,0,0,0,1
alien plant species,0,0,0,0,0,0,0,0,0,0,0,0,0,0,0,1,0,0,0,0,1
alien invasive,0,0,0,0,0,0,0,0,1,0,0,0,0,0,0,0,0,0,0,0,1
alien insect,0,0,0,0,0,0,0,0,0,0,0,1,0,0,0,0,0,0,0,0,1
algae-algae interactions,0,0,0,0,0,0,0,0,0,0,0,0,0,0,0,1,0,0,0,0,1
algae,0,0,0,0,0,0,0,0,0,0,0,0,0,0,0,0,0,0,0,1,1
alexandrium minutum,0,0,0,0,0,0,0,0,0,0,0,0,0,0,0,0,0,1,0,0,1
alexandrium,0,0,0,0,0,0,0,0,0,0,0,0,0,0,0,0,0,0,1,0,1
aleurodicus rugioperculatus,0,0,0,0,0,0,0,0,0,0,0,0,0,0,0,0,0,1,0,0,1
alert list,0,0,0,0,0,0,0,1,0,0,0,0,0,0,0,0,0,0,0,0,1
alcyonium digitatum,0,0,0,0,0,0,0,0,0,0,0,0,0,0,0,0,1,0,0,0,1
alcyonacea,0,0,0,0,0,0,0,0,0,0,0,0,0,0,0,0,0,0,1,0,1
alces alces,0,0,0,0,0,0,0,0,0,0,0,0,0,0,0,0,1,0,0,0,1
albatross,0,0,0,0,0,0,0,0,0,0,1,0,0,0,0,0,0,0,0,0,1
alaotran gentle lemur,0,0,0,0,1,0,0,0,0,0,0,0,0,0,0,0,0,0,0,0,1
alan,0,0,0,0,0,0,0,0,0,0,0,0,0,0,0,1,0,0,0,0,1
aizoaceae,0,0,0,0,0,0,0,0,0,0,0,0,0,1,0,0,0,0,0,0,1
ais,0,0,0,0,0,0,0,0,0,0,0,1,0,0,0,0,0,0,0,0,1
airborne lidar,0,0,0,0,0,0,0,0,0,0,0,0,0,0,0,0,0,0,0,1,1
airborne laser scanning,0,0,0,0,0,0,0,0,0,0,0,0,0,0,0,0,0,0,1,0,1
aichi targets,0,0,0,0,0,0,0,0,0,0,0,1,0,0,0,0,0,0,0,0,1
aicas,0,0,0,0,0,0,0,0,0,0,0,1,0,0,0,0,0,0,0,0,1
ahp-ewm-topsis,0,0,0,0,0,0,0,0,0,0,0,0,0,0,0,0,0,0,0,1,1
aguara guazu,0,0,0,0,0,0,0,0,0,0,0,0,0,0,0,0,0,0,1,0,1
agroforestry parklands,0,0,0,0,0,0,0,0,0,0,0,0,0,0,1,0,0,0,0,0,1
agroforestry multipurpose tree species,0,0,0,0,0,0,0,0,0,0,0,0,0,0,0,0,0,0,0,1,1
agroecosystems,0,0,0,0,0,0,0,0,0,0,0,0,0,0,0,1,0,0,0,0,1
amur tiger,0,0,0,0,0,0,0,0,0,0,0,0,0,0,0,0,0,1,0,0,1
amygdalus ulmifolia,0,0,0,0,0,0,0,0,0,0,0,0,0,0,0,0,0,0,0,1,1
area of applicability,0,0,0,0,0,0,0,0,0,0,0,0,0,0,0,1,0,0,0,0,1
antioxidants,0,0,0,0,0,0,0,0,0,0,0,0,0,1,0,0,0,0,0,0,1
apocephalus borealis,0,0,0,0,0,0,0,0,0,0,0,0,0,0,0,1,0,0,0,0,1
apis cerana,0,0,0,0,0,0,0,0,0,0,0,0,0,0,0,0,0,0,0,1,1
apidae,0,0,0,0,0,0,1,0,0,0,0,0,0,0,0,0,0,0,0,0,1
apicomplexa,0,0,0,0,0,0,0,0,0,0,0,0,0,0,0,0,0,0,0,1,1
aphthona nonstriata,0,0,0,0,0,0,0,0,0,0,0,0,0,0,0,0,1,0,0,0,1
aphonopelma joshua,0,0,0,0,0,0,0,0,0,1,0,0,0,0,0,0,0,0,0,0,1
"aphelocheirus aestivalis,nepomorpha",0,0,0,0,0,0,0,0,0,0,0,0,1,0,0,0,0,0,0,0,1
apathya,0,0,0,0,0,0,0,0,0,0,0,0,0,1,0,0,0,0,0,0,1
aod,0,0,0,0,0,0,0,0,0,0,0,0,0,0,0,0,0,1,0,0,1
anusplin,0,0,1,0,0,0,0,0,0,0,0,0,0,0,0,0,0,0,0,0,1
anuran call surveys,0,0,0,0,0,0,0,0,0,0,0,0,0,0,0,0,1,0,0,0,1
antwrens,0,0,0,0,0,0,0,0,0,0,0,0,1,0,0,0,0,0,0,0,1
antmaps.org,0,0,0,0,0,0,0,0,0,0,0,0,0,0,0,0,0,0,0,1,1
antisana,0,0,0,0,0,0,0,0,0,0,0,0,1,0,0,0,0,0,0,0,1
anthus chloris,0,0,0,0,0,0,0,0,0,0,0,0,1,0,0,0,0,0,0,0,1
apodemus agrarius,0,0,0,0,0,0,0,0,0,0,0,0,0,0,0,0,0,1,0,0,1
anthurium sp.,0,0,0,0,1,0,0,0,0,0,0,0,0,0,0,0,0,0,0,0,1
anthropogenic stressors,0,0,0,0,0,0,0,0,0,0,0,0,0,0,0,0,1,0,0,0,1
anthropogenic spread,0,0,0,0,0,0,0,0,0,0,0,0,0,0,0,0,0,0,1,0,1
anthropogenic niche truncation,0,0,0,0,0,0,0,0,0,0,0,0,0,0,0,0,0,1,0,0,1
anthropogenic infrastructure,0,0,0,0,0,0,0,0,0,0,0,0,0,1,0,0,0,0,0,0,1
anthropogenic indices,0,0,0,0,0,0,0,0,0,0,0,0,1,0,0,0,0,0,0,0,1
anthropogenic habitat destruction,0,0,0,0,0,0,0,0,0,0,0,0,1,0,0,0,0,0,0,0,1
anthropogenic degradation,0,0,0,0,0,0,0,0,0,0,0,0,0,0,0,0,1,0,0,0,1
anthropogenic activity,0,0,0,0,0,0,0,0,0,0,0,0,0,0,1,0,0,0,0,0,1
anthropized areas,0,0,0,0,0,0,0,0,0,0,0,0,0,0,0,0,1,0,0,0,1
anthropic influence,0,0,0,0,0,0,0,0,0,0,0,0,0,0,0,0,0,0,0,1,1
anthropic actions,0,0,0,0,0,0,0,0,0,0,0,0,0,0,0,0,0,0,0,1,1
anthrax disease,0,0,0,0,0,0,0,0,0,0,0,0,0,0,0,1,0,0,0,0,1
anthrax,0,0,0,0,0,0,0,0,0,0,0,0,0,0,0,0,1,0,0,0,1
apocynaceae,0,0,0,0,0,0,0,0,0,0,0,0,0,0,0,0,1,0,0,0,1
apodiphus amygdali,0,0,0,0,0,0,0,1,0,0,0,0,0,0,0,0,0,0,0,0,1
amynthas agrestis,0,0,0,0,0,0,0,0,0,0,0,0,0,0,0,0,0,1,0,0,1
aralia elata,0,0,0,0,0,0,0,0,0,0,0,0,0,0,0,0,0,0,1,0,1
arcview,0,0,0,0,0,0,0,0,0,0,1,0,0,0,0,0,0,0,0,0,1
arctocephalus,0,0,0,0,0,0,0,0,0,0,0,0,0,1,0,0,0,0,0,0,1
arctic vertebrates,0,0,0,0,0,0,0,0,0,0,0,0,0,0,0,1,0,0,0,0,1
arctic science,0,0,0,0,0,0,0,0,0,0,0,0,0,1,0,0,0,0,0,0,1
arctic ecosystem,0,0,0,0,0,0,0,0,0,0,1,0,0,0,0,0,0,0,0,0,1
archipelago sea,0,0,0,0,0,0,0,0,0,1,0,0,0,0,0,0,0,0,0,0,1
archipelago,0,0,0,0,0,0,1,0,0,0,0,0,0,0,0,0,0,0,0,0,1
arcgis pro,0,0,0,0,0,0,0,0,0,0,0,0,0,0,0,0,0,0,0,1,1
arbuscular mycorrhizal fungi (amf),0,0,0,0,0,0,0,0,0,0,0,0,0,0,0,0,0,1,0,0,1
arborophila rufipectus,0,0,0,0,0,0,0,0,1,0,0,0,0,0,0,0,0,0,0,0,1
araucariaceae,0,0,0,0,0,0,0,0,0,0,0,0,0,0,0,0,1,0,0,0,1
araucaria,0,0,0,0,0,0,0,0,0,0,0,0,0,0,1,0,0,0,0,0,1
araschnia levana,0,0,0,0,0,0,0,0,1,0,0,0,0,0,0,0,0,0,0,0,1
araneae,0,0,0,0,0,1,0,0,0,0,0,0,0,0,0,0,0,0,0,0,1
arable fields,0,0,0,0,0,0,0,0,0,1,0,0,0,0,0,0,0,0,0,0,1
apple disease,0,0,0,0,0,0,0,0,0,0,0,0,0,0,0,0,0,0,0,1,1
arabian sea,0,0,0,0,0,0,0,0,0,0,0,0,0,0,0,0,1,0,0,0,1
aquiloeurycea cephalica,0,0,0,0,0,0,0,0,0,0,0,0,0,0,0,1,0,0,0,0,1
aquilegia,0,0,0,0,0,0,0,0,0,1,0,0,0,0,0,0,0,0,0,0,1
aquilaria sinensis,0,0,0,0,0,0,0,0,0,0,0,0,0,0,0,0,0,0,0,1,1
aquila fasciata,0,0,0,0,0,1,0,0,0,0,0,0,0,0,0,0,0,0,0,0,1
aquifoliaceae,0,0,0,0,0,0,0,0,0,0,0,0,0,0,0,0,0,0,0,1,1
aquatic warbler,0,0,0,0,0,0,0,0,1,0,0,0,0,0,0,0,0,0,0,0,1
aquatic variables,0,0,0,0,0,0,0,0,1,0,0,0,0,0,0,0,0,0,0,0,1
aquatic species invasiveness screening kit,0,0,0,0,0,0,0,0,0,0,0,0,0,0,0,1,0,0,0,0,1
aquatic macroinvertebrates,0,0,0,0,0,0,0,0,0,0,0,0,0,0,0,0,0,1,0,0,1
aquatic flora,0,0,0,0,0,0,0,0,0,0,0,0,0,0,0,0,0,0,1,0,1
aquatic ecology,0,0,0,0,0,0,0,0,0,0,0,0,0,0,0,0,0,1,0,0,1
aquatic conservation,0,0,0,0,0,0,0,0,0,0,0,0,0,0,0,0,0,1,0,0,1
aquatic,0,0,0,0,0,0,0,0,1,0,0,0,0,0,0,0,0,0,0,0,1
anthracology,0,0,0,0,0,0,0,0,0,0,0,0,0,0,0,0,0,1,0,0,1
anthophila,0,0,0,1,0,0,0,0,0,0,0,0,0,0,0,0,0,0,0,0,1
anthochaera phrygia,0,0,0,0,0,0,0,0,0,0,0,0,0,0,0,0,1,0,0,0,1
anas crecca,0,0,0,0,0,0,0,0,0,0,1,0,0,0,0,0,0,0,0,0,1
andropogoneae,0,0,0,0,0,0,0,0,0,0,1,0,0,0,0,0,0,0,0,0,1
androctonus,0,0,0,0,0,0,0,0,0,0,0,0,0,0,0,0,0,0,0,1,1
andrias japonicus,0,0,0,0,0,0,0,0,0,0,0,0,0,0,0,0,0,0,0,1,1
andes hantavirus,0,0,0,0,0,0,0,0,0,0,0,0,1,0,0,0,0,0,0,0,1
andean region,0,0,0,1,0,0,0,0,0,0,0,0,0,0,0,0,0,0,0,0,1
andalusia,0,0,0,0,0,0,0,0,1,0,0,0,0,0,0,0,0,0,0,0,1
ancient trees,0,0,0,0,0,0,0,0,0,0,0,0,0,0,0,0,0,0,0,1,1
anchovy adults acoustic presence,0,0,0,0,0,0,0,0,0,0,0,0,0,1,0,0,0,0,0,0,1
anchovy,0,0,0,0,0,0,0,0,0,0,0,0,0,0,0,0,1,0,0,0,1
anaxyrus houstonensis,0,0,0,0,0,0,0,0,0,0,0,0,0,0,0,0,0,0,1,0,1
anaxyrus canorus,0,0,0,0,0,1,0,0,0,0,0,0,0,0,0,0,0,0,0,0,1
anatolian diagonal,0,0,0,0,0,0,0,0,0,0,0,0,0,0,0,0,0,0,0,1,1
anatolia zoogeography,0,0,0,0,0,0,0,0,0,0,0,0,0,0,0,0,0,0,1,0,1
anas fulvigula,0,0,0,0,0,0,0,0,0,0,0,0,0,1,0,0,0,0,0,0,1
anaplasmosis,0,0,0,0,0,0,0,1,0,0,0,0,0,0,0,0,0,0,0,0,1
anthoathecata,0,0,0,0,0,0,0,1,0,0,0,0,0,0,0,0,0,0,0,0,1
analytical hierarchy process,0,0,0,0,0,0,0,0,0,0,0,0,0,0,0,0,0,0,0,1,1
analytical and theoretical plant pathology,0,0,0,0,0,0,0,0,0,0,0,0,0,0,0,0,1,0,0,0,1
analysis units,0,0,0,0,0,0,0,1,0,0,0,0,0,0,0,0,0,0,0,0,1
analysis range,0,0,0,0,0,0,0,1,0,0,0,0,0,0,0,0,0,0,0,0,1
analysis of variance,0,0,0,0,0,0,0,0,0,0,0,0,1,0,0,0,0,0,0,0,1
analogue climate,0,0,0,0,0,0,0,0,0,0,0,0,0,0,0,1,0,0,0,0,1
anacardium occidentale,0,0,0,0,0,0,0,0,0,0,0,0,0,0,0,0,0,0,0,1,1
anabat,0,0,0,0,0,0,0,0,0,0,0,0,0,0,0,0,1,0,0,0,1
an. sergentii,0,0,0,0,0,0,0,0,0,1,0,0,0,0,0,0,0,0,0,0,1
an. nuneztovari s.l,0,0,0,0,0,0,0,0,0,1,0,0,0,0,0,0,0,0,0,0,1
an. darlingi,0,0,0,0,0,0,0,0,0,1,0,0,0,0,0,0,0,0,0,0,1
an & aacute,0,0,0,0,0,0,0,0,0,0,0,0,0,0,0,0,0,0,0,1,1
an,0,0,0,0,0,0,0,0,0,0,0,0,0,0,0,0,1,0,0,0,1
amytornis modestus raglessi,0,0,0,0,0,0,0,0,0,0,0,0,0,0,0,0,0,0,0,1,1
aneides,0,1,0,0,0,0,0,0,0,0,0,0,0,0,0,0,0,0,0,0,1
aneides aeneus,0,0,0,0,0,0,0,0,0,0,0,0,0,0,0,0,1,0,0,0,1
aneides hardii,0,0,0,0,0,0,0,0,0,0,0,1,0,0,0,0,0,0,0,0,1
angelica sinensis (oliv,0,0,0,0,0,0,0,0,0,0,0,0,0,0,0,1,0,0,0,0,1
anthidium manicatum,0,0,0,0,0,1,0,0,0,0,0,0,0,0,0,0,0,0,0,0,1
antarctic krill,0,0,0,0,0,0,0,0,0,0,0,0,0,0,0,0,0,0,0,1,1
antarctic copepods,0,0,0,0,0,0,0,0,0,0,0,0,0,0,0,0,1,0,0,0,1
ant,0,0,0,0,0,0,0,0,0,0,0,0,0,0,0,0,1,0,0,0,1
anser albifrons,0,0,0,0,0,0,0,1,0,0,0,0,0,0,0,0,0,0,0,0,1
anoplophora chinensis,0,0,0,0,0,0,0,0,0,0,0,0,0,0,0,0,0,0,0,1,1
anoplolepis gracilipes,0,0,0,0,0,0,0,0,0,0,0,0,0,0,0,0,1,0,0,0,1
anopheles plumbeus,0,0,0,0,0,0,0,0,0,1,0,0,0,0,0,0,0,0,0,0,1
anopheles mosquito,0,0,0,0,0,0,0,0,0,1,0,0,0,0,0,0,0,0,0,0,1
anopheles maculipennis s.l.,0,0,0,0,0,0,0,0,0,0,0,0,0,1,0,0,0,0,0,0,1
anopheles gambiae s.l.,0,0,0,0,0,0,0,0,0,1,0,0,0,0,0,0,0,0,0,0,1
anopheles funestus,0,0,0,0,0,0,0,0,0,0,0,0,0,0,0,0,0,0,0,1,1
anopheles flavirostris,0,0,0,0,0,0,0,0,0,0,0,0,0,0,0,0,0,0,1,0,1
anopheles darlingi,0,0,0,0,0,0,0,0,0,0,0,1,0,0,0,0,0,0,0,0,1
anopheles atroparvus,0,0,0,1,0,0,0,0,0,0,0,0,0,0,0,0,0,0,0,0,1
anolis sagrei,0,0,0,0,0,1,0,0,0,0,0,0,0,0,0,0,0,0,0,0,1
anolis,0,0,0,0,0,0,0,0,0,0,0,0,0,0,0,0,0,0,1,0,1
anogeissus leiocarpa,0,0,0,0,0,0,0,0,0,0,0,1,0,0,0,0,0,0,0,0,1
annual habitat selection,0,0,0,0,0,0,0,0,0,0,0,0,0,0,1,0,0,0,0,0,1
ann glm,0,0,0,0,0,0,0,0,0,0,0,0,0,1,0,0,0,0,0,0,1
ann algorithm,0,0,0,0,0,0,0,0,0,0,0,0,0,0,0,0,0,0,0,1,1
anisozygoptera,0,0,0,0,0,0,0,0,0,0,0,0,0,0,0,0,0,0,1,0,1
anisoptera,0,0,0,0,0,0,0,0,0,0,0,0,0,0,0,1,0,0,0,0,1
animal-borne video,0,0,0,0,0,0,0,0,0,0,0,0,0,0,0,0,0,0,0,1,1
animal tracking,0,0,0,0,0,0,0,0,0,0,0,0,0,0,0,0,0,1,0,0,1
animal disease,0,0,0,0,0,0,0,0,0,0,0,0,0,0,0,0,0,0,0,1,1
animal classification,0,0,0,0,0,0,0,0,0,0,0,0,0,0,0,0,0,0,0,1,1
animal behavior,0,0,0,0,0,0,0,0,0,0,0,0,0,0,0,0,1,0,0,0,1
anguidae,0,0,0,0,0,1,0,0,0,0,0,0,0,0,0,0,0,0,0,0,1
african wild dogs,0,0,0,0,0,0,0,0,1,0,0,0,0,0,0,0,0,0,0,0,1
african white-backed vulture,0,0,0,0,0,0,0,0,0,0,0,0,0,0,0,0,0,0,1,0,1
african tropical trees,0,0,0,0,0,0,0,0,0,0,0,0,0,1,0,0,0,0,0,0,1
<italic>ipomoea batatas</italic>,0,0,0,0,0,0,0,0,0,0,0,0,0,0,0,0,0,0,0,1,1
<italic>moschus anhuiensis</italic>,0,0,0,0,0,0,0,0,0,0,0,0,0,0,0,0,0,0,0,1,1
<italic>macrocystis pyrifera</italic>,0,0,0,0,0,0,0,0,0,0,0,0,0,0,0,0,0,0,0,1,1
<italic>lysimachia alfredii</italic>,0,0,0,0,0,0,0,0,0,0,0,0,0,0,0,0,0,0,1,0,1
<italic>lyrurus tetrix</italic>,0,0,0,0,0,0,0,0,0,0,0,0,0,0,0,0,0,0,0,1,1
<italic>lutzomyia shannoni</italic>,0,0,0,0,0,0,0,0,0,0,0,0,0,0,0,0,0,0,0,1,1
<italic>luciola unmunsana</italic>,0,0,0,0,0,0,0,0,0,0,0,0,0,0,0,0,0,0,0,1,1
<italic>loxodonta cyclotis</italic>,0,0,0,0,0,0,0,0,0,0,0,0,0,0,0,0,0,0,0,1,1
<italic>lobelia cardinalis</italic>,0,0,0,0,0,0,0,0,0,0,0,0,0,0,0,0,0,0,0,1,1
<italic>leymus secalinus</italic>,0,0,0,0,0,0,0,0,0,0,0,0,0,0,0,0,0,0,0,1,1
<italic>leptotrombidium rubellum</italic>,0,0,0,0,0,0,0,0,0,0,0,0,0,0,0,0,0,0,0,1,1
<italic>leishmania</italic> spp.,0,0,0,0,0,0,0,0,0,0,0,0,0,0,0,0,0,0,0,1,1
<italic>learnr</italic>,0,0,0,0,0,0,0,0,0,0,0,0,0,0,0,0,0,0,0,1,1
<italic>larimichthys polyactis</italic>,0,0,0,0,0,0,0,0,0,0,0,0,0,0,0,0,0,0,0,1,1
<italic>lagarosiphon major</italic>,0,0,0,0,0,0,0,0,0,0,0,0,0,0,0,0,0,0,0,1,1
<italic>indigofera oblongifolia</italic>,0,0,0,0,0,0,0,0,0,0,0,0,0,0,0,0,0,0,1,0,1
<italic>mustela</italic>,0,0,0,0,0,0,0,0,0,0,0,0,0,0,0,0,0,0,0,1,1
<italic>hyrcanodarevskia</italic>,0,0,0,0,0,0,0,0,0,0,0,0,0,0,0,0,0,0,0,1,1
<italic>hydrellia lagarosiphon</italic>,0,0,0,0,0,0,0,0,0,0,0,0,0,0,0,0,0,0,0,1,1
<italic>hibiscus syriacus</italic> l.,0,0,0,0,0,0,0,0,0,0,0,0,0,0,0,0,0,0,0,1,1
<italic>heterobasidion</italic>,0,0,0,0,0,0,0,0,0,0,0,0,0,0,0,0,0,0,1,0,1
<italic>heliocopris</italic>,0,0,0,0,0,0,0,0,0,0,0,0,0,0,0,0,0,0,0,1,1
<italic>grapholita dimorpha</italic>,0,0,0,0,0,0,0,0,0,0,0,0,0,0,0,0,0,0,0,1,1
<italic>gopherus polyfemus</italic>,0,0,0,0,0,0,0,0,0,0,0,0,0,0,0,0,0,0,1,0,1
<italic>gentiana</italic>,0,0,0,0,0,0,0,0,0,0,0,0,0,0,0,0,0,0,0,1,1
<italic>fritillaria przewalskii</italic>,0,0,0,0,0,0,0,0,0,0,0,0,0,0,0,0,0,0,0,1,1
<italic>eucalyptus globulus</italic>,0,0,0,0,0,0,0,0,0,0,0,0,0,0,0,0,0,0,1,0,1
<italic>ephedra intermedia</italic>,0,0,0,0,0,0,0,0,0,0,0,0,0,0,0,0,0,0,0,1,1
<italic>elodea densa</italic>,0,0,0,0,0,0,0,0,0,0,0,0,0,0,0,0,0,0,0,1,1
<italic>elaeocarpus prunifolius</italic>,0,0,0,0,0,0,0,0,0,0,0,0,0,0,0,0,0,0,0,1,1
<italic>egeria densa</italic>,0,0,0,0,0,0,0,0,0,0,0,0,0,0,0,0,0,0,0,1,1
<italic>muntiacus vaginalis</italic>,0,0,0,0,0,0,0,0,0,0,0,0,0,0,0,0,0,0,0,1,1
<italic>nannospalax</italic>,0,0,0,0,0,0,0,0,0,0,0,0,0,0,0,0,0,0,1,0,1
african multi-regionalism,0,0,0,0,0,0,0,0,0,0,0,0,0,1,0,0,0,0,0,0,1
<italic>procambarus acutus</italic>,0,0,0,0,0,0,0,0,0,0,0,0,0,0,0,0,0,0,0,1,1
<italic>rhizophora mangle</italic>,0,0,0,0,0,0,0,0,0,0,0,0,0,0,0,0,0,0,0,1,1
<italic>ralstonia solanacearum</italic>,0,0,0,0,0,0,0,0,0,0,0,0,0,0,0,0,0,0,0,1,1
<italic>quercus vulcanica</italic>,0,0,0,0,0,0,0,0,0,0,0,0,0,0,0,0,0,0,1,0,1
<italic>pulsatilla chinensis</italic>,0,0,0,0,0,0,0,0,0,0,0,0,0,0,0,0,0,0,0,1,1
<italic>pteris dentata</italic>,0,0,0,0,0,0,0,0,0,0,0,0,0,0,0,0,0,0,0,1,1
<italic>pseudotsuga macrocarpa</italic>,0,0,0,0,0,0,0,0,0,0,0,0,0,0,0,0,0,0,0,1,1
<italic>pseudoechthistatus</italic>,0,0,0,0,0,0,0,0,0,0,0,0,0,0,0,0,0,0,0,1,1
<italic>prunus</italic> subg. <italic>amygdalus</italic>,0,0,0,0,0,0,0,0,0,0,0,0,0,0,0,0,0,0,1,0,1
<italic>prunus sibirica</italic>,0,0,0,0,0,0,0,0,0,0,0,0,0,0,0,0,0,0,1,0,1
<italic>prunus microcarpa</italic>,0,0,0,0,0,0,0,0,0,0,0,0,0,0,0,0,0,0,0,1,1
<italic>prosopis africana</italic>,0,0,0,0,0,0,0,0,0,0,0,0,0,0,0,0,0,0,0,1,1
<italic>procambarus texanus</italic>,0,0,0,0,0,0,0,0,0,0,0,0,0,0,0,0,0,0,0,1,1
<italic>procambarus nueces</italic>,0,0,0,0,0,0,0,0,0,0,0,0,0,0,0,0,0,0,0,1,1
<italic>procambarus fayettei</italic>,0,0,0,0,0,0,0,0,0,0,0,0,0,0,0,0,0,0,0,1,1
<italic>porcellio variabilis</italic>,0,0,0,0,0,0,0,0,0,0,0,0,0,0,0,0,0,0,0,1,1
<italic>neohylomys hainanensis</italic>,0,0,0,0,0,0,0,0,0,0,0,0,0,0,0,0,0,0,0,1,1
<italic>porcellio simulator</italic>,0,0,0,0,0,0,0,0,0,0,0,0,0,0,0,0,0,0,0,1,1
<italic>populus adenopoda</italic>,0,0,0,0,0,0,0,0,0,0,0,0,0,0,0,0,0,0,0,1,1
<italic>poa pratensis</italic> l.,0,0,0,0,0,0,0,0,0,0,0,0,0,0,0,0,0,0,0,1,1
<italic>platycephalus indicus</italic>,0,0,0,0,0,0,0,0,0,0,0,0,0,0,0,0,0,0,0,1,1
<italic>plasmodium falciparum</italic>,0,0,0,0,0,0,0,0,0,0,0,0,0,0,0,0,0,0,0,1,1
<italic>phyllanthus emblica</italic>,0,0,0,0,0,0,0,0,0,0,0,0,0,0,0,0,0,0,0,1,1
<italic>phloeosinus aubei</italic>,0,0,0,0,0,0,0,0,0,0,0,0,0,0,0,0,0,0,0,1,1
<italic>persiodarevskia</italic>,0,0,0,0,0,0,0,0,0,0,0,0,0,0,0,0,0,0,0,1,1
<italic>otiorhynchus sulcatus</italic>,0,0,0,0,0,0,0,0,0,0,0,0,0,0,0,0,0,0,0,1,1
<italic>ormosia xylocarpa</italic>,0,0,0,0,0,0,0,0,0,0,0,0,0,0,0,0,0,0,0,1,1
<italic>ochradenus baccatus</italic>,0,0,0,0,0,0,0,0,0,0,0,0,0,0,0,0,0,0,0,1,1
<italic>o. decumbens</italic>,0,0,0,0,0,0,0,0,0,0,0,0,0,0,0,0,0,0,0,1,1
<italic>nothofagus pumilio</italic>,0,0,0,0,0,0,0,0,0,0,0,0,0,0,0,0,0,0,0,1,1
<italic>nitraria</italic> l.,0,0,0,0,0,0,0,0,0,0,0,0,0,0,0,0,0,0,0,1,1
<italic>dufourea</italic> spp.,0,0,0,0,0,0,0,0,0,0,0,0,0,0,0,0,0,0,1,0,1
<italic>diuca diuca</italic>,0,0,0,0,0,0,0,0,0,0,0,0,0,0,0,0,0,0,0,1,1
<italic>dianthus polylepis</italic>,0,0,0,0,0,0,0,0,0,0,0,0,0,0,0,0,0,0,0,1,1
<italic>a. michnoi</italic>,0,0,0,0,0,0,0,0,0,0,0,0,0,0,0,0,0,0,0,1,1
<italic>archilochus colubris</italic>,0,0,0,0,0,0,0,0,0,0,0,0,0,0,0,0,0,0,0,1,1
<italic>aphaenogaster</italic>,0,0,0,0,0,0,0,0,0,0,0,0,0,0,0,0,0,0,0,1,1
<italic>anthemis pedunculata</italic>,0,0,0,0,0,0,0,0,0,0,0,0,0,0,0,0,0,0,0,1,1
<italic>anoplophora</italic> longhorn beetle,0,0,0,0,0,0,0,0,0,0,0,0,0,0,0,0,0,0,0,1,1
<italic>anoplophora horsfieldii hope</italic>,0,0,0,0,0,0,0,0,0,0,0,0,0,0,0,0,0,0,0,1,1
<italic>anoectochilus roxburghii</italic>,0,0,0,0,0,0,0,0,0,0,0,0,0,0,0,0,0,0,0,1,1
<italic>anisogomphus</italic>,0,0,0,0,0,0,0,0,0,0,0,0,0,0,0,0,0,0,0,1,1
<italic>amphisbaena</italic>,0,0,0,0,0,0,0,0,0,0,0,0,0,0,0,0,0,0,0,1,1
<italic>amphioctopus fangsiao</italic>,0,0,0,0,0,0,0,0,0,0,0,0,0,0,0,0,0,0,0,1,1
<italic>alnus</italic>,0,0,0,0,0,0,0,0,0,0,0,0,0,0,0,0,0,0,0,1,1
<italic>alcedo hercules</italic>,0,0,0,0,0,0,0,0,0,0,0,0,0,0,0,0,0,0,0,1,1
<italic>ailanthus altissima</italic> (mill.) swingle,0,0,0,0,0,0,0,0,0,0,0,0,0,0,0,0,0,0,1,0,1
<italic>acanthamoeba</italic>,0,0,0,0,0,0,0,0,0,0,0,0,0,0,0,0,0,0,0,1,1
<italic>acacia mearnsii</italic>,0,0,0,0,0,0,0,0,0,0,0,0,0,0,0,0,0,0,1,0,1
<fixed-case><italic>terminalia chebula</italic></fixed-case>,0,0,0,0,0,0,0,0,0,0,0,0,0,0,0,0,0,0,0,1,1
<italic>danxiaorchis yangii</italic>,0,0,0,0,0,0,0,0,0,0,0,0,0,0,0,0,0,0,1,0,1
<fixed-case><italic>salix matsudana</italic></fixed-case>,0,0,0,0,0,0,0,0,0,0,0,0,0,0,0,0,0,0,1,0,1
<fixed-case><italic>salix babylonica</italic></fixed-case>,0,0,0,0,0,0,0,0,0,0,0,0,0,0,0,0,0,0,1,0,1
<fixed-case><italic>rattus norvegicus</italic></fixed-case>,0,0,0,0,0,0,0,0,0,0,0,0,0,0,0,0,0,0,1,0,1
<fixed-case><italic>platycodon grandiflorus</italic></fixed-case>,0,0,0,0,0,0,0,0,0,0,0,0,0,0,0,0,0,0,0,1,1
<fixed-case><italic>pekania pennanti</italic></fixed-case>,0,0,0,0,0,0,0,0,0,0,0,0,0,0,0,0,0,0,0,1,1
<fixed-case><italic>anoplophora glabripennis</italic></fixed-case>,0,0,0,0,0,0,0,0,0,0,0,0,0,0,0,0,0,0,1,0,1
3drad,0,0,0,0,0,0,0,0,0,0,0,0,0,0,0,0,0,0,1,0,1
3d niche,0,0,0,0,0,0,0,0,0,0,0,0,0,0,0,0,0,1,0,0,1
1813),0,0,0,0,0,0,0,0,0,0,0,0,0,0,0,0,0,1,0,0,1
16s,0,0,0,0,0,0,1,0,0,0,0,0,0,0,0,0,0,0,0,0,1
) presl,0,0,0,0,0,0,0,0,0,0,0,0,0,0,0,1,0,0,0,0,1
) g,0,0,0,0,0,0,0,0,0,0,0,0,0,0,0,0,1,0,0,0,1
) diels,0,0,0,0,0,0,0,0,0,0,0,0,0,0,0,1,0,0,0,0,1
(sub) tropical montane cloudy forests,0,0,0,0,0,0,0,0,0,0,0,0,0,0,0,0,0,1,0,0,1
<italic>ardisia elliptica</italic>,0,0,0,0,0,0,0,0,0,0,0,0,0,0,0,0,0,0,0,1,1
<italic>aromia bungii</italic>,0,0,0,0,0,0,0,0,0,0,0,0,0,0,0,0,0,0,0,1,1
<italic>artemisia afra</italic>,0,0,0,0,0,0,0,0,0,0,0,0,0,0,0,0,0,0,0,1,1
<italic>aulonemia queko</italic>,0,0,0,0,0,0,0,0,0,0,0,0,0,0,0,0,0,0,0,1,1
<italic>danaus genutia</italic>,0,0,0,0,0,0,0,0,0,0,0,0,0,0,0,0,0,0,1,0,1
<italic>dalbergia odorifera</italic>,0,0,0,0,0,0,0,0,0,0,0,0,0,0,0,0,0,0,0,1,1
<italic>cynanchum annularium</italic>,0,0,0,0,0,0,0,0,0,0,0,0,0,0,0,0,0,0,1,0,1
<italic>cycas nathorstii</italic>,0,0,0,0,0,0,0,0,0,0,0,0,0,0,0,0,0,0,0,1,1
<italic>cycas circinalis</italic>,0,0,0,0,0,0,0,0,0,0,0,0,0,0,0,0,0,0,0,1,1
<italic>curvularia miyakei</italic>,0,0,0,0,0,0,0,0,0,0,0,0,0,0,0,0,0,0,0,1,1
<italic>cupressus sempervirens</italic>,0,0,0,0,0,0,0,0,0,0,0,0,0,0,0,0,0,0,0,1,1
<italic>crustulina guttata</italic>,0,0,0,0,0,0,0,0,0,0,0,0,0,0,0,0,0,0,0,1,1
<italic>cotinus coggygria</italic>,0,0,0,0,0,0,0,0,0,0,0,0,0,0,0,0,0,0,0,1,1
<italic>conogethes punctiferalis</italic>,0,0,0,0,0,0,0,0,0,0,0,0,0,0,0,0,0,0,0,1,1
<italic>clavicarpa</italic> species,0,0,0,0,0,0,0,0,0,0,0,0,0,0,0,0,0,0,0,1,1
<italic>ciconia ciconia</italic>,0,0,0,0,0,0,0,0,0,0,0,0,0,0,0,0,0,0,0,1,1
<italic>chorthippus dubius</italic>,0,0,0,0,0,0,0,0,0,0,0,0,0,0,0,0,0,0,0,1,1
<italic>changium</italic> species,0,0,0,0,0,0,0,0,0,0,0,0,0,0,0,0,0,0,0,1,1
<italic>chalcophora detrita</italic>,0,0,0,0,0,0,0,0,0,0,0,0,0,0,0,0,0,0,0,1,1
<italic>cervus nippon</italic>,0,0,0,0,0,0,0,0,0,0,0,0,0,0,0,0,0,0,0,1,1
<italic>catalpa bungei</italic>,0,0,0,0,0,0,0,0,0,0,0,0,0,0,0,0,0,0,0,1,1
<italic>carex</italic>,0,0,0,0,0,0,0,0,0,0,0,0,0,0,0,0,0,0,0,1,1
<italic>caretta caretta</italic>,0,0,0,0,0,0,0,0,0,0,0,0,0,0,0,0,0,0,1,0,1
<italic>carassius</italic> invasions,0,0,0,0,0,0,0,0,0,0,0,0,0,0,0,0,0,0,0,1,1
<italic>campos rupestres</italic>,0,0,0,0,0,0,0,0,0,0,0,0,0,0,0,0,0,0,0,1,1
<italic>camphora</italic> species,0,0,0,0,0,0,0,0,0,0,0,0,0,0,0,0,0,0,0,1,1
<italic>calomys musculinus</italic>,0,0,0,0,0,0,0,0,0,0,0,0,0,0,0,0,0,0,0,1,1
<italic>byrsonima</italic>,0,0,0,0,0,0,0,0,0,0,0,0,0,0,0,0,0,0,0,1,1
<italic>bulinus africanus</italic> group,0,0,0,0,0,0,0,0,0,0,0,0,0,0,0,0,0,0,0,1,1
<italic>brachyponera chinensis</italic>,0,0,0,0,0,0,0,0,0,0,0,0,0,0,0,0,0,0,0,1,1
<italic>biomphalaria pfeifferi</italic>,0,0,0,0,0,0,0,0,0,0,0,0,0,0,0,0,0,0,0,1,1
<italic>bidens pilosa</italic> l.,0,0,0,0,0,0,0,0,0,0,0,0,0,0,0,0,0,0,0,1,1
<italic>betula</italic>,0,0,0,0,0,0,0,0,0,0,0,0,0,0,0,0,0,0,0,1,1
<italic>salvia tiliifolia</italic>,0,0,0,0,0,0,0,0,0,0,0,0,0,0,0,0,0,0,0,1,1
<italic>sarcoptes scabiei</italic>,0,0,0,0,0,0,0,0,0,0,0,0,0,0,0,0,0,0,0,1,1
<italic>sargassum</italic>,0,0,0,0,0,0,0,0,0,0,0,0,0,0,0,0,0,0,0,1,1
adaptability: maxent model,0,0,0,0,0,0,0,0,0,0,0,0,0,0,0,0,0,1,0,0,1
adrion,0,0,0,0,0,0,0,0,0,0,0,0,0,0,1,0,0,0,0,0,1
adriatic sea,0,0,0,0,0,0,0,0,0,0,0,0,0,0,0,0,1,0,0,0,1
admixture,0,0,0,0,0,0,0,0,0,0,0,0,0,0,0,0,0,0,1,0,1
administrative spatial unit,0,0,0,0,0,0,0,0,0,0,0,0,0,0,0,1,0,0,0,0,1
adequacy,0,0,0,0,0,0,0,0,0,1,0,0,0,0,0,0,0,0,0,0,1
adelphocoris lineolatus,0,0,0,0,0,0,0,1,0,0,0,0,0,0,0,0,0,0,0,0,1
adelges tsugae,0,0,0,0,0,0,0,0,0,0,0,0,0,0,0,0,0,0,1,0,1
additive logistic regression,0,1,0,0,0,0,0,0,0,0,0,0,0,0,0,0,0,0,0,0,1
adaptive systems,0,0,0,0,0,1,0,0,0,0,0,0,0,0,0,0,0,0,0,0,1
adaptive strategies,0,0,0,0,0,0,0,0,0,0,0,0,0,0,0,0,0,0,0,1,1
adaptive resilience,0,0,0,0,0,0,0,0,0,0,0,1,0,0,0,0,0,0,0,0,1
adaptive kernel density estimation,0,0,0,0,0,0,0,0,0,0,0,0,0,0,0,0,0,0,0,1,1
adaptive area change,0,0,0,0,0,0,0,0,0,0,0,0,0,0,0,0,0,0,0,1,1
adaptation in forestry,0,0,0,0,0,0,0,0,0,0,0,0,0,0,0,0,1,0,0,0,1
adansonia digitata,0,0,0,0,0,0,0,0,0,0,0,0,0,0,0,0,1,0,0,0,1
acoustic telemetry,0,0,0,0,0,0,0,0,0,0,0,0,0,0,0,0,0,1,0,0,1
adansonia,0,0,0,0,0,0,0,1,0,0,0,0,0,0,0,0,0,0,0,0,1
adana,0,0,0,0,0,0,0,0,0,0,0,0,0,1,0,0,0,0,0,0,1
actual rice cropping area,0,0,0,0,0,0,0,0,0,1,0,0,0,0,0,0,0,0,0,0,1
actual distribution model,0,0,0,0,0,0,0,0,0,0,0,1,0,0,0,0,0,0,0,0,1
activity-specific niche,0,0,0,0,0,0,0,0,0,1,0,0,0,0,0,0,0,0,0,0,1
activity restrictions,0,0,0,0,0,0,0,0,0,0,0,0,0,1,0,0,0,0,0,0,1
activity pattern,0,0,0,0,0,0,0,0,0,0,0,0,0,0,0,0,1,0,0,0,1
activity,0,0,0,0,0,0,0,0,0,0,0,0,0,0,0,0,1,0,0,0,1
active surveillance system,0,0,0,0,0,0,0,0,0,0,0,0,0,0,0,0,1,0,0,0,1
active compound,0,0,0,0,0,0,0,0,0,0,0,0,0,0,0,0,1,0,0,0,1
actinidia arguta,0,0,0,0,0,0,0,0,0,0,0,0,0,0,1,0,0,0,0,0,1
acrosternum,0,0,0,0,0,0,0,0,0,0,0,0,0,1,0,0,0,0,0,0,1
acropora spp.,0,0,0,0,0,0,0,0,0,0,0,0,0,0,0,0,0,0,0,1,1
acrisols,0,0,0,0,0,0,0,0,0,0,0,0,0,0,0,0,0,1,0,0,1
adventive species,0,0,0,1,0,0,0,0,0,0,0,0,0,0,0,0,0,0,0,0,1
advertisement call,0,0,0,0,0,0,0,0,0,0,0,0,0,0,0,1,0,0,0,0,1
ae,0,0,0,0,0,0,0,0,0,0,0,0,0,0,0,0,1,0,0,0,1
aechmea,0,0,0,0,0,0,0,0,0,0,0,1,0,0,0,0,0,0,0,0,1
african mahogany,0,0,0,0,0,0,0,1,0,0,0,0,0,0,0,0,0,0,0,0,1
african lion,0,0,0,0,0,0,0,0,0,0,0,0,0,0,0,0,0,0,0,1,1
african holocene humid period,0,0,0,0,0,0,0,0,0,0,0,0,0,0,0,0,0,0,1,0,1
african forest elephant,0,0,0,0,0,0,0,0,0,0,0,0,0,1,0,0,0,0,0,0,1
african fall armyworm,0,0,0,0,0,0,0,0,0,0,0,0,0,0,0,0,0,0,1,0,1
african citrus greening,0,0,0,0,0,0,0,0,0,0,0,0,0,0,1,0,0,0,0,0,1
africa clade,0,0,0,0,0,0,0,0,0,0,0,0,0,1,0,0,0,0,0,0,1
aflatunia ulmifolia,0,0,0,0,0,0,0,0,0,0,0,0,0,0,0,0,0,0,0,1,1
afforestation potential,0,0,0,0,0,0,0,0,0,0,0,0,0,0,0,0,0,0,0,1,1
afforestation planning,0,0,0,0,0,0,0,0,0,0,0,0,0,0,0,0,0,0,0,1,1
affective computing,0,0,0,0,0,0,0,0,0,0,0,0,0,0,0,1,0,0,0,0,1
afar region,0,0,0,0,0,0,0,0,0,0,1,0,0,0,0,0,0,0,0,0,1
aerobiology,0,0,0,0,0,0,0,0,0,0,0,0,0,0,0,0,0,0,0,1,1
aeroallergen,0,0,0,0,0,0,0,0,0,0,0,1,0,0,0,0,0,0,0,0,1
aerial survey,0,0,0,0,0,0,0,0,0,0,0,1,0,0,0,0,0,0,0,0,1
aerial release,0,0,0,0,0,0,0,0,1,0,0,0,0,0,0,0,0,0,0,0,1
aerial pictures,0,0,0,0,0,0,0,0,0,0,0,0,0,0,0,0,1,0,0,0,1
aerial photography,0,0,0,0,0,0,0,0,0,0,0,0,1,0,0,0,0,0,0,0,1
aerial imagery,0,0,0,0,0,0,1,0,0,0,0,0,0,0,0,0,0,0,0,0,1
aerial altimetry,0,0,0,0,0,0,1,0,0,0,0,0,0,0,0,0,0,0,0,0,1
aeolian,0,0,0,0,0,0,0,0,0,0,0,1,0,0,0,0,0,0,0,0,1
aeolesthes sarta,0,0,0,0,0,0,0,0,0,0,0,0,0,0,0,0,0,0,1,0,1
aeneolamia,0,0,0,0,0,0,0,0,0,0,0,0,0,0,0,1,0,0,0,0,1
aegypti,0,0,0,0,0,0,0,0,0,0,0,0,0,0,0,0,1,0,0,0,1
aegolius funereus,0,0,0,0,0,0,0,0,0,0,0,0,0,0,0,0,1,0,0,0,1
aegithalos caudatus,0,0,0,0,0,0,0,0,0,0,0,0,0,0,0,0,0,0,1,0,1
aedes vittatus,0,0,0,0,0,0,0,0,0,0,0,0,0,0,0,0,1,0,0,0,1
aedes japonicus,0,0,0,0,0,0,0,0,0,0,0,0,0,0,0,0,1,0,0,0,1
aedes aegyp ti,0,0,0,0,0,0,0,0,0,0,0,0,0,0,0,0,0,0,0,1,1
acris blanchardi,0,0,0,0,0,0,0,0,0,0,0,0,0,0,0,1,0,0,0,0,1
acoustic sampling,0,0,0,0,0,0,0,0,1,0,0,0,0,0,0,0,0,0,0,0,1
<italic>schoenoplectus californicus</italic>,0,0,0,0,0,0,0,0,0,0,0,0,0,0,0,0,0,0,0,1,1
_ ?,0,0,0,0,0,0,0,0,0,0,0,0,0,0,0,0,0,1,0,0,1
abies forest,0,0,0,0,0,0,0,0,0,0,0,0,0,0,1,0,0,0,0,0,1
abies cilicica,0,0,0,0,0,0,0,0,0,0,0,0,0,0,0,0,1,0,0,0,1
abies chensiensis,0,0,0,0,0,0,0,0,0,0,0,0,0,0,0,0,1,0,0,0,1
abies balsamea,0,0,0,0,0,0,0,0,0,0,0,0,0,0,0,0,1,0,0,0,1
abert's squirrel,0,0,0,0,0,0,0,0,0,0,0,0,0,0,1,0,0,0,0,0,1
abandoned rice paddy,0,0,0,0,0,0,0,0,0,0,0,0,0,0,0,0,0,0,0,1,1
abandoned coastal aquaculture ponds,0,0,0,0,0,0,0,0,0,0,0,0,0,0,0,0,0,0,0,1,1
a.muricata,0,0,0,0,0,0,0,0,0,0,0,0,0,0,0,0,1,0,0,0,1
a. zullichi,0,0,0,0,0,0,0,0,1,0,0,0,0,0,0,0,0,0,0,0,1
a. vitaliana subsp nevadensis,0,0,0,0,0,0,0,0,1,0,0,0,0,0,0,0,0,0,0,0,1
a. trifida,0,0,0,0,0,0,0,0,0,0,0,0,0,0,0,0,1,0,0,0,1
a. psilostachya,0,0,0,0,0,0,0,0,0,0,0,0,0,0,0,0,1,0,0,0,1
a. artemisiifolia,0,0,0,0,0,0,0,0,0,0,0,1,0,0,0,0,0,0,0,0,1
a priori,0,0,0,0,0,0,0,0,0,0,1,0,0,0,0,0,0,0,0,0,1
<italic>zelkova carpinifolia</italic>,0,0,0,0,0,0,0,0,0,0,0,0,0,0,0,0,0,0,1,0,1
acoustic communication,0,0,0,0,0,0,0,0,0,0,0,0,0,0,0,1,0,0,0,0,1
<italic>woonyoungia septentrionalis</italic>,0,0,0,0,0,0,0,0,0,0,0,0,0,0,0,0,0,0,0,1,1
<italic>vitis vinifera l.</italic>,0,0,0,0,0,0,0,0,0,0,0,0,0,0,0,0,0,0,0,1,1
<italic>vachellia tortilis</italic>,0,0,0,0,0,0,0,0,0,0,0,0,0,0,0,0,0,0,0,1,1
<italic>tyto tenebricosa</italic>,0,0,0,0,0,0,0,0,0,0,0,0,0,0,0,0,0,0,0,1,1
<italic>troides helena</italic>,0,0,0,0,0,0,0,0,0,0,0,0,0,0,0,0,0,0,0,1,1
<italic>triatoma rubida</italic>,0,0,0,0,0,0,0,0,0,0,0,0,0,0,0,0,0,0,1,0,1
<italic>triatoma recurva</italic>,0,0,0,0,0,0,0,0,0,0,0,0,0,0,0,0,0,0,1,0,1
<italic>triatoma protracta</italic>,0,0,0,0,0,0,0,0,0,0,0,0,0,0,0,0,0,0,1,0,1
<italic>triatoma barberi</italic>,0,0,0,0,0,0,0,0,0,0,0,0,0,0,0,0,0,0,0,1,1
<italic>tamarix dubia</italic>,0,0,0,0,0,0,0,0,0,0,0,0,0,0,0,0,0,0,0,1,1
<italic>t. japonicus</italic>,0,0,0,0,0,0,0,0,0,0,0,0,0,0,0,0,0,0,1,0,1
<italic>smilax astrosperma</italic>,0,0,0,0,0,0,0,0,0,0,0,0,0,0,0,0,0,0,0,1,1
<italic>senna tora</italic>,0,0,0,0,0,0,0,0,0,0,0,0,0,0,0,0,0,0,1,0,1
<italic>senna obtusifolia</italic>,0,0,0,0,0,0,0,0,0,0,0,0,0,0,0,0,0,0,1,0,1
abies kawakamii,0,0,0,0,0,0,0,0,0,0,0,0,0,0,0,0,1,0,0,0,1
abies koreana,0,0,0,0,0,0,0,0,0,0,0,0,0,0,0,0,0,0,0,1,1
abiotic,0,0,0,0,0,0,0,0,0,0,0,0,0,0,1,0,0,0,0,0,1
abiotic component,0,0,0,0,0,0,0,0,0,0,0,0,1,0,0,0,0,0,0,0,1
aconitum pendulum and a. flavum,0,0,0,0,0,0,0,0,0,0,0,0,0,0,0,0,0,0,1,0,1
aconitum leucostomum,0,0,0,0,0,0,0,0,0,0,0,0,0,0,0,0,0,0,1,0,1
aconitum carmichaeli debeaux,0,0,0,0,0,0,0,0,0,0,0,0,0,0,0,0,0,1,0,0,1
acidification,0,0,0,0,0,0,0,0,0,0,0,0,0,1,0,0,0,0,0,0,1
acid deposition,0,0,0,0,0,0,0,0,1,0,0,0,0,0,0,0,0,0,0,0,1
achillea eriophora,0,0,0,0,0,0,0,0,0,0,0,0,0,0,0,0,0,0,1,0,1
acer truncatum,0,0,0,0,0,0,0,0,0,0,0,0,0,0,0,0,0,0,1,0,1
acer,0,0,0,0,0,0,0,0,0,0,0,0,0,0,0,0,1,0,0,0,1
accuracy measures,0,0,0,0,0,0,0,0,0,0,0,0,0,0,0,1,0,0,0,0,1
accessible area,0,0,0,0,0,0,0,0,0,0,0,0,0,0,0,0,0,0,1,0,1
accessibility model,0,0,0,0,0,0,0,0,0,0,0,0,0,0,0,0,1,0,0,0,1
accessibility,0,0,0,0,0,0,0,0,0,0,0,0,0,0,1,0,0,0,0,0,1
acanthus ebracteatus,0,0,0,0,0,0,0,0,0,0,0,0,0,0,0,0,0,0,0,1,1
acai,0,0,0,0,0,0,0,0,0,0,1,0,0,0,0,0,0,0,0,0,1
acacia saligna,0,0,0,0,0,1,0,0,0,0,0,0,0,0,0,0,0,0,0,0,1
acacia nigrescens,0,0,0,0,0,0,1,0,0,0,0,0,0,0,0,0,0,0,0,0,1
acacia longifolia,0,0,0,0,0,0,0,0,0,0,0,0,0,0,0,1,0,0,0,0,1
acacia decurrens,0,0,0,0,0,0,0,0,0,0,0,0,0,0,0,0,0,0,1,0,1
abundance-suitability relationship,0,0,0,0,0,0,0,0,0,0,0,0,0,0,0,1,0,0,0,0,1
abundance-occupancy relationships,0,0,0,0,0,0,0,0,0,0,0,1,0,0,0,0,0,0,0,0,1
abundance estimation,0,0,0,0,0,0,0,0,0,0,0,0,0,0,0,0,0,0,0,1,1
abundance distributions,0,0,0,0,0,0,0,0,0,0,0,1,0,0,0,0,0,0,0,0,1
absence-only data,0,0,0,0,0,0,0,0,0,0,0,0,0,0,0,0,0,0,1,0,1
absence,0,0,0,0,0,1,0,0,0,0,0,0,0,0,0,0,0,0,0,0,1
abruzzo,0,0,0,0,0,0,0,0,0,0,1,0,0,0,0,0,0,0,0,0,1
abrotrichini,0,0,0,0,0,0,0,0,0,0,0,0,0,0,1,0,0,0,0,0,1
aboveground biomass,0,0,0,0,0,0,0,0,0,0,0,0,0,0,1,0,0,0,0,0,1
abiotic variables,0,0,0,0,0,0,0,0,0,0,0,0,0,0,0,0,1,0,0,0,1
abiotic factor,0,0,0,0,0,0,0,0,0,0,0,0,0,0,0,1,0,0,0,0,1
ardabil,0,0,0,0,0,0,0,0,0,0,0,0,1,0,0,0,0,0,0,0,1
area of endemism,0,0,0,0,0,0,0,0,0,0,0,0,0,0,0,0,0,0,0,1,1
caesalpinia bonduc,0,0,0,0,0,0,0,0,0,0,0,0,0,0,0,0,0,1,0,0,1
biophysical ecology,0,0,0,0,1,0,0,0,0,0,0,0,0,0,0,0,0,0,0,0,1
birch,0,0,0,0,0,0,0,0,0,0,0,0,0,0,0,0,0,0,0,1,1
bioturbation index,0,0,0,0,0,0,0,0,0,0,0,0,0,0,1,0,0,0,0,0,1
bioturbation,0,0,0,0,0,0,0,0,0,0,0,1,0,0,0,0,0,0,0,0,1
biotree-net,0,0,0,0,0,0,0,1,0,0,0,0,0,0,0,0,0,0,0,0,1
biotope distribution,0,0,0,0,0,0,0,0,0,0,0,0,0,0,0,0,0,1,0,0,1
biotope classification,0,0,0,0,0,0,0,0,0,0,0,0,0,0,0,0,0,0,0,1,1
biotope,0,0,0,0,0,0,1,0,0,0,0,0,0,0,0,0,0,0,0,0,1
biotic homogenization,0,0,0,0,0,0,0,0,0,1,0,0,0,0,0,0,0,0,0,0,1
biotic effects,0,0,0,0,0,0,0,0,0,0,0,1,0,0,0,0,0,0,0,0,1
biosafety,0,0,0,0,0,0,0,0,0,0,0,0,1,0,0,0,0,0,0,0,1
bioregionalization,0,0,0,0,0,0,0,0,0,0,0,0,0,0,1,0,0,0,0,0,1
bioregion delineation,0,0,0,0,0,0,0,0,0,0,0,0,0,0,0,0,0,0,0,1,1
biophysical processors,0,0,0,0,0,0,0,0,0,0,0,0,0,0,0,1,0,0,0,0,1
biophysical model,0,0,0,0,0,0,0,0,1,0,0,0,0,0,0,0,0,0,0,0,1
biophysical,0,0,0,0,0,0,0,0,0,0,0,0,0,0,0,0,1,0,0,0,1
bird community,0,0,0,0,0,0,0,0,0,0,0,0,0,0,1,0,0,0,0,0,1
bionomics,0,0,0,0,0,0,0,0,0,0,0,0,0,0,0,0,0,0,0,1,1
biomod2 ensemble model,0,0,0,0,0,0,0,0,0,0,0,0,0,0,0,0,0,0,1,0,1
biomod2,0,0,0,0,0,0,0,0,0,0,0,0,0,1,0,0,0,0,0,0,1
biometeorology,0,0,0,0,0,0,0,0,0,0,0,0,0,0,0,0,0,0,1,0,1
biomemodel,0,0,0,0,0,0,0,0,0,0,0,1,0,0,0,0,0,0,0,0,1
biome transition,0,0,0,0,0,0,0,0,0,0,0,0,0,0,0,1,0,0,0,0,1
biomass,0,0,0,0,0,0,0,0,0,0,0,0,0,0,0,0,0,0,1,0,1
biologically meaningful predictors,0,0,0,0,0,0,0,0,0,0,0,0,0,0,0,1,0,0,0,0,1
biological specimen,0,0,0,0,0,0,0,0,0,0,0,0,0,0,0,0,0,0,1,0,1
biological richness,0,0,0,0,0,0,1,0,0,0,0,0,0,0,0,0,0,0,0,0,1
biological oceanography,0,0,0,0,0,0,0,0,0,0,0,0,0,0,0,0,0,0,0,1,1
biological invasions,0,0,0,0,0,0,0,0,0,0,0,0,0,0,0,1,0,0,0,0,1
biological invasion management,0,0,0,0,0,0,0,0,0,0,0,0,0,0,0,0,0,0,0,1,1
biological corridor connectivity,0,0,0,0,0,0,0,0,0,0,0,0,0,0,0,0,0,0,0,1,1
bird and agriculture interaction,0,0,0,0,0,0,0,0,0,0,0,0,0,0,0,0,0,0,1,0,1
bird conservation key areas and species,0,0,0,0,0,0,0,0,0,0,0,0,0,0,0,0,0,0,0,1,1
block cross-validation,0,0,0,0,0,0,0,0,0,0,0,0,0,0,0,0,0,1,0,0,1
black belt prairie,0,0,0,0,0,0,0,0,0,0,0,0,0,0,0,1,0,0,0,0,1
blanding's turtle,0,0,0,0,0,0,0,0,0,0,0,0,0,0,0,0,1,0,0,0,1
blackside dace,0,0,0,0,0,0,0,1,0,0,0,0,0,0,0,0,0,0,0,0,1
blacklegged tick,0,0,0,0,0,0,0,0,0,0,0,0,0,0,0,0,0,1,0,0,1
blackcap sylvia atricapilla,0,0,0,0,0,0,0,0,1,0,0,0,0,0,0,0,0,0,0,0,1
black-spined toad,0,0,0,0,0,0,0,0,0,0,0,1,0,0,0,0,0,0,0,0,1
black-faced spoonbill (platalea minor),0,0,0,0,1,0,0,0,0,0,0,0,0,0,0,0,0,0,0,0,1
black-browed albatross,0,0,0,0,0,0,0,0,0,0,0,0,0,0,0,0,0,1,0,0,1
black-backed woodpeckers,0,0,0,0,0,0,0,1,0,0,0,0,0,0,0,0,0,0,0,0,1
black woodpecker density,0,0,0,0,0,0,0,0,0,0,0,0,0,0,1,0,0,0,0,0,1
black spruce forests,0,0,0,0,0,0,0,0,0,0,0,0,0,0,1,0,0,0,0,0,1
black soil region,0,0,0,0,0,0,0,0,0,0,0,0,0,0,0,0,0,0,0,1,1
black robin,0,0,0,0,0,0,0,0,0,0,0,0,1,0,0,0,0,0,0,0,1
black oystercatcher,0,0,0,0,0,0,0,0,0,0,0,1,0,0,0,0,0,0,0,0,1
black coral,0,0,0,0,0,0,0,0,0,0,0,1,0,0,0,0,0,0,0,0,1
bivariate models,0,0,0,0,0,0,0,0,0,1,0,0,0,0,0,0,0,0,0,0,1
bird diversity,0,0,0,0,0,0,0,0,0,0,0,0,0,0,0,0,0,0,1,0,1
bivalvia,0,0,0,0,0,0,0,0,0,0,0,0,0,0,0,0,0,0,0,1,1
bivalves,0,0,0,0,0,0,0,0,1,0,0,0,0,0,0,0,0,0,0,0,1
biting midge,0,0,0,0,0,0,0,0,0,0,0,0,0,0,0,0,0,0,0,1,1
bithynia siamensis goniomphalos,0,0,0,0,0,0,0,0,0,0,0,0,0,1,0,0,0,0,0,0,1
bitat,0,0,0,0,0,0,0,0,0,0,0,0,0,0,0,0,0,0,0,1,1
bison,0,0,0,0,0,0,0,0,0,0,0,0,0,0,0,0,1,0,0,0,1
biserial correlation,0,0,0,0,0,0,0,0,0,0,0,0,0,0,0,0,0,0,1,0,1
birds of prey,0,0,0,0,0,0,0,0,0,0,0,0,0,0,0,0,0,0,0,1,1
birds of india,0,0,0,0,0,0,0,0,0,0,0,0,0,0,0,0,0,1,0,0,1
bird strikes,0,0,0,0,0,0,0,0,0,0,0,0,0,0,0,0,0,0,1,0,1
bird species richness,0,0,0,0,0,0,0,0,0,0,0,0,0,0,0,0,0,0,1,0,1
bird migration,0,0,0,0,0,0,0,0,0,0,0,0,0,0,0,0,0,0,0,1,1
bird introductions,0,0,0,0,0,0,0,0,0,0,0,0,0,0,0,1,0,0,0,0,1
bird feeders,0,0,0,0,0,0,0,0,1,0,0,0,0,0,0,0,0,0,0,0,1
biological control of weeds,0,0,0,0,0,0,0,0,1,0,0,0,0,0,0,0,0,0,0,0,1
biological collections,0,0,0,0,0,0,0,0,0,1,0,0,0,0,0,0,0,0,0,0,1
biogeomorphological niche,0,0,0,0,0,0,0,0,0,0,0,0,0,0,0,0,0,0,1,0,1
big cats,0,0,0,0,0,0,0,0,0,0,0,0,0,0,0,0,0,0,0,1,1
bioclimatic covariates,0,0,0,0,0,0,0,0,0,0,0,0,0,0,0,0,1,0,0,0,1
bioclimatic and edaphic predictors,0,0,0,0,0,0,0,0,0,0,0,0,0,0,0,0,0,0,0,1,1
bioclimatic analysis,0,0,0,0,0,0,0,0,0,0,0,0,0,0,0,0,0,0,0,1,1
bioclim model,0,0,0,0,0,0,0,0,0,0,0,0,0,0,0,0,0,1,0,0,1
binsar,0,0,0,0,0,1,0,0,0,0,0,0,0,0,0,0,0,0,0,0,1
binomial kriging,0,0,0,0,0,0,0,0,0,0,0,0,0,0,0,1,0,0,0,0,1
binary prediction,0,0,0,0,0,0,0,0,0,0,0,0,0,1,0,0,0,0,0,0,1
binary classifier,0,0,0,0,0,0,0,0,0,0,0,0,0,0,0,0,0,0,1,0,1
bilberry,0,0,0,0,0,0,0,0,0,0,0,0,0,0,0,0,0,1,0,0,1
bighorn sheep,0,0,0,0,0,0,0,0,0,0,0,0,0,0,1,0,0,0,0,0,1
big data analytics,0,0,0,0,0,0,0,0,0,0,0,0,0,0,0,1,0,0,0,0,1
big data,0,0,0,0,0,0,0,0,0,0,1,0,0,0,0,0,0,0,0,0,1
big crested mastiff bat,0,0,0,0,0,0,0,0,0,0,0,0,0,0,1,0,0,0,0,0,1
big cats population recovering,0,0,0,0,0,0,0,0,0,0,0,0,0,0,0,0,0,0,1,0,1
bidens macropetra,0,0,0,0,0,0,0,0,0,0,0,0,0,0,0,0,0,0,0,1,1
biogeography of disease,0,0,0,0,0,0,0,0,0,0,0,0,0,1,0,0,0,0,0,0,1
bibliometrix,0,0,0,0,0,0,0,0,0,0,0,0,0,0,0,0,0,0,0,1,1
bibliographic analysis,0,0,0,0,0,0,0,0,0,0,0,0,0,0,0,0,0,0,0,1,1
biased support vector machine,0,0,0,0,0,0,0,0,0,0,0,1,0,0,0,0,0,0,0,0,1
biased sampling effort,0,0,0,0,0,0,0,0,0,1,0,0,0,0,0,0,0,0,0,0,1
biased,0,0,0,0,0,0,0,0,0,0,0,0,0,0,0,0,0,0,0,1,1
bias map,0,0,0,0,0,0,0,0,0,0,0,0,0,0,0,1,0,0,0,0,1
bias file,0,0,0,0,0,0,0,0,0,0,0,0,0,0,0,1,0,0,0,0,1
bhima river,0,0,0,0,0,0,0,0,0,0,0,0,0,0,0,0,0,0,0,1,1
bezier curves,0,0,0,0,0,0,0,1,0,0,0,0,0,0,0,0,0,0,0,0,1
bewick's swan,0,0,0,0,0,0,0,0,0,0,0,0,0,0,0,0,0,0,0,1,1
betula utilis,0,0,0,0,0,0,0,0,0,0,0,0,0,0,0,1,0,0,0,0,1
betula luminifera,0,0,0,0,0,0,0,0,0,0,0,0,0,0,0,0,0,0,1,0,1
betula davurica,0,0,0,0,0,0,0,0,0,0,0,0,1,0,0,0,0,0,0,0,1
bettongia tropica,0,0,0,0,0,0,1,0,0,0,0,0,0,0,0,0,0,0,0,0,1
bioclimatic distribution modelling,0,0,0,0,0,0,0,1,0,0,0,0,0,0,0,0,0,0,0,0,1
bioclimatic gradients,0,0,0,0,0,0,0,0,0,0,0,0,0,0,1,0,0,0,0,0,1
bioclimatic indicators,0,0,0,0,0,0,0,0,0,0,0,0,0,0,0,0,0,0,0,1,1
bioclimatic layers,0,0,0,0,0,0,0,0,0,0,0,0,0,0,0,0,1,0,0,0,1
biogeographical strata,0,0,0,0,0,0,0,0,0,0,1,0,0,0,0,0,0,0,0,0,1
biogeographical shifts,0,0,0,0,0,0,0,0,0,0,1,0,0,0,0,0,0,0,0,0,1
biogeographical realm,0,0,0,0,0,0,0,0,0,0,0,0,0,1,0,0,0,0,0,0,1
biogeographic entities,0,0,0,0,0,0,0,0,0,0,0,0,0,0,0,0,0,0,1,0,1
biogeographic comparison,0,0,0,0,0,0,0,0,0,0,0,0,0,0,1,0,0,0,0,0,1
biogeografia,0,0,0,0,0,0,0,0,0,0,0,0,0,1,0,0,0,0,0,0,1
biogeoclimatic ecosystem classification,0,0,0,0,0,0,0,0,0,0,0,0,1,0,0,0,0,0,0,0,1
biogenic reefs,0,0,0,0,0,0,0,1,0,0,0,0,0,0,0,0,0,0,0,0,1
biogenic habitats,0,0,0,0,0,0,0,0,0,0,0,0,0,0,0,0,0,0,1,0,1
biofuels,0,0,0,0,1,0,0,0,0,0,0,0,0,0,0,0,0,0,0,0,1
bioenergy,0,0,0,0,0,0,0,0,0,0,0,0,0,0,0,1,0,0,0,0,1
biodiversity-rich areas,0,0,0,0,0,0,0,0,0,0,0,0,0,0,0,0,0,0,1,0,1
biodiversity surrogates,0,0,0,0,1,0,0,0,0,0,0,0,0,0,0,0,0,0,0,0,1
biodiversity strategy,0,0,0,0,0,0,0,0,0,0,1,0,0,0,0,0,0,0,0,0,1
biodiversity preservation,0,0,0,0,0,0,0,0,0,0,0,0,0,0,0,0,0,0,1,0,1
biodiversity prediction,0,0,0,0,0,0,0,0,0,0,0,0,0,0,0,0,1,0,0,0,1
biodiversity modeling,0,0,0,0,0,0,0,0,0,0,0,0,0,0,0,0,0,0,1,0,1
biodiversity indices,0,0,0,0,0,0,0,0,0,0,0,0,0,0,0,0,0,0,1,0,1
biodiversity indicator,0,0,0,0,0,0,0,0,0,0,0,0,0,0,0,0,1,0,0,0,1
biodiversity impacts,0,0,0,0,0,0,0,1,0,0,0,0,0,0,0,0,0,0,0,0,1
biodiversity change,0,0,0,0,0,0,0,0,0,0,0,0,0,0,0,0,0,0,1,0,1
biodiversity attributes,0,0,0,0,0,0,0,0,0,0,0,0,0,0,1,0,0,0,0,0,1
biodiversidad del suelo,0,0,0,0,0,0,0,0,0,0,0,0,0,0,0,0,0,0,1,0,1
biodiesel,0,0,0,0,0,0,0,0,0,0,0,1,0,0,0,0,0,0,0,0,1
biocultural heritage,0,0,0,0,0,0,0,0,0,0,0,0,0,0,0,0,1,0,0,0,1
biocrust technologies,0,0,0,0,0,0,0,0,0,0,0,0,0,0,1,0,0,0,0,0,1
biocrust,0,0,0,0,0,0,0,0,0,0,0,0,0,0,0,0,0,0,1,0,1
biocontrol agents,0,0,0,0,0,0,0,0,0,0,0,0,0,0,0,0,0,0,0,1,1
bioclimatic range,0,0,0,0,0,0,1,0,0,0,0,0,0,0,0,0,0,0,0,0,1
bletilla striata,0,0,0,0,0,0,0,0,0,0,0,0,0,0,0,0,0,0,0,1,1
bloom occurrence,0,0,0,0,0,0,0,0,0,0,0,0,0,0,1,0,0,0,0,0,1
area of extent,0,0,0,0,0,0,0,0,0,0,0,0,0,0,0,0,0,1,0,0,1
buchanania cochinchinensis,0,0,0,0,0,0,0,0,0,0,0,0,0,0,0,1,0,0,0,0,1
bumble bee,0,0,0,0,0,0,0,0,0,1,0,0,0,0,0,0,0,0,0,0,1
bullfrog,0,0,0,0,0,0,0,0,0,0,0,0,0,0,1,0,0,0,0,0,1
bulk dna metabarcoding,0,0,0,0,0,0,0,0,0,0,0,0,0,0,0,0,0,0,1,0,1
bulbuls,0,0,0,0,0,0,0,0,0,0,0,0,0,0,0,0,0,0,0,1,1
bugweed,0,0,0,0,0,0,0,0,0,0,0,0,0,0,1,0,0,0,0,0,1
bugensis,0,0,0,0,0,0,0,1,0,0,0,0,0,0,0,0,0,0,0,0,1
bufonidae,0,0,0,0,0,0,0,0,0,0,0,0,0,0,1,0,0,0,0,0,1
bufo viridis,0,0,0,0,0,0,1,0,0,0,0,0,0,0,0,0,0,0,0,0,1
bufo marinus,0,0,0,0,0,0,0,0,1,0,0,0,0,0,0,0,0,0,0,0,1
bufo canorus,0,0,0,0,0,1,0,0,0,0,0,0,0,0,0,0,0,0,0,0,1
bufo bufo,0,0,0,0,0,0,0,0,0,0,0,0,0,0,1,0,0,0,0,0,1
buffer size,0,0,0,0,0,0,0,0,0,0,0,0,0,0,0,0,0,0,0,1,1
buffelgrass,0,0,0,0,0,0,0,1,0,0,0,0,0,0,0,0,0,0,0,0,1
bucorvus leadbeateri,0,0,0,0,0,0,0,1,0,0,0,0,0,0,0,0,0,0,0,0,1
bucerotiformes,0,0,0,0,0,0,0,0,0,0,0,0,0,0,0,0,0,0,1,0,1
bunyaviridae,0,0,0,0,0,0,0,0,0,0,0,0,1,0,0,0,0,0,0,0,1
brush-tailed rock-wallaby,0,0,0,0,0,0,0,0,0,0,0,0,0,0,0,0,1,0,0,0,1
brunei darussalam,0,0,0,0,0,0,0,0,0,0,0,1,0,0,0,0,0,0,0,0,1
brumation,0,0,0,0,0,0,0,0,0,0,0,0,0,0,0,0,0,0,1,0,1
brt,0,0,0,0,0,0,0,0,0,0,0,0,0,1,0,0,0,0,0,0,1
browsing,0,0,0,0,0,0,0,0,0,1,0,0,0,0,0,0,0,0,0,0,1
brownian bridge modelling,0,0,0,0,0,0,0,0,0,0,0,0,0,0,0,1,0,0,0,0,1
brown-headed spider monkey,0,0,0,0,0,1,0,0,0,0,0,0,0,0,0,0,0,0,0,0,1
brown-headed nuthatch,0,0,0,0,0,0,0,0,0,0,0,1,0,0,0,0,0,0,0,0,1
brown spot needle blight (bsnb),0,0,0,0,0,0,0,0,0,0,0,0,0,0,0,0,0,1,0,0,1
brood parasite,0,0,0,0,0,0,0,0,0,0,0,1,0,0,0,0,0,0,0,0,1
brood habitat suitability,0,0,0,0,0,0,0,0,0,0,0,0,0,0,0,0,0,0,0,1,1
bromus rubens,0,0,0,0,0,0,0,0,0,0,0,0,0,1,0,0,0,0,0,0,1
bromelioideae,0,0,0,0,0,0,0,0,0,0,0,1,0,0,0,0,0,0,0,0,1
bromeliaceae,0,0,0,0,0,0,0,0,0,0,0,1,0,0,0,0,0,0,0,0,1
bunium persicum,0,0,0,0,0,0,0,0,0,0,0,0,0,0,0,0,0,1,0,0,1
buprestidae,0,0,0,0,0,0,0,0,0,0,0,0,0,0,0,0,0,0,0,1,1
blossom bat,0,0,0,0,0,0,0,0,0,0,0,0,0,0,0,0,1,0,0,0,1
c & ocirc,0,0,0,0,0,0,0,0,0,0,0,0,0,0,0,0,0,0,0,1,1
caelifera,0,0,0,0,0,0,0,0,0,0,0,0,0,0,0,0,0,0,0,1,1
caddisfly,0,0,0,0,0,0,0,0,0,0,0,0,0,0,0,0,0,1,0,0,1
cactus wren,0,0,0,0,0,0,0,0,0,0,0,0,0,1,0,0,0,0,0,0,1
cacti,0,0,0,0,0,0,0,0,0,0,1,0,0,0,0,0,0,0,0,0,1
cactaceae,0,0,0,0,0,0,0,0,0,0,0,0,0,0,0,0,1,0,0,0,1
cacopsylla chinensis,0,0,0,0,0,0,0,0,0,0,0,0,0,0,0,0,0,0,1,0,1
cache valley virus,0,0,0,0,0,0,0,0,0,0,0,0,0,0,0,0,0,0,1,0,1
cabrera vole,0,0,0,0,0,0,0,0,0,0,0,0,0,0,1,0,0,0,0,0,1
cabotage vector,0,0,0,0,0,0,0,0,0,0,0,0,0,0,0,0,0,1,0,0,1
cabbage,0,0,0,0,0,0,0,0,0,0,0,0,0,0,1,0,0,0,0,0,1
caatinga howler monkey,0,0,0,0,0,0,0,0,0,0,0,0,0,0,1,0,0,0,0,0,1
ca-markov,0,0,0,0,0,0,0,0,0,0,0,0,0,0,0,0,0,1,0,0,1
c. nasus,0,0,0,0,0,0,0,0,0,0,0,0,0,0,0,0,0,0,1,0,1
c. imicola,0,0,0,0,0,0,0,0,0,0,0,0,0,0,0,1,0,0,0,0,1
buzzer midge,0,0,0,0,0,0,0,0,0,0,0,0,0,0,0,0,0,0,0,1,1
bursaphelenchu xylophilus,0,0,0,0,0,0,0,0,0,0,0,0,0,0,0,0,0,0,1,0,1
buzz pollinators,0,0,0,0,0,0,0,0,0,0,0,0,0,0,0,1,0,0,0,0,1
butterfly habitat,0,0,0,0,0,0,0,0,0,0,0,0,0,0,0,0,0,0,0,1,1
butterfly conservation,0,0,0,0,0,0,0,0,0,0,0,0,0,0,1,0,0,0,0,0,1
butterfly biology,0,0,0,0,0,0,0,0,0,0,0,0,1,0,0,0,0,0,0,0,1
butterfish (peprilus triacanthus),0,0,0,0,0,0,0,0,0,0,0,0,1,0,0,0,0,0,0,0,1
buteo lineatus,0,0,0,0,0,0,0,0,0,0,0,0,0,1,0,0,0,0,0,0,1
buteo jamaicensis harlani,0,0,0,0,0,0,0,0,0,0,0,0,0,0,0,1,0,0,0,0,1
business-as-usual,0,0,0,0,0,0,0,0,0,0,0,0,0,0,0,0,0,0,1,0,1
bushmint,0,0,0,0,0,0,0,0,1,0,0,0,0,0,0,0,0,0,0,0,1
bush thickening,0,0,0,0,0,0,0,0,0,0,0,0,1,0,0,0,0,0,0,0,1
bush tea,0,0,0,0,0,0,0,0,1,0,0,0,0,0,0,0,0,0,0,0,1
bush encroachment,0,0,0,0,0,0,0,0,0,0,0,0,0,0,0,0,0,0,0,1,1
burying habitat,0,0,0,0,0,0,0,0,0,0,0,0,0,0,0,1,0,0,0,0,1
burseraceae,0,0,0,0,0,0,0,0,0,0,0,0,0,0,0,0,0,1,0,0,1
broadscale conservation planning,0,0,0,0,0,1,0,0,0,0,0,0,0,0,0,0,0,0,0,0,1
broad-area mapping,0,0,0,0,0,0,0,0,0,0,0,0,1,0,0,0,0,0,0,0,1
broad scale,0,0,0,0,0,1,0,0,0,0,0,0,0,0,0,0,0,0,0,0,1
boltzmann distribution,0,0,0,0,0,0,0,0,0,0,0,0,0,0,0,0,0,1,0,0,1
botany,0,0,0,0,0,0,0,0,0,0,0,0,1,0,0,0,0,0,0,0,1
botanical zoning,0,0,0,0,0,0,0,0,0,0,0,0,0,0,1,0,0,0,0,0,1
boswellia serrata,0,0,0,0,0,0,0,0,0,0,0,0,0,0,1,0,0,0,0,0,1
boswellia papyrifera,0,0,0,0,0,0,0,0,0,0,1,0,0,0,0,0,0,0,0,0,1
boston mountains,0,0,0,0,0,0,0,0,0,0,0,0,0,0,0,0,0,1,0,0,1
borrelia burgdorferi,0,0,0,0,0,0,0,0,0,0,0,0,1,0,0,0,0,0,0,0,1
border area,0,0,0,0,0,0,0,0,0,0,0,0,0,0,0,0,0,0,0,1,1
bootstrap,0,0,0,0,0,0,0,0,0,0,0,0,0,0,0,1,0,0,0,0,1
boosted regression,0,0,0,0,0,0,0,0,0,0,0,0,0,0,0,0,0,1,0,0,1
boosted classification trees,0,0,0,0,0,0,0,0,0,1,0,0,0,0,0,0,0,0,0,0,1
bonnethead,0,0,0,0,0,0,0,0,0,0,0,0,0,0,0,1,0,0,0,0,1
bonelli's eagle,0,0,0,0,0,1,0,0,0,0,0,0,0,0,0,0,0,0,0,0,1
bombus pyrosoma,0,0,0,0,0,0,0,0,0,0,0,0,0,0,0,1,0,0,0,0,1
bombina variegata,0,0,0,0,0,0,0,0,0,0,0,0,0,0,0,1,0,0,0,0,1
boiga kraepelini,0,0,0,0,0,0,0,0,0,1,0,0,0,0,0,0,0,0,0,0,1
bristletails,0,0,0,0,0,0,1,0,0,0,0,0,0,0,0,0,0,0,0,0,1
boiga,0,0,0,0,0,0,0,0,0,0,0,0,0,0,0,0,1,0,0,0,1
boids,0,0,0,0,0,0,0,0,0,0,0,1,0,0,0,0,0,0,0,0,1
bohai sea,0,0,0,0,0,0,0,0,0,0,0,0,0,0,0,0,0,0,1,0,1
boehmeria nivea,0,0,0,0,0,0,0,0,0,0,0,0,0,0,0,0,0,0,0,1,1
blueberry and cranberry twig blight,0,0,0,0,0,0,0,0,0,0,0,1,0,0,0,0,0,0,0,0,1
blueberries,0,0,0,0,0,0,0,0,0,0,0,1,0,0,0,0,0,0,0,0,1
blue-spotted salamander,0,0,0,0,0,0,0,0,0,0,0,0,0,0,0,0,1,0,0,0,1
blue ridge mountains,0,0,0,0,0,0,0,0,0,0,0,0,0,0,0,1,0,0,0,0,1
blue oat mites,0,0,0,0,0,0,1,0,0,0,0,0,0,0,0,0,0,0,0,0,1
blue mussel,0,0,0,0,0,0,0,0,0,1,0,0,0,0,0,0,0,0,0,0,1
blue marlin,0,0,0,0,0,0,0,0,0,0,0,0,0,1,0,0,0,0,0,0,1
blue gum psyllid,0,0,0,0,0,0,0,0,0,0,0,0,0,0,0,0,0,0,0,1,1
blowfly strike,0,0,0,0,0,1,0,0,0,0,0,0,0,0,0,0,0,0,0,0,1
blowflies,0,0,0,0,0,0,0,0,0,0,0,0,0,0,0,0,0,1,0,0,1
bougainvilliidae,0,0,0,0,0,0,0,1,0,0,0,0,0,0,0,0,0,0,0,0,1
boundary current,0,0,0,0,0,0,0,0,0,0,1,0,0,0,0,0,0,0,0,0,1
bovidae,0,0,0,0,0,0,0,0,0,0,0,0,0,0,0,0,1,0,0,0,1
bovine anaplasmosis,0,0,0,0,0,0,0,0,0,0,0,0,0,0,0,0,0,0,1,0,1
bridge hosts,0,0,0,0,0,0,0,0,0,0,0,0,0,0,0,0,0,0,0,1,1
brevipalpus californicus,0,0,0,0,0,0,0,0,0,0,0,0,0,0,0,1,0,0,0,0,1
bretziella fagacearum,0,0,0,0,0,0,0,0,0,0,0,0,0,1,0,0,0,0,0,0,1
bremer canyon,0,0,0,0,0,0,0,0,0,0,0,0,0,1,0,0,0,0,0,0,1
breeds and ecotypes,0,0,0,0,0,0,0,0,0,0,0,0,0,0,0,1,0,0,0,0,1
breeding waterfowl,0,0,0,0,0,0,0,0,0,0,0,0,0,0,1,0,0,0,0,0,1
breeding sites,0,0,0,0,0,0,0,0,0,0,0,0,0,0,0,0,1,0,0,0,1
breeding range,0,0,0,0,0,0,0,0,0,0,0,0,1,0,0,0,0,0,0,0,1
breeding ponds,0,0,0,0,0,0,0,1,0,0,0,0,0,0,0,0,0,0,0,0,1
breeding habitat conservation,0,0,0,0,0,0,0,0,0,0,0,0,0,0,0,0,0,0,0,1,1
breeding birds,0,0,0,0,0,0,0,0,0,0,0,0,0,0,0,0,0,0,1,0,1
brazilian pine,0,0,0,0,0,0,0,0,0,0,0,0,0,0,0,0,0,0,1,0,1
brazilian free-tailed bat,0,0,0,0,0,0,0,0,0,0,0,0,0,0,0,0,0,1,0,0,1
brazilian atlantic forest,0,0,0,0,0,0,0,0,1,0,0,0,0,0,0,0,0,0,0,0,1
brazilian amazon,0,0,0,0,0,0,0,0,0,1,0,0,0,0,0,0,0,0,0,0,1
brazil-nut,0,0,0,0,0,0,0,0,0,0,0,0,0,1,0,0,0,0,0,0,1
brahmaputra and barak valley,0,0,0,0,0,0,0,0,0,0,0,0,0,0,0,0,1,0,0,0,1
brahea dulcis,0,0,0,0,0,0,0,0,0,0,0,0,0,0,0,0,1,0,0,0,1
brackish ecosystems,0,0,0,0,0,0,0,0,0,0,0,0,0,0,0,0,0,0,0,1,1
bracken fern,0,0,0,0,0,0,0,0,0,0,0,0,0,0,0,0,0,1,0,0,1
brachystegia spiciformis,0,0,0,0,0,0,0,0,0,1,0,0,0,0,0,0,0,0,0,0,1
brachypodium genuense,0,0,0,0,0,0,0,0,0,0,0,0,0,0,0,1,0,0,0,0,1
brachycephalus,0,0,0,0,0,0,0,1,0,0,0,0,0,0,0,0,0,0,0,0,1
brachistosternus,0,0,0,0,0,0,0,0,0,0,0,0,0,0,0,0,0,1,0,0,1
brachiaria,0,0,0,0,0,0,0,0,0,0,0,0,0,0,0,1,0,0,0,0,1
bpod,0,0,0,0,0,0,0,0,0,0,0,1,0,0,0,0,0,0,0,0,1
bowiea volubilis,0,0,0,0,0,0,0,0,0,0,0,0,0,0,0,0,1,0,0,0,1
bowe,0,0,0,0,0,0,0,0,0,1,0,0,0,0,0,0,0,0,0,0,1
bovine respiratory diseases,0,0,0,0,0,0,0,0,0,0,0,0,0,0,0,0,0,1,0,0,1
beta-multiplier,0,0,0,0,0,0,0,0,0,1,0,0,0,0,0,0,0,0,0,0,1
beta diversity,0,0,0,0,0,0,0,0,0,0,0,0,0,1,0,0,0,0,0,0,1
best-practice modeling,0,0,0,0,0,0,0,0,0,0,0,0,0,0,0,0,0,0,0,1,1
athene noctua,0,0,0,0,0,0,0,0,0,0,0,0,0,0,0,0,0,1,0,0,1
attalea maripa,0,0,0,0,0,0,0,0,0,0,0,0,0,0,0,0,0,0,1,0,1
atractosteus spatula,0,0,0,0,0,0,0,0,0,0,0,0,0,0,0,0,0,1,0,0,1
atmospheric transport,0,0,0,0,0,0,0,0,0,0,0,0,0,0,0,0,0,0,0,1,1
atlas distribution data,0,0,0,0,0,0,0,0,0,0,1,0,0,0,0,0,0,0,0,0,1
atlantoxerus getulus,0,0,0,0,0,0,0,0,0,0,0,0,0,0,0,0,0,0,1,0,1
atlantis forest hypothesis,0,0,0,0,0,0,0,0,0,0,0,0,0,0,0,0,0,1,0,0,1
atlantic salmon,0,0,0,0,0,0,0,0,0,0,0,0,0,0,0,0,0,0,1,0,1
atlantic ocean,0,0,0,0,0,0,0,0,0,1,0,0,0,0,0,0,0,0,0,0,1
atlantic mackerel (scomber scombrus),0,0,0,0,0,0,0,0,0,0,0,0,1,0,0,0,0,0,0,0,1
atlantic forest and amazon connection,0,0,0,0,0,0,0,0,0,0,0,0,0,0,0,0,0,1,0,0,1
atlantic costal plain,0,0,0,0,0,0,0,0,0,0,0,0,0,0,0,1,0,0,0,0,1
atlantic canada,0,0,0,0,0,0,0,0,0,0,0,1,0,0,0,0,0,0,0,0,1
atlantic,0,0,0,0,0,0,0,0,0,0,0,0,0,0,0,0,0,0,0,1,1
athetis lepigone,0,0,0,0,0,0,0,0,0,0,0,1,0,0,0,0,0,0,0,0,1
ateles fusciceps,0,0,0,0,0,1,0,0,0,0,0,0,0,0,0,0,0,0,0,0,1
attine,0,0,0,0,0,0,0,0,0,0,0,0,0,1,0,0,0,0,0,0,1
ateles chamek,0,0,0,0,0,0,0,0,0,0,0,0,0,0,1,0,0,0,0,0,1
at-risk species,0,0,0,0,0,0,0,0,0,0,0,0,0,0,0,1,0,0,0,0,1
astragalus sp.,0,0,0,0,0,0,0,0,0,0,0,0,0,0,0,0,0,0,0,1,1
astragalus podolobus,0,0,0,0,0,0,0,0,0,1,0,0,0,0,0,0,0,0,0,0,1
astragalus mongholicus bunge,0,0,0,0,0,0,0,0,0,0,0,0,0,0,0,0,1,0,0,0,1
astragalus membranaceus var. mongholicus,0,0,0,0,0,0,0,0,0,0,0,0,0,0,0,0,0,0,1,0,1
astragalus cyclophyllon,0,0,0,0,0,0,0,0,0,1,0,0,0,0,0,0,0,0,0,0,1
astragalus caragana,0,0,0,0,0,0,0,0,0,1,0,0,0,0,0,0,0,0,0,0,1
asterias rubens,0,0,0,0,0,0,0,0,0,0,0,0,0,0,0,0,1,0,0,0,1
aster gdem,0,0,0,0,0,0,0,0,0,0,0,0,0,0,1,0,0,0,0,0,1
astacus astacus,0,0,0,0,0,0,0,0,0,0,0,0,0,0,0,1,0,0,0,0,1
association test,0,0,0,0,0,0,0,0,0,0,1,0,0,0,0,0,0,0,0,0,1
association analysis,0,0,0,0,0,0,1,0,0,0,0,0,0,0,0,0,0,0,0,0,1
associated species,0,0,0,0,0,0,0,0,0,0,1,0,0,0,0,0,0,0,0,0,1
attenuation bias,0,0,0,0,0,0,0,0,0,0,0,0,0,0,1,0,0,0,0,0,1
attini,0,0,0,0,0,0,1,0,0,0,0,0,0,0,0,0,0,0,0,0,1
bermuda islands,0,0,0,0,0,1,0,0,0,0,0,0,0,0,0,0,0,0,0,0,1
autocovariate,0,0,0,0,0,0,1,0,0,0,0,0,0,0,0,0,0,0,0,0,1
avian malaria,0,0,0,0,0,1,0,0,0,0,0,0,0,0,0,0,0,0,0,0,1
avian invasion,0,0,0,0,0,0,0,0,0,0,0,0,0,1,0,0,0,0,0,0,1
avian haemosporidians,0,0,0,0,0,0,0,0,1,0,0,0,0,0,0,0,0,0,0,0,1
avian habitat,0,0,0,0,0,0,0,0,0,0,0,0,0,0,1,0,0,0,0,0,1
avian distribution,0,0,0,0,0,0,0,0,0,0,0,0,0,0,0,0,0,0,0,1,1
avhrr imagery,0,0,0,0,0,0,0,0,0,1,0,0,0,0,0,0,0,0,0,0,1
aves,0,0,0,0,0,0,0,0,0,0,0,0,0,0,0,0,0,0,0,1,1
avatar species,0,0,0,0,0,0,0,0,0,0,0,0,0,0,0,0,0,0,0,1,1
autoregresivo condicional,0,0,0,0,1,0,0,0,0,0,0,0,0,0,0,0,0,0,0,0,1
autonomous recording units,0,0,0,0,0,0,0,0,0,0,0,0,0,0,0,1,0,0,0,0,1
autonomous acoustic recording units,0,0,0,0,0,0,0,0,0,0,0,0,0,0,0,0,0,0,1,0,1
automatic features,0,0,0,0,0,0,0,1,0,0,0,0,0,0,0,0,0,0,0,0,1
automated species identification,0,0,0,0,0,0,0,0,0,0,0,0,1,0,0,0,0,0,0,0,1
automated covariate selection,0,0,0,0,0,0,0,0,0,0,0,0,0,0,0,0,0,1,0,0,1
autocorrelacion espacial,0,0,0,0,1,0,0,0,0,0,0,0,0,0,0,0,0,0,0,0,1
auc curve,0,0,0,0,0,0,0,0,0,0,0,0,0,0,0,0,1,0,0,0,1
autecology bioclimatic variables,0,0,0,0,1,0,0,0,0,0,0,0,0,0,0,0,0,0,0,0,1
austropuccinia psidii,0,0,0,0,0,0,0,0,0,0,0,0,0,0,1,0,0,0,0,0,1
austropotamobius torrentium,0,0,0,0,0,0,0,0,0,0,0,0,0,0,0,1,0,0,0,0,1
austropotamobius bihariensis,0,0,0,0,0,0,0,0,0,0,0,0,0,0,0,1,0,0,0,0,1
austria,0,0,0,0,0,0,0,0,1,0,0,0,0,0,0,0,0,0,0,0,1
australopithecus,0,0,0,0,0,0,0,0,0,0,0,0,0,0,0,0,1,0,0,0,1
australian weed risk assessment protocol,0,0,0,0,0,0,0,0,0,0,0,1,0,0,0,0,0,0,0,0,1
australian plague locust,0,0,0,0,0,0,0,0,0,0,0,0,0,1,0,0,0,0,0,0,1
australian mammals,0,0,0,0,0,0,0,0,0,0,1,0,0,0,0,0,0,0,0,0,1
australian humpback dolphin,0,0,0,0,0,0,0,0,0,0,0,0,0,0,0,0,1,0,0,0,1
australian aborigines,0,0,0,0,0,1,0,0,0,0,0,0,0,0,0,0,0,0,0,0,1
austral migrant,0,0,0,0,0,1,0,0,0,0,0,0,0,0,0,0,0,0,0,0,1
auchenorrhyncha,0,0,0,0,0,0,0,0,0,0,0,0,0,0,0,0,0,1,0,0,1
auc values,0,0,0,0,0,0,0,0,0,0,1,0,0,0,0,0,0,0,0,0,1
assisted evolution,0,0,0,0,0,0,0,0,0,0,0,0,0,1,0,0,0,0,0,0,1
assemblage of species,0,0,0,0,0,0,0,0,0,0,0,0,0,1,0,0,0,0,0,0,1
assemblage,0,0,0,0,0,0,0,0,0,0,0,0,0,0,0,0,0,1,0,0,1
argos system,0,0,0,0,0,0,0,0,0,0,0,0,0,0,0,0,0,0,1,0,1
arthropod,0,0,0,0,0,0,0,0,0,0,0,0,0,0,0,1,0,0,0,0,1
artefacts,0,0,0,0,0,0,0,0,0,0,0,1,0,0,0,0,0,0,0,0,1
aromobatidae,0,0,0,0,0,0,0,0,0,0,0,0,0,0,0,0,0,0,1,0,1
armyworms,0,0,0,0,0,0,0,0,0,0,0,0,0,0,0,0,0,1,0,0,1
arma custos,0,0,0,0,0,0,0,0,0,0,0,0,0,0,1,0,0,0,0,0,1
arkansas river shiner,0,0,0,0,0,0,0,0,1,0,0,0,0,0,0,0,0,0,0,0,1
aridity index (unep ai),0,0,0,0,0,0,0,0,0,0,0,0,0,0,0,0,0,0,0,1,1
aridity,0,0,0,0,0,0,0,0,0,0,0,0,0,0,0,0,1,0,0,0,1
arid zone,0,0,0,0,0,0,0,0,0,0,0,0,0,1,0,0,0,0,0,0,1
arid steppe,0,0,0,0,0,0,0,0,0,0,0,0,0,0,0,0,0,0,0,1,1
arid landscapes,0,0,0,0,0,0,0,0,0,0,0,0,0,0,0,0,0,0,0,1,1
arid land restoration,0,0,0,0,0,0,0,0,0,0,0,0,0,0,0,0,0,0,0,1,1
arid grassland,0,0,0,0,0,0,0,0,0,0,0,0,0,0,0,0,0,0,1,0,1
arid and semi-arid zones,0,0,0,0,0,0,0,0,0,0,0,0,0,1,0,0,0,0,0,0,1
argentinean puna,0,0,0,0,0,0,0,0,0,0,0,0,0,0,0,0,0,1,0,0,1
asplenium,0,0,0,0,0,0,1,0,0,0,0,0,0,0,0,0,0,0,0,0,1
argentine hemorrhagic fever,0,0,0,0,0,0,0,0,0,0,0,0,0,0,0,0,0,0,0,1,1
argan,0,0,0,0,0,0,0,0,0,0,0,0,0,1,0,0,0,0,0,0,1
arenosols,0,0,0,0,0,0,0,0,0,0,0,0,0,0,0,0,0,1,0,0,1
arenaviruses,0,0,0,0,0,0,0,0,0,0,0,0,0,0,0,0,0,0,0,1,1
areas of suitability,0,0,0,0,0,0,0,0,0,0,0,0,0,0,1,0,0,0,0,0,1
areas of ecological significance (aess),0,0,0,0,0,0,0,0,0,0,0,0,0,0,0,0,0,0,0,1,1
areas naturales protegidas,0,0,0,0,0,0,0,0,0,0,0,0,0,0,0,0,0,0,1,0,1
areas at risk,0,0,0,0,0,0,0,0,0,0,0,0,0,0,0,0,0,0,0,1,1
area-wide integrated pest management,0,0,0,0,0,0,0,0,1,0,0,0,0,0,0,0,0,0,0,0,1
area-weighted sampling,0,0,0,0,0,0,0,0,0,0,0,0,1,0,0,0,0,0,0,0,1
area prioritization,0,0,0,0,1,0,0,0,0,0,0,0,0,0,0,0,0,0,0,0,1
area of use,0,0,0,0,0,0,0,0,0,0,0,0,0,0,0,0,0,1,0,0,1
area of occurrence,0,0,0,0,0,0,0,0,0,0,1,0,0,0,0,0,0,0,0,0,1
area of occupancy area of occupancy (aoo),0,0,0,0,0,0,0,0,0,0,0,1,0,0,0,0,0,0,0,0,1
arthropod vectors,0,0,0,0,0,0,0,1,0,0,0,0,0,0,0,0,0,0,0,0,1
arthropod-borne virus,0,0,0,0,0,0,0,0,0,0,0,0,0,0,0,0,0,0,0,1,1
artic waters,0,0,0,0,0,0,0,0,0,0,0,0,0,0,0,0,0,0,1,0,1
artificial data,0,0,0,0,0,0,0,0,0,0,0,0,0,1,0,0,0,0,0,0,1
aspidoscelis costata costata,0,0,0,0,0,0,1,0,0,0,0,0,0,0,0,0,0,0,0,0,1
aspidiotus rigidus reyne,0,0,0,0,0,0,0,0,0,0,0,0,0,0,0,1,0,0,0,0,1
aspidiotus rigidus,0,0,0,0,0,0,0,0,0,0,0,0,0,0,0,1,0,0,0,0,1
asphodelus bento-rainhae subsp. bento-rainhae,0,0,0,0,0,0,0,0,0,0,0,0,0,0,0,0,0,1,0,0,1
aspen sexual reproduction,0,0,0,0,0,0,0,0,0,0,0,1,0,0,0,0,0,0,0,0,1
aspect,0,0,0,0,0,0,0,0,0,0,0,0,0,0,1,0,0,0,0,0,1
asimina triloba,0,0,0,0,0,0,0,0,0,0,0,0,0,0,0,1,0,0,0,0,1
asian woollyneck,0,0,0,0,0,0,0,0,0,0,0,0,0,0,0,0,1,0,0,0,1
asian tapir,0,0,0,0,0,0,0,0,0,0,0,0,0,0,0,0,0,1,0,0,1
asian rock pool mosquito,0,0,0,0,0,0,0,0,0,0,0,0,0,1,0,0,0,0,0,0,1
asian longhorned tick,0,0,0,0,0,0,0,0,0,0,0,0,0,0,1,0,0,0,0,0,1
asian gyspy moth,0,0,0,0,0,0,0,0,0,0,0,0,0,0,0,1,0,0,0,0,1
asia minor,0,0,0,0,0,0,0,0,0,0,0,0,0,0,0,0,0,0,0,1,1
asfv,0,0,0,0,0,0,0,0,0,0,0,0,0,0,0,0,0,0,0,1,1
asclepius,0,0,0,0,0,0,0,0,0,0,0,0,0,1,0,0,0,0,0,0,1
ascaris lumbricoides,0,0,0,0,0,0,0,0,0,0,0,0,1,0,0,0,0,0,0,0,1
asbvd,0,0,0,0,0,0,0,0,0,0,0,1,0,0,0,0,0,0,0,0,1
arvicolinae,0,0,0,0,0,0,0,1,0,0,0,0,0,0,0,0,0,0,0,0,1
arundina graminifolia,0,0,0,0,0,0,0,0,0,0,0,0,0,0,0,0,0,0,1,0,1
arunachal pradesh,0,0,0,0,0,0,0,0,0,0,0,0,0,0,0,0,0,0,0,1,1
artisanal shrimp fisheries,0,0,0,0,0,0,0,0,0,0,0,0,0,0,0,0,0,0,0,1,1
artiodactyla,0,0,0,0,0,0,0,0,0,0,0,0,0,0,0,0,0,0,1,0,1
artificial structure on wetland,0,0,0,0,0,0,0,0,0,0,0,0,0,0,0,0,0,0,1,0,1
artificial refuges,0,0,0,0,0,0,0,0,0,0,0,0,0,0,0,0,0,1,0,0,1
artificial nightlight,0,0,0,0,0,0,0,0,0,0,0,0,0,0,0,1,0,0,0,0,1
artificial neuronal network,0,0,0,0,0,0,0,0,0,0,0,0,0,0,0,0,1,0,0,0,1
artificial light at night,0,0,0,0,0,0,0,0,0,0,0,0,0,0,0,0,1,0,0,0,1
artificial light,0,0,0,0,0,0,0,0,0,0,0,0,0,0,0,0,0,0,1,0,1
artificial lateral line,0,0,0,0,0,0,0,0,0,0,0,0,0,0,0,1,0,0,0,0,1
avian monitoring,0,0,0,0,0,0,0,0,0,0,0,0,0,0,0,0,0,0,1,0,1
avian predator,0,0,0,0,0,0,0,0,0,0,0,0,0,0,0,0,0,0,1,0,1
avian scavenger,0,0,0,0,0,0,0,0,0,0,0,1,0,0,0,0,0,0,0,0,1
bay islands of honduras,0,0,0,0,0,0,0,0,0,0,0,0,0,0,0,0,1,0,0,0,1
beaver impoundments,0,0,0,0,0,0,0,0,0,0,0,0,0,0,0,0,1,0,0,0,1
beaked whale,0,0,0,0,0,0,0,0,0,0,0,0,0,0,0,1,0,0,0,0,1
beach management,0,0,0,0,0,0,0,0,0,0,0,0,0,0,0,0,0,0,0,1,1
beach elevation,0,0,0,0,0,0,0,0,0,0,0,0,0,0,0,0,0,1,0,0,1
bd,0,0,0,0,0,0,0,0,0,1,0,0,0,0,0,0,0,0,0,0,1
bcc-csm2-mr,0,0,0,0,0,0,0,0,0,0,0,0,0,0,0,0,1,0,0,0,1
bayesian statistical models,0,0,0,0,0,0,0,0,0,0,0,0,0,0,0,0,0,0,1,0,1
bayesian spatial models,0,0,0,0,0,0,0,0,0,0,1,0,0,0,0,0,0,0,0,0,1
bayesian models,0,0,0,0,0,0,0,0,0,0,0,0,0,0,0,0,0,0,1,0,1
bayesian logistic modeling,0,0,0,0,0,0,0,0,1,0,0,0,0,0,0,0,0,0,0,0,1
bayesian hierarchical models,0,0,0,0,0,0,0,0,0,0,0,0,0,0,1,0,0,0,0,0,1
bayesian expert system,0,0,0,0,0,1,0,0,0,0,0,0,0,0,0,0,0,0,0,0,1
bayesian additive regression trees,0,0,0,0,0,0,0,0,0,0,0,0,0,0,1,0,0,0,0,0,1
bayes' rule,0,0,0,0,0,0,1,0,0,0,0,0,0,0,0,0,0,0,0,0,1
bavaria,0,0,0,0,0,0,0,0,0,0,0,0,0,0,0,0,0,1,0,0,1
barley,0,0,0,0,0,0,0,0,0,0,0,0,0,0,0,0,0,1,0,0,1
bauxite residues,0,0,0,0,0,0,0,0,0,0,0,1,0,0,0,0,0,0,0,0,1
batrachochytrium salamandrivorans,0,0,0,0,0,0,0,0,0,0,0,0,0,0,0,0,0,1,0,0,1
batocera lineolata,0,0,0,0,0,0,0,0,0,0,0,0,0,0,1,0,0,0,0,0,1
batang gadis national park,0,0,0,0,0,0,0,0,0,0,0,0,0,0,0,0,0,1,0,0,1
bat roost,0,0,0,0,0,0,0,1,0,0,0,0,0,0,0,0,0,0,0,0,1
basking shark,0,0,0,0,0,0,0,0,0,1,0,0,0,0,0,0,0,0,0,0,1
basin-scale modelling,0,0,0,0,0,0,0,0,0,0,0,0,0,0,0,1,0,0,0,0,1
basidiomycota,0,0,0,0,0,0,0,0,0,0,0,0,0,0,0,0,0,1,0,0,1
baseline gap,0,0,0,0,0,0,0,0,0,0,0,0,1,0,0,0,0,0,0,0,1
base cation weathering,0,0,0,0,0,0,0,0,1,0,0,0,0,0,0,0,0,0,0,0,1
basal metazoan,0,0,0,0,0,0,0,0,0,0,0,0,0,1,0,0,0,0,0,0,1
barycenter migration,0,0,0,0,0,0,0,0,0,0,0,0,0,0,0,0,0,1,0,0,1
bartonellosis,0,0,0,0,0,0,0,0,0,0,0,1,0,0,0,0,0,0,0,0,1
barringtonia acutangula,0,0,0,0,0,0,0,0,0,0,0,0,0,0,0,0,1,0,0,0,1
beck,0,0,0,0,0,0,0,0,0,0,0,0,0,0,0,0,1,0,0,0,1
bed bugs,0,0,0,0,0,0,0,0,0,0,0,0,0,0,0,0,0,0,0,1,1
bedrock,0,0,0,0,0,0,0,0,0,0,0,0,0,0,1,0,0,0,0,0,1
beech leaf disease (bld),0,0,0,0,0,0,0,0,0,0,0,0,0,0,0,0,0,1,0,0,1
beringia,0,0,0,0,0,0,0,0,0,0,0,1,0,0,0,0,0,0,0,0,1
bering sea,0,0,0,0,0,0,1,0,0,0,0,0,0,0,0,0,0,0,0,0,1
berberis vulgaris,0,0,0,0,0,0,0,0,0,0,0,0,0,0,0,0,0,0,1,0,1
bep,0,0,0,0,0,0,0,1,0,0,0,0,0,0,0,0,0,0,0,0,1
benthic species,0,0,0,0,0,0,0,0,0,0,0,0,0,0,0,0,0,0,0,1,1
benthic monitoring,0,0,0,0,0,0,0,0,0,0,0,0,0,0,0,0,0,0,0,1,1
benthic marine environments,0,0,0,0,0,0,0,0,0,0,0,0,0,0,0,0,0,1,0,0,1
benthic macrofauna,0,0,0,0,0,0,0,0,0,0,0,1,0,0,0,0,0,0,0,0,1
benthic indicators,0,0,0,0,0,0,0,0,0,0,0,0,0,0,0,1,0,0,0,0,1
benthic impacts,0,0,0,0,0,0,0,0,0,0,0,0,0,0,0,1,0,0,0,0,1
benthic habitat mapping,0,0,0,0,0,0,0,0,0,0,0,0,0,1,0,0,0,0,0,0,1
benthic epifauna,0,0,0,0,0,0,0,0,0,0,0,0,0,0,0,0,1,0,0,0,1
benthic ecosystem,0,0,0,0,0,0,0,0,0,0,0,0,0,1,0,0,0,0,0,0,1
benthic biomass,0,0,0,0,0,0,0,0,1,0,0,0,0,0,0,0,0,0,0,0,1
benthic algae,0,0,0,0,0,0,0,0,0,0,0,0,0,0,0,0,1,0,0,0,1
bent-toed gecko,0,0,0,0,0,0,0,0,0,0,0,0,0,0,0,0,0,1,0,0,1
benchmarking biodiversity,0,0,0,0,0,0,0,0,0,0,0,0,0,0,0,1,0,0,0,0,1
benchmarking,0,0,0,0,0,0,0,0,0,0,0,0,0,1,0,0,0,0,0,0,1
bellamya chinensis,0,0,0,0,0,0,0,0,0,0,1,0,0,0,0,0,0,0,0,0,1
belgian part of the north sea,0,0,0,0,0,0,0,0,0,0,0,0,0,0,0,0,0,0,1,0,1
belamcanda chinensis (l.) redout & eacute,0,0,0,0,0,0,0,0,0,0,0,0,0,0,0,0,0,0,0,1,1
behavioural science,0,0,0,0,0,0,0,0,0,0,0,0,0,0,0,0,0,0,0,1,1
behavioural plasticity,0,0,0,0,0,0,0,0,0,0,0,0,0,0,0,0,0,0,0,1,1
behavioral ecology,0,0,0,0,0,0,0,0,0,0,0,0,0,0,0,0,0,0,0,1,1
begoniaceae,0,0,0,0,0,0,0,0,0,0,0,0,0,0,0,0,0,1,0,0,1
begomovirus,0,0,0,0,0,0,0,0,0,0,0,0,0,1,0,0,0,0,0,0,1
beewolf,0,0,0,0,0,0,0,0,0,0,0,0,0,0,0,0,1,0,0,0,1
beetles,0,0,0,0,0,0,0,0,0,0,0,0,0,0,0,0,0,0,0,1,1
bees and nest plants,0,0,0,0,0,0,0,0,0,0,0,0,1,0,0,0,0,0,0,0,1
barreras geogr & aacute,0,0,0,0,0,0,0,0,0,0,0,0,0,0,0,0,0,0,1,0,1
bari canyon,0,0,0,0,0,0,0,0,0,0,0,0,1,0,0,0,0,0,0,0,1
avifauna,0,0,0,0,0,0,0,0,0,0,0,0,0,0,0,1,0,0,0,0,1
background area,0,0,0,0,0,0,0,0,0,0,0,0,0,0,0,1,0,0,0,0,1
bael fruit,0,0,0,0,0,0,0,0,0,0,0,0,0,0,0,0,0,1,0,0,1
baekdudaegan mountain range,0,0,0,0,0,0,0,0,0,0,0,0,0,0,0,0,0,0,0,1,1
bactrocera neohumeralis,0,0,0,0,0,0,0,0,0,0,0,0,0,0,1,0,0,0,0,0,1
bactrocera invadens,0,0,0,0,1,0,0,0,0,0,0,0,0,0,0,0,0,0,0,0,1
bactrocera correcta,0,0,0,0,0,0,0,0,0,0,0,0,0,1,0,0,0,0,0,0,1
bactrocera bryoniae,0,0,0,0,0,0,0,0,0,0,0,0,0,0,1,0,0,0,0,0,1
bacterial wilt,0,0,0,0,0,0,0,0,0,0,0,0,0,0,0,0,0,0,0,1,1
bacterial pathogens,0,0,0,0,0,0,0,0,0,0,0,0,0,0,0,0,0,0,1,0,1
bacterial biocontrol agents,0,0,0,0,0,0,0,0,0,0,0,0,0,0,0,0,0,0,0,1,1
bacteria,0,0,0,0,0,0,0,0,0,0,1,0,0,0,0,0,0,0,0,0,1
background weights,0,0,0,0,0,0,0,0,0,0,0,0,0,0,0,1,0,0,0,0,1
background test,0,0,0,0,0,0,0,0,0,0,0,0,0,0,0,0,0,0,0,1,1
background sampling area,0,0,0,0,0,0,0,0,0,0,0,0,0,0,0,1,0,0,0,0,1
background points,0,0,0,0,0,0,0,0,0,0,0,0,0,0,0,0,0,1,0,0,1
background,0,0,0,0,0,0,0,0,0,0,0,0,0,0,0,0,0,0,1,0,1
barents sea,0,0,0,0,0,0,0,0,0,0,0,0,0,0,0,0,1,0,0,0,1
bacillus cereus group,0,0,0,0,0,0,0,0,0,0,0,0,0,0,0,0,1,0,0,0,1
baboons,0,0,0,0,0,0,0,0,0,0,0,0,1,0,0,0,0,0,0,0,1
babesiosis,0,0,0,0,0,0,0,1,0,0,0,0,0,0,0,0,0,0,0,0,1
babesia spp.,0,0,0,0,0,0,0,0,0,0,0,0,0,0,1,0,0,0,0,0,1
babblers,0,0,0,0,0,0,0,0,1,0,0,0,0,0,0,0,0,0,0,0,1
baba & ccedil,0,0,0,0,0,0,0,0,0,0,0,0,0,0,0,0,0,0,0,1,1
b. monosperma,0,0,0,0,0,0,0,0,0,0,0,0,0,0,0,0,0,0,1,0,1
b,0,0,0,0,0,0,0,0,0,0,0,0,0,0,0,1,0,0,0,0,1
azuay,0,0,0,0,0,0,0,0,0,0,0,0,0,0,0,0,0,0,0,1,1
azolla,0,0,0,0,0,0,0,0,0,0,0,0,0,0,0,0,1,0,0,0,1
azadirachta indica,0,0,0,0,0,0,0,0,0,0,0,0,0,0,0,0,0,0,0,1,1
azad jammu and kashmir,0,0,0,0,0,0,0,0,0,0,0,0,0,0,0,0,0,0,1,0,1
avocado,0,0,0,0,0,0,0,0,0,0,0,0,0,0,0,0,0,0,1,0,1
avishan-e-shirazi,0,0,0,0,0,0,0,0,0,0,0,0,0,0,0,0,0,0,0,1,1
bagged regression tree rules,0,0,0,0,0,0,0,0,0,0,0,0,0,0,0,0,0,1,0,0,1
bagging,0,0,0,0,0,0,0,0,0,0,0,0,0,0,0,0,0,1,0,0,1
bagging predictors,0,0,0,1,0,0,0,0,0,0,0,0,0,0,0,0,0,0,0,0,1
bahia state,0,0,0,0,0,0,0,0,0,0,0,0,0,0,1,0,0,0,0,0,1
bardia national park,0,0,0,0,0,0,0,0,0,0,0,0,0,0,0,0,0,0,0,1,1
barcoding,0,0,0,0,0,0,0,0,0,0,0,0,0,0,0,0,0,1,0,0,1
barbus haasi,0,0,0,0,0,0,0,0,0,1,0,0,0,0,0,0,0,0,0,0,1
barbastelle bat,0,0,0,0,0,0,0,0,0,0,0,1,0,0,0,0,0,0,0,0,1
barbastella barbastellus,0,0,0,0,0,0,0,0,0,0,0,1,0,0,0,0,0,0,0,0,1
barak valley,0,0,0,0,0,0,0,0,0,0,0,0,0,0,0,0,1,0,0,0,1
barail wildlife sanctuary,0,0,0,0,0,0,0,0,0,0,0,0,0,0,0,0,1,0,0,0,1
baobab tree,0,0,0,0,1,0,0,0,0,0,0,0,0,0,0,0,0,0,0,0,1
banteng (bos javanicus),0,0,0,0,0,0,0,0,0,0,0,0,0,0,0,0,0,1,0,0,1
banke national park,0,0,0,0,0,0,0,0,0,0,0,0,0,0,0,0,0,0,0,1,1
banj oak,0,0,0,0,0,0,0,0,0,0,0,0,0,0,0,0,0,1,0,0,1
bandicoot,0,0,0,0,0,0,0,0,0,0,0,0,0,0,0,0,0,0,0,1,1
bandelier tuff,0,0,0,0,0,0,0,0,0,0,0,0,0,0,0,0,1,0,0,0,1
banded newt,0,0,0,0,0,0,0,0,0,0,0,0,0,0,0,0,0,1,0,0,1
banded killifish,0,0,0,0,0,0,0,0,0,0,0,0,0,0,0,0,0,0,1,0,1
banana,0,0,0,0,0,0,0,0,0,0,0,0,0,0,0,1,0,0,0,0,1
bambusoideae,0,0,0,0,0,0,0,0,0,0,0,0,0,0,0,0,0,0,0,1,1
bamboo species,0,0,0,0,0,0,0,0,0,0,0,0,0,0,0,0,0,0,1,0,1
bam framework,0,0,0,0,0,0,0,0,0,0,0,0,0,0,0,0,0,0,1,0,1
bam,0,0,0,0,0,0,0,0,0,0,0,0,0,0,0,0,0,1,0,0,1
baltic sea action plan,0,0,0,0,0,0,0,1,0,0,0,0,0,0,0,0,0,0,0,0,1
balkans,0,0,0,0,0,0,0,0,0,0,0,1,0,0,0,0,0,0,0,0,1
balkan peninsula,0,0,0,0,0,0,0,0,0,0,0,0,0,0,0,0,1,0,0,0,1
baleen whales,0,0,0,0,0,0,0,0,0,0,0,0,0,0,0,1,0,0,0,0,1
baldeh rangelands,0,0,0,0,0,0,0,0,0,0,0,0,0,0,0,0,0,0,0,1,1
balandra protected natural area,0,0,0,0,0,0,0,0,0,0,0,0,0,0,0,1,0,0,0,0,1
balaenoptera musculus intermedia,0,0,0,0,0,0,0,0,0,0,0,0,0,0,0,0,0,0,1,0,1
baja california,0,0,0,0,0,0,0,0,0,0,0,0,1,0,0,0,0,0,0,0,1
baiyangdian,0,0,0,0,0,0,0,0,0,0,0,0,0,0,0,0,0,0,0,1,1
ecological light pollution,0,0,0,0,0,0,0,0,0,0,0,0,0,0,0,0,1,0,0,0,1
ecological monitoring,0,0,0,0,0,0,0,0,0,0,0,0,1,0,0,0,0,0,0,0,1
minimum cumulative resistance,0,0,0,0,0,0,0,0,0,0,0,0,0,0,0,0,0,0,0,1,1
iucn assessment,0,0,0,0,0,0,0,0,0,0,0,0,0,1,0,0,0,0,0,0,1
jacaranda mimosifolia,0,0,0,0,0,0,0,0,0,0,0,0,0,0,0,0,0,0,1,0,1
jabalpur,0,0,0,0,0,0,0,0,0,0,0,0,0,0,0,0,0,0,1,0,1
ixtlan,0,0,0,0,0,0,0,0,0,0,0,0,0,0,0,0,1,0,0,0,1
ixtepeji,0,0,0,0,0,0,0,0,0,0,0,0,0,0,0,0,1,0,0,0,1
ixora,0,0,0,0,0,0,0,0,0,1,0,0,0,0,0,0,0,0,0,0,1
ixodidae,0,0,0,0,0,0,0,0,0,0,0,0,0,0,0,0,0,0,1,0,1
ixodes persulcatus,0,0,0,0,0,0,0,0,0,0,0,0,0,0,0,0,0,1,0,0,1
ixodes cookei,0,0,0,0,0,0,0,0,0,0,0,0,0,0,0,1,0,0,0,0,1
ixodes,0,0,0,0,0,0,0,0,0,0,0,0,0,0,0,0,0,1,0,0,1
ivlev's index,0,0,0,0,0,0,0,0,0,0,0,0,0,0,1,0,0,0,0,0,1
iucn's threatened categories,0,0,0,0,0,0,0,0,0,0,0,1,0,0,0,0,0,0,0,0,1
iucn species distribution map,0,0,0,0,0,0,0,0,0,0,0,0,0,0,0,1,0,0,0,0,1
iucn red list categories,0,1,0,0,0,0,0,0,0,0,0,0,0,0,0,0,0,0,0,0,1
iucn categories,0,0,0,0,0,0,0,0,1,0,0,0,0,0,0,0,0,0,0,0,1
its2,0,0,0,0,0,1,0,0,0,0,0,0,0,0,0,0,0,0,0,0,1
jacobin cuckoo,0,0,0,0,0,0,0,0,0,0,0,0,0,0,0,1,0,0,0,0,1
its rdna,0,0,0,0,0,0,0,0,0,0,0,0,0,0,0,0,0,0,0,1,1
its,0,0,0,0,0,0,0,0,0,0,0,0,0,0,0,1,0,0,0,0,1
itn,0,0,0,0,0,0,0,0,0,1,0,0,0,0,0,0,0,0,0,0,1
ithaginis cruentus,0,0,0,0,0,0,0,0,0,0,0,0,0,0,0,0,1,0,0,0,1
iterative scaling,0,1,0,0,0,0,0,0,0,0,0,0,0,0,0,0,0,0,0,0,1
italian alps,0,0,0,0,0,0,0,0,0,0,0,0,0,0,1,0,0,0,0,0,1
isthmus of panama,0,0,0,0,0,0,0,0,0,0,0,0,0,0,1,0,0,0,0,0,1
isthmura bellii,0,0,0,0,0,0,0,0,0,0,0,0,0,0,0,1,0,0,0,0,1
issue 116,0,0,0,0,0,0,0,0,0,0,1,0,0,0,0,0,0,0,0,0,1
israel,0,0,0,0,0,0,0,0,0,0,0,0,0,0,0,0,1,0,0,0,1
isothermality,0,0,0,0,0,0,0,0,0,0,0,0,0,0,0,0,0,1,0,0,1
isolation forest,0,0,0,0,0,0,0,0,0,0,0,0,0,0,0,0,0,1,0,0,1
isolated habitat,0,0,0,0,0,0,0,0,0,0,0,0,0,1,0,0,0,0,0,0,1
island extinctions,0,0,0,0,0,0,0,0,0,0,0,0,0,0,0,0,0,0,1,0,1
jackknife analysis,0,0,0,0,0,0,0,0,0,0,0,0,1,0,0,0,0,0,0,0,1
jaculus blanfordi,0,0,0,0,0,0,0,0,0,0,0,0,0,1,0,0,0,0,0,0,1
juniperus sp,0,0,0,0,0,0,0,0,0,0,0,0,0,1,0,0,0,0,0,0,1
jingmen tick virus,0,0,0,0,0,0,0,0,0,0,0,0,0,0,0,0,0,0,0,1,1
juniperus phoenicea,0,0,0,0,0,0,0,0,0,0,0,0,0,0,0,1,0,0,0,0,1
juniperus oxycedrus,0,0,0,0,0,1,0,0,0,0,0,0,0,0,0,0,0,0,0,0,1
juniperus excelsa,0,0,0,0,0,0,0,0,0,0,0,0,1,0,0,0,0,0,0,0,1
juniperus drupacea,0,0,0,0,0,0,0,0,0,0,0,0,0,0,0,0,1,0,0,0,1
juniperus canariensis,0,0,0,0,0,0,0,0,0,0,0,0,0,0,0,1,0,0,0,0,1
juniperus,0,0,0,0,0,0,0,0,0,0,0,0,0,0,0,1,0,0,0,0,1
jungle cat,0,0,0,0,0,0,0,0,0,0,0,0,0,0,0,0,1,0,0,0,1
jumping worms,0,0,0,0,0,0,0,0,0,0,0,0,0,0,0,0,0,1,0,0,1
juliana's golden mole,0,0,0,0,0,1,0,0,0,0,0,0,0,0,0,0,0,0,0,0,1
jucunda,0,0,0,0,0,0,0,0,0,0,0,0,0,0,0,1,0,0,0,0,1
juazeiro,0,0,0,0,0,0,0,0,0,0,0,0,0,0,0,1,0,0,0,0,1
jordan,0,0,0,0,0,0,0,0,0,0,0,0,0,0,0,0,1,0,0,0,1
joint prediction,0,0,0,0,0,0,0,0,0,0,0,0,0,0,0,0,0,0,0,1,1
jl,0,0,0,0,0,0,0,0,0,0,0,0,0,0,0,0,0,1,0,0,1
jiangsu coast,0,0,0,0,0,0,0,0,0,0,0,0,0,0,0,0,0,0,0,1,1
jaculus loftusi,0,0,0,0,0,0,0,0,0,0,0,0,0,1,0,0,0,0,0,0,1
jemez mountains salamander,0,0,0,0,0,0,0,0,0,0,0,1,0,0,0,0,0,0,0,0,1
jeju island,0,0,0,0,0,0,0,0,0,0,0,0,0,1,0,0,0,0,0,0,1
jefferson salamander,0,0,0,0,0,0,0,0,0,0,0,0,0,0,0,0,0,1,0,0,1
javascript,0,0,0,0,0,0,0,0,0,0,0,0,0,0,0,0,1,0,0,0,1
javanica,0,0,0,0,0,0,0,0,0,1,0,0,0,0,0,0,0,0,0,0,1
javan hawk-eagle,0,0,0,0,0,0,0,0,0,0,0,0,0,0,0,0,0,0,1,0,1
java,0,0,0,0,0,0,0,0,0,0,0,0,0,0,0,0,0,0,0,1,1
jatropha curcas l.,0,0,0,0,0,0,0,0,0,0,0,0,0,0,0,0,1,0,0,0,1
jarilla,0,0,0,0,0,0,0,0,0,0,0,0,0,0,0,0,0,0,0,1,1
japanese tsunami,0,0,0,0,0,0,0,0,0,0,0,0,0,1,0,0,0,0,0,0,1
japanese sardine,0,0,0,0,0,0,0,0,0,0,0,0,0,0,0,0,0,0,0,1,1
japanese encephalitis virus,0,0,0,0,1,0,0,0,0,0,0,0,0,0,0,0,0,0,0,0,1
japanese encephalitis,0,0,0,0,0,0,0,0,1,0,0,0,0,0,0,0,0,0,0,0,1
jajroud river,0,0,0,0,0,0,0,0,0,0,0,0,0,0,0,0,0,0,0,1,1
island biology,0,0,0,0,0,0,0,0,0,0,0,0,0,0,0,0,0,0,1,0,1
isla,0,0,0,0,0,0,0,0,0,0,0,0,0,1,0,0,0,0,0,0,1
isidella elongata,0,0,0,0,0,0,0,0,0,0,0,0,0,0,0,0,0,1,0,0,1
invaded wetlands,0,0,0,0,0,0,0,0,0,0,0,0,0,0,0,0,0,1,0,0,1
invasive exotic plants,0,0,0,0,0,0,0,0,0,0,0,0,0,0,0,0,0,0,1,0,1
invasive country,0,0,0,0,0,0,0,0,0,0,0,0,0,0,0,1,0,0,0,0,1
invasive bridgehead effect,0,0,0,0,0,0,0,0,0,0,0,0,0,0,0,0,0,0,1,0,1
invasive aquatic species,0,0,0,0,0,0,0,0,0,0,0,0,0,0,0,0,0,1,0,0,1
invasive agricultural insects,0,0,0,0,0,0,0,0,0,0,0,0,0,0,0,0,0,0,1,0,1
invasional meltdown,0,0,0,0,0,0,0,0,0,1,0,0,0,0,0,0,0,0,0,0,1
invasion success,0,0,0,0,0,0,0,0,0,0,0,0,0,0,0,0,0,0,1,0,1
invasion process,0,0,0,0,0,0,0,0,0,0,0,0,0,0,1,0,0,0,0,0,1
invasion modeling,0,0,0,0,0,0,0,0,0,0,0,0,0,0,0,0,0,1,0,0,1
invasion management,0,0,0,0,0,0,0,0,0,0,0,0,0,0,0,0,0,0,0,1,1
invasion lag,0,0,0,0,0,0,0,0,0,1,0,0,0,0,0,0,0,0,0,0,1
invasion impacts,0,0,0,0,0,0,0,0,0,0,0,0,0,0,0,0,1,0,0,0,1
invasibility index,0,0,0,0,0,0,0,0,0,0,0,0,1,0,0,0,0,0,0,0,1
invasa,0,0,0,0,0,0,0,0,0,0,0,0,0,0,0,1,0,0,0,0,1
introduction risk,0,0,0,0,0,0,0,0,0,0,0,0,0,0,0,0,0,0,1,0,1
ischnura elegans,0,0,0,0,0,0,0,0,0,1,0,0,0,0,0,0,0,0,0,0,1
introduction history,0,0,0,0,0,0,0,0,0,1,0,0,0,0,0,0,0,0,0,0,1
introduced mangrove plants,0,0,0,0,0,0,0,0,0,0,0,0,0,0,0,0,0,0,0,1,1
intraspecific lineages,0,0,0,0,0,0,0,0,0,1,0,0,0,0,0,0,0,0,0,0,1
intraspecific levels,0,0,0,0,0,0,0,0,0,0,0,0,0,0,0,1,0,0,0,0,1
intraspecific genetic diversity,0,0,0,0,0,0,0,0,0,0,0,0,0,0,0,0,0,0,0,1,1
intraspecific diversity,0,0,0,0,0,0,0,1,0,0,0,0,0,0,0,0,0,0,0,0,1
intralineage structuring,0,0,0,0,0,0,0,0,0,0,0,0,0,0,0,0,0,0,0,1,1
intraguild competition,0,0,0,0,0,0,0,0,0,0,0,0,0,0,0,0,0,0,0,1,1
interviews,0,0,0,0,0,0,0,0,0,0,0,0,1,0,0,0,0,0,0,0,1
intervention ecology,0,0,0,0,0,0,0,0,0,0,0,0,0,0,0,0,1,0,0,0,1
intertidal seagrass,0,0,0,0,0,0,0,0,0,0,0,0,0,0,0,0,0,0,0,1,1
intertidal macroalgae,0,0,0,0,0,0,0,0,0,0,1,0,0,0,0,0,0,0,0,0,1
intertidal habitats,0,0,0,0,0,0,0,0,0,0,0,0,0,0,0,0,0,0,0,1,1
intertidal,0,0,0,0,0,0,0,1,0,0,0,0,0,0,0,0,0,0,0,0,1
invasive forest pest,0,0,0,0,0,0,0,0,0,0,0,0,0,0,0,0,0,0,1,0,1
invasive insect species,0,0,0,0,0,0,0,0,0,0,0,0,0,1,0,0,0,0,0,0,1
invasive macrophyte,0,0,0,0,0,0,0,0,0,0,0,0,0,0,0,0,0,0,1,0,1
invasive mosquitoes,0,0,0,0,0,0,0,0,0,0,0,0,0,0,1,0,0,0,0,0,1
irreplaceable planning units,0,0,0,0,0,0,0,0,0,0,0,0,0,0,0,1,0,0,0,0,1
irish sea,0,0,0,0,0,0,0,0,0,0,0,0,0,0,0,0,1,0,0,0,1
irish continental margin,0,0,0,0,0,0,0,1,0,0,0,0,0,0,0,0,0,0,0,0,1
iris flea beetle,0,0,0,0,0,0,0,0,0,0,0,0,0,0,0,0,1,0,0,0,1
iraq babbler,0,0,0,0,0,0,0,0,0,0,0,0,0,0,0,0,0,1,0,0,1
iraq,0,0,0,0,0,0,0,0,0,0,0,0,0,0,0,0,0,0,0,1,1
irano-turanian region,0,0,0,0,0,0,0,0,0,0,0,0,0,0,0,0,0,0,1,0,1
irano-turanian forests,0,0,0,0,0,0,0,0,0,0,0,0,1,0,0,0,0,0,0,0,1
irano-turanian,0,0,0,0,0,0,0,0,0,0,0,0,0,0,0,0,0,0,0,1,1
iranian conservation network,0,0,0,0,0,0,0,0,0,0,1,0,0,0,0,0,0,0,0,0,1
ipomoea,0,0,0,0,0,1,0,0,0,0,0,0,0,0,0,0,0,0,0,0,1
ipcc ar6 based global climate models,0,0,0,0,0,0,0,0,0,0,0,0,0,0,0,0,0,0,1,0,1
iowa,0,0,0,0,0,0,0,0,0,0,0,0,0,0,0,1,0,0,0,0,1
invest-maxent coupled modeling,0,0,0,0,0,0,0,0,0,0,0,0,0,0,0,0,0,0,0,1,1
invest,0,0,0,0,0,0,0,0,0,0,0,0,0,0,0,0,1,0,0,0,1
inventory and monitoring,0,0,0,0,0,0,0,0,0,0,0,0,0,1,0,0,0,0,0,0,1
inventory,0,0,0,0,0,0,0,1,0,0,0,0,0,0,0,0,0,0,0,0,1
invasive tree,0,0,0,0,0,0,0,0,0,0,0,0,0,0,0,1,0,0,0,0,1
invasive tick,0,0,0,0,0,0,0,0,0,1,0,0,0,0,0,0,0,0,0,0,1
invasive species spread,0,0,0,0,0,0,0,0,0,0,0,0,0,0,0,0,0,0,0,1,1
invasive species pool,0,0,0,0,0,0,0,0,0,0,0,0,0,0,0,0,0,0,0,1,1
invasive species distribution,0,0,0,0,0,0,0,0,0,0,0,0,0,0,0,0,0,0,1,0,1
invasive species detection,0,0,0,0,0,0,0,0,0,0,0,0,0,0,0,0,0,1,0,0,1
invasive snails,0,0,0,0,0,0,0,0,0,0,0,0,0,0,0,0,0,0,0,1,1
invasive slug,0,0,0,0,0,0,0,0,0,0,0,0,0,0,0,0,0,1,0,0,1
invasive range,0,0,0,0,0,0,0,0,0,0,0,1,0,0,0,0,0,0,0,0,1
invasive plants encroachment,0,0,0,0,0,0,0,0,0,0,0,0,0,0,0,0,1,0,0,0,1
invasive plant management,0,0,0,0,0,0,0,0,0,0,1,0,0,0,0,0,0,0,0,0,1
invasive neophytes,0,0,0,0,0,0,0,0,0,0,0,0,1,0,0,0,0,0,0,0,1
juniperus procera,0,0,0,0,0,0,0,0,0,0,0,0,1,0,0,0,0,0,0,0,1
juniperus turbinata,0,0,0,0,0,0,0,0,0,0,0,0,0,0,0,1,0,0,0,0,1
lao cai province,0,0,0,0,0,0,0,0,0,0,0,0,0,0,0,0,0,0,1,0,1
lake tana,0,0,0,0,0,0,0,0,0,0,0,0,0,0,0,0,0,0,1,0,1
land mollusc,0,0,0,0,0,0,0,1,0,0,0,0,0,0,0,0,0,0,0,0,1
land degradation,0,0,0,0,0,0,0,0,0,0,0,0,0,0,0,0,0,0,1,0,1
land cover/land use,0,0,0,0,0,0,0,0,0,0,0,0,0,0,0,0,0,0,1,0,1
land cover fraction mapping,0,0,0,0,0,0,0,0,0,0,0,0,1,0,0,0,0,0,0,0,1
land cover change monitoring,0,0,0,0,0,0,0,0,1,0,0,0,0,0,0,0,0,0,0,0,1
land cover and land use,0,0,0,0,0,0,0,0,0,0,0,0,0,0,0,0,0,0,0,1,1
land class model,0,0,0,0,0,0,0,0,0,0,1,0,0,0,0,0,0,0,0,0,1
land change modeler,0,0,0,0,0,0,1,0,0,0,0,0,0,0,0,0,0,0,0,0,1
land change,0,0,0,0,0,0,0,0,0,0,0,1,0,0,0,0,0,0,0,0,1
lampsilis satura,0,0,0,0,0,0,0,0,0,0,0,1,0,0,0,0,0,0,0,0,1
lamontii,0,0,0,0,0,0,0,0,0,0,0,0,0,0,0,1,0,0,0,0,1
laminariales,0,0,0,0,0,0,0,0,0,0,0,0,0,0,0,1,0,0,0,0,1
"laminaria digitata ((hudson) jv lamouroux,",0,0,0,0,0,0,0,0,0,0,0,0,0,0,0,0,0,1,0,0,1
lama guanicoe,0,0,0,0,0,0,0,0,0,0,0,0,1,0,0,0,0,0,0,0,1
lake surface water temperature,0,0,0,0,0,0,0,0,0,0,0,0,0,0,0,0,0,1,0,0,1
land sparing,0,0,0,0,0,0,0,0,0,0,0,0,0,0,0,0,1,0,0,0,1
lake prespa,0,0,0,0,1,0,0,0,0,0,0,0,0,0,0,0,0,0,0,0,1
lai,0,0,0,0,0,0,0,0,0,0,0,0,0,0,0,1,0,0,0,0,1
lagrangian methods,0,0,0,0,0,0,0,0,0,0,0,0,0,0,0,1,0,0,0,0,1
lagothrix flavicauda,0,0,0,0,0,0,0,0,0,0,0,0,0,0,0,0,0,1,0,0,1
lagocephalus sceleratus,0,0,0,0,0,0,0,0,0,0,0,0,1,0,0,0,0,0,0,0,1
laggar falcon,0,0,0,0,0,0,0,0,0,0,0,0,0,0,1,0,0,0,0,0,1
lagerstroemia microcarpa,0,0,0,0,0,0,0,0,0,0,0,0,0,0,0,0,0,0,1,0,1
ladybug,0,0,0,0,0,0,0,0,0,0,0,0,0,0,0,0,0,0,0,1,1
ladakh,0,0,0,0,0,0,0,0,0,0,0,0,0,0,0,0,0,0,1,0,1
lactuca,0,0,0,0,0,0,0,0,0,1,0,0,0,0,0,0,0,0,0,0,1
lacerta diplochondrodes,0,0,0,0,0,0,0,0,0,0,0,0,0,0,0,0,0,0,1,0,1
label noise,0,0,0,0,0,0,0,0,0,0,1,0,0,0,0,0,0,0,0,0,1
la paz bay,0,0,0,0,0,0,0,0,0,0,0,0,0,0,0,1,0,0,0,0,1
l. colocolo,0,0,0,0,0,0,0,0,0,1,0,0,0,0,0,0,0,0,0,0,1
land resource planning,0,0,0,0,0,0,0,0,0,0,0,0,0,0,0,0,0,0,1,0,1
land suitability dynamics,0,0,0,0,0,0,0,0,0,0,0,0,0,0,0,0,0,0,1,0,1
jurua river,0,0,0,0,0,0,0,0,0,0,0,0,0,0,0,1,0,0,0,0,1
landscape fragmentation,0,0,0,0,0,0,0,0,0,0,0,0,0,0,0,1,0,0,0,0,1
lanius collurio,0,0,0,0,0,0,1,0,0,0,0,0,0,0,0,0,0,0,0,0,1
landslides,0,0,0,0,0,0,1,0,0,0,0,0,0,0,0,0,0,0,0,0,1
landslide events,0,0,0,0,0,0,0,0,0,0,0,0,0,0,0,0,0,0,1,0,1
landscape-level habitat,0,0,0,0,0,0,0,0,0,0,0,0,1,0,0,0,0,0,0,0,1
landscape utilization,0,0,0,0,0,0,0,0,0,0,0,0,0,0,0,0,1,0,0,0,1
landscape species,0,0,0,0,0,0,0,0,0,0,0,0,0,0,0,0,0,0,0,1,1
landscape scale,0,0,0,0,0,0,0,1,0,0,0,0,0,0,0,0,0,0,0,0,1
landscape plants,0,0,0,0,0,0,0,0,0,0,0,0,0,0,0,0,0,1,0,0,1
landscape patches,0,0,0,0,0,0,0,0,0,0,0,0,0,0,0,0,0,0,0,1,1
landscape network,0,0,0,0,0,0,0,0,0,0,0,0,0,0,0,1,0,0,0,0,1
landscape monitoring,0,0,0,0,0,0,0,0,0,0,0,0,0,0,1,0,0,0,0,0,1
landscape management,0,0,0,0,0,0,0,0,0,0,0,0,0,0,0,0,0,0,1,0,1
landscape level conservation,0,0,0,0,0,0,0,0,0,0,0,0,0,0,0,0,0,0,0,1,1
landscape interactions,0,0,0,0,0,0,0,0,0,0,0,0,0,1,0,0,0,0,0,0,1
"""solar-powered",0,0,0,0,0,0,0,0,0,0,0,0,0,0,0,0,1,0,0,0,1
land surface temperature,0,0,0,0,0,0,0,0,0,0,0,0,0,0,0,0,1,0,0,0,1
landscape ecological risk assessment,0,0,0,0,0,0,0,0,0,0,0,0,0,0,0,0,0,0,1,0,1
landscape design,0,0,0,0,0,0,0,0,0,0,0,0,0,0,0,1,0,0,0,0,1
landscape corridor,0,0,0,0,0,0,0,0,0,0,0,0,0,0,0,0,0,0,1,0,1
landscape configuration,0,0,0,0,0,0,0,0,0,0,0,0,0,0,1,0,0,0,0,0,1
landscape change,0,0,0,0,0,0,0,0,1,0,0,0,0,0,0,0,0,0,0,0,1
landsat tm,0,0,0,0,0,0,0,0,0,1,0,0,0,0,0,0,0,0,0,0,1
landsat 8,0,0,0,0,0,0,0,0,0,0,0,0,0,0,1,0,0,0,0,0,1
landolt,0,0,0,0,0,0,0,0,0,0,0,0,0,0,1,0,0,0,0,0,1
land-use effects on microbiota and water quality,0,0,0,0,0,0,0,0,0,0,0,0,0,0,0,0,0,0,1,0,1
land-use change scenarios,0,0,0,0,0,0,0,0,0,0,0,0,0,0,0,0,0,0,1,0,1
land-sliding,0,0,0,0,0,0,0,0,0,0,0,0,1,0,0,0,0,0,0,0,1
land&#8208,0,0,0,0,0,0,0,0,0,0,0,0,0,0,0,1,0,0,0,0,1
land use dynamics,0,0,0,0,0,0,0,0,0,0,0,0,0,0,0,0,0,0,0,1,1
land use & amp,0,0,0,0,0,0,0,0,0,0,0,0,0,0,0,0,0,1,0,0,1
kyasanur forest disease,0,0,0,0,0,0,0,0,0,0,0,0,0,0,0,1,0,0,0,0,1
kwazulu-natal,0,0,0,0,0,0,0,0,0,0,0,0,1,0,0,0,0,0,0,0,1
kuth,0,0,0,0,0,0,0,0,0,0,0,0,0,0,0,0,0,0,0,1,1
karst forests,0,0,0,0,0,0,0,0,0,0,0,0,0,0,0,0,0,0,0,1,1
kernel density,0,0,0,0,0,0,0,0,0,0,0,0,0,0,0,0,0,0,0,1,1
kerman and yazd provinces,0,0,0,0,0,0,0,0,0,0,0,0,0,0,0,1,0,0,0,0,1
kerivoula picta,0,0,0,0,0,0,0,0,0,0,0,0,0,0,0,0,1,0,0,0,1
kerivoula malpasi,0,0,0,0,0,0,0,0,0,0,0,0,0,0,0,0,1,0,0,0,1
kerala bird atlas,0,0,0,0,0,0,0,0,0,0,0,0,0,0,0,0,1,0,0,0,1
kerala,0,0,0,0,0,0,0,0,0,0,0,0,0,0,0,0,0,0,0,1,1
kde models,0,0,0,0,0,0,0,0,0,0,0,0,0,1,0,0,0,0,0,0,1
kbdi,0,0,0,0,0,0,0,0,0,0,0,0,0,0,1,0,0,0,0,0,1
kbas,0,0,0,0,0,0,0,0,0,0,0,0,0,0,0,1,0,0,0,0,1
kaza,0,0,0,0,0,0,0,0,0,0,0,0,0,0,0,0,0,0,0,1,1
katian,0,0,0,0,0,1,0,0,0,0,0,0,0,0,0,0,0,0,0,0,1
kashmir musk deer,0,0,0,0,0,0,0,0,0,0,0,0,0,0,0,0,0,1,0,0,1
kashmir himalaya,0,0,0,0,0,0,0,0,0,0,0,0,0,0,0,0,1,0,0,0,1
kashmir flycatcher,0,0,0,0,0,0,0,0,0,0,0,0,0,0,0,0,0,0,0,1,1
karst ecosystems,0,0,0,0,0,0,0,0,0,0,0,0,0,0,0,0,0,0,0,1,1
kurixalus,0,0,0,0,0,0,0,0,0,0,0,0,0,0,0,0,0,0,0,1,1
karst areas,0,0,0,0,0,0,0,0,0,0,0,0,0,0,0,0,0,0,0,1,1
karoo,0,0,0,0,0,0,0,0,0,0,1,0,0,0,0,0,0,0,0,0,1
kargil,0,0,0,0,0,0,1,0,0,0,0,0,0,0,0,0,0,0,0,0,1
karen state,0,0,0,0,0,0,0,0,0,0,0,0,0,0,1,0,0,0,0,0,1
karag & uuml,0,0,0,0,0,0,0,0,0,0,0,0,0,0,0,0,0,0,0,1,1
kaplan-meier analysis,0,0,0,0,0,0,0,0,0,0,0,0,0,0,0,0,0,0,0,1,1
kannur district,0,0,0,0,0,0,0,0,0,0,0,0,0,0,0,0,0,0,0,1,1
kangaroo,0,0,0,0,0,0,0,0,0,0,0,0,0,0,0,0,0,0,0,1,1
kandy,0,0,0,0,0,0,0,0,0,0,0,0,0,0,0,0,1,0,0,0,1
kalij pheasant,0,0,0,0,0,0,0,0,0,0,0,0,0,0,0,0,0,0,1,0,1
kala chitta range,0,0,0,0,0,0,0,0,0,0,0,0,0,0,1,0,0,0,0,0,1
k-means clustering,0,0,0,0,0,0,0,0,0,0,0,0,0,1,0,0,0,0,0,0,1
k-means,0,0,0,0,0,0,0,0,0,0,0,0,0,0,0,0,0,0,1,0,1
k & ouml,0,0,0,0,0,0,0,0,0,0,0,0,0,0,0,0,0,0,1,0,1
kernel density analysis,0,0,0,0,0,0,0,0,0,0,0,0,0,0,0,0,0,0,0,1,1
kernel smoothing,0,0,0,0,0,1,0,0,0,0,0,0,0,0,0,0,0,0,0,0,1
keteleeria davidiana,0,0,0,0,0,0,0,0,0,0,0,0,0,0,0,0,0,1,0,0,1
key,0,0,0,0,0,0,0,1,0,0,0,0,0,0,0,0,0,0,0,0,1
kunming-montreal global biodiversity framework,0,0,0,0,0,0,0,0,0,0,0,0,0,0,0,0,0,0,1,0,1
kunlun-yellow river movement,0,0,0,0,0,0,0,0,0,0,1,0,0,0,0,0,0,0,0,0,1
kudzu,0,0,0,0,0,0,0,0,0,1,0,0,0,0,0,0,0,0,0,0,1
kroumiria,0,0,0,0,0,0,0,0,0,0,0,0,1,0,0,0,0,0,0,0,1
krill,0,0,0,0,0,1,0,0,0,0,0,0,0,0,0,0,0,0,0,0,1
"kosterhavet national park, sweden",0,0,0,0,0,0,1,0,0,0,0,0,0,0,0,0,0,0,0,0,1
korean spotted barbel,0,0,0,0,0,0,0,0,0,0,0,0,0,0,1,0,0,0,0,0,1
korean red pine,0,0,0,0,0,0,0,0,0,0,0,0,1,0,0,0,0,0,0,0,1
korean pine,0,0,0,0,0,0,0,0,0,0,0,0,0,0,0,0,1,0,0,0,1
korean fir,0,0,0,0,0,0,0,0,0,0,0,0,0,0,0,0,0,1,0,0,1
korean brown frog,0,0,0,0,0,0,0,0,0,0,0,0,0,0,0,0,0,0,0,1,1
korean angelica,0,0,0,0,0,0,0,0,0,0,0,0,0,0,0,0,0,1,0,0,1
koppen-geiger climate zone,0,0,0,0,0,1,0,0,0,0,0,0,0,0,0,0,0,0,0,0,1
koppen-geiger,0,0,0,0,0,0,0,1,0,0,0,0,0,0,0,0,0,0,0,0,1
kookaburra,0,0,0,0,0,0,0,0,0,0,0,0,0,0,1,0,0,0,0,0,1
kogia,0,0,0,0,0,0,0,0,0,0,0,0,0,0,0,1,0,0,0,0,1
kodkod,0,0,0,0,0,0,0,0,0,1,0,0,0,0,0,0,0,0,0,0,1
koala food trees,0,0,0,0,0,0,1,0,0,0,0,0,0,0,0,0,0,0,0,0,1
knowledge gaps,0,0,0,0,0,0,0,0,0,0,0,0,0,0,0,1,0,0,0,0,1
knowledge extraction,0,0,0,0,0,0,0,1,0,0,0,0,0,0,0,0,0,0,0,0,1
knowledge braiding,0,0,0,0,0,0,0,0,0,0,0,0,0,0,0,0,0,0,1,0,1
klamath river basin,0,0,0,0,0,0,0,0,0,0,0,0,0,0,0,0,1,0,0,0,1
kiwifruit,0,0,0,0,0,0,0,0,0,0,0,0,0,0,0,0,0,0,0,1,1
kigelia africana,0,0,0,0,0,0,0,0,0,0,0,0,0,0,0,0,0,0,1,0,1
kibale national park,0,0,0,0,0,0,0,0,0,0,1,0,0,0,0,0,0,0,0,0,1
keystone species,0,0,0,0,0,0,0,0,0,0,0,0,0,0,0,0,0,1,0,0,1
key words.- species distribution modeling,0,0,0,0,0,0,0,0,0,0,0,0,0,0,0,0,0,0,0,1,1
key words. crocodylidae,0,0,0,0,0,0,0,0,0,0,0,0,0,0,0,0,0,1,0,0,1
key species,0,0,0,0,0,0,0,0,0,0,1,0,0,0,0,0,0,0,0,0,1
interspecific relationships,0,0,0,0,0,0,0,0,0,0,0,0,0,0,0,0,0,0,1,0,1
interspecific dependence,0,0,0,0,0,0,0,0,0,0,0,0,0,0,1,0,0,0,0,0,1
interspecific competition,0,0,0,0,0,0,0,0,0,0,0,0,0,0,0,0,1,0,0,0,1
humphead wrasse,0,0,0,0,0,0,0,0,0,0,0,0,0,0,0,1,0,0,0,0,1
hyalomma marginatum,0,0,0,0,0,0,0,0,0,0,0,0,0,0,0,0,0,1,0,0,1
hyalomma dromedarii,0,0,0,0,0,0,0,0,0,0,0,0,0,0,0,0,0,0,1,0,1
hyalomma asiaticum,0,0,0,0,0,0,0,0,0,0,0,0,0,0,0,0,1,0,0,0,1
hutia,0,0,0,0,0,0,0,0,0,0,0,0,0,0,1,0,0,0,0,0,1
hutchinsonian shortfall,0,0,0,0,0,0,0,0,0,0,0,0,0,0,0,1,0,0,0,0,1
hutchinsonian hypervolume,0,0,0,0,0,0,0,0,0,0,0,1,0,0,0,0,0,0,0,0,1
husk,0,0,0,0,0,0,0,0,0,0,0,0,0,0,0,0,1,0,0,0,1
hurricane,0,0,0,0,0,0,0,0,0,0,0,0,1,0,0,0,0,0,0,0,1
hurlbert's index,0,0,0,0,0,0,0,0,0,0,0,0,0,0,0,0,1,0,0,0,1
hurdle,0,0,0,0,0,0,0,0,1,0,0,0,0,0,0,0,0,0,0,0,1
huperzia crispata,0,0,0,0,0,0,0,0,0,1,0,0,0,0,0,0,0,0,0,0,1
hunting season,0,0,0,0,0,0,0,0,0,1,0,0,0,0,0,0,0,0,0,0,1
hunting corridor,0,0,0,0,0,0,0,0,0,0,0,0,0,0,0,0,0,0,0,1,1
hunting bag,0,0,0,0,0,0,0,0,0,0,0,0,0,0,0,0,0,0,0,1,1
humidity,0,0,0,0,0,0,0,0,0,0,0,0,0,0,1,0,0,0,0,0,1
hybrid ecosystem,0,0,0,0,0,0,0,0,0,0,0,0,1,0,0,0,0,0,0,0,1
human-wildlife interactions,0,0,0,0,0,0,0,0,0,0,0,0,0,0,1,0,0,0,0,0,1
human-wildlife conflicts and coexistence,0,0,0,0,0,0,0,0,0,0,0,0,0,0,0,0,0,0,1,0,1
human-mediated introductions,0,0,0,0,0,0,0,0,0,0,0,0,0,0,0,0,0,0,0,1,1
human-livestock-wildlife interface,0,0,0,0,0,0,0,0,0,0,0,0,0,0,0,0,0,1,0,0,1
human-induced threats,0,0,0,0,0,0,0,0,0,0,0,0,1,0,0,0,0,0,0,0,1
human-environment interaction,0,0,0,0,0,0,0,0,1,0,0,0,0,0,0,0,0,0,0,0,1
human-dominated landscapes,0,0,0,0,0,0,0,0,0,0,1,0,0,0,0,0,0,0,0,0,1
human-commensal,0,0,0,0,0,0,0,0,0,0,0,0,0,0,0,0,0,0,0,1,1
human-carnivore conflict,0,0,0,0,0,0,0,0,1,0,0,0,0,0,0,0,0,0,0,0,1
human-blue bull conflict,0,0,0,0,0,0,0,0,0,0,0,0,0,0,0,0,0,1,0,0,1
human-bear conflict,0,0,0,0,0,0,0,0,0,0,0,0,0,0,0,0,1,0,0,0,1
human settlement,0,0,0,0,0,0,0,1,0,0,0,0,0,0,0,0,0,0,0,0,1
human pressure index,0,0,0,0,0,0,0,0,0,0,0,0,0,0,0,0,1,0,0,0,1
human pressure,0,0,0,0,0,0,0,0,0,0,0,0,0,0,0,0,0,0,0,1,1
hyalosaurus,0,0,0,0,0,1,0,0,0,0,0,0,0,0,0,0,0,0,0,0,1
hydrocharis morsus-ranae,0,0,0,0,0,0,0,0,0,0,0,0,0,0,0,0,0,0,1,0,1
interpretative modelling framework,0,0,0,0,0,0,0,0,0,0,0,0,0,0,0,0,0,1,0,0,1
hylidae,0,0,0,0,0,0,0,0,1,0,0,0,0,0,0,0,0,0,0,0,1
iberian ibex,0,0,0,0,0,0,0,0,0,0,0,0,0,0,0,0,1,0,0,0,1
ibalia leucospoides,0,0,0,0,0,0,0,0,0,0,0,0,0,1,0,0,0,0,0,0,1
hystrix,0,0,0,0,0,0,0,0,0,0,0,0,0,0,0,1,0,0,0,0,1
hyrcanian refugium,0,0,0,0,0,0,0,0,0,0,1,0,0,0,0,0,0,0,0,0,1
hypoxia,0,0,0,0,0,0,0,0,0,0,0,0,0,1,0,0,0,0,0,0,1
hypothenemus hampei,0,0,0,0,0,0,0,0,0,0,0,0,0,0,0,0,0,0,1,0,1
hyperspectral imagery,0,0,0,0,0,0,0,0,0,0,0,0,0,1,0,0,0,0,0,0,1
hypersalinity,0,0,0,0,0,0,0,0,0,0,0,0,0,0,1,0,0,0,0,0,1
hyperparameter tuning,0,0,0,0,0,0,0,0,0,0,0,0,0,0,0,1,0,0,0,0,1
hyperaridity,0,0,0,0,0,0,0,0,0,0,0,0,0,0,0,0,1,0,0,0,1
hyper-temporal,0,0,0,0,0,0,0,0,0,0,1,0,0,0,0,0,0,0,0,0,1
hynobius retardatus,0,0,0,0,0,0,0,0,0,0,0,0,0,0,0,1,0,0,0,0,1
hynobiidae,0,0,0,0,0,0,0,0,0,0,0,0,0,0,0,1,0,0,0,0,1
hyliola,0,0,0,0,0,0,0,0,0,0,0,0,0,0,0,1,0,0,0,0,1
hyla carthaginiensis,0,0,0,0,0,0,0,0,0,0,0,0,0,0,0,0,0,0,1,0,1
hydroelectric dams,0,0,0,0,0,0,0,0,0,0,0,1,0,0,0,0,0,0,0,0,1
hygrotus diversipes,0,0,0,0,0,0,0,0,0,0,0,0,1,0,0,0,0,0,0,0,1
hygrophila polysperma,0,0,0,0,0,1,0,0,0,0,0,0,0,0,0,0,0,0,0,0,1
hydrothermal au-cu deposits,0,0,0,0,0,0,0,0,0,0,1,0,0,0,0,0,0,0,0,0,1
hydropsychidae,0,0,0,0,0,0,0,0,0,0,0,0,0,0,0,0,0,1,0,0,1
hydropower projects,0,0,0,0,0,0,0,0,0,0,0,0,0,0,0,0,1,0,0,0,1
hydropower,0,0,0,0,0,0,0,0,0,0,0,0,0,0,1,0,0,0,0,0,1
hydroporinae,0,0,0,0,0,0,0,0,1,0,0,0,0,0,0,0,0,0,0,0,1
hydrophis platurus xanthos,0,0,0,0,0,0,0,0,0,0,0,0,0,0,0,0,0,1,0,0,1
hydrophiinae,0,0,0,0,0,0,0,0,0,0,0,0,0,0,1,0,0,0,0,0,1
hydrology,0,0,0,0,0,0,0,0,0,0,0,0,0,1,0,0,0,0,0,0,1
hydrological services,0,0,0,0,0,0,0,0,0,0,0,0,0,0,0,0,0,0,0,1,1
hydrologic modeling,0,0,0,0,0,0,0,0,0,0,0,0,0,0,0,0,1,0,0,0,1
hydrographic environment,0,0,0,0,0,0,0,0,0,0,0,0,0,0,0,0,0,0,0,1,1
hydrogen isotopes,0,0,0,0,0,0,0,0,0,0,0,1,0,0,0,0,0,0,0,0,1
human population density,0,0,0,0,0,0,0,0,0,0,0,0,0,0,0,0,0,0,0,1,1
human occupation,0,0,0,0,0,0,0,0,0,0,0,0,0,0,0,0,1,0,0,0,1
human modification,0,0,0,0,0,0,0,0,0,0,0,0,0,0,0,0,0,0,1,0,1
historical baselines,0,0,0,0,0,0,0,0,0,0,0,0,0,0,0,0,0,0,1,0,1
hongze lake fdz,0,0,0,0,0,0,0,0,0,0,0,0,0,0,0,0,0,0,1,0,1
honeybee predation,0,0,0,0,0,0,0,0,0,0,0,0,0,0,0,0,1,0,0,0,1
homogenized seed digestion kernel,0,0,0,0,0,0,0,0,0,0,0,0,0,0,0,0,1,0,0,0,1
homogeneous climate predictors,0,0,0,0,0,0,0,0,0,0,0,0,0,0,0,0,0,0,1,0,1
homo neanderthalensis,0,0,0,0,0,0,0,0,0,0,0,0,0,0,0,0,0,0,1,0,1
holoparasite-host,0,0,0,0,0,0,0,0,0,0,0,0,0,0,0,0,1,0,0,0,1
holocene warming,0,0,0,0,0,0,0,0,0,0,0,0,0,0,1,0,0,0,0,0,1
holarctic,0,0,0,0,0,0,1,0,0,0,0,0,0,0,0,0,0,0,0,0,1
hm (himalayan monal),0,0,0,0,0,0,0,0,0,0,0,0,0,0,0,0,0,0,0,1,1
hluhluwe-imfolozi park,0,0,0,0,0,0,1,0,0,0,0,0,0,0,0,0,0,0,0,0,1
histosols,0,0,0,0,0,0,0,0,0,0,0,0,0,0,0,0,0,1,0,0,1
historical whaling data,0,0,0,0,0,0,0,0,0,0,0,0,0,0,1,0,0,0,0,0,1
historical landscape,0,0,0,0,0,0,0,0,0,0,0,0,0,0,0,0,1,0,0,0,1
historical climate variation,0,0,0,0,0,1,0,0,0,0,0,0,0,0,0,0,0,0,0,0,1
historical,0,0,0,0,0,0,0,0,0,0,0,0,0,0,0,0,0,1,0,0,1
human mediated factor,0,0,0,0,0,0,0,0,0,0,0,0,0,1,0,0,0,0,0,0,1
historic range,0,0,0,0,0,0,0,0,0,0,0,0,0,1,0,0,0,0,0,0,1
historic land-use change,0,0,0,0,0,0,0,0,0,0,0,0,0,0,0,0,0,0,0,1,1
hirundo atrocaerulea,0,0,0,0,0,0,0,0,0,0,0,0,0,0,1,0,0,0,0,0,1
hipposideridae,0,0,0,0,0,0,0,0,0,0,0,0,0,0,0,0,0,1,0,0,1
hippophae salicifolia,0,0,0,0,0,0,0,0,0,0,0,0,1,0,0,0,0,0,0,0,1
hippocamelus bisulcus,0,0,0,0,0,0,0,0,0,0,0,1,0,0,0,0,0,0,0,0,1
hindustan citrus mite,0,0,0,0,0,0,0,0,0,0,0,0,0,0,0,0,1,0,0,0,1
hindukush range,0,0,0,0,0,0,0,0,0,0,0,0,0,0,0,1,0,0,0,0,1
hindukush,0,0,0,0,0,0,0,0,0,0,0,0,0,0,0,0,1,0,0,0,1
hindcast,0,0,0,0,0,0,0,0,0,0,0,0,0,0,1,0,0,0,0,0,1
himalayan region,0,0,0,0,0,0,0,0,0,0,0,0,0,0,0,0,0,0,0,1,1
himalayan plant species,0,0,0,0,0,0,0,0,0,0,0,0,0,0,0,0,1,0,0,0,1
himalayan pheasant,0,0,0,0,0,0,0,0,0,0,0,0,0,0,0,0,0,0,0,1,1
himalayan musk deer conservation,0,0,0,0,0,0,0,0,0,0,0,1,0,0,0,0,0,0,0,0,1
hooded crane (grus monacha),0,0,0,0,0,0,0,0,0,0,0,1,0,0,0,0,0,0,0,0,1
hoolock gibbon,0,0,0,0,0,0,0,0,0,0,0,0,0,0,0,1,0,0,0,0,1
hormogaster elisae,0,0,0,0,0,0,0,0,0,1,0,0,0,0,0,0,0,0,0,0,1
horseshoe crab conservation,0,0,0,0,0,0,0,0,0,0,0,0,0,0,0,0,0,1,0,0,1
human land preference,0,0,0,0,0,0,0,0,0,0,0,0,0,0,1,0,0,0,0,0,1
human interference,0,0,0,0,0,0,0,0,0,0,0,0,0,0,1,0,0,0,0,0,1
human fungal pathogen,0,0,0,0,0,0,0,0,0,0,0,0,0,0,0,1,0,0,0,0,1
human footprint index,0,0,0,0,0,0,0,0,0,0,0,0,0,0,0,0,0,0,1,0,1
human factor,0,0,0,0,0,0,0,0,0,0,0,0,0,0,0,0,0,0,0,1,1
huemul,0,0,0,0,0,0,0,0,0,0,0,1,0,0,0,0,0,0,0,0,1
hu ex f,0,0,0,0,0,0,0,0,0,0,0,0,0,0,0,0,1,0,0,0,1
hsi model,0,0,0,0,0,0,0,0,0,0,0,0,0,0,1,0,0,0,0,0,1
hplc,0,0,0,0,0,0,0,0,0,0,0,0,0,0,0,0,0,0,0,1,1
hpai-h5n1,0,0,0,0,0,0,0,1,0,0,0,0,0,0,0,0,0,0,0,0,1
hpai,0,0,0,0,0,0,0,0,0,0,0,0,0,0,0,0,0,0,0,1,1
house mosquito,0,0,0,0,0,0,0,0,0,0,0,0,0,0,0,0,0,0,0,1,1
hotspot region,0,0,0,0,0,0,0,0,0,0,0,0,0,0,0,0,0,0,0,1,1
host-seeking activity,0,0,0,0,0,0,0,0,0,0,0,0,0,1,0,0,0,0,0,0,1
host-plant preference,0,0,0,0,0,0,0,0,0,0,0,0,0,0,0,1,0,0,0,0,1
host-plant haplotypes,0,0,0,0,0,0,0,0,1,0,0,0,0,0,0,0,0,0,0,0,1
host-pathogen-environment interaction,0,0,0,0,0,0,0,0,0,0,0,0,0,0,0,0,0,1,0,0,1
host variable,0,0,0,0,0,0,0,0,0,0,0,0,0,0,0,0,0,0,0,1,1
host specificity,0,0,0,0,0,0,0,0,0,0,1,0,0,0,0,0,0,0,0,0,1
host records,0,0,0,0,0,0,0,0,0,0,0,1,0,0,0,0,0,0,0,0,1
host range,0,0,0,0,0,0,0,0,0,0,0,0,0,0,0,0,1,0,0,0,1
host plant quality,0,0,0,0,0,0,0,0,0,0,0,0,0,0,0,1,0,0,0,0,1
host fish richness,0,0,0,0,0,0,0,0,0,0,0,0,1,0,0,0,0,0,0,0,1
host factors,0,0,0,0,0,0,0,0,0,0,0,0,0,0,0,0,1,0,0,0,1
horvath's rock lizard,0,0,0,0,0,0,0,0,0,0,0,0,0,0,1,0,0,0,0,0,1
horticulture,0,0,0,0,0,0,0,0,0,0,0,0,0,0,0,0,0,0,1,0,1
horticultural trade,0,0,0,0,0,0,0,0,0,0,0,0,0,0,0,0,0,1,0,0,1
horticultural industry,0,0,0,0,0,0,1,0,0,0,0,0,0,0,0,0,0,0,0,0,1
horsfieldia tetratepala,0,0,0,0,0,0,0,0,0,0,0,0,0,0,0,0,1,0,0,0,1
iberian pine,0,0,0,0,0,0,0,0,0,0,0,0,1,0,0,0,0,0,0,0,1
ice and climate,0,0,0,0,0,0,0,0,0,1,0,0,0,0,0,0,0,0,0,0,1
icerya aegyptiaca,0,0,0,0,0,0,0,0,0,0,0,0,0,0,1,0,0,0,0,0,1
information system,0,0,0,0,0,0,0,0,0,0,0,0,0,0,0,0,0,1,0,0,1
insect pest upsurge,0,0,0,0,0,0,0,0,0,0,0,0,0,0,0,0,0,1,0,0,1
insect outbreak,0,0,0,0,0,0,0,0,0,0,0,0,0,0,0,1,0,0,0,0,1
insect invasions,0,0,0,0,0,0,0,0,0,1,0,0,0,0,0,0,0,0,0,0,1
insect diversity,0,0,0,0,0,0,0,0,0,0,0,0,0,0,0,0,0,0,0,1,1
input variable selection,0,0,0,0,0,0,0,0,0,0,0,1,0,0,0,0,0,0,0,0,1
inner mongolia,0,0,0,0,0,0,0,0,0,0,0,0,0,0,0,0,0,0,0,1,1
inland wetland,0,0,0,0,0,0,0,0,0,0,0,0,0,0,0,0,1,0,0,0,1
inland valleys,0,0,0,0,0,0,0,0,0,0,0,0,0,0,1,0,0,0,0,0,1
inland river basin,0,0,0,0,0,0,0,0,0,0,0,0,1,0,0,0,0,0,0,0,1
inla-spde,0,0,0,0,0,0,0,0,0,0,0,0,0,0,1,0,0,0,0,0,1
inla,0,0,0,0,0,0,0,0,0,0,0,0,0,0,0,0,0,0,0,1,1
inkomati catchment,0,0,0,0,0,0,0,0,0,0,0,0,0,0,0,0,0,1,0,0,1
infrastructure,0,0,0,0,0,0,0,0,0,0,0,0,0,1,0,0,0,0,0,0,1
infraspecific taxa,0,0,0,0,0,0,0,0,0,0,0,0,0,0,1,0,0,0,0,0,1
information gap,0,0,0,0,0,0,0,0,0,0,0,0,0,1,0,0,0,0,0,0,1
indo-pacific bottlenose dolphin,0,0,0,0,0,0,0,0,0,0,0,0,0,0,0,0,1,0,0,0,1
information entropy,0,0,0,0,0,0,0,0,0,1,0,0,0,0,0,0,0,0,0,0,1
information divergence,0,0,0,0,0,0,0,0,0,0,0,0,0,0,0,0,0,1,0,0,1
information criteria,0,0,0,0,0,0,0,0,0,0,0,0,1,0,0,0,0,0,0,0,1
informatics,0,0,0,0,0,0,0,0,0,0,0,0,0,0,0,0,0,0,0,1,1
influencing predictors,0,0,0,0,0,0,0,0,0,0,0,0,0,0,0,0,0,0,0,1,1
infestation risk,0,0,0,0,0,0,0,0,0,0,0,0,0,0,0,0,0,0,0,1,1
infestation dynamics,0,0,0,0,0,0,0,0,0,0,0,0,0,0,0,0,0,0,0,1,1
infestation,0,0,0,0,0,0,0,0,0,0,0,0,0,0,0,0,0,0,0,1,1
inexpensive,0,0,0,0,0,0,0,0,0,0,0,0,0,0,0,0,1,0,0,0,1
industrial uses,0,0,0,0,0,0,0,0,0,0,0,0,0,1,0,0,0,0,0,0,1
industrial forest plantations,0,0,0,0,0,0,0,0,0,0,0,0,0,0,0,1,0,0,0,0,1
industrial crops,0,0,0,0,0,0,0,0,0,0,0,0,0,0,0,0,0,0,0,1,1
indrella ampulla,0,0,0,0,0,0,0,0,0,0,1,0,0,0,0,0,0,0,0,0,1
indore,0,0,0,0,0,0,0,0,0,0,0,0,0,0,0,0,0,0,1,0,1
insect&#8211,0,0,0,0,0,0,0,0,0,0,0,0,0,0,0,1,0,0,0,0,1
insect-pathogen complex,0,0,0,0,0,0,0,0,0,0,0,0,0,0,1,0,0,0,0,0,1
insect-plant interaction,0,0,0,0,0,0,0,0,0,0,0,0,0,0,0,1,0,0,0,0,1
insecticide-treated nets,0,0,0,0,0,0,0,0,0,1,0,0,0,0,0,0,0,0,0,0,1
interpredictability,0,0,0,0,0,0,0,0,0,0,0,1,0,0,0,0,0,0,0,0,1
interpolation,0,0,0,0,0,0,0,0,0,0,0,0,0,0,0,1,0,0,0,0,1
internet of things (iot),0,0,0,0,0,0,0,0,0,0,0,0,0,0,0,0,0,0,0,1,1
international union for conservation of nature's,0,0,0,0,0,0,0,0,0,1,0,0,0,0,0,0,0,0,0,0,1
international conservation,0,0,0,0,0,0,0,0,0,0,0,0,0,0,0,0,0,0,1,0,1
internal waves,0,0,0,0,0,0,0,0,0,0,0,0,0,0,0,0,0,1,0,0,1
intermountain west,0,0,0,0,0,0,0,0,0,0,0,0,0,0,0,0,0,0,1,0,1
interior highlands,0,0,0,0,0,0,0,0,0,0,0,0,0,0,0,1,0,0,0,0,1
intergovernmental panel on climate change (ipcc),0,0,0,0,0,0,0,0,0,0,0,0,0,0,1,0,0,0,0,0,1
interglacial refugia,0,0,0,0,0,0,0,0,0,0,0,0,0,1,0,0,0,0,0,0,1
intercomparison,0,0,0,0,0,0,0,1,0,0,0,0,0,0,0,0,0,0,0,0,1
interactive decision support,0,0,0,0,0,0,0,0,0,0,0,0,0,1,0,0,0,0,0,0,1
interaction effects,0,0,0,0,0,0,0,0,0,0,0,0,0,0,0,1,0,0,0,0,1
inter-seasonal migration corridors,0,0,0,0,0,0,0,0,0,0,0,0,0,0,0,0,0,0,0,1,1
inter-population variability,0,0,0,0,0,0,0,0,0,0,0,0,0,0,0,0,0,0,0,1,1
inter-annual variability,0,0,0,0,0,0,1,0,0,0,0,0,0,0,0,0,0,0,0,0,1
inter-andean valleys,0,0,0,0,0,0,0,0,0,0,0,0,0,0,0,0,0,0,0,1,1
integrated river basin management,0,0,0,1,0,0,0,0,0,0,0,0,0,0,0,0,0,0,0,0,1
integrated modelling framework,0,0,0,0,0,0,0,0,0,1,0,0,0,0,0,0,0,0,0,0,1
integrated mangrove aquaculture,0,0,0,0,0,0,0,0,0,0,0,0,0,0,0,0,0,0,0,1,1
integrated dataset,0,0,0,0,0,0,0,0,0,0,0,0,0,0,0,0,0,0,1,0,1
integrated assessment,0,0,0,0,0,0,0,0,0,0,0,0,0,0,0,1,0,0,0,0,1
insular syndrome,0,0,0,0,0,0,0,0,0,0,0,0,0,0,0,0,0,0,0,1,1
insular,0,0,0,0,0,0,0,0,0,0,0,0,0,0,0,0,0,0,1,0,1
instream habitat simulation,0,0,0,0,0,0,0,0,0,1,0,0,0,0,0,0,0,0,0,0,1
institutional logics,0,0,0,0,0,0,0,0,0,0,0,0,0,0,0,0,0,0,1,0,1
instars,0,0,0,0,0,0,0,0,0,0,0,0,0,1,0,0,0,0,0,0,1
insecure vsz,0,0,0,0,0,0,0,0,0,0,0,0,0,0,0,0,0,0,0,1,1
insectivorous bats,0,0,0,0,0,0,0,0,0,0,0,0,0,0,0,0,1,0,0,0,1
indo-pacific humpback dolphin,0,0,0,0,0,0,0,0,0,0,0,0,0,0,1,0,0,0,0,0,1
indo-china,0,0,0,0,0,0,0,0,0,0,0,0,0,0,0,1,0,0,0,0,1
icerya purchasi,0,0,0,0,0,0,0,0,0,0,0,0,0,0,1,0,0,0,0,0,1
image interpretation,0,0,0,0,0,1,0,0,0,0,0,0,0,0,0,0,0,0,0,0,1
in situ,0,0,0,0,0,0,0,0,0,0,0,0,0,0,0,1,0,0,0,0,1
important environmental factors,0,0,0,0,0,0,0,0,0,0,0,0,0,0,0,0,0,0,1,0,1
important bird area (iba),0,0,0,0,0,0,1,0,0,0,0,0,0,0,0,0,0,0,0,0,1
importance value,0,0,0,0,0,0,0,0,0,0,0,0,0,1,0,0,0,0,0,0,1
impervious surface cover,0,0,0,0,0,0,0,0,0,0,0,0,1,0,0,0,0,0,0,0,1
impatiens glandulifera,0,0,0,0,0,0,0,0,0,0,0,0,0,0,0,0,0,1,0,0,1
impatiens capensis,0,0,0,0,0,0,0,0,0,0,0,0,0,0,0,0,1,0,0,0,1
impact niche,0,0,0,0,0,0,0,1,0,0,0,0,0,0,0,0,0,0,0,0,1
impact management,0,0,0,0,0,0,0,0,0,0,0,0,0,0,0,0,0,0,1,0,1
impact,0,0,0,0,0,0,0,0,0,0,1,0,0,0,0,0,0,0,0,0,1
immature albacore,0,0,0,0,0,0,0,0,0,0,0,0,0,0,0,0,0,0,0,1,1
imaging spectroscopy,0,0,0,0,0,0,0,0,0,0,0,1,0,0,0,0,0,0,0,0,1
imaging spectrometry,0,0,0,0,0,0,0,0,0,0,0,0,1,0,0,0,0,0,0,0,1
image time-series,0,0,0,0,0,0,0,0,0,0,0,0,0,0,0,0,1,0,0,0,1
image classification,0,0,0,0,0,0,0,0,0,0,0,0,0,0,0,0,0,0,0,1,1
indo-bangladesh landscape,0,0,0,0,0,0,0,0,0,0,0,0,0,0,0,0,1,0,0,0,1
image categorization,0,0,0,0,0,0,0,0,0,0,0,0,0,0,0,0,0,0,0,1,1
illinois,0,0,0,0,0,0,0,0,0,0,0,0,0,0,0,1,0,0,0,0,1
illegal wildlife trade,0,0,0,0,0,0,0,0,0,0,0,0,0,0,0,0,0,1,0,0,1
illegal trade in wildlife,0,0,0,0,0,0,0,0,0,0,0,1,0,0,0,0,0,0,0,0,1
illegal forest activity,0,0,0,0,0,0,0,0,0,0,0,0,0,0,0,0,1,0,0,0,1
ihr (indian himalayan region),0,0,0,0,0,0,0,0,0,0,0,0,0,0,0,0,0,0,0,1,1
idoneidad de h & aacute,0,0,0,0,0,0,0,0,0,0,0,0,0,0,0,0,0,0,0,1,1
identity,0,0,0,0,0,0,0,0,0,0,0,0,0,0,1,0,0,0,0,0,1
idaho,0,0,0,0,0,0,0,0,0,0,0,0,0,1,0,0,0,0,0,0,1
icterine warbler,0,0,0,0,0,0,0,0,0,0,0,1,0,0,0,0,0,0,0,0,1
ictalurus lupus,0,0,0,0,0,0,0,0,0,0,0,0,0,0,0,1,0,0,0,0,1
ichthyosaura alpestris,0,0,0,0,0,0,0,0,0,0,0,0,0,0,0,0,0,0,0,1,1
ichthyogeography,0,0,0,0,0,0,0,0,0,0,0,0,0,0,0,0,0,0,1,0,1
ichthyofauna,0,0,0,0,0,0,0,0,0,0,0,0,0,0,1,0,0,0,0,0,1
in situ adaptation,0,0,0,0,0,0,0,0,0,0,0,0,0,0,0,0,0,0,1,0,1
in situ refugia,0,0,0,0,0,0,0,0,0,0,0,0,0,1,0,0,0,0,0,0,1
inbreeding,0,0,0,0,0,0,0,0,0,0,0,0,0,0,0,0,0,0,0,1,1
incertidumbre,0,0,0,0,0,0,0,0,0,0,0,0,0,0,0,1,0,0,0,0,1
individual tree crown delineation,0,0,0,0,0,0,0,0,0,0,0,0,0,0,0,0,1,0,0,0,1
individual recognition,0,0,0,0,0,0,0,0,0,0,0,0,0,0,0,1,0,0,0,0,1
individual distribution models,0,0,0,0,0,0,0,0,0,0,0,0,0,0,0,1,0,0,0,0,1
indigenous protected and conserved areas,0,0,0,0,0,0,0,0,0,0,0,0,0,0,0,1,0,0,0,0,1
indigenous mosquito species,0,0,0,0,0,0,0,0,0,1,0,0,0,0,0,0,0,0,0,0,1
indigenous maize farming,0,0,0,0,0,0,0,0,0,0,0,0,0,0,0,0,0,0,0,1,1
indigenous knowledge,0,0,0,0,0,0,0,0,0,0,0,0,0,0,0,0,1,0,0,0,1
indigenous harvest,0,0,0,0,0,0,0,0,0,0,0,0,0,0,0,0,1,0,0,0,1
indigenous congenerics,0,0,0,0,0,0,0,1,0,0,0,0,0,0,0,0,0,0,0,0,1
indigenous communities,0,0,0,0,0,0,0,0,0,0,0,0,0,0,0,0,0,1,0,0,1
indigenous,0,0,0,0,0,0,0,0,0,0,0,0,0,0,0,0,0,0,1,0,1
indicators of hydrologic alteration,0,0,0,0,0,0,0,0,0,0,0,0,0,0,0,0,0,0,0,1,1
indicators,0,0,0,0,0,0,0,0,0,0,0,0,0,0,1,0,0,0,0,0,1
indicator insects for environmental assessment,0,0,0,0,0,0,0,0,0,0,0,0,0,0,0,0,0,0,1,0,1
indiana bats,0,0,0,0,0,0,0,1,0,0,0,0,0,0,0,0,0,0,0,0,1
indian sub-continent,0,0,0,0,0,0,0,0,0,0,0,0,0,0,0,0,1,0,0,0,1
indian ocean,0,0,0,0,0,0,0,0,0,0,0,0,0,0,0,0,0,0,0,1,1
indian monsoon,0,0,0,0,0,0,0,0,0,0,0,0,0,0,0,1,0,0,0,0,1
indian mackerel,0,0,0,0,0,0,0,0,0,0,0,0,0,0,0,0,0,0,0,1,1
indian gerbil,0,0,0,0,0,0,0,0,0,0,0,0,1,0,0,0,0,0,0,0,1
indian flying fox,0,0,0,0,0,0,0,0,1,0,0,0,0,0,0,0,0,0,0,0,1
indian bison,0,0,0,0,0,0,0,0,0,0,0,0,0,0,0,0,0,0,0,1,1
independent-auc,0,0,0,0,0,0,0,0,0,0,0,0,0,0,0,0,0,0,1,0,1
independent testing,0,0,0,0,0,0,0,0,0,0,1,0,0,0,0,0,0,0,0,0,1
independent test data,0,0,0,0,0,0,0,0,0,0,0,0,0,0,0,0,1,0,0,0,1
independent evolutionary lineages,0,0,0,0,0,0,0,0,0,0,0,0,0,0,1,0,0,0,0,0,1
independent contrasts,0,0,0,1,0,0,0,0,0,0,0,0,0,0,0,0,0,0,0,0,1
incipient ecological divergence,0,0,0,0,0,0,0,0,0,0,0,0,0,0,0,0,0,0,0,1,1
incidence,0,0,0,0,0,0,0,0,0,0,0,0,0,0,0,0,0,0,0,1,1
lanner falcon,0,0,0,0,0,0,0,0,0,0,0,0,0,0,0,0,1,0,0,0,1
lardizabalaceae,0,0,0,0,0,0,0,0,0,0,0,0,0,0,0,0,0,0,0,1,1
himalayan medicinal plants,0,0,0,0,0,0,0,0,0,0,0,0,0,0,0,0,0,0,0,1,1
marxan with probabilities,0,0,0,0,0,0,0,0,0,0,0,0,0,0,1,0,0,0,0,0,1
mauremys leprosa,0,0,0,0,0,0,0,0,0,1,0,0,0,0,0,0,0,0,0,0,1
matrix resistance,0,0,0,0,0,0,0,0,0,0,0,0,0,0,0,1,0,0,0,0,1
matrix population model,0,0,0,0,0,0,0,0,0,1,0,0,0,0,0,0,0,0,0,0,1
matrix model,0,0,1,0,0,0,0,0,0,0,0,0,0,0,0,0,0,0,0,0,1
matrix heterogeneity,0,0,0,0,0,0,1,0,0,0,0,0,0,0,0,0,0,0,0,0,1
matrix,0,0,0,0,0,0,0,0,0,0,0,0,0,0,0,0,0,1,0,0,1
mating system,0,0,0,0,0,0,0,0,0,0,0,0,0,0,1,0,0,0,0,0,1
mathematics,0,0,0,0,0,0,0,0,0,0,0,0,0,0,0,0,0,1,0,0,1
maternity habitat,0,0,0,0,0,0,0,1,0,0,0,0,0,0,0,0,0,0,0,0,1
mata seca,0,0,0,0,0,0,0,0,0,0,0,0,0,0,0,0,0,0,0,1,1
mastomys,0,0,0,0,0,0,0,0,0,0,0,0,0,0,0,0,0,0,0,1,1
masked data modelling,0,0,0,0,0,0,0,0,0,0,0,0,0,0,0,0,0,0,0,1,1
masked crab,0,0,0,0,0,0,0,1,0,0,0,0,0,0,0,0,0,0,0,0,1
masked bobwhite quail,0,0,0,0,0,0,0,0,0,0,0,0,0,0,0,0,1,0,0,0,1
martes martes,0,0,0,0,0,0,0,0,0,0,0,1,0,0,0,0,0,0,0,0,1
mauritania,0,0,0,0,0,0,1,0,0,0,0,0,0,0,0,0,0,0,0,0,1
martens,0,0,0,0,0,0,0,0,0,0,0,0,0,0,0,1,0,0,0,0,1
marshbird,0,0,0,0,0,0,0,0,0,0,0,0,0,0,0,1,0,0,0,0,1
marsh fritillary,0,0,0,0,0,0,0,0,0,0,0,0,0,0,0,0,0,0,0,1,1
marmota baibacina,0,0,0,0,0,0,0,0,0,0,0,0,0,0,0,0,0,0,0,1,1
marmora's warbler,0,0,0,0,0,0,0,0,0,0,0,0,0,0,0,0,0,0,0,1,1
marl soil,0,0,0,0,0,0,0,0,0,0,0,0,0,1,0,0,0,0,0,0,1
markov chain,0,0,0,0,0,0,0,0,0,0,0,0,1,0,0,0,0,0,0,0,1
market research,0,0,0,0,0,0,0,0,0,0,0,0,0,0,0,0,0,0,0,1,1
markazy province,0,0,0,0,0,0,0,0,0,0,0,1,0,0,0,0,0,0,0,0,1
mark-recapture,0,0,0,0,0,0,0,0,1,0,0,0,0,0,0,0,0,0,0,0,1
maritime canada,0,0,0,0,0,0,0,0,1,0,0,0,0,0,0,0,0,0,0,0,1
marion island,0,0,0,0,0,0,0,0,0,0,0,0,0,1,0,0,0,0,0,0,1
marine variables,0,0,0,0,0,0,0,0,0,0,0,0,0,0,0,1,0,0,0,0,1
marine trophic web,0,0,0,0,0,0,0,0,0,0,0,0,0,0,0,0,0,0,1,0,1
mauremys rivulata,0,0,0,0,0,0,0,0,0,0,0,1,0,0,0,0,0,0,0,0,1
mauritia flexuosa,0,0,0,0,0,0,0,0,0,0,0,0,0,0,0,0,0,0,1,0,1
meconopsis punicea,0,0,0,0,0,0,0,0,0,0,0,0,0,0,0,0,1,0,0,0,1
maximum entropy ecological niche modeling (maxent),0,0,0,0,0,0,0,0,0,0,0,0,0,0,1,0,0,0,0,0,1
mechanistic species distribution model,0,0,0,0,0,0,0,0,0,0,0,0,0,0,0,1,0,0,0,0,1
mechanistic spatial risk models,0,0,0,0,0,0,0,0,0,0,0,0,0,0,0,0,0,0,0,1,1
mechanism,0,0,0,0,0,0,0,0,0,0,0,0,0,0,0,0,1,0,0,0,1
mealybugs,0,0,0,0,0,0,0,0,0,0,0,0,0,0,0,0,0,1,0,0,1
meadow tick,0,0,0,0,0,0,0,0,0,0,0,0,0,0,0,0,1,0,0,0,1
meadow,0,0,0,0,0,0,0,0,0,0,0,1,0,0,0,0,0,0,0,0,1
mde,0,0,0,0,0,0,0,0,0,0,0,0,0,0,0,0,0,0,1,0,1
mcr model,0,0,0,0,0,0,0,0,0,0,0,0,0,0,0,0,0,0,0,1,1
mcmurdo dry valleys,0,0,0,0,0,0,0,0,0,0,0,0,0,0,0,1,0,0,0,0,1
mboost,0,0,0,0,0,0,0,1,0,0,0,0,0,0,0,0,0,0,0,0,1
mazama,0,0,0,0,0,0,0,0,0,0,0,0,0,0,0,0,1,0,0,0,1
maxnet,0,0,0,0,0,0,0,0,0,0,0,0,0,0,0,0,0,0,1,0,1
maximum entropy species distribution modeling,0,0,0,0,0,0,1,0,0,0,0,0,0,0,0,0,0,0,0,0,1
"maximum entropy modelling, rhododendron ponticum",0,0,0,0,0,0,0,1,0,0,0,0,0,0,0,0,0,0,0,0,1
maximum entropy benchmark,0,0,0,0,0,0,0,0,0,0,0,0,0,0,0,0,1,0,0,0,1
mauritius,0,0,0,0,0,0,0,0,0,0,0,0,0,0,0,0,0,0,0,1,1
maximum algorithm,0,0,0,0,0,0,0,0,0,0,0,0,0,0,0,0,0,0,0,1,1
maximize conservation effectiveness,0,0,0,0,0,0,0,0,0,0,0,0,0,0,0,0,0,0,0,1,1
maxi-,0,0,0,0,0,0,0,0,0,0,0,0,0,0,0,0,0,0,1,0,1
maxent/maxlike,0,0,0,0,0,0,0,0,0,0,1,0,0,0,0,0,0,0,0,0,1
maxent-spam approach,0,0,0,0,0,0,0,0,0,0,0,0,0,0,0,0,0,0,1,0,1
"maxent, r",0,0,0,0,0,1,0,0,0,0,0,0,0,0,0,0,0,0,0,0,1
"maxent, model selection, overfitting",0,0,0,0,0,0,0,0,0,0,1,0,0,0,0,0,0,0,0,0,1
"maxent, habitat suitability",0,0,0,0,0,0,0,0,0,0,0,0,0,0,0,0,0,1,0,0,1
maxent program,0,0,0,0,0,0,0,0,1,0,0,0,0,0,0,0,0,0,0,0,1
maxent prediction,0,0,0,0,0,0,0,0,0,0,0,0,0,0,1,0,0,0,0,0,1
maxent modeling approach,0,0,0,0,0,0,0,0,0,0,0,0,0,0,0,1,0,0,0,0,1
maxent background data,0,0,0,0,0,1,0,0,0,0,0,0,0,0,0,0,0,0,0,0,1
maxent background,0,0,0,0,0,0,0,0,0,0,0,0,0,1,0,0,0,0,0,0,1
maxent 2,0,0,0,0,0,0,0,0,0,0,0,0,0,0,0,0,0,0,0,1,1
marine trade,0,0,0,0,0,0,0,0,0,0,0,0,1,0,0,0,0,0,0,0,1
marine species,0,0,0,0,0,0,0,0,0,0,0,0,0,0,1,0,0,0,0,0,1
marine snake,0,0,0,0,0,0,0,0,0,0,0,0,0,0,1,0,0,0,0,0,1
management priority,0,0,0,0,0,0,1,0,0,0,0,0,0,0,0,0,0,0,0,0,1
mann-whitney test,0,0,0,0,0,0,0,0,0,0,0,0,0,0,0,1,0,0,0,0,1
manis gigantea,0,0,0,0,0,0,0,0,0,0,0,0,0,0,0,0,0,1,0,0,1
manis crassicaudata,0,0,0,0,0,0,0,0,0,0,0,0,0,0,0,0,0,0,1,0,1
manihot esculenta,0,0,0,0,0,0,0,0,0,1,0,0,0,0,0,0,0,0,0,0,1
mangrove trees,0,0,0,0,0,0,0,0,0,0,0,0,0,0,1,0,0,0,0,0,1
mangrove forests,0,0,0,0,0,0,0,0,0,0,0,0,0,0,0,0,0,1,0,0,1
mangrove distribution,0,0,0,0,0,0,0,0,0,0,0,0,0,0,1,0,0,0,0,0,1
mangrove crabs,0,0,0,0,0,0,0,0,0,0,0,0,0,0,0,1,0,0,0,0,1
mangrove conservation,0,0,0,0,0,0,0,0,0,0,0,0,0,0,1,0,0,0,0,0,1
mango stone weevil,0,0,0,0,0,0,0,0,0,0,0,0,0,0,0,0,0,0,0,1,1
mango pests,0,0,0,0,0,0,0,0,0,0,0,0,0,0,0,1,0,0,0,0,1
manatee,0,0,0,0,0,0,0,0,0,0,0,0,0,0,0,0,0,0,0,1,1
managing invasive species,0,0,0,0,0,0,0,0,0,0,0,0,0,0,0,0,0,0,1,0,1
management unit,0,0,0,0,0,0,0,0,0,0,0,0,0,0,0,1,0,0,0,0,1
management measures,0,0,0,0,0,0,0,0,0,0,0,0,0,0,0,0,0,0,1,0,1
marine reserve design,0,0,0,0,0,0,0,0,0,0,0,0,1,0,0,0,0,0,0,0,1
management exotic species,0,0,0,0,0,0,0,0,0,0,0,0,0,0,0,1,0,0,0,0,1
management effort,0,0,0,0,0,0,0,0,1,0,0,0,0,0,0,0,0,0,0,0,1
management complexity,0,0,0,0,0,0,0,0,1,0,0,0,0,0,0,0,0,0,0,0,1
managed species,0,0,0,0,0,0,0,0,0,0,1,0,0,0,0,0,0,0,0,0,1
man and the biosphere reserve,0,0,0,0,0,0,0,0,0,0,0,0,0,0,0,0,1,0,0,0,1
mammuthus,0,0,0,0,0,0,0,0,0,0,0,0,0,0,0,0,1,0,0,0,1
mammut,0,0,0,0,0,0,0,0,0,0,0,0,0,0,0,0,1,0,0,0,1
mammal suitable habitats,0,0,0,0,0,0,0,0,0,0,0,0,0,0,0,0,0,0,0,1,1
mammal extinction,0,0,0,0,0,0,0,0,0,0,0,0,0,1,0,0,0,0,0,0,1
mammal distribution ranges,0,0,0,0,0,0,0,0,0,0,0,0,0,1,0,0,0,0,0,0,1
mammal communities,0,0,0,0,0,0,0,0,0,0,0,0,0,0,0,0,1,0,0,0,1
mammal biodiversity,0,0,0,0,0,0,0,0,0,0,0,0,0,0,0,0,0,0,0,1,1
mamiferos,0,0,0,0,0,0,0,0,0,0,0,0,0,0,0,0,0,1,0,0,1
malva neglecta,0,0,0,0,0,0,0,0,0,0,0,0,0,0,0,0,0,0,0,1,1
mantis,0,0,0,0,0,0,0,0,0,0,0,0,0,0,0,1,0,0,0,0,1
manzanita,0,0,0,0,0,0,0,0,0,0,0,0,0,0,0,1,0,0,0,0,1
map model relationships,0,0,0,0,0,0,0,0,0,0,0,0,0,0,0,0,0,0,1,0,1
mapforgen,0,0,0,0,0,0,0,0,1,0,0,0,0,0,0,0,0,0,0,0,1
marine renewable energy,0,0,0,0,0,0,0,0,0,0,0,0,0,1,0,0,0,0,0,0,1
marine rafting,0,0,0,0,0,0,0,0,0,0,0,0,0,1,0,0,0,0,0,0,1
marine protected area distribution,0,0,0,0,0,0,0,0,0,0,0,0,0,0,0,0,0,0,1,0,1
marine plastic pollution,0,0,0,0,0,0,0,0,0,0,0,0,0,0,0,0,0,1,0,0,1
marine mussels,0,0,0,0,0,0,1,0,0,0,0,0,0,0,0,0,0,0,0,0,1
marine management,0,0,0,0,0,0,0,0,0,0,0,0,0,0,0,0,0,0,1,0,1
marine mammal monitoring,0,0,0,0,0,0,0,0,0,0,0,0,0,0,0,0,0,0,0,1,1
marine macroalgae,0,0,0,0,0,0,0,0,0,0,0,0,0,0,1,0,0,0,0,0,1
marine landscape,0,0,0,0,0,0,0,0,0,0,0,0,0,0,0,0,0,0,0,1,1
marine isotope stage 3,0,0,0,0,0,0,0,0,0,0,0,0,0,0,0,0,0,0,0,1,1
marine habitat niches,0,0,0,0,0,0,0,0,0,0,0,0,0,0,1,0,0,0,0,0,1
marine habitat,0,0,0,0,0,0,0,0,0,0,0,1,0,0,0,0,0,0,0,0,1
marine ecosystem structuring species,0,0,0,0,0,0,0,0,0,0,0,0,0,0,0,0,0,0,1,0,1
marine debris,0,0,0,0,0,0,0,0,0,0,0,0,0,1,0,0,0,0,0,0,1
marine conservation planning,0,0,0,0,0,0,0,0,0,0,0,0,0,0,0,1,0,0,0,0,1
marine community,0,0,0,0,0,0,0,0,0,0,0,0,0,0,1,0,0,0,0,0,1
marine biodiversity conservation,0,0,0,0,0,0,0,0,0,0,0,0,0,0,0,0,0,0,0,1,1
marine benthos,0,0,0,0,0,0,0,0,1,0,0,0,0,0,0,0,0,0,0,0,1
marine benthic invertebrates,0,0,0,0,0,0,1,0,0,0,0,0,0,0,0,0,0,0,0,0,1
marine benthic ecosystems,0,0,0,0,0,0,0,1,0,0,0,0,0,0,0,0,0,0,0,0,1
marginality,0,0,0,0,1,0,0,0,0,0,0,0,0,0,0,0,0,0,0,0,1
marginal populations,0,0,0,0,0,0,0,0,0,1,0,0,0,0,0,0,0,0,0,0,1
marginal habitat,0,0,0,0,0,0,0,0,0,0,0,0,0,1,0,0,0,0,0,0,1
margaritifera margaritifera,0,0,0,0,0,0,0,0,0,0,0,0,0,0,0,0,1,0,0,0,1
marburgvirus,0,0,0,0,0,0,0,0,0,0,0,0,0,0,0,0,0,0,0,1,1
marbled murrelet,0,0,0,0,0,0,0,0,0,0,0,0,0,0,0,0,0,0,1,0,1
marbled crayfish,0,0,0,0,0,1,0,0,0,0,0,0,0,0,0,0,0,0,0,0,1
mar menor coastal lagoon,0,0,0,0,0,0,0,0,0,0,0,0,0,0,0,0,1,0,0,0,1
maquis,0,0,0,0,0,0,0,0,0,0,0,0,0,0,1,0,0,0,0,0,1
meconematinae,0,0,0,0,0,0,0,1,0,0,0,0,0,0,0,0,0,0,0,0,1
medical entomology,0,0,0,0,0,0,0,0,0,0,0,0,0,0,0,0,0,0,0,1,1
large areas,0,0,0,0,0,0,0,0,0,0,0,0,0,0,0,1,0,0,0,0,1
michoacan,0,0,0,0,0,0,0,0,0,0,0,0,0,1,0,0,0,0,0,0,1
micrurus divaricatus complex,0,0,0,0,0,0,0,0,0,0,0,0,0,0,0,0,0,0,0,1,1
microwave remote sensing,0,0,1,0,0,0,0,0,0,0,0,0,0,0,0,0,0,0,0,0,1
microtus rossiaemeridionalis,0,0,0,0,0,0,0,0,0,0,0,0,0,0,0,0,0,1,0,0,1
microtus arvalis,0,0,0,0,0,0,0,0,0,0,0,0,0,0,0,0,0,1,0,0,1
microsite,0,0,0,0,0,0,0,0,0,0,0,0,0,0,0,0,1,0,0,0,1
microsatellites,0,0,0,0,0,1,0,0,0,0,0,0,0,0,0,0,0,0,0,0,1
microsatellite loci,0,0,0,0,0,0,0,0,0,0,0,0,0,0,1,0,0,0,0,0,1
microrefugia,0,0,0,0,0,0,0,0,0,0,0,0,0,0,0,0,0,1,0,0,1
microlithic technology,0,0,0,0,0,0,0,0,0,0,0,0,0,0,0,0,0,0,0,1,1
microhabitats,0,0,0,0,0,0,0,0,1,0,0,0,0,0,0,0,0,0,0,0,1
microhabitat selection,0,0,0,0,0,0,0,0,0,0,0,0,0,0,0,0,0,0,0,1,1
microgastrinae,0,0,0,0,0,0,0,0,0,0,0,0,0,0,0,0,0,1,0,0,1
microgale,0,0,0,0,0,0,0,0,0,0,0,1,0,0,0,0,0,0,0,0,1
microendemism,0,0,0,0,0,0,0,0,0,0,0,0,0,0,0,0,0,0,0,1,1
michigan,0,0,0,0,0,0,0,0,0,0,0,0,1,0,0,0,0,0,0,0,1
mid-atlantic,0,0,0,0,0,0,0,0,0,0,0,1,0,0,0,0,0,0,0,0,1
micasense red-edge,0,0,0,0,0,0,0,0,0,0,0,0,0,0,0,0,1,0,0,0,1
mey,0,0,0,0,0,0,0,0,0,0,0,0,0,0,0,0,1,0,0,0,1
mexican yew,0,0,0,0,1,0,0,0,0,0,0,0,0,0,0,0,0,0,0,0,1
mexican wolf,0,0,0,0,0,0,0,0,0,0,0,0,1,0,0,0,0,0,0,0,1
mexican tree species,0,0,0,0,0,0,0,0,0,0,0,0,1,0,0,0,0,0,0,0,1
mexican spotted owl,0,0,0,0,0,0,0,0,0,0,0,0,0,0,0,0,0,1,0,0,1
mexican small-eared shrew,0,0,0,0,0,0,0,0,0,0,0,0,0,0,0,0,0,0,0,1,1
mexican highlands,0,0,0,0,0,0,0,0,0,0,0,0,0,0,0,0,1,0,0,0,1
mexican avocado,0,0,0,0,0,0,0,0,0,0,0,1,0,0,0,0,0,0,0,0,1
metropolitan city of naples,0,0,0,0,0,0,0,0,0,0,0,0,0,0,0,1,0,0,0,0,1
method bias,0,0,0,0,0,0,0,0,0,0,0,1,0,0,0,0,0,0,0,0,1
method,0,0,0,0,0,0,0,0,1,0,0,0,0,0,0,0,0,0,0,0,1
methicillin-resistant staphylococcus aureus,0,0,0,0,0,0,0,0,0,0,0,0,0,0,0,0,0,0,1,0,1
metezgeriaceae,0,0,0,0,0,0,1,0,0,0,0,0,0,0,0,0,0,0,0,0,1
micrurus fulvius,0,0,0,0,0,0,0,0,0,0,0,0,1,0,0,0,0,0,0,0,1
mid-holocene,0,0,0,0,0,0,0,0,0,0,0,0,0,0,0,0,0,0,1,0,1
medicinal and aromatic plants,0,0,0,0,0,0,0,0,0,0,0,0,0,0,0,0,0,0,0,1,1
migratory threats,0,0,0,0,0,0,0,0,0,0,0,0,0,1,0,0,0,0,0,0,1
minimal predicted area (mpa),0,0,0,0,0,1,0,0,0,0,0,0,0,0,0,0,0,0,0,0,1
mineral licks,0,0,0,0,0,0,0,0,0,0,0,0,0,0,0,1,0,0,0,0,1
min mountain system,0,0,0,0,0,0,0,0,0,0,0,0,0,0,0,1,0,0,0,0,1
mimosa bimucronata,0,0,0,0,0,0,0,0,0,0,0,0,0,0,0,0,0,1,0,0,1
mima-like mound,0,0,0,0,0,0,0,0,0,0,1,0,0,0,0,0,0,0,0,0,1
mima mounds,0,0,0,0,0,0,0,0,0,0,0,1,0,0,0,0,0,0,0,0,1
miller's witch-alder,0,0,0,0,0,0,0,0,0,0,0,0,0,0,0,0,1,0,0,0,1
millepora alcicornis,0,0,0,0,0,0,0,0,0,0,0,0,0,0,0,1,0,0,0,0,1
milkweeds,0,0,0,0,0,0,0,0,0,0,0,0,1,0,0,0,0,0,0,0,1
milicia excelsa,0,0,0,0,0,0,0,0,0,0,0,0,0,0,0,1,0,0,0,0,1
mikrubi,0,0,0,0,0,0,0,0,0,0,0,0,0,0,0,0,0,1,0,0,1
mike she,0,0,0,0,0,0,0,0,0,0,0,1,0,0,0,0,0,0,0,0,1
mikania micrantha,0,0,0,0,0,0,0,0,0,0,0,1,0,0,0,0,0,0,0,0,1
migratory waterbirds,0,0,0,0,0,0,0,0,0,0,0,0,0,0,0,0,0,0,0,1,1
migratory species,0,0,0,0,0,0,1,0,0,0,0,0,0,0,0,0,0,0,0,0,1
mid-water bruvs,0,0,0,0,0,0,0,0,0,1,0,0,0,0,0,0,0,0,0,0,1
migratory insects,0,0,0,0,0,0,0,0,0,0,0,0,0,1,0,0,0,0,0,0,1
migratory connectivity,0,0,0,0,0,0,0,0,0,0,0,1,0,0,0,0,0,0,0,0,1
migratory beekeeping,0,0,0,0,0,0,0,0,0,0,0,0,0,0,0,0,0,1,0,0,1
migration scenarios,0,0,0,0,0,0,0,0,0,0,0,0,0,0,0,0,0,0,0,1,1
migration prediction,0,0,0,0,0,0,0,0,0,0,0,0,0,0,0,0,1,0,0,0,1
migration potential,0,0,0,0,0,0,0,0,0,0,0,0,0,0,0,0,0,0,1,0,1
migration pathways,0,0,0,0,0,0,0,0,0,0,0,0,0,0,0,0,0,0,0,1,1
migration ability,0,0,0,0,0,0,0,0,0,0,0,0,0,0,1,0,0,0,0,0,1
migrate,0,0,0,0,0,0,0,0,0,0,0,0,0,0,0,0,0,0,0,1,1
migonemyia migonei,0,0,0,0,0,0,0,0,0,0,0,0,0,0,0,0,1,0,0,0,1
migclim model,0,0,0,0,0,0,0,0,0,0,0,0,0,0,0,0,0,0,1,0,1
midwife toad,0,0,0,0,0,0,0,1,0,0,0,0,0,0,0,0,0,0,0,0,1
midges,0,0,0,0,0,0,0,0,0,0,0,0,0,0,0,1,0,0,0,0,1
middle east and north africa,0,0,0,0,0,0,0,0,0,0,0,0,0,0,0,0,0,0,0,1,1
meteorological factor,0,0,0,0,0,0,0,0,0,0,0,0,0,0,0,1,0,0,0,0,1
metcalfa pruinosa,0,0,0,0,0,0,0,0,0,0,0,0,0,1,0,0,0,0,0,0,1
metasequoia glyptostroboides hu & w. c. cheng,0,0,0,0,0,0,0,0,0,0,0,0,0,0,1,0,0,0,0,0,1
mediterranean rupiculous flora,0,0,0,0,0,0,0,0,0,0,0,0,0,0,0,0,0,0,1,0,1
megaselia scalaris,0,0,0,0,0,0,0,0,0,0,0,0,0,0,0,0,0,0,1,0,1
megarhyssa nortoni,0,0,0,0,0,0,0,0,0,0,0,0,0,1,0,0,0,0,0,0,1
megaptera novaeangliae,0,0,0,0,0,0,0,0,0,0,0,0,0,0,0,0,0,0,1,0,1
megapodius nicobariensis,0,0,0,0,0,0,0,0,0,0,0,0,0,0,0,0,0,0,0,1,1
megalobulimus,0,0,0,0,0,0,0,0,0,0,0,0,0,0,0,0,1,0,0,0,1
megaherb,0,0,0,0,0,0,0,0,0,0,0,0,0,0,0,0,1,0,0,0,1
megafossil plant,0,0,0,0,0,0,0,0,0,0,0,0,0,0,0,0,0,0,1,0,1
megafauna,0,0,0,0,0,0,0,0,0,0,0,0,0,0,0,1,0,0,0,0,1
megadyptes antipodes,0,0,0,0,0,0,0,0,0,0,0,0,0,0,0,0,1,0,0,0,1
megacopta cribraria,0,0,0,0,0,0,0,0,0,0,0,0,1,0,0,0,0,0,0,0,1
megabalanus coccopoma,0,0,0,0,0,0,0,0,0,0,1,0,0,0,0,0,0,0,0,0,1
mega-transect sampling,0,0,0,0,0,0,0,0,0,1,0,0,0,0,0,0,0,0,0,0,1
meehania,0,0,0,0,0,0,0,0,0,0,0,0,0,0,0,0,0,0,1,0,1
medium-sized cat,0,0,0,0,0,0,0,0,0,0,0,0,0,0,0,0,1,0,0,0,1
mediterranean rivers,0,0,0,0,0,1,0,0,0,0,0,0,0,0,0,0,0,0,0,0,1
metapopulation connectivity,0,0,0,0,0,0,0,0,0,0,0,0,0,0,0,1,0,0,0,0,1
mediterranean relict forests,0,0,0,0,0,0,0,0,0,0,0,0,1,0,0,0,0,0,0,0,1
mediterranean mountains,0,0,0,0,0,0,0,0,1,0,0,0,0,0,0,0,0,0,0,0,1
mediterranean mountain environments,0,0,0,0,0,0,0,0,0,0,0,0,1,0,0,0,0,0,0,0,1
mediterranean landscape,0,0,0,1,0,0,0,0,0,0,0,0,0,0,0,0,0,0,0,0,1
mediterranean island flora,0,0,0,0,0,0,0,0,0,0,0,0,1,0,0,0,0,0,0,0,1
mediterranean forests,0,0,0,0,0,0,0,0,0,0,1,0,0,0,0,0,0,0,0,0,1
mediterranean biome,0,0,0,0,0,0,0,0,0,0,0,0,0,0,0,0,0,0,0,1,1
mediterranean biodiversity,0,0,0,0,0,0,0,0,0,0,0,0,0,0,0,0,0,0,0,1,1
mediterranean area,0,0,0,0,0,0,0,0,0,0,0,0,0,0,0,0,0,0,1,0,1
medicinal species,0,0,0,0,0,0,0,0,0,0,0,0,0,0,0,0,0,0,1,0,1
medicinal quality,0,0,0,0,0,0,0,0,0,0,0,0,0,0,0,0,0,0,0,1,1
medicinal plant populations,0,0,0,0,0,0,0,0,1,0,0,0,0,0,0,0,0,0,0,0,1
medicinal orchids,0,0,0,0,0,0,0,0,0,0,0,0,0,0,0,0,0,0,1,0,1
medicinal fungus,0,0,0,0,0,0,0,0,0,0,0,0,0,1,0,0,0,0,0,0,1
melaleuca cajuputi,0,0,0,0,0,0,0,0,0,0,0,0,0,0,0,1,0,0,0,0,1
melanerpes carolinus,0,0,0,0,0,0,0,0,0,0,0,0,1,0,0,0,0,0,0,0,1
melastomataceae,0,0,0,0,0,0,0,0,0,0,0,0,0,0,0,1,0,0,0,0,1
meles meles,0,0,0,0,0,0,0,0,1,0,0,0,0,0,0,0,0,0,0,0,1
metadata,0,0,0,0,0,0,0,0,0,0,0,0,0,0,0,1,0,0,0,0,1
metabolic index,0,0,0,0,0,0,0,0,0,0,0,0,0,0,1,0,0,0,0,0,1
meta-replication,0,0,0,0,0,0,0,0,0,0,0,0,0,0,1,0,0,0,0,0,1
meta-analytic,0,0,0,0,0,0,0,0,0,0,0,0,0,0,0,0,0,0,1,0,1
messir plateau,0,0,0,0,0,0,0,0,0,0,0,0,0,0,0,0,0,1,0,0,1
mess/mod analysis,0,0,0,0,0,0,0,0,0,0,0,0,0,0,0,0,0,0,0,1,1
mess map,0,0,0,0,0,0,0,0,1,0,0,0,0,0,0,0,0,0,0,0,1
mesopredator,0,0,0,0,0,0,0,0,0,0,0,0,1,0,0,0,0,0,0,0,1
mesopotamia,0,0,0,0,0,0,0,0,1,0,0,0,0,0,0,0,0,0,0,0,1
mesophoticpopulations,0,0,0,0,0,0,0,0,0,0,0,0,0,0,0,0,1,0,0,0,1
mesophotic,0,0,0,0,0,0,0,0,0,0,0,1,0,0,0,0,0,0,0,0,1
mesoclemmys tuberculata,0,0,0,0,0,0,0,0,0,0,0,0,1,0,0,0,0,0,0,0,1
mesoamerican ferns,0,0,0,0,0,0,0,0,0,0,0,0,1,0,0,0,0,0,0,0,1
mesoamerican biological corridor,0,0,0,0,0,0,0,1,0,0,0,0,0,0,0,0,0,0,0,0,1
mesic areas,0,0,0,0,0,0,0,1,0,0,0,0,0,0,0,0,0,0,0,0,1
merraclim-2,0,0,0,0,0,0,0,0,0,0,0,0,0,0,0,0,0,0,1,0,1
merra-2,0,0,0,0,0,0,0,0,0,0,0,0,0,0,0,0,0,0,1,0,1
mergus squamatus,0,0,0,0,0,0,0,0,0,0,0,0,1,0,0,0,0,0,0,0,1
mergui archipelago,0,0,0,0,0,0,0,0,0,0,0,0,0,0,0,0,1,0,0,0,1
mergini,0,0,0,0,0,0,0,0,0,0,0,0,0,0,0,1,0,0,0,0,1
mer,0,0,0,0,0,0,0,0,0,0,0,0,0,0,0,0,1,0,0,0,1
mentha pulegium,0,0,0,0,0,0,0,0,0,0,0,0,0,0,0,0,1,0,0,0,1
menelik's bushbuck,0,0,0,0,0,0,0,0,0,0,0,0,0,0,0,0,0,0,0,1,1
melursus ursinus,0,0,0,0,0,0,0,0,0,0,0,0,0,0,0,1,0,0,0,0,1
melon thrips,0,0,0,0,0,0,0,0,0,0,0,0,0,1,0,0,0,0,0,0,1
meloidogyne enterolobii,0,0,0,0,0,0,0,0,0,0,0,0,0,0,0,0,0,1,0,0,1
melittidae,0,0,0,0,0,0,0,0,0,0,1,0,0,0,0,0,0,0,0,0,1
melipona,0,0,0,0,0,0,0,0,0,0,0,0,0,0,0,0,1,0,0,0,1
melilotus albus,0,0,0,0,0,0,0,0,1,0,0,0,0,0,0,0,0,0,0,0,1
malus landraces,0,0,0,0,0,0,0,0,0,0,0,0,0,0,0,0,0,0,1,0,1
malpighia mexicana,0,0,0,0,0,0,0,0,0,0,0,0,0,0,0,1,0,0,0,0,1
maloti-drakensberg,0,0,0,0,0,0,0,0,0,0,0,0,0,0,0,0,0,0,0,1,1
life history traits,0,0,0,0,0,0,0,0,0,0,0,0,0,0,0,1,0,0,0,0,1
limenitis populi,0,0,0,0,0,0,0,0,0,0,0,0,0,0,0,1,0,0,0,0,1
lily leaf beetle,0,0,0,0,0,0,0,0,0,0,0,0,0,0,1,0,0,0,0,0,1
lilium lancifolium,0,0,0,0,0,0,0,0,0,1,0,0,0,0,0,0,0,0,0,0,1
lilies,0,0,0,0,0,0,0,0,0,0,0,0,0,0,1,0,0,0,0,0,1
likely habitat distribution,0,0,0,0,0,0,0,0,0,0,0,0,0,0,0,0,1,0,0,0,1
ligustrum,0,0,0,0,0,0,0,0,0,0,0,0,0,0,0,0,0,0,0,1,1
ligusticopsis brachyloba (franch.) leute,0,0,0,0,0,0,0,0,0,0,0,0,0,0,0,0,0,0,0,1,1
ligurian sea,0,0,0,0,0,0,0,0,0,0,0,0,0,0,0,0,0,0,1,0,1
lighting,0,0,0,0,0,0,0,0,0,0,0,0,0,0,0,0,0,0,0,1,1
lightgbm,0,0,0,0,0,0,0,0,0,0,0,0,0,0,0,0,0,0,0,1,1
light sources,0,0,0,0,0,0,0,0,0,0,0,0,0,0,0,0,0,0,0,1,1
light source optimization,0,0,0,0,0,0,0,0,0,0,0,0,0,0,0,0,0,0,0,1,1
life-history traits,0,0,0,0,0,0,0,0,0,0,0,0,0,1,0,0,0,0,0,0,1
life stages,0,0,0,0,0,0,0,0,0,0,0,0,0,1,0,0,0,0,0,0,1
life form differentiation,0,0,0,0,0,0,0,0,0,0,0,0,0,0,0,0,0,0,0,1,1
limnodromus griseus hendersoni,0,0,0,0,0,0,0,0,0,0,0,0,0,0,0,0,0,0,0,1,1
life below water,0,0,0,0,0,0,0,0,0,0,0,0,0,0,0,0,0,0,0,1,1
lidar remote sensing,0,0,0,0,0,0,1,0,0,0,0,0,0,0,0,0,0,0,0,0,1
"lic (site of community importance, sci)",0,0,0,0,0,0,0,0,1,0,0,0,0,0,0,0,0,0,0,0,1
libya,0,0,0,0,0,0,1,0,0,0,0,0,0,0,0,0,0,0,0,0,1
lhb,0,0,0,0,0,0,0,0,0,0,0,0,0,0,0,1,0,0,0,0,1
leuser ecosystem,0,0,0,0,0,0,0,0,0,0,0,0,0,0,0,0,0,0,0,1,1
leucocytozoon,0,0,0,0,0,0,0,0,1,0,0,0,0,0,0,0,0,0,0,0,1
lethal temperature,0,0,0,0,0,0,0,0,0,0,0,0,0,0,0,0,0,1,0,0,1
lesser white-fronted goose,0,0,0,0,0,0,0,0,0,0,0,0,0,0,0,0,1,0,0,0,1
lesser khingan mountains,0,0,0,0,0,0,0,0,0,0,0,0,0,0,0,0,1,0,0,0,1
lesser horseshoe bat,0,0,0,0,0,0,0,0,0,0,0,0,0,0,1,0,0,0,0,0,1
lerwa lerwa,0,0,0,0,0,0,0,0,0,0,0,1,0,0,0,0,0,0,0,0,1
lepus europaeus,0,0,0,0,0,0,0,0,0,0,0,0,0,1,0,0,0,0,0,0,1
lepus capensis,0,0,0,0,0,0,0,0,0,0,0,0,0,0,0,0,0,0,1,0,1
limited distribution data,0,0,0,0,0,0,0,0,0,0,0,0,0,0,0,0,1,0,0,0,1
limodorum,0,0,0,0,0,0,0,0,0,0,0,0,0,0,0,0,0,0,1,0,1
malayan tapir,0,0,0,0,0,0,1,0,0,0,0,0,0,0,0,0,0,0,0,0,1
lionfish,0,0,0,0,0,0,0,0,0,0,1,0,0,0,0,0,0,0,0,0,1
little owl,0,0,0,0,0,0,0,0,0,0,0,0,0,0,0,0,0,1,0,0,1
litsea glutinosa,0,0,0,0,0,0,0,0,0,0,0,0,0,0,0,0,0,1,0,0,1
litsea cubeba,0,0,0,0,0,0,0,0,0,0,0,0,0,0,0,0,0,1,0,0,1
litsea auriculata,0,0,0,0,0,0,0,0,0,0,0,0,0,0,0,0,0,0,1,0,1
lithurgini,0,0,0,0,0,0,0,0,1,0,0,0,0,0,0,0,0,0,0,0,1
lithuanian waters area,0,0,0,0,0,0,1,0,0,0,0,0,0,0,0,0,0,0,0,0,1
lithobates chiricahuensis,0,0,0,0,0,0,0,0,0,0,0,1,0,0,0,0,0,0,0,0,1
lithobates catesbeianus,0,0,0,0,0,1,0,0,0,0,0,0,0,0,0,0,0,0,0,0,1
lissotriton,0,0,0,0,0,0,0,0,0,0,0,1,0,0,0,0,0,0,0,0,1
lisis de series temporales,0,0,0,0,0,0,0,0,0,0,0,0,0,0,0,0,0,0,0,1,1
liriodendron chinense,0,0,0,0,0,0,0,0,0,0,0,1,0,0,0,0,0,0,0,0,1
lippia turbinata,0,0,0,0,0,0,0,0,0,0,0,0,0,0,0,0,0,0,0,1,1
lippia javanica,0,0,0,0,0,0,0,0,0,0,0,0,0,0,0,0,0,0,1,0,1
lippia alba,0,0,0,0,0,0,0,0,0,0,0,0,0,0,0,0,0,0,0,1,1
lion,0,0,0,0,0,0,0,0,0,0,0,0,0,0,0,1,0,0,0,0,1
limosa limosa,0,0,0,0,0,0,0,0,0,0,0,0,0,0,0,0,1,0,0,0,1
liolaemidae,0,0,0,0,0,0,0,0,0,0,0,0,0,0,0,0,0,0,1,0,1
linkage mapper,0,0,0,0,0,0,0,0,0,0,0,0,0,0,0,0,1,0,0,0,1
linkage heterogenity,0,0,0,0,0,0,0,0,0,0,0,0,0,0,0,0,0,1,0,0,1
link function,0,0,0,0,0,0,0,0,0,0,0,0,0,1,0,0,0,0,0,0,1
lingonberry,0,0,0,0,0,0,0,0,0,0,0,0,0,0,0,0,0,1,0,0,1
ling,0,0,0,0,0,0,0,0,0,0,0,0,0,0,0,0,0,0,1,0,1
linepithema humile,0,0,0,1,0,0,0,0,0,0,0,0,0,0,0,0,0,0,0,0,1
linear regression model,0,0,0,0,0,0,0,0,0,0,0,0,0,0,0,0,1,0,0,0,1
linear models,0,0,0,0,0,0,0,0,1,0,0,0,0,0,0,0,0,0,0,0,1
linear mixed models,0,0,0,0,0,0,0,0,0,0,0,0,0,0,0,1,0,0,0,0,1
linaria vulgaris,0,0,0,0,0,0,0,0,0,0,0,0,0,1,0,0,0,0,0,0,1
linaria nigricans,0,0,0,1,0,0,0,0,0,0,0,0,0,0,0,0,0,0,0,0,1
linaria dalmatica,0,0,0,0,0,0,0,0,0,0,0,0,0,1,0,0,0,0,0,0,1
limpopo,0,0,0,0,0,0,0,0,0,0,0,0,0,0,0,0,0,0,1,0,1
leptospira,0,0,0,0,0,0,0,0,0,0,0,0,0,1,0,0,0,0,0,0,1
leptodactylus fragilis,0,0,0,0,0,0,0,0,0,0,0,0,0,0,0,1,0,0,0,0,1
lepisosteidae,0,0,0,0,0,0,0,0,0,0,0,0,0,0,0,1,0,0,0,0,1
larval food plants,0,0,0,0,0,0,0,0,0,0,0,0,0,1,0,0,0,0,0,0,1
laticauda,0,0,0,0,0,0,0,0,0,0,0,0,0,0,1,0,0,0,0,0,1
lateral connectivity,0,0,0,0,0,0,0,0,0,0,0,0,0,0,0,1,0,0,0,0,1
latent distance,0,0,0,0,0,0,0,0,0,0,0,0,0,0,0,0,0,0,1,0,1
late-dry season fire,0,0,0,0,0,0,1,0,0,0,0,0,0,0,0,0,0,0,0,0,1
late neogene uplift,0,0,0,0,0,0,1,0,0,0,0,0,0,0,0,0,0,0,0,0,1
lasta,0,0,0,0,0,0,0,0,0,0,0,0,0,0,0,0,1,0,0,0,1
last interglacial period,0,0,0,0,0,0,0,0,0,0,0,0,0,0,0,0,0,0,1,0,1
last glacialmaximum,0,0,0,0,0,0,0,0,0,0,0,1,0,0,0,0,0,0,0,0,1
last glacial maximum,0,0,0,0,0,0,0,0,0,0,0,0,0,0,0,0,1,0,0,0,1
lasso regularization,0,0,0,0,0,0,0,0,0,0,0,0,0,1,0,0,0,0,0,0,1
lasso penalty,0,0,0,0,0,0,0,0,0,0,0,0,0,0,0,0,0,1,0,0,1
lasso,0,0,0,0,0,0,0,0,0,0,0,0,0,0,1,0,0,0,0,0,1
lassa fever,0,0,0,0,0,0,0,0,0,0,0,0,0,0,0,0,0,0,0,1,1
lasiurus seminolus,0,0,0,0,0,0,0,0,0,0,0,0,0,0,0,1,0,0,0,0,1
larval fish,0,0,0,0,0,0,0,0,0,0,0,0,0,0,0,0,0,1,0,0,1
leopardus pardalis,0,0,0,0,0,0,0,0,0,0,0,0,0,0,0,0,1,0,0,0,1
larval dispersal,0,0,0,0,0,0,0,1,0,0,0,0,0,0,0,0,0,0,0,0,1
larvae drift,0,0,0,0,0,0,0,1,0,0,0,0,0,0,0,0,0,0,0,0,1
larvae,0,0,0,0,0,0,0,0,0,0,0,1,0,0,0,0,0,0,0,0,1
larroussius subgenus,0,0,0,0,0,0,0,0,0,0,0,0,1,0,0,0,0,0,0,0,1
larroussius species,0,0,0,0,0,0,0,0,0,0,0,0,0,0,1,0,0,0,0,0,1
larkspur,0,0,0,0,0,0,0,0,0,0,0,0,0,0,0,1,0,0,0,0,1
larger grain borer,0,0,0,0,0,0,0,0,0,0,0,0,0,0,0,0,0,0,0,1,1
larger benthic foraminifera,0,0,0,0,0,0,0,0,0,0,0,0,0,0,0,0,0,1,0,0,1
large-scale survey,0,0,0,0,0,0,0,0,0,0,0,0,0,0,1,0,0,0,0,0,1
large-area mapping,0,0,0,0,0,0,0,0,0,0,0,0,0,0,0,0,0,1,0,0,1
large scale,0,0,0,0,0,0,0,0,0,0,0,0,0,0,1,0,0,0,0,0,1
large rivers,0,0,0,0,0,0,0,0,0,0,0,0,0,0,0,0,0,0,1,0,1
large marine predators,0,0,0,0,0,0,0,0,0,0,0,0,0,0,0,0,0,1,0,0,1
large mammals,0,0,0,0,0,0,0,0,0,0,0,0,0,0,0,0,0,0,1,0,1
latimeria chalumnae,0,0,0,0,0,0,1,0,0,0,0,0,0,0,0,0,0,0,0,0,1
latimeria menadoensis,0,0,0,0,0,0,1,0,0,0,0,0,0,0,0,0,0,0,0,0,1
latitudinal adjustment,0,0,0,0,0,0,0,0,0,0,0,0,0,0,0,0,1,0,0,0,1
latitudinal species gradient,0,0,0,0,0,0,0,0,0,0,0,1,0,0,0,0,0,0,0,0,1
leopardus guigna,0,0,0,0,0,0,0,0,0,1,0,0,0,0,0,0,0,0,0,0,1
leopard abundance,0,0,0,0,0,0,0,0,0,0,0,0,0,0,0,0,0,0,1,0,1
lentil,0,0,0,0,0,0,0,0,0,0,0,0,0,0,0,0,0,1,0,0,1
lens,0,0,0,0,0,0,0,0,0,0,0,0,0,0,0,0,0,1,0,0,1
lemmus lemmus,0,0,0,0,0,0,1,0,0,0,0,0,0,0,0,0,0,0,0,0,1
lemmings,0,0,0,0,0,0,0,0,0,1,0,0,0,0,0,0,0,0,0,0,1
lek,0,0,0,0,0,0,0,1,0,0,0,0,0,0,0,0,0,0,0,0,1
leishmania major,0,0,0,0,0,0,0,0,0,0,0,0,1,0,0,0,0,0,0,0,1
leiodidae,0,0,0,1,0,0,0,0,0,0,0,0,0,0,0,0,0,0,0,0,1
leguminous tree,0,0,0,0,0,0,0,0,0,0,0,0,0,0,0,0,0,1,0,0,1
legumes,0,0,0,0,0,0,0,0,0,0,0,0,0,0,0,1,0,0,0,0,1
legume pest,0,0,0,0,0,0,0,0,0,0,0,0,0,0,0,0,0,0,0,1,1
legume palatable species,0,0,0,0,0,0,0,0,0,0,0,0,0,0,0,0,0,0,1,0,1
lefua echigonia,0,0,0,0,0,0,0,0,0,0,0,0,0,0,0,1,0,0,0,0,1
leeward slope,0,0,0,0,0,0,0,0,0,0,0,0,0,0,0,1,0,0,0,0,1
lectotype,0,0,0,0,0,0,0,0,0,0,0,0,0,0,0,0,0,0,0,1,1
lecanosticta acicola,0,0,0,0,0,0,0,0,0,0,0,0,0,0,0,0,0,0,0,1,1
least-cost corridors,0,0,0,0,0,0,0,0,1,0,0,0,0,0,0,0,0,0,0,0,1
least cost paths,0,0,0,0,0,0,0,0,0,0,1,0,0,0,0,0,0,0,0,0,1
least cost path method,0,0,0,0,0,0,0,0,0,0,0,0,0,1,0,0,0,0,0,0,1
least cost distance,0,0,0,0,0,0,0,0,0,0,0,0,0,0,0,0,0,0,1,0,1
leaf-feeding pest,0,0,0,0,0,0,0,0,0,0,0,0,0,0,0,0,0,0,1,0,1
leadbeater's possum,0,0,0,0,0,0,0,0,0,0,0,0,0,0,0,0,1,0,0,0,1
lead,0,0,0,0,0,0,0,0,0,0,0,0,0,1,0,0,0,0,0,0,1
lda,0,1,0,0,0,0,0,0,0,0,0,0,0,0,0,0,0,0,0,0,1
lbam,0,0,0,0,0,1,0,0,0,0,0,0,0,0,0,0,0,0,0,0,1
layering,0,0,0,0,0,0,0,0,0,0,0,0,0,0,0,1,0,0,0,0,1
laurentian great lakes,0,0,0,0,0,0,0,0,0,0,0,0,0,0,0,0,0,0,1,0,1
laurel forest,0,0,0,0,0,0,0,0,0,0,0,0,0,0,1,0,0,0,0,0,1
littoral rainforests,0,0,0,0,1,0,0,0,0,0,0,0,0,0,0,0,0,0,0,0,1
liver fluke,0,0,0,0,0,0,0,0,0,0,0,0,0,0,0,0,0,0,1,0,1
livestock distribution,0,0,0,0,0,0,0,0,0,0,0,0,0,1,0,0,0,0,0,0,1
lyciasalamandra,0,0,0,0,0,1,0,0,0,0,0,0,0,0,0,0,0,0,0,0,1
macaronesia,0,0,0,0,0,0,0,0,0,0,0,0,0,0,0,0,1,0,0,0,1
macaca munzala,0,0,0,0,0,0,0,0,0,0,0,1,0,0,0,0,0,0,0,0,1
m,0,0,0,0,0,0,0,0,0,0,0,0,0,0,0,1,0,0,0,0,1
lyrurus mlokosiewiczi,0,0,0,0,0,0,0,0,0,0,0,0,0,1,0,0,0,0,0,0,1
lynx pardinus,0,0,0,0,0,0,0,0,0,0,0,0,0,0,1,0,0,0,0,0,1
lynx lynx,0,0,0,0,0,0,0,0,0,0,0,0,0,0,0,0,0,1,0,0,1
lymphatic filariasis,0,0,0,0,0,0,0,0,0,0,0,0,0,0,0,1,0,0,0,0,1
lymnaeids,0,0,0,0,0,0,0,0,0,0,0,0,0,0,0,0,0,0,0,1,1
lymantriidae,0,0,0,0,0,0,0,0,0,0,0,0,0,0,0,0,0,0,1,0,1
lymantria dispar,0,0,0,0,0,0,0,0,0,0,0,0,0,0,0,0,0,0,1,0,1
lygus pratensis,0,0,0,0,0,0,0,1,0,0,0,0,0,0,0,0,0,0,0,0,1
lygodium japonicum,0,0,0,0,0,0,0,0,0,0,0,0,0,0,0,0,0,0,0,1,1
lycorma delicatula,0,0,0,0,0,0,0,0,0,0,0,0,0,0,0,0,0,0,1,0,1
lycopodiaceae,0,0,0,0,0,0,0,0,0,1,0,0,0,0,0,0,0,0,0,0,1
lychnothamnus barbatus,0,0,0,0,0,0,0,0,0,0,0,0,0,0,0,0,1,0,0,0,1
lucanus cervus,0,0,0,0,0,0,0,0,0,0,0,0,0,0,1,0,0,0,0,0,1
lycalopex fulvipes,0,0,0,0,0,0,0,0,0,0,0,0,1,0,0,0,0,0,0,0,1
lycalopex culpaeus,0,0,0,0,0,0,0,0,0,1,0,0,0,0,0,0,0,0,0,0,1
lycaena dispar,0,0,0,0,0,0,0,1,0,0,0,0,0,0,0,0,0,0,0,0,1
lycaeides melissa samuelis,0,0,0,0,0,0,0,0,0,0,1,0,0,0,0,0,0,0,0,0,1
lutzomyia peruensis,0,0,0,0,0,0,0,0,0,0,0,1,0,0,0,0,0,0,0,0,1
lutzomyia evansi,0,0,0,0,0,0,0,0,1,0,0,0,0,0,0,0,0,0,0,0,1
lutzomyia cruzi,0,0,0,0,0,0,0,0,0,0,0,1,0,0,0,0,0,0,0,0,1
lutzomyia (n.) whitmani,0,0,0,0,0,0,0,0,0,0,0,0,1,0,0,0,0,0,0,0,1
lutra lutra,0,0,0,0,0,0,0,0,0,0,0,0,0,0,0,0,1,0,0,0,1
lutjanidae,0,0,0,0,0,0,0,0,0,0,0,0,0,0,0,0,1,0,0,0,1
luscinia ruficeps,0,0,0,0,0,0,0,0,0,0,0,1,0,0,0,0,0,0,0,0,1
luquillo experimental forest,0,0,1,0,0,0,0,0,0,0,0,0,0,0,0,0,0,0,0,0,1
lumbricidae,0,0,0,0,0,0,0,0,0,0,0,0,0,0,0,0,0,0,1,0,1
ludwigia grandiflora,0,0,0,0,0,0,0,1,0,0,0,0,0,0,0,0,0,0,0,0,1
macaronesian islands,0,0,1,0,0,0,0,0,0,0,0,0,0,0,0,0,0,0,0,0,1
machilis pallida,0,0,0,0,0,0,1,0,0,0,0,0,0,0,0,0,0,0,0,0,1
machine learning and classification,0,0,0,0,0,0,0,0,0,0,0,0,0,0,0,0,0,0,0,1,1
machine learning model,0,0,0,0,0,0,0,0,0,0,0,0,0,0,0,0,0,0,1,0,1
malayan gaur,0,0,0,0,0,0,0,0,0,0,0,0,0,0,0,1,0,0,0,0,1
malaria prevalence,0,0,0,0,0,0,0,0,0,0,0,0,0,1,0,0,0,0,0,0,1
malaga,0,0,0,0,0,1,0,0,0,0,0,0,0,0,0,0,0,0,0,0,1
mal lines,0,0,0,0,0,0,0,0,1,0,0,0,0,0,0,0,0,0,0,0,1
major biomes of ethiopia,0,0,0,0,0,0,0,0,0,0,0,0,0,0,0,0,0,0,1,0,1
mahogany glider,0,0,0,0,0,0,0,0,0,0,0,0,0,0,0,0,0,1,0,0,1
mahogany,0,0,0,0,0,0,0,0,0,0,0,0,0,0,1,0,0,0,0,0,1
mahalanobis distances factor analysis,0,0,0,0,0,0,0,0,0,0,0,0,0,0,0,1,0,0,0,0,1
mahalanobis d-2 models,0,0,0,0,0,0,0,1,0,0,0,0,0,0,0,0,0,0,0,0,1
mahalanobis d-2,0,0,0,0,0,0,0,0,0,1,0,0,0,0,0,0,0,0,0,0,1
magnolia sieboldii,0,0,0,0,0,0,0,0,0,0,0,0,0,0,0,1,0,0,0,0,1
maerl,0,0,0,0,0,0,0,0,0,0,0,0,0,0,1,0,0,0,0,0,1
madeira mealybug,0,0,0,0,0,0,0,0,0,0,0,0,0,1,0,0,0,0,0,0,1
madagascar protected areas,0,0,0,0,0,0,0,0,0,0,0,0,0,0,1,0,0,0,0,0,1
madagascar endemic trees,0,0,0,0,0,0,0,0,0,0,0,0,0,0,1,0,0,0,0,0,1
macrotidal embayment,0,0,0,0,0,0,0,0,0,0,0,0,0,0,0,0,0,0,0,1,1
macrothele calpeiana,0,0,0,0,0,1,0,0,0,0,0,0,0,0,0,0,0,0,0,0,1
macroscale variables,0,0,0,0,0,0,0,0,1,0,0,0,0,0,0,0,0,0,0,0,1
macropropagation,0,0,0,0,0,0,0,0,0,0,0,1,0,0,0,0,0,0,0,0,1
macrophthalmus japonicus,0,0,0,0,0,0,0,0,0,0,0,0,0,0,0,0,0,0,0,1,1
macrophthalmus banzai,0,0,0,0,0,0,0,0,0,0,0,0,0,0,0,0,0,0,0,1,1
macrofauna traits,0,0,0,0,0,0,0,0,0,0,0,0,0,0,1,0,0,0,0,0,1
macroecological patterns,0,0,0,0,0,0,0,0,0,1,0,0,0,0,0,0,0,0,0,0,1
macroecological inferences,0,0,0,0,0,0,0,0,0,0,1,0,0,0,0,0,0,0,0,0,1
macroclimatic environment,0,0,0,0,0,1,0,0,0,0,0,0,0,0,0,0,0,0,0,0,1
macrocephalon maleo,0,0,0,0,0,0,0,0,0,0,0,0,0,0,0,0,0,0,1,0,1
macro- and microrefugia,0,0,0,0,0,0,0,0,0,0,0,0,0,0,0,0,0,0,0,1,1
macro habitat variables,0,0,0,0,0,0,0,0,0,0,1,0,0,0,0,0,0,0,0,0,1
macro fossil,0,0,0,0,0,0,0,0,0,0,0,0,0,0,0,1,0,0,0,0,1
lucilia sericata,0,0,0,0,0,1,0,0,0,0,0,0,0,0,0,0,0,0,0,0,1
lu. longipalpis sensu lato,0,0,0,0,0,0,0,0,0,0,0,0,0,0,0,0,0,0,0,1,1
livestock industry,0,0,0,0,0,0,0,0,0,0,0,0,0,0,0,0,1,0,0,0,1
locational error,0,0,0,0,0,0,0,0,0,0,0,1,0,0,0,0,0,0,0,0,1
long horned beetle,0,0,0,0,0,0,0,0,0,0,0,0,0,0,0,1,0,0,0,0,1
lone star tick,0,0,0,0,0,0,0,0,0,0,1,0,0,0,0,0,0,0,0,0,1
lonchura,0,0,0,0,0,0,0,0,0,1,0,0,0,0,0,0,0,0,0,0,1
lonchocarpus sericeus,0,0,0,0,0,0,0,0,0,0,0,1,0,0,0,0,0,0,0,0,1
loma vegetation,0,0,0,0,0,0,0,0,0,0,0,0,0,0,0,0,1,0,0,0,1
lolium temulentum,0,0,0,0,0,0,0,0,0,0,0,0,0,0,0,0,1,0,0,0,1
loiasis,0,0,0,0,0,0,0,0,0,0,0,0,0,1,0,0,0,0,0,0,1
logwood,0,0,0,0,0,0,0,0,0,0,0,0,0,0,0,0,0,0,0,1,1
logistic regression model,0,0,0,0,0,0,1,0,0,0,0,0,0,0,0,0,0,0,0,0,1
lodgepole pine,0,0,0,0,0,0,0,1,0,0,0,0,0,0,0,0,0,0,0,0,1
locust digitate leafminer,0,0,0,0,0,0,0,0,0,0,0,0,0,0,0,0,1,0,0,0,1
locust,0,0,0,0,0,0,0,1,0,0,0,0,0,0,0,0,0,0,0,0,1
locoweed,0,0,0,0,0,0,0,0,0,0,0,0,0,0,0,0,1,0,0,0,1
locked pastures,0,0,0,0,0,0,0,0,0,0,0,0,0,0,0,0,1,0,0,0,1
location-only,0,0,0,0,0,0,0,1,0,0,0,0,0,0,0,0,0,0,0,0,1
ltimo per & iacute,0,0,0,0,0,0,0,0,0,0,0,0,0,0,0,0,0,0,1,0,1
local population,0,0,0,0,0,0,0,0,0,0,0,0,0,1,0,0,0,0,0,0,1
local endemic,0,0,0,0,0,0,0,0,1,0,0,0,0,0,0,0,0,0,0,0,1
local disturbances,0,0,0,0,0,0,0,0,0,0,0,1,0,0,0,0,0,0,0,0,1
local climate data,0,0,0,0,0,0,0,0,0,0,0,0,0,0,0,0,0,0,0,1,1
lobo de crin,0,0,0,0,0,0,0,0,0,0,0,0,0,0,0,0,0,0,1,0,1
lobaria pulmonaria,0,0,0,0,0,0,0,0,0,0,0,0,0,0,0,0,0,0,1,0,1
lobag-oc,0,0,0,0,0,0,0,0,1,0,0,0,0,0,0,0,0,0,0,0,1
lobag,0,0,0,0,0,0,0,0,1,0,0,0,0,0,0,0,0,0,0,0,1
loa loa,0,0,0,0,0,0,0,0,0,0,0,0,0,1,0,0,0,0,0,0,1
living condition evaluation,0,0,0,0,0,0,0,0,0,0,0,0,0,0,0,0,0,0,1,0,1
living burrows,0,0,0,0,0,0,0,0,0,0,0,0,0,0,0,0,0,0,1,0,1
livestock predation,0,0,0,0,0,0,0,0,0,0,0,0,0,0,0,0,0,0,1,0,1
livestock population,0,0,0,0,0,0,0,0,0,0,0,0,0,0,0,0,0,0,1,0,1
livestock poisoning control and prevention,0,0,0,0,0,0,0,0,0,0,0,0,0,0,0,0,1,0,0,0,1
long nosed potoroo,0,0,0,0,0,0,0,0,0,0,0,0,0,0,0,0,0,0,0,1,1
long short-term memory model,0,0,0,0,0,0,0,0,0,0,0,0,0,0,0,0,0,0,1,0,1
long term monitoring,0,0,0,0,1,0,0,0,0,0,0,0,0,0,0,0,0,0,0,0,1
long-distance dispersal,0,0,0,0,0,0,0,0,0,0,0,0,0,1,0,0,0,0,0,0,1
ltimo m & aacute,0,0,0,0,0,0,0,0,0,0,0,0,0,0,0,0,0,0,1,0,1
lrt,0,0,0,0,0,0,1,0,0,0,0,0,0,0,0,0,0,0,0,0,1
loxothysanus,0,0,0,0,0,0,0,0,0,1,0,0,0,0,0,0,0,0,0,0,1
lowland biotic attrition,0,0,0,0,0,0,0,0,0,0,0,0,0,0,0,0,0,0,1,0,1
lowland,0,0,0,0,0,0,0,0,0,0,0,0,0,0,0,0,0,0,1,0,1
lower trophic level,0,0,0,0,0,0,0,0,0,0,0,0,0,0,0,1,0,0,0,0,1
low-flow,0,0,0,0,0,0,0,0,0,0,0,0,0,0,0,0,0,0,0,1,1
low-copy nuclear gene,0,0,0,0,0,0,0,0,0,0,0,0,0,0,0,1,0,0,0,0,1
low dispersal,0,0,0,0,0,0,0,0,1,0,0,0,0,0,0,0,0,0,0,0,1
low detectability,0,0,0,0,0,0,0,0,0,0,0,0,0,1,0,0,0,0,0,0,1
louiseania ulmifolia,0,0,0,0,0,0,0,0,0,0,0,0,0,0,0,0,0,0,0,1,1
lotic environment,0,0,0,0,0,0,0,0,0,0,0,0,0,0,0,0,0,0,0,1,1
lotic,0,0,0,0,0,0,0,0,0,0,0,0,0,0,0,0,0,0,1,0,1
lorisidae,0,0,0,1,0,0,0,0,0,0,0,0,0,0,0,0,0,0,0,0,1
loris tardigradus tardigradus,0,0,0,0,0,0,0,0,0,1,0,0,0,0,0,0,0,0,0,0,1
loricariidae,0,0,0,0,0,0,0,0,0,0,0,0,0,0,0,0,0,0,1,0,1
lord howe island,0,0,0,0,0,0,0,0,0,0,0,0,0,0,0,1,0,0,0,0,1
lord howe currawong,0,0,0,0,0,0,0,0,0,0,0,0,0,0,0,1,0,0,0,0,1
lontra canadensis,0,0,0,0,0,0,0,0,0,0,0,0,0,0,0,0,0,0,0,1,1
lonicera oblata,0,0,0,0,0,0,0,0,0,0,0,0,0,0,0,1,0,0,0,0,1
lonicera japonica,0,0,0,0,0,0,1,0,0,0,0,0,0,0,0,0,0,0,0,0,1
longitude,0,0,0,0,0,0,0,0,0,1,0,0,0,0,0,0,0,0,0,0,1
longhorn crazy ant,0,0,0,0,0,0,0,0,0,0,0,0,0,0,0,1,0,0,0,0,1
long-toed salamander (ambystoma macrodactylum),0,0,0,0,0,0,0,0,0,0,0,0,0,0,0,0,0,0,1,0,1
long-term changes,0,0,0,0,0,0,0,0,0,0,0,0,0,0,0,0,0,0,1,0,1
long-term analyses,0,0,0,0,0,0,0,0,0,0,0,0,0,0,1,0,0,0,0,0,1
long-tailed mole,0,0,0,0,0,0,0,0,0,0,0,0,0,1,0,0,0,0,0,0,1
long-lasting insecticidal nets,0,0,0,0,0,0,0,0,0,0,0,0,0,0,0,0,0,0,0,1,1
long-finned pilot whales,0,0,0,0,0,0,0,0,0,0,0,0,0,0,0,0,0,0,1,0,1
himalayan musk deer,0,0,0,0,0,0,0,0,0,0,0,0,1,0,0,0,0,0,0,0,1
himalayan marmot,0,0,0,0,0,0,0,0,0,0,0,0,0,0,0,0,1,0,0,0,1
ecological network,0,0,0,0,0,0,0,0,0,0,0,0,0,0,0,0,0,0,1,0,1
extreme drought,0,0,0,0,0,0,0,0,0,0,0,0,0,0,0,0,1,0,0,0,1
faecal dna,0,0,0,0,0,0,0,0,0,0,0,0,0,0,0,0,0,1,0,0,1
facultative paedomorphosis,0,0,0,0,0,0,0,0,0,1,0,0,0,0,0,0,0,0,0,0,1
facultative,0,0,0,0,0,0,0,0,0,0,0,0,0,0,0,0,0,0,1,0,1
factorbiasout,0,0,0,0,0,0,0,0,0,0,0,0,0,0,0,1,0,0,0,0,1
faberi,0,0,0,0,0,0,0,0,0,0,0,0,0,0,0,1,0,0,0,0,1
f. altissima,0,0,0,0,0,0,0,0,0,0,0,0,0,0,0,0,0,0,0,1,1
f measure,0,0,0,0,0,0,0,0,0,0,1,0,0,0,0,0,0,0,0,0,1
f,0,0,0,0,0,0,0,0,0,0,0,0,0,0,0,1,0,0,0,0,1
eyrei,0,0,0,0,0,0,0,0,0,0,0,0,0,0,0,1,0,0,0,0,1
eye disease,0,0,0,0,0,0,0,0,0,0,0,0,0,0,0,0,0,0,0,1,1
extreme weather events,0,0,0,0,0,0,0,0,0,0,0,0,0,0,0,0,0,0,1,0,1
extreme flow,0,0,0,0,0,0,0,0,0,0,0,0,0,0,0,0,0,0,0,1,1
extreme event,0,0,0,0,0,0,0,0,0,0,0,0,0,0,0,0,0,0,0,1,1
extreme drought event,0,0,0,0,0,0,0,0,0,0,0,1,0,0,0,0,0,0,0,0,1
extremadura,0,0,0,0,0,0,0,0,0,0,1,0,0,0,0,0,0,0,0,0,1
faidherbia albida,0,0,0,0,0,0,0,0,0,0,0,0,0,0,0,0,0,0,1,0,1
extrapolation risks,0,0,0,0,0,0,0,0,0,0,0,0,0,1,0,0,0,0,0,0,1
extirpation,0,0,0,0,0,0,0,0,0,0,0,1,0,0,0,0,0,0,0,0,1
extinction vortex,0,0,0,0,0,0,0,0,0,0,0,0,0,0,0,0,1,0,0,0,1
extinction through hybridization,0,0,0,0,0,0,0,0,1,0,0,0,0,0,0,0,0,0,0,0,1
extinction at the trailing edge,0,0,0,0,0,0,0,0,0,0,0,0,0,0,0,0,0,0,1,0,1
extinction and colonization zones,0,0,0,0,0,0,0,0,0,0,0,0,0,0,0,0,0,0,0,1,1
extent size,0,0,0,0,0,0,0,0,0,0,1,0,0,0,0,0,0,0,0,0,1
extent,0,0,0,0,0,0,0,0,0,0,1,0,0,0,0,0,0,0,0,0,1
exposure to extreme heat,0,0,0,0,0,0,0,0,0,0,0,0,0,0,0,1,0,0,0,0,1
exposure index,0,0,0,0,0,0,0,0,0,0,0,0,0,0,1,0,0,0,0,0,1
exposure fishing activity,0,0,0,0,0,0,0,0,0,0,1,0,0,0,0,0,0,0,0,0,1
exposed urban population,0,0,0,0,0,0,0,0,0,0,0,0,0,0,0,0,1,0,0,0,1
exploratory factor analysis,0,0,0,0,0,0,0,0,0,0,0,0,0,0,0,0,0,0,1,0,1
explainable machine learning,0,0,0,0,0,0,0,0,0,0,0,0,0,0,0,0,0,0,1,0,1
fagita lekoma,0,0,0,0,0,0,0,0,0,0,0,0,0,0,0,0,0,0,1,0,1
faja volcanica transmexicana,0,0,0,0,0,0,0,0,0,0,0,0,0,0,1,0,0,0,0,0,1
feces,0,0,0,0,0,0,0,0,0,0,0,1,0,0,0,0,0,0,0,0,1
fars province,0,0,0,0,0,0,0,0,0,0,0,0,0,0,0,0,0,0,0,1,1
feature fusion,0,0,0,0,0,0,0,0,0,0,0,0,0,0,0,0,1,0,0,0,1
feature extraction,0,0,0,0,0,0,0,0,0,0,0,0,0,0,1,0,0,0,0,0,1
feature combination,0,0,0,0,0,0,0,0,0,0,0,0,0,0,0,1,0,0,0,0,1
feature class,0,0,0,0,0,0,0,1,0,0,0,0,0,0,0,0,0,0,0,0,1
feathers,0,0,0,0,0,0,0,0,0,0,0,1,0,0,0,0,0,0,0,0,1
feasibility,0,0,0,0,0,0,0,0,0,0,1,0,0,0,0,0,0,0,0,0,1
fda,0,0,0,0,0,0,0,0,0,0,0,0,0,1,0,0,0,0,0,0,1
favourable area,0,0,0,0,0,0,0,0,0,0,0,1,0,0,0,0,0,0,0,0,1
favourability function model,0,0,0,0,0,0,0,0,0,0,1,0,0,0,0,0,0,0,0,0,1
fauna,0,0,0,0,0,0,0,0,0,0,0,0,0,0,0,0,0,0,1,0,1
fat dormouse,0,0,0,0,0,0,0,0,0,0,1,0,0,0,0,0,0,0,0,0,1
fasciolosis,0,0,0,0,0,0,0,0,0,0,0,0,0,0,0,0,0,0,0,1,1
fascioloides magna,0,0,0,0,0,0,0,0,0,0,0,0,0,1,0,0,0,0,0,0,1
fasciola,0,0,0,0,0,0,0,0,0,0,0,0,0,0,0,0,0,0,1,0,1
farmland biodiversity conservation,0,0,0,0,0,0,0,0,0,0,0,0,0,0,0,0,0,0,1,0,1
falco biarmicus tanypterus,0,0,0,0,0,0,0,0,0,0,0,0,0,0,0,0,1,0,0,0,1
farmer led-irrigation,0,0,0,0,0,0,0,0,0,0,0,0,0,0,0,0,1,0,0,0,1
farm animal species,0,0,0,0,0,0,0,0,0,0,0,0,0,0,0,0,1,0,0,0,1
fargesii,0,0,0,0,0,0,0,0,0,0,0,0,0,0,0,1,0,0,0,0,1
family level,0,0,0,0,0,0,0,0,0,0,0,0,0,0,0,0,0,0,1,0,1
false rarity,0,0,0,0,0,0,0,0,0,0,0,1,0,0,0,0,0,0,0,0,1
false positives,0,0,0,0,0,0,0,0,0,0,0,0,0,0,0,0,0,0,1,0,1
false positive error,0,0,0,0,0,0,0,0,0,1,0,0,0,0,0,0,0,0,0,0,1
fallopia taxa,0,0,0,0,0,0,0,0,0,0,0,0,0,0,0,0,1,0,0,0,1
fallopia japonica (polygonum cuspidatum) complex,0,0,0,0,0,0,0,0,1,0,0,0,0,0,0,0,0,0,0,0,1
fallicambarus harpi,0,0,0,0,0,0,0,0,0,0,0,1,0,0,0,0,0,0,0,0,1
fall armyworm,0,0,0,0,0,0,0,0,0,0,0,0,0,0,0,0,0,0,0,1,1
falkland islands/islas malvinas,0,0,0,0,0,0,0,1,0,0,0,0,0,0,0,0,0,0,0,0,1
falco vespertinus,0,0,0,0,0,0,1,0,0,0,0,0,0,0,0,0,0,0,0,0,1
falco jugger,0,0,0,0,0,0,0,0,0,0,0,0,0,0,1,0,0,0,0,0,1
explainability,0,0,0,0,0,0,0,0,0,0,0,0,0,0,0,0,0,0,0,1,1
expert maps,0,0,0,0,0,0,0,0,0,0,0,0,1,0,0,0,0,0,0,0,1
experimental design,0,0,0,0,0,0,0,0,1,0,0,0,0,0,0,0,0,0,0,0,1
euphonia affinis,0,0,0,0,0,0,0,0,0,0,0,0,0,0,1,0,0,0,0,0,1
european beech (fagus sylvatica),0,0,0,0,0,0,0,0,0,0,0,1,0,0,0,0,0,0,0,0,1
european badger,0,0,0,0,0,0,0,0,0,0,0,0,0,0,0,0,0,0,0,1,1
european alps,0,0,0,0,0,0,0,0,0,0,0,0,0,0,0,0,0,0,0,1,1
eurasian tree sparrows,0,0,0,0,0,1,0,0,0,0,0,0,0,0,0,0,0,0,0,0,1
eurasian pygmy owl,0,0,0,0,0,0,0,0,0,0,0,0,0,0,0,0,1,0,0,0,1
eurasian griffon,0,0,0,0,0,0,0,0,0,0,0,0,0,0,0,0,0,0,0,1,1
eurasian golden oriole,0,0,0,0,0,0,0,0,0,0,0,1,0,0,0,0,0,0,0,0,1
eurasian beaver,0,0,0,0,0,0,0,0,0,0,0,0,0,0,0,0,1,0,0,0,1
eurasian badger,0,0,0,0,0,0,0,0,0,0,0,0,0,1,0,0,0,0,0,0,1
euptelea pleiosperma,0,0,0,0,0,0,0,0,0,0,0,0,0,0,0,0,0,1,0,0,1
euphydryas maturna,0,0,0,0,0,0,0,0,0,0,0,0,0,0,0,0,1,0,0,0,1
euphorbiaceae,0,0,0,0,0,0,0,0,0,0,0,0,0,0,0,0,0,0,1,0,1
euphorbia fontqueriana,0,0,0,0,0,0,0,0,0,0,0,0,0,0,1,0,0,0,0,0,1
euphonia godmani,0,0,0,0,0,0,0,0,0,0,0,0,0,0,1,0,0,0,0,0,1
eupatorium,0,0,0,0,0,0,0,0,0,0,0,0,0,0,0,0,0,1,0,0,1
expansion-contraction model,0,0,0,0,0,0,0,1,0,0,0,0,0,0,0,0,0,0,0,0,1
eunicella verrucosa,0,0,0,0,0,0,0,0,0,0,0,0,0,0,0,0,1,0,0,0,1
eunicella singularis,0,0,0,0,0,0,0,0,0,0,0,0,0,0,0,0,0,0,1,0,1
eunicella cavolinii,0,0,0,0,0,0,0,0,0,0,0,0,0,0,0,0,0,0,1,0,1
eungella national park,0,0,0,0,0,0,0,0,0,0,0,0,0,0,0,0,0,0,0,1,1
eueupithecia vollonoides,0,0,0,0,0,0,0,0,0,0,0,0,0,0,0,1,0,0,0,0,1
eueupithecia cisplatensis,0,0,0,0,0,0,0,0,0,0,0,0,0,0,0,1,0,0,0,0,1
eudyptes chrysocome,0,0,0,0,0,0,0,1,0,0,0,0,0,0,0,0,0,0,0,0,1
eudr,0,0,0,0,0,0,0,0,0,0,0,0,0,0,0,0,0,0,0,1,1
eucyclops,0,0,0,0,0,0,0,0,0,0,0,0,0,0,0,0,1,0,0,0,1
euclidean environmental distance,0,0,0,0,0,0,1,0,0,0,0,0,0,0,0,0,0,0,0,0,1
euclidean distance fields,0,0,0,0,0,0,0,0,0,0,0,0,0,0,0,0,0,0,1,0,1
euclidean distance,0,0,0,0,0,0,0,0,0,0,0,0,0,0,0,0,0,0,1,0,1
eucheumatoids,0,0,0,0,0,0,0,0,0,0,0,0,0,0,0,0,0,1,0,0,1
eucheuma denticulatum,0,0,0,0,0,0,0,0,0,0,0,0,0,0,0,0,1,0,0,0,1
european bryophytes,0,1,0,0,0,0,0,0,0,0,0,0,0,0,0,0,0,0,0,0,1
european continent,0,0,0,0,0,0,0,0,0,0,0,0,0,0,0,0,0,1,0,0,1
european eel,0,0,0,0,0,0,0,0,0,0,0,0,0,0,0,0,0,0,1,0,1
european grapevine moth,0,0,0,0,0,0,0,0,0,0,0,0,0,0,1,0,0,0,0,0,1
expanding population,0,0,0,0,0,0,0,0,0,0,0,0,0,0,0,0,0,0,1,0,1
exotic vines,0,0,0,0,1,0,0,0,0,0,0,0,0,0,0,0,0,0,0,0,1
exotic invasive specie,0,0,0,0,0,0,0,0,0,0,0,0,0,0,0,1,0,0,0,0,1
exotic grasses,0,0,0,0,0,0,0,1,0,0,0,0,0,0,0,0,0,0,0,0,1
exotic,0,0,0,0,0,0,0,0,0,0,0,0,0,0,0,1,0,0,0,0,1
exmouth gulf,0,0,0,0,0,0,0,0,0,0,0,0,0,0,0,0,0,0,0,1,1
exceptional species,0,0,0,0,0,0,0,0,0,0,0,0,0,0,0,1,0,0,0,0,1
ex situ,0,0,0,0,0,0,0,0,0,0,0,0,0,0,0,1,0,0,0,0,1
evros,0,0,0,0,0,0,0,0,0,0,0,0,0,0,0,0,0,0,0,1,1
evolutionary rescue,0,0,0,0,0,0,0,0,0,0,0,0,0,0,0,0,0,1,0,0,1
evolutionary potential,0,0,0,0,0,0,0,0,0,0,0,0,0,0,0,0,1,0,0,0,1
evolutionary lines,0,0,0,0,0,0,0,0,0,0,0,0,0,0,0,0,0,0,0,1,1
evolutionary inference,0,0,0,0,0,0,0,0,0,0,0,0,0,0,0,0,0,0,0,1,1
evolutionary ecology,0,0,0,0,0,0,0,1,0,0,0,0,0,0,0,0,0,0,0,0,1
evolutionary distinctiveness,0,0,0,0,0,0,0,0,0,0,0,0,1,0,0,0,0,0,0,0,1
evolutionary computation,0,0,0,0,0,0,0,0,0,0,0,0,0,0,1,0,0,0,0,0,1
evergreen forest,0,0,0,0,0,0,0,0,0,0,0,0,0,0,0,0,0,0,0,1,1
even -toed ungulates,0,0,0,0,0,0,0,0,0,0,0,0,0,0,0,0,0,0,1,0,1
evaluation reserve efficiency,0,0,0,0,0,0,0,0,0,1,0,0,0,0,0,0,0,0,0,0,1
evaluation input&nbsp,0,0,0,0,0,0,0,0,0,0,0,0,0,0,0,1,0,0,0,0,1
evaluaciones de conservacion,0,0,0,1,0,0,0,0,0,0,0,0,0,0,0,0,0,0,0,0,1
eutrophic crisis,0,0,0,0,0,0,0,0,0,0,0,0,0,0,0,0,1,0,0,0,1
eurycope,0,0,0,0,0,0,0,0,0,0,0,0,1,0,0,0,0,0,0,0,1
eurycea,0,0,0,0,0,0,0,0,0,0,0,0,0,0,0,0,0,0,0,1,1
european stonechat,0,0,0,0,0,0,0,0,0,0,0,0,0,0,1,0,0,0,0,0,1
european hornet,0,0,0,0,0,0,0,0,0,0,0,0,0,0,0,0,0,0,0,1,1
european hop hornbeam,0,0,0,0,0,0,0,0,0,0,0,0,0,0,0,0,0,1,0,0,1
european hedgehog,0,0,0,0,0,0,0,0,0,0,0,0,0,1,0,0,0,0,0,0,1
european grayling,0,0,0,0,0,0,0,0,0,0,0,0,0,0,1,0,0,0,0,0,1
feature-based modeling,0,0,0,0,0,0,0,0,0,0,0,0,1,0,0,0,0,0,0,0,1
feeding habit,0,0,0,0,0,0,0,0,0,0,0,0,0,0,0,0,1,0,0,0,1
forest modelling,0,0,0,0,0,0,0,0,0,0,0,0,0,0,1,0,0,0,0,0,1
flowering phenology,0,0,0,0,0,0,0,0,0,0,0,1,0,0,0,0,0,0,0,0,1
forage fish,0,0,0,0,0,0,0,0,0,0,0,0,0,0,0,1,0,0,0,0,1
foot and mouth disease,0,0,0,0,0,0,0,0,0,0,0,0,0,0,0,0,0,0,0,1,1
food systems,0,0,0,0,0,0,0,0,0,0,0,0,0,0,0,0,0,1,0,0,1
food resources,0,0,0,0,0,0,0,0,0,0,0,0,0,0,0,0,1,0,0,0,1
food plant,0,0,0,0,0,0,0,0,0,0,0,0,0,0,0,0,0,0,0,1,1
fomitiporia torreyae,0,0,0,0,0,0,0,0,0,0,0,0,0,0,0,1,0,0,0,0,1
fomitiporia punctata,0,0,0,0,0,0,0,0,0,0,0,0,0,0,0,1,0,0,0,0,1
foliicolous lichen,0,0,0,0,0,0,0,0,0,0,0,0,0,1,0,0,0,0,0,0,1
fog ecosystem,0,0,0,0,0,0,0,0,0,0,0,0,0,0,0,0,1,0,0,0,1
fodder,0,0,0,0,0,0,0,0,0,0,0,0,0,0,0,0,1,0,0,0,1
focal patch study,0,0,0,0,0,1,0,0,0,0,0,0,0,0,0,0,0,0,0,0,1
flyway,0,0,0,0,0,0,0,0,0,0,0,1,0,0,0,0,0,0,0,0,1
flying fox,0,0,0,0,0,0,0,0,0,0,0,0,0,0,0,0,1,0,0,0,1
fluvial fishes,0,0,0,0,0,0,0,0,0,0,0,0,0,0,1,0,0,0,0,0,1
flower visitors,0,0,0,0,0,0,0,0,0,0,0,0,0,0,0,0,0,0,1,0,1
foraging behaviour,0,0,0,0,0,0,0,0,0,0,0,0,0,1,0,0,0,0,0,0,1
floristic group,0,0,0,1,0,0,0,0,0,0,0,0,0,0,0,0,0,0,0,0,1
floristic connectivity,0,0,0,0,0,0,0,0,0,0,0,0,0,0,0,0,1,0,0,0,1
floral volatiles,0,0,0,0,0,0,0,0,0,0,0,0,0,0,0,0,1,0,0,0,1
floral specialisation,0,0,0,0,0,0,0,0,0,0,0,0,0,0,0,0,1,0,0,0,1
flora of siberia,0,0,0,0,0,0,0,0,0,0,1,0,0,0,0,0,0,0,0,0,1
flora malesiana,0,0,0,0,0,0,0,0,0,0,0,0,1,0,0,0,0,0,0,0,1
floodplain forest invasion,0,0,0,0,0,0,0,0,0,0,0,0,0,0,0,0,0,0,1,0,1
floodplain,0,0,0,0,0,0,0,0,0,0,0,0,0,0,0,1,0,0,0,0,1
flood-irrigated agriculture,0,0,0,0,0,0,0,0,0,0,0,0,0,0,0,0,0,0,1,0,1
flood susceptibility indicator,0,0,0,0,0,0,0,0,0,0,0,0,0,0,0,0,0,1,0,0,1
flood impacts,0,0,0,0,0,0,0,0,0,0,0,0,0,0,0,0,0,0,0,1,1
flock-size-specific species distribution,0,0,0,0,0,0,0,0,0,0,0,0,0,0,0,0,0,0,0,1,1
flight planning,0,0,0,0,0,0,0,0,0,0,0,0,0,0,0,1,0,0,0,0,1
flight period,0,0,0,0,0,0,0,0,0,0,0,0,0,0,0,1,0,0,0,0,1
forage legume,0,0,0,0,0,0,0,0,0,0,0,0,0,0,0,0,0,0,1,0,1
foraging ecology,0,0,0,0,0,1,0,0,0,0,0,0,0,0,0,0,0,0,0,0,1
feldmark,0,0,0,0,0,0,0,0,0,0,0,0,0,0,0,0,1,0,0,0,1
forest ecoregion,0,0,0,0,0,0,0,0,0,0,0,0,0,0,0,0,0,0,1,0,1
forest matrix,0,0,0,0,0,0,0,0,0,0,0,1,0,0,0,0,0,0,0,0,1
forest landscape restoration,0,0,0,0,0,0,0,0,0,0,0,0,0,0,1,0,0,0,0,0,1
forest landscape,0,0,0,0,0,0,0,0,0,0,1,0,0,0,0,0,0,0,0,0,1
forest inventory and analysis,0,0,0,0,0,0,0,0,0,0,0,0,0,1,0,0,0,0,0,0,1
forest invasive species,0,0,0,0,0,0,0,0,0,0,0,0,0,0,0,1,0,0,0,0,1
forest history,0,0,0,0,0,0,0,0,0,0,0,0,0,0,1,0,0,0,0,0,1
forest health,0,0,0,0,0,0,0,0,0,0,0,0,0,0,0,1,0,0,0,0,1
forest habitat diversity,0,0,0,0,0,0,0,0,0,0,0,0,1,0,0,0,0,0,0,0,1
forest fragment,0,0,0,0,0,0,0,0,0,0,0,0,0,0,1,0,0,0,0,0,1
forest for-mations,0,0,0,0,0,0,0,0,0,0,0,0,0,0,0,0,0,0,0,1,1
forest focus,0,0,0,0,0,1,0,0,0,0,0,0,0,0,0,0,0,0,0,0,1
forest farming,0,0,0,0,0,0,0,0,0,0,0,0,0,0,0,0,0,1,0,0,1
forest expansion,0,0,0,0,0,0,0,0,1,0,0,0,0,0,0,0,0,0,0,0,1
forest ecosystem management,0,0,0,0,0,0,0,0,0,0,0,0,0,1,0,0,0,0,0,0,1
forest disease prediction,0,0,0,0,0,0,0,0,0,0,0,0,0,0,0,0,0,0,0,1,1
foraging habitat,0,0,0,0,0,0,0,0,0,0,0,0,0,0,0,0,1,0,0,0,1
forest decline,0,0,0,0,0,0,0,0,0,1,0,0,0,0,0,0,0,0,0,0,1
forest community types,0,0,0,0,0,0,0,0,0,0,0,0,0,0,0,0,0,0,0,1,1
forest canopy cover,0,0,0,0,0,0,0,0,0,0,0,0,1,0,0,0,0,0,0,0,1
forest bird,0,0,0,0,0,0,0,0,0,0,0,0,1,0,0,0,0,0,0,0,1
forest biotechnology,0,0,0,0,0,0,0,0,0,0,0,0,0,1,0,0,0,0,0,0,1
forest biodiversity,0,0,0,0,0,0,0,0,0,0,0,0,0,0,0,0,0,0,0,1,1
forest area,0,0,0,0,0,0,0,0,0,0,0,0,0,0,0,0,0,0,0,1,1
foreign game investigation program,0,0,0,0,0,0,0,0,0,0,0,0,0,0,0,1,0,0,0,0,1
foreign fungus,0,0,0,0,0,0,0,0,0,0,0,0,0,1,0,0,0,0,0,0,1
foreign exploration,0,0,0,0,0,1,0,0,0,0,0,0,0,0,0,0,0,0,0,0,1
forecast horizon,0,0,0,0,0,0,0,0,0,0,0,0,1,0,0,0,0,0,0,0,1
fordii,0,0,0,0,0,0,0,0,0,0,0,0,0,0,0,1,0,0,0,0,1
foraging segregation,0,0,0,0,0,0,0,0,0,0,0,0,0,1,0,0,0,0,0,0,1
foraging intensity,0,0,0,0,0,0,0,0,1,0,0,0,0,0,0,0,0,0,0,0,1
flexibility,0,0,0,0,0,0,0,0,0,0,0,0,0,0,0,0,0,0,0,1,1
fleas,0,0,0,0,0,0,0,0,0,0,0,1,0,0,0,0,0,0,0,0,1
flatfish,0,0,0,0,0,0,0,0,0,1,0,0,0,0,0,0,0,0,0,0,1
ficus spp,0,0,0,0,0,0,0,0,0,0,0,0,0,0,0,1,0,0,0,0,1
fire ignition,0,0,0,0,0,0,0,0,0,0,0,0,0,0,1,0,0,0,0,0,1
fire disturbance,0,0,0,0,0,0,0,0,0,0,0,0,0,1,0,0,0,0,0,0,1
fire blight,0,0,0,0,0,0,0,0,0,0,0,0,0,0,0,0,0,0,0,1,1
fine-tuning,0,0,0,0,0,0,0,0,0,0,0,0,0,0,1,0,0,0,0,0,1
fine-scale ecological niche modeling,0,0,0,0,0,0,0,0,0,0,0,0,0,0,0,0,1,0,0,0,1
fine-scale data,0,0,0,0,0,0,0,0,0,0,0,0,0,1,0,0,0,0,0,0,1
fine sediments deposition,0,0,0,0,0,0,0,0,0,0,0,0,0,0,0,1,0,0,0,0,1
fine scale,0,0,0,0,0,0,0,0,0,0,0,1,0,0,0,0,0,0,0,0,1
filifera,0,0,0,0,0,0,0,1,0,0,0,0,0,0,0,0,0,0,0,0,1
field occurrence data,0,0,0,0,0,0,0,0,0,0,0,1,0,0,0,0,0,0,0,0,1
field infestation,0,0,0,0,0,0,0,0,0,0,0,0,0,0,0,0,0,0,1,0,1
field experiment,0,0,0,0,0,0,0,0,0,0,0,0,1,0,0,0,0,0,0,0,1
field efforts,0,0,0,0,0,0,0,0,0,1,0,0,0,0,0,0,0,0,0,0,1
field data,0,0,0,0,0,0,0,0,0,0,0,0,0,0,0,0,0,0,1,0,1
ficus species,0,0,0,0,0,0,0,0,0,0,0,0,0,0,0,0,0,0,1,0,1
flatback turtle,0,0,0,0,0,0,0,0,0,0,0,0,0,0,0,0,0,0,0,1,1
ficus carica l.,0,0,0,0,0,0,0,0,0,0,0,0,0,0,0,0,1,0,0,0,1
fez-meknes region,0,0,0,0,0,0,0,0,0,0,0,0,0,0,0,0,0,0,0,1,1
fever virus,0,0,0,0,0,0,0,0,0,0,0,0,0,0,0,0,1,0,0,0,1
festuca hallii (vasey) piper,0,0,0,0,0,0,0,0,0,0,0,0,0,0,0,0,0,0,0,1,1
ferulago glareosa,0,0,0,0,0,0,0,0,0,0,0,0,0,0,1,0,0,0,0,0,1
ferulago genus,0,0,0,0,0,0,0,0,0,0,0,0,0,0,0,0,0,0,1,0,1
ferula gummosa,0,0,0,0,0,0,0,0,0,0,0,0,0,0,0,1,0,0,0,0,1
ferrocalamus strictus,0,0,0,0,0,0,0,0,0,0,0,0,0,0,0,0,1,0,0,0,1
ferrasols,0,0,0,0,0,0,0,0,0,0,0,0,0,0,0,0,0,1,0,0,1
feralization,0,0,0,0,0,0,0,0,0,0,0,0,0,0,0,0,0,0,0,1,1
feral hog,0,0,0,0,0,0,0,0,0,0,0,0,0,0,0,0,0,1,0,0,1
feral cannabis,0,0,0,0,0,0,0,0,0,0,0,0,0,0,0,0,0,0,1,0,1
felis silvestris,0,0,0,0,0,0,0,0,0,0,0,0,0,0,0,0,1,0,0,0,1
felis margarita,0,0,0,0,0,0,0,0,0,0,0,0,0,0,0,0,1,0,0,0,1
fire management,0,0,0,0,0,0,0,0,0,0,0,0,0,0,0,0,0,0,1,0,1
fire predictions,0,0,0,0,0,0,0,0,0,0,0,0,0,0,0,0,1,0,0,0,1
fire regime,0,0,0,0,0,0,0,0,0,1,0,0,0,0,0,0,0,0,0,0,1
fire return interval,0,0,0,0,0,0,0,0,0,0,0,0,0,1,0,0,0,0,0,0,1
flamingos,0,0,0,0,0,0,0,0,0,0,0,0,0,0,0,0,0,0,0,1,1
fissa,0,0,0,0,0,0,0,0,0,0,0,0,0,0,0,1,0,0,0,0,1
fishing pressure,0,0,0,0,0,0,0,0,0,0,0,0,0,0,0,0,0,1,0,0,1
fishing effort,0,0,0,0,0,0,0,0,0,0,0,0,1,0,0,0,0,0,0,0,1
fishing behavior,0,0,0,0,0,0,0,0,0,0,0,0,0,0,0,0,0,0,0,1,1
fishing,0,0,0,0,0,0,0,0,0,0,0,0,0,0,0,0,1,0,0,0,1
fishery-independent survey,0,0,0,0,0,0,0,0,0,0,0,0,0,0,0,0,1,0,0,0,1
fishery-dependent data,0,0,0,0,0,0,0,0,0,0,0,0,1,0,0,0,0,0,0,0,1
fishery resource,0,0,0,0,0,0,0,0,0,0,0,0,0,0,0,0,0,0,0,1,1
fisheries replenishment,0,0,0,0,0,0,0,0,0,0,0,0,1,0,0,0,0,0,0,0,1
fisheries overlap,0,0,0,0,0,0,0,0,0,0,0,0,0,0,0,0,0,1,0,0,1
fisher survey,0,0,0,0,0,0,0,0,0,0,0,1,0,0,0,0,0,0,0,0,1
fish stress,0,0,0,0,0,0,0,0,0,0,0,0,0,0,0,0,0,0,0,1,1
fish species richness,0,0,0,0,0,0,0,0,0,0,0,0,0,0,1,0,0,0,0,0,1
fish species,0,0,0,0,0,0,0,0,0,0,0,0,0,0,1,0,0,0,0,0,1
fish spawning aggregation area,0,0,0,0,0,0,0,0,0,0,0,0,0,0,0,0,0,0,1,0,1
fish passage barrier,0,0,0,0,0,0,0,1,0,0,0,0,0,0,0,0,0,0,0,0,1
fish migrations,0,0,0,0,0,0,0,0,0,0,0,0,0,0,0,1,0,0,0,0,1
fish larvae,0,0,0,0,0,0,0,0,0,0,1,0,0,0,0,0,0,0,0,0,1
fish hotspot,0,0,0,0,0,0,0,0,0,0,0,0,0,0,0,1,0,0,0,0,1
fish habitat management,0,0,0,0,0,0,0,0,0,0,0,0,0,0,0,0,0,1,0,0,1
fish habitat,0,0,0,0,0,0,0,0,0,0,0,0,0,0,0,0,0,0,1,0,1
fish functional traits,0,0,0,0,0,0,0,0,0,0,0,0,0,0,0,1,0,0,0,0,1
fish dispersal,0,0,0,0,0,0,0,0,0,1,0,0,0,0,0,0,0,0,0,0,1
firth correction,0,0,0,0,0,0,0,0,0,1,0,0,0,0,0,0,0,0,0,0,1
fireweed,0,0,0,0,0,0,0,0,1,0,0,0,0,0,0,0,0,0,0,0,1
fire-sensitive,0,0,0,0,0,0,0,0,0,0,0,0,0,0,0,0,0,0,1,0,1
fire seasonality,0,0,0,0,0,0,1,0,0,0,0,0,0,0,0,0,0,0,0,0,1
fire risk mapping,0,0,0,0,0,0,0,0,0,0,0,0,0,0,0,0,1,0,0,0,1
eucalyptus wandoo,0,0,0,0,0,0,0,0,0,1,0,0,0,0,0,0,0,0,0,0,1
eucalyptus nitens,0,0,0,0,0,0,0,0,0,0,0,0,0,1,0,0,0,0,0,0,1
eucalyptus brown looper,0,0,0,0,0,0,0,0,0,0,0,0,0,0,0,0,0,0,1,0,1
elateridae,0,0,0,0,0,0,0,0,0,0,0,0,0,0,0,0,1,0,0,0,1
elsholtzia densa,0,0,0,0,0,0,0,0,0,0,0,0,0,0,0,0,0,0,0,1,1
elmid genera,0,0,0,0,0,0,0,0,0,0,0,0,0,0,0,0,0,1,0,0,1
ellenberg,0,0,0,0,0,0,0,0,0,0,0,0,0,0,1,0,0,0,0,0,1
eligmodontia,0,0,0,0,0,0,0,0,0,0,0,0,0,0,0,1,0,0,0,0,1
elevational range size,0,0,0,0,0,0,0,0,0,0,0,1,0,0,0,0,0,0,0,0,1
elevational distribution,0,0,0,0,0,0,0,0,0,0,0,0,0,0,0,1,0,0,0,0,1
elevational differences,0,0,0,0,0,0,0,0,0,0,0,0,0,0,0,0,1,0,0,0,1
elevation dependent warming,0,0,0,0,0,0,0,0,0,0,0,0,0,0,0,0,0,1,0,0,1
eleutherodactylus planirostris,0,0,0,0,0,0,0,0,0,0,0,0,0,0,0,0,1,0,0,0,1
eleutherodactylus,0,0,0,0,0,0,0,0,1,0,0,0,0,0,0,0,0,0,0,0,1
elettaria cardamomum,0,0,0,0,0,0,0,0,0,0,1,0,0,0,0,0,0,0,0,0,1
elephant distribution,0,0,0,0,0,0,0,0,0,0,0,1,0,0,0,0,0,0,0,0,1
elephant,0,0,0,0,0,0,1,0,0,0,0,0,0,0,0,0,0,0,0,0,1
eleonora's falcon,0,0,0,0,0,0,1,0,0,0,0,0,0,0,0,0,0,0,0,0,1
elastic net,0,0,0,0,0,0,0,0,0,0,0,0,1,0,0,0,0,0,0,0,1
elysia,0,0,0,0,0,0,0,0,0,0,0,0,0,0,0,0,1,0,0,0,1
elasmobranch,0,0,0,0,0,0,0,0,0,0,0,0,0,0,0,1,0,0,0,0,1
elapidae,0,0,0,0,1,0,0,0,0,0,0,0,0,0,0,0,0,0,0,0,1
elaeagnaceae,0,0,0,0,0,0,0,0,0,1,0,0,0,0,0,0,0,0,0,0,1
eight leguminosae species,0,0,0,0,0,0,0,0,0,0,0,0,0,0,0,0,0,0,0,1,1
eichwald's toad,0,0,0,0,0,0,0,0,0,0,0,0,0,0,0,0,0,0,0,1,1
eicat,0,0,0,0,0,0,0,0,0,0,0,0,0,0,0,0,1,0,0,0,1
egyptian reptiles,0,0,0,0,0,0,0,0,0,0,1,0,0,0,0,0,0,0,0,0,1
egyptian herpetofauna,0,0,0,0,0,0,0,0,0,0,1,0,0,0,0,0,0,0,0,0,1
effective temperature,0,0,0,0,0,0,0,0,0,0,0,0,0,0,0,0,0,0,1,0,1
efectos del cambio climatico,0,0,0,0,0,0,0,0,0,0,0,0,0,0,0,0,0,0,1,0,1
edrr,0,0,0,0,0,0,0,1,0,0,0,0,0,0,0,0,0,0,0,0,1
edible species,0,0,0,0,0,0,0,0,0,0,0,0,0,0,0,0,0,0,0,1,1
edible insects,0,0,0,0,0,0,0,0,0,0,0,0,0,0,0,0,0,0,1,0,1
edge sensing frameworks,0,0,0,0,0,0,0,0,0,0,0,0,0,0,0,0,1,0,0,0,1
eltonian niche,0,0,0,0,0,0,0,0,0,0,0,0,0,0,0,0,0,0,0,1,1
em algorithm,0,0,0,0,0,0,0,0,0,0,0,0,0,0,0,1,0,0,0,0,1
eubalaena glacialis,0,0,0,0,0,0,0,0,0,0,0,0,0,0,0,0,0,1,0,0,1
endangered birds,0,0,0,0,0,0,0,0,0,0,0,0,0,0,0,0,0,0,0,1,1
endemic flora,0,0,0,0,0,0,0,0,0,0,1,0,0,0,0,0,0,0,0,0,1
endemic fish species,0,0,0,0,0,0,0,0,0,0,0,0,0,0,0,0,0,1,0,0,1
endemic endangered,0,0,0,0,0,0,0,0,0,0,0,0,0,0,0,0,1,0,0,0,1
endemic bird species,0,0,0,0,0,0,0,0,0,0,0,0,0,0,0,0,0,0,0,1,1
endangerment assessment,0,0,0,0,0,0,0,0,0,0,0,0,0,0,0,0,0,0,0,1,1
endangered species conservation,0,0,0,0,0,0,0,0,0,0,0,0,0,0,0,0,0,0,1,0,1
endangered species assessment,0,0,0,0,0,0,0,0,0,0,0,0,0,0,0,0,0,0,0,1,1
endangered species act,0,0,0,0,0,0,0,0,0,0,0,0,0,0,0,0,0,0,0,1,1
endangered plant species,0,0,0,0,0,0,0,0,0,0,0,0,0,0,0,0,1,0,0,0,1
endangered montane species,0,0,0,0,0,0,0,0,0,0,0,0,0,0,0,1,0,0,0,0,1
endangered freshwater fish,0,0,0,0,0,0,0,0,0,0,0,0,0,0,0,0,1,0,0,0,1
endangered ecological communities,0,0,0,0,1,0,0,0,0,0,0,0,0,0,0,0,0,0,0,0,1
endangered cat,0,0,0,0,0,0,0,0,0,0,0,0,0,0,1,0,0,0,0,0,1
endangered carnivores,0,0,0,0,0,0,0,0,0,0,0,0,0,0,0,0,0,0,0,1,1
endangered aquatic species,0,0,0,0,0,0,0,0,0,0,0,0,0,0,0,0,0,0,0,1,1
embedded metadata,0,0,0,0,0,0,0,0,0,1,0,0,0,0,0,0,0,0,0,0,1
endangered alpine rhododendrons,0,0,0,0,0,0,0,0,0,0,0,0,0,0,0,0,0,0,0,1,1
end member mixing analysis,0,0,0,0,0,0,0,0,0,0,0,0,0,0,0,0,0,0,0,1,1
emys trinacris,0,0,0,0,0,0,0,0,0,0,0,0,1,0,0,0,0,0,0,0,1
emys orbicularis,0,0,0,0,0,0,0,0,0,0,0,1,0,0,0,0,0,0,0,0,1
emydidae,0,0,0,0,0,0,0,0,0,0,0,1,0,0,0,0,0,0,0,0,1
empirical model,0,0,0,0,0,0,0,1,0,0,0,0,0,0,0,0,0,0,0,0,1
empidonax traillii,0,0,0,0,0,0,0,0,0,0,0,0,0,0,0,0,0,1,0,0,1
emotional distribution,0,0,0,0,0,0,0,0,0,0,0,0,0,0,0,1,0,0,0,0,1
emmenopterys henryi,0,0,0,0,0,0,0,0,0,0,0,0,0,0,0,0,0,0,1,0,1
emission scenarios,0,0,0,0,0,0,0,0,0,0,0,0,1,0,0,0,0,0,0,0,1
emission pathway,0,0,0,0,0,0,0,0,0,0,0,0,0,0,0,0,0,0,1,0,1
emerging invaders,0,0,0,0,0,0,0,0,0,0,0,1,0,0,0,0,0,0,0,0,1
emerging hot-spots,0,0,0,0,0,0,0,0,0,0,0,0,0,0,1,0,0,0,0,0,1
embelia ribes,0,0,0,0,0,0,0,0,0,0,0,0,0,0,0,0,1,0,0,0,1
edge of distribution,0,0,0,0,0,0,0,0,0,0,0,0,0,0,0,0,1,0,0,0,1
edge effects,0,0,0,0,0,0,0,0,0,0,0,0,0,0,0,0,0,1,0,0,1
edaphic specialist,0,0,0,1,0,0,0,0,0,0,0,0,0,0,0,0,0,0,0,0,1
ecological sensitivity,0,0,0,0,0,0,0,0,0,0,0,0,0,0,0,0,0,0,0,1,1
ecological&nbsp,0,0,0,0,0,0,0,0,0,0,0,0,0,0,0,1,0,0,0,0,1
ecological vegetation class,0,0,0,0,0,0,0,0,0,0,0,0,0,1,0,0,0,0,0,0,1
ecological variables,0,0,0,0,0,0,0,0,0,0,0,0,0,0,0,0,0,1,0,0,1
ecological transition,0,0,0,0,0,0,0,0,0,0,0,0,0,0,0,0,0,0,1,0,1
ecological trait,0,0,0,0,0,0,0,0,0,0,0,0,0,0,0,0,0,0,0,1,1
ecological thresholds,0,0,0,0,0,0,0,0,0,0,0,0,0,0,0,0,0,0,1,0,1
ecological suitability zoning,0,0,0,0,0,0,0,0,0,0,0,0,0,0,0,0,0,0,0,1,1
ecological succession,0,0,0,0,0,0,0,0,0,0,0,0,0,0,0,1,0,0,0,0,1
ecological study,0,0,0,0,0,0,0,0,0,0,0,0,0,0,0,0,0,0,1,0,1
ecological status,0,0,0,0,0,0,0,0,0,0,0,0,1,0,0,0,0,0,0,0,1
ecological statistics,0,0,0,0,0,0,0,0,0,0,0,0,0,0,0,1,0,0,0,0,1
ecological species concept,0,0,0,0,0,0,0,0,0,0,0,0,0,0,0,0,0,0,0,1,1
ecological source,0,0,0,0,0,0,0,0,0,0,0,0,0,0,0,0,0,0,0,1,1
ecological similarities,0,0,0,0,0,0,0,0,0,0,0,0,0,1,0,0,0,0,0,0,1
ecological security,0,0,0,0,0,0,0,0,0,0,0,0,0,0,0,0,0,0,0,1,1
edaphic endemic,0,0,0,0,0,1,0,0,0,0,0,0,0,0,0,0,0,0,0,0,1
ecological risk,0,0,0,0,0,0,0,0,0,0,0,0,0,0,0,0,0,0,0,1,1
ecological responses,0,0,0,0,0,0,0,0,0,0,0,0,0,0,0,1,0,0,0,0,1
ecological resilience,0,0,0,0,0,0,0,0,0,0,0,0,0,0,1,0,0,0,0,0,1
ecological relationships,0,0,0,0,0,0,0,0,0,0,0,0,0,0,0,0,0,0,1,0,1
ecological proxies,0,0,0,0,0,0,0,0,0,0,0,1,0,0,0,0,0,0,0,0,1
ecological predictive modeling,0,0,0,0,0,0,0,0,0,0,0,0,0,0,0,0,1,0,0,0,1
ecological prediction,0,0,0,0,0,0,0,0,0,0,1,0,0,0,0,0,0,0,0,0,1
ecological pattern,0,0,0,0,0,0,0,0,0,0,0,0,0,0,0,0,0,0,0,1,1
ecological nodes,0,0,0,0,0,0,0,0,0,0,0,0,0,0,0,0,0,0,0,1,1
"ecological niche models, invasion, invasive species",0,0,0,0,0,0,0,0,0,0,0,0,0,0,0,0,0,0,1,0,1
ecological niche factor analysis,0,0,0,0,0,0,0,0,0,0,0,0,0,0,0,1,0,0,0,0,1
ecological niche factor,0,0,0,0,0,1,0,0,0,0,0,0,0,0,0,0,0,0,0,0,1
ecological niche dynamics,0,0,0,0,0,0,0,0,0,0,0,0,0,0,0,1,0,0,0,0,1
ecological niche characterization,0,0,1,0,0,0,0,0,0,0,0,0,0,0,0,0,0,0,0,0,1
ecological-generalist,0,0,0,0,0,0,0,0,0,0,0,0,0,1,0,0,0,0,0,0,1
ecologically suitable distributions,0,0,0,0,0,0,0,0,0,0,0,0,0,0,1,0,0,0,0,0,1
ecologist simulator,0,0,0,0,0,0,0,0,0,0,0,0,0,0,0,0,0,0,0,1,1
ecology and epidemiology,0,0,0,0,0,0,0,0,0,0,0,0,0,0,0,0,1,0,0,0,1
edaphic conditions,0,0,0,0,0,0,0,0,0,0,0,0,0,0,0,0,0,1,0,0,1
edaphic,0,0,0,0,0,0,1,0,0,0,0,0,0,0,0,0,0,0,0,0,1
ecuadorian capuchin,0,0,0,0,0,0,0,1,0,0,0,0,0,0,0,0,0,0,0,0,1
ecuadorian agriculture,0,0,0,0,0,0,0,0,0,0,0,0,0,0,0,0,0,0,1,0,1
ectomycorrhizal,0,0,0,0,0,0,0,0,0,0,0,0,0,0,0,1,0,0,0,0,1
ectobius sylvestris,0,0,0,1,0,0,0,0,0,0,0,0,0,0,0,0,0,0,0,0,1
ectobius pallidus,0,0,0,1,0,0,0,0,0,0,0,0,0,0,0,0,0,0,0,0,1
ectobius lapponicus,0,0,0,1,0,0,0,0,0,0,0,0,0,0,0,0,0,0,0,0,1
ectateus generic group,0,0,0,0,0,0,0,1,0,0,0,0,0,0,0,0,0,0,0,0,1
ecpleopodini,0,0,0,0,0,0,0,0,0,0,0,0,1,0,0,0,0,0,0,0,1
ecosystem transition,0,0,0,0,0,0,0,0,0,0,0,1,0,0,0,0,0,0,0,0,1
ecosystem structure,0,0,0,0,0,0,0,0,0,0,0,0,0,0,0,1,0,0,0,0,1
ecosystem state,0,0,0,0,0,0,0,0,0,0,0,0,0,0,0,0,0,0,1,0,1
ecosystem restoration,0,0,0,0,0,0,0,0,0,0,0,0,0,0,0,0,0,0,0,1,1
ecosystem modelling,0,0,0,0,0,0,0,0,0,0,0,0,0,1,0,0,0,0,0,0,1
ecosystem migration,0,0,0,0,0,0,0,0,0,0,0,1,0,0,0,0,0,0,0,0,1
ecosystem heterogeneity,0,0,0,0,0,0,0,0,0,0,0,0,0,0,0,0,1,0,0,0,1
ecosystem health,0,0,0,0,0,0,0,0,0,0,0,0,0,0,0,0,0,1,0,0,1
ecosystem functioning,0,0,0,0,0,0,0,0,0,0,0,0,0,0,0,0,1,0,0,0,1
ecosystem engineer,0,0,0,0,0,0,0,0,0,0,0,1,0,0,0,0,0,0,0,0,1
ecosystem disturbing alien plant species,0,0,0,0,0,0,0,0,0,0,0,0,0,0,0,0,1,0,0,0,1
ecosystem conservation,0,0,0,0,0,0,0,0,0,0,0,0,0,0,0,0,0,0,1,0,1
ecosystem approach to fishery management,0,0,0,0,0,0,0,0,0,0,1,0,0,0,0,0,0,0,0,0,1
ecoregion 12,0,0,0,0,0,0,0,0,0,0,0,0,1,0,0,0,0,0,0,0,1
ecophysiology,0,0,0,0,0,0,0,0,1,0,0,0,0,0,0,0,0,0,0,0,1
economic impact,0,0,0,0,0,1,0,0,0,0,0,0,0,0,0,0,0,0,0,0,1
economic contribution,0,0,0,0,0,0,0,0,0,0,0,0,0,0,0,1,0,0,0,0,1
economic,0,0,0,0,0,0,0,0,0,0,0,0,0,0,0,0,0,1,0,0,1
ecology model,0,0,0,0,0,0,0,0,0,0,0,0,0,0,0,0,1,0,0,0,1
endemic freshwater fish,0,0,0,0,0,0,0,0,0,0,0,0,0,0,0,0,0,1,0,0,1
endemic lagomorph,0,0,0,0,0,0,0,0,0,0,1,0,0,0,0,0,0,0,0,0,1
endemic medicinal plants,0,0,0,0,0,0,0,0,1,0,0,0,0,0,0,0,0,0,0,0,1
epipelagic,0,0,0,0,0,0,0,0,0,0,0,0,1,0,0,0,0,0,0,0,1
era5-land,0,0,0,0,0,0,0,0,0,0,0,0,0,0,0,0,0,1,0,0,1
era data,0,0,0,0,0,0,0,0,1,0,0,0,0,0,0,0,0,0,0,0,1
equus hemionus,0,0,0,0,0,0,0,0,0,0,0,1,0,0,0,0,0,0,0,0,1
equus africanus,0,0,0,0,0,0,0,0,0,0,0,0,0,0,0,0,0,1,0,0,1
equids,0,0,0,0,1,0,0,0,0,0,0,0,0,0,0,0,0,0,0,0,1
ept taxa,0,0,0,0,0,0,0,0,0,0,0,0,0,0,0,1,0,0,0,0,1
eppo,0,0,0,0,0,0,0,0,0,0,1,0,0,0,0,0,0,0,0,0,1
epistranus lawsoni,0,0,0,0,0,1,0,0,0,0,0,0,0,0,0,0,0,0,0,0,1
epistemic uncertainty,0,0,0,0,0,0,1,0,0,0,0,0,0,0,0,0,0,0,0,0,1
epiprocta,0,0,0,0,0,0,0,0,0,0,0,0,0,0,0,0,0,0,1,0,1
epiphytic moss,0,0,0,0,0,0,0,0,0,0,0,0,0,0,0,0,1,0,0,0,1
epiphytes,0,0,0,0,0,0,0,0,0,0,0,0,0,0,0,0,1,0,0,0,1
epiphyte orchids,0,0,0,0,0,0,0,0,0,0,0,0,0,0,0,0,0,0,1,0,1
epiphyas postvittana,0,0,0,0,0,1,0,0,0,0,0,0,0,0,0,0,0,0,0,0,1
epiophlebia,0,0,0,0,0,0,0,0,0,0,0,0,0,0,0,0,0,0,1,0,1
environmental space shift,0,0,0,0,0,0,0,0,0,0,0,0,1,0,0,0,0,0,0,0,1
epidemic surveillance,0,0,0,0,0,0,0,0,0,0,0,0,0,0,0,0,0,1,0,0,1
epidemic prevention and control,0,0,0,0,0,0,0,0,0,0,0,0,0,0,0,1,0,0,0,0,1
epidalea calamita,0,0,0,0,0,0,0,0,0,0,0,0,0,0,0,1,0,0,0,0,1
ephemeroptera,0,0,0,0,0,0,0,1,0,0,0,0,0,0,0,0,0,0,0,0,1
ephemeral plant,0,0,0,0,0,0,0,0,0,0,0,0,0,0,0,0,1,0,0,0,1
ephemeral habitat,0,0,0,0,0,0,0,0,0,0,0,0,0,0,0,0,0,0,0,1,1
eolagurus luteus,0,0,0,0,0,0,0,0,0,0,0,0,0,0,0,0,0,1,0,0,1
eo-1 hyperion,0,0,0,0,0,0,0,0,0,0,0,0,0,0,1,0,0,0,0,0,1
environmentally marginal,0,0,0,0,0,0,0,0,1,0,0,0,0,0,0,0,0,0,0,0,1
environmental variation,0,0,0,0,0,0,0,0,0,0,1,0,0,0,0,0,0,0,0,0,1
environmental variables analysis,0,0,0,0,0,0,0,0,0,0,0,0,0,0,0,0,0,0,0,1,1
environmental turnover,0,0,0,0,0,0,0,0,0,0,0,0,0,0,0,0,0,0,1,0,1
environmental thresholds,0,0,0,0,0,0,0,0,0,0,0,0,0,0,0,0,0,0,0,1,1
environmental surrogates,0,0,0,0,0,0,1,0,0,0,0,0,0,0,0,0,0,0,0,0,1
eretmochelys imbricata,0,0,0,0,0,0,0,0,0,0,0,0,0,0,0,0,1,0,0,0,1
erinaceus europaeus,0,0,0,0,0,0,0,0,0,0,0,0,0,0,1,0,0,0,0,0,1
eriochloa villosa,0,0,0,0,0,0,0,0,0,0,0,0,0,0,0,0,0,0,0,1,1
erioderma,0,0,0,0,0,0,0,0,0,0,0,0,0,0,0,0,1,0,0,0,1
ethnoecology,0,0,0,0,0,0,0,0,0,0,0,0,0,0,0,0,1,0,0,0,1
ethnobotany,0,0,0,0,0,0,0,0,0,0,0,0,0,0,0,0,1,0,0,0,1
ethiopian village chicken,0,0,0,0,0,0,0,0,0,0,0,0,0,0,0,0,1,0,0,0,1
ethiopian highlands,0,0,0,0,0,0,0,0,0,0,0,0,0,0,0,0,0,0,0,1,1
ethanol,0,0,0,0,1,0,0,0,0,0,0,0,0,0,0,0,0,0,0,0,1
estuary,0,0,0,0,0,0,0,0,0,0,1,0,0,0,0,0,0,0,0,0,1
estuarine species,0,0,0,0,0,0,0,0,0,0,0,0,0,0,0,0,0,0,0,1,1
estuarine habitats,0,0,0,0,0,0,0,0,0,0,0,0,0,0,0,0,0,0,0,1,1
estrilda,0,0,0,0,0,0,0,0,0,1,0,0,0,0,0,0,0,0,0,0,1
establishment,0,0,0,0,0,0,0,0,0,0,0,0,0,1,0,0,0,0,0,0,1
establecimiento de umbrales,0,0,0,0,0,0,0,0,0,0,0,0,0,0,0,1,0,0,0,0,1
est-ssr,0,0,0,0,0,0,0,0,0,0,0,0,0,0,0,0,0,0,0,1,1
essential oil,0,0,0,0,0,0,0,0,0,0,0,0,0,0,0,0,0,0,0,1,1
essential ecosystem area,0,0,0,0,0,0,0,0,0,0,0,0,0,0,0,0,0,0,1,0,1
essential biodiversity variables,0,0,0,0,0,0,0,0,0,0,0,0,0,0,0,1,0,0,0,0,1
espinhaco range,0,0,0,0,0,0,0,0,0,1,0,0,0,0,0,0,0,0,0,0,1
espinal,0,0,0,0,0,0,0,0,0,0,0,0,0,0,0,0,0,0,0,1,1
especie focal,0,0,0,0,1,0,0,0,0,0,0,0,0,0,0,0,0,0,0,0,1
especie amenazada,0,0,0,0,0,0,0,0,0,0,0,0,0,1,0,0,0,0,0,0,1
esm,0,0,0,0,0,0,0,0,0,0,0,0,0,0,0,0,0,0,1,0,1
esdm,0,0,0,0,0,0,0,0,0,0,0,0,0,0,0,0,0,1,0,0,1
escolar,0,0,0,0,0,0,0,0,0,0,0,0,0,0,0,0,0,0,1,0,1
erythrophleum,0,0,0,0,0,0,0,0,0,0,0,0,0,1,0,0,0,0,0,0,1
erythroneurini,0,0,0,0,0,0,0,0,0,0,0,0,0,0,0,0,0,0,1,0,1
eryngium,0,0,0,0,0,0,0,0,0,0,0,0,1,0,0,0,0,0,0,0,1
error propagation,0,0,0,0,0,0,0,0,0,0,0,1,0,0,0,0,0,0,0,0,1
erodium cicutarium,0,0,0,0,0,0,0,0,0,0,0,0,0,1,0,0,0,0,0,0,1
erlichiosis and tick-borne encephalitis,0,0,0,0,0,0,0,1,0,0,0,0,0,0,0,0,0,0,0,0,1
eriophorum vaginatum,0,0,0,0,0,0,0,0,0,0,0,0,0,0,0,0,1,0,0,0,1
environmental studies,0,0,0,0,0,0,0,0,0,0,0,0,0,0,0,1,0,0,0,0,1
environmental response,0,0,0,0,0,0,0,0,0,0,0,0,0,0,0,0,0,0,0,1,1
endemic mycoses,0,0,0,0,0,0,0,0,0,0,0,0,0,0,0,1,0,0,0,0,1
energy balance,0,0,0,0,0,0,0,0,0,1,0,0,0,0,0,0,0,0,0,0,1
ensemble mapping,0,0,0,0,0,0,0,0,0,0,0,0,0,0,0,0,0,1,0,0,1
ensemble learning model,0,0,0,0,0,0,0,0,0,0,0,0,0,0,0,0,0,0,1,0,1
ensemble habitat suitability model,0,0,0,0,0,0,0,0,0,0,0,0,0,0,0,1,0,0,0,0,1
ensemble forecasting models,0,0,0,0,0,0,0,0,0,1,0,0,0,0,0,0,0,0,0,0,1
ensemble filters,0,0,0,0,0,0,0,0,0,0,1,0,0,0,0,0,0,0,0,0,1
ensemble climatic modelling,0,0,0,0,0,0,0,0,0,0,0,0,0,1,0,0,0,0,0,0,1
enphylo,0,0,0,0,0,0,0,0,0,0,0,0,0,0,0,0,0,1,0,0,1
enmtml,0,0,0,0,0,0,0,0,0,0,0,0,0,0,0,0,0,1,0,0,1
enmap,0,0,0,0,0,0,0,0,0,0,0,0,1,0,0,0,0,0,0,0,1
enhydra lutris kenyoni,0,0,0,0,0,0,0,0,0,0,0,0,0,0,0,0,0,0,1,0,1
enhanced vegetation index,0,0,0,0,0,0,0,0,0,0,1,0,0,0,0,0,0,0,0,0,1
enhanced temporal corridors,0,0,0,0,0,0,0,0,0,0,1,0,0,0,0,0,0,0,0,0,1
english walnut,0,0,0,0,0,0,0,0,0,0,0,0,0,0,0,1,0,0,0,0,1
energy landscape,0,0,0,0,0,0,0,0,0,0,0,0,0,1,0,0,0,0,0,0,1
energy,0,0,0,0,0,0,0,1,0,0,0,0,0,0,0,0,0,0,0,0,1
environmental reserves,0,0,0,0,0,0,0,0,0,0,0,0,0,0,0,0,0,0,0,1,1
energetic requirement,0,0,0,0,0,0,0,1,0,0,0,0,0,0,0,0,0,0,0,0,1
enemy release,0,0,0,0,0,0,0,0,0,0,0,1,0,0,0,0,0,0,0,0,1
endoparasites,0,0,0,0,0,0,0,0,0,0,0,0,0,0,0,0,0,0,1,0,1
endemism richness,0,0,0,0,0,1,0,0,0,0,0,0,0,0,0,0,0,0,0,0,1
endemism hotspot,0,0,0,0,0,0,0,0,0,0,0,0,0,0,0,0,1,0,0,0,1
endemism erosion,0,0,0,0,0,0,0,0,0,0,1,0,0,0,0,0,0,0,0,0,1
endemicity analysis,0,0,0,0,0,0,0,0,0,1,0,0,0,0,0,0,0,0,0,0,1
endemicity,0,0,0,0,0,0,0,0,0,0,0,0,0,0,0,1,0,0,0,0,1
endemic vertebrates,0,0,0,0,0,0,0,0,0,0,0,0,0,0,0,0,0,0,0,1,1
endemic trees,0,0,0,0,0,0,0,0,0,0,0,0,0,0,0,0,1,0,0,0,1
endemic toad,0,0,0,0,0,0,0,0,0,0,0,0,0,0,0,0,0,0,1,0,1
endemic snail,0,0,0,0,0,0,0,0,0,0,1,0,0,0,0,0,0,0,0,0,1
endemic rodents,0,0,0,0,0,0,0,0,0,0,0,0,0,0,0,0,0,0,1,0,1
endemic plant conservation,0,0,0,0,0,0,0,0,0,0,0,0,0,0,0,0,0,0,0,1,1
ensemble model prediction,0,0,0,0,0,0,0,0,0,0,0,0,1,0,0,0,0,0,0,0,1
ensemble modeling,0,0,0,0,0,0,0,0,0,0,0,0,0,0,0,0,0,0,0,1,1
ensemble models,0,0,0,0,0,0,0,0,0,0,0,0,0,0,0,1,0,0,0,0,1
ensemble of small models,0,0,0,0,0,0,0,0,0,0,0,0,0,0,0,0,0,1,0,0,1
environmental policy,0,0,0,0,0,0,0,0,0,0,0,0,0,0,0,1,0,0,0,0,1
environmental niche models,0,0,0,0,0,0,0,0,0,0,0,0,0,0,0,0,1,0,0,0,1
environmental licensing,0,0,0,0,0,0,0,0,0,0,0,1,0,0,0,0,0,0,0,0,1
environmental layers,0,0,0,0,0,0,0,0,0,0,1,0,0,0,0,0,0,0,0,0,1
environmental justice,0,0,0,0,0,0,1,0,0,0,0,0,0,0,0,0,0,0,0,0,1
environmental influences,0,0,0,0,0,0,0,0,0,0,0,0,0,0,1,0,0,0,0,0,1
environmental explanations,0,0,0,0,0,0,0,0,0,0,0,0,0,0,0,1,0,0,0,0,1
environmental envelope modelling,0,0,0,0,0,0,0,0,1,0,0,0,0,0,0,0,0,0,0,0,1
environmental background,0,0,0,0,0,0,0,0,0,0,0,0,0,0,0,0,0,0,1,0,1
environmental associations,0,0,0,0,0,0,0,0,0,0,0,0,0,0,1,0,0,0,0,0,1
environmental assessment,0,0,0,0,0,0,1,0,0,0,0,0,0,0,0,0,0,0,0,0,1
environmental archives,0,0,0,0,0,0,0,0,0,0,0,0,0,0,0,0,0,0,1,0,1
environmental and bioclimatic factors,0,0,0,0,0,0,0,0,0,0,0,0,0,0,0,0,0,0,1,0,1
environmental adaptation,0,0,0,0,0,0,0,0,0,0,0,0,0,0,0,0,1,0,0,0,1
environment variables preference,0,0,0,0,0,0,0,0,0,0,0,0,0,0,0,0,1,0,0,0,1
environment conservation,0,0,0,0,0,0,0,0,0,0,0,0,0,0,1,0,0,0,0,0,1
envirem,0,0,0,0,0,0,0,0,0,0,0,0,0,0,0,0,1,0,0,0,1
envenomation,0,0,0,0,0,0,0,0,0,0,0,0,0,0,0,0,0,1,0,0,1
entropy model,0,0,0,0,0,0,0,0,0,0,0,0,0,0,0,0,0,0,0,1,1
entropy machine learning,0,0,0,0,0,0,0,0,0,0,0,0,0,0,0,1,0,0,0,0,1
entomotourism planning,0,0,0,0,0,0,0,0,0,0,0,1,0,0,0,0,0,0,0,0,1
entomophagy,0,0,0,0,0,0,0,0,0,0,0,0,0,0,0,0,0,0,1,0,1
entomology,0,0,0,0,0,0,0,0,0,0,0,1,0,0,0,0,0,0,0,0,1
enso,0,0,0,0,0,0,0,0,0,0,0,0,0,0,0,0,0,0,0,1,1
ensete glaucum,0,0,0,0,0,0,0,0,0,0,0,0,0,0,0,0,1,0,0,0,1
enset,0,0,0,0,0,0,0,0,0,0,0,0,0,0,0,1,0,0,0,0,1
ensemble species distribution model,0,0,0,0,0,0,0,0,0,0,0,0,0,0,0,0,0,0,0,1,1
ensemble sdm,0,0,0,0,0,0,0,0,0,0,0,0,0,0,0,0,0,0,0,1,1
ensemble random forest,0,0,0,0,0,0,0,0,0,0,0,0,0,0,0,1,0,0,0,0,1
forest migration,0,0,0,0,0,0,0,0,0,0,0,0,0,0,0,1,0,0,0,0,1
forest pathology,0,0,0,0,0,0,0,0,0,0,0,0,1,0,0,0,0,0,0,0,1
himalayan goral (naemorhedus goral),0,0,0,0,0,0,0,0,0,0,0,0,0,0,0,0,0,1,0,0,1
gulf of california,0,0,0,0,0,0,0,0,0,0,0,0,0,0,0,1,0,0,0,0,1
h7n9,0,0,0,0,0,0,0,0,0,0,1,0,0,0,0,0,0,0,0,0,1
gypsum,0,0,0,0,0,0,1,0,0,0,0,0,0,0,0,0,0,0,0,0,1
gymnosperms,0,0,0,0,0,0,0,0,0,0,0,0,0,0,0,0,0,1,0,0,1
gymnophthalmid,0,0,0,0,0,0,0,0,0,0,0,0,1,0,0,0,0,0,0,0,1
gymnocoronis spilanthoides,0,0,0,0,0,0,0,0,0,0,0,0,0,0,0,0,1,0,0,0,1
gymnobelideus leadbeateri,0,0,0,0,0,0,0,0,0,0,0,0,0,0,0,0,1,0,0,0,1
gwm,0,0,0,0,0,0,0,0,0,0,0,0,0,0,0,0,1,0,0,0,1
gwaii haanas,0,0,0,0,0,0,0,0,0,0,0,1,0,0,0,0,0,0,0,0,1
guyana (guiana shield),0,0,0,0,0,0,0,0,1,0,0,0,0,0,0,0,0,0,0,0,1
gunung leuser national park,0,0,0,0,0,0,0,0,0,0,0,0,0,0,0,0,0,0,0,1,1
gulf st vincent,0,0,0,0,0,0,0,0,0,0,0,1,0,0,0,0,0,0,0,0,1
gulf of lions,0,0,0,0,0,0,0,0,0,0,0,0,0,1,0,0,0,0,0,0,1
gulf of guinea,0,0,0,0,0,0,0,0,0,0,0,0,0,0,1,0,0,0,0,0,1
gulf of finland,0,0,0,0,0,0,0,0,0,1,0,0,0,0,0,0,0,0,0,0,1
gulf of c&#225,0,0,0,0,0,0,0,0,0,0,0,0,0,0,0,1,0,0,0,0,1
habitability maps,0,0,0,0,0,0,0,0,0,0,0,0,0,0,1,0,0,0,0,0,1
gulf,0,0,0,0,0,0,0,0,0,0,0,0,0,0,0,0,0,1,0,0,1
guilds,0,0,0,0,0,0,0,0,0,0,1,0,0,0,0,0,0,0,0,0,1
guilan province,0,0,0,0,0,0,0,0,0,0,0,0,0,0,0,0,0,0,1,0,1
guidos toolbox,0,0,0,0,0,0,0,0,0,0,1,0,0,0,0,0,0,0,0,0,1
guidelines,0,0,0,0,0,0,1,0,0,0,0,0,0,0,0,0,0,0,0,0,1
guided regularized random forest,0,0,0,0,0,0,0,0,0,0,0,0,0,0,0,0,0,1,0,0,1
guava rust,0,0,0,0,0,0,0,0,0,0,0,0,0,0,1,0,0,0,0,0,1
guangzhou,0,0,0,0,0,0,0,0,0,0,0,1,0,0,0,0,0,0,0,0,1
guangxi zhuang autonomous region,0,0,0,0,0,0,0,0,0,0,0,0,0,0,0,0,0,0,0,1,1
guangdong province,0,0,0,0,0,0,0,0,0,0,0,0,0,0,0,1,0,0,0,0,1
guangdong mangroves,0,0,0,0,0,0,0,0,0,0,0,0,0,0,0,0,0,0,0,1,1
guanaco,0,0,0,0,0,0,0,0,0,0,0,0,1,0,0,0,0,0,0,0,1
guacamayos,0,0,0,0,0,0,0,0,0,0,0,0,1,0,0,0,0,0,0,0,1
gtest,0,0,0,0,0,0,0,0,0,1,0,0,0,0,0,0,0,0,0,0,1
habitability,0,0,0,0,0,0,0,0,0,0,0,0,0,0,1,0,0,0,0,0,1
habitat adaptability,0,0,0,0,0,0,0,0,0,0,0,0,0,0,0,0,1,0,0,0,1
habitat quality models,0,0,0,0,0,0,0,0,0,0,0,0,0,0,0,0,0,1,0,0,1
habitat evaluation,0,0,0,0,0,0,0,0,0,0,0,0,1,0,0,0,0,0,0,0,1
habitat occupancy,0,0,0,0,0,0,0,0,0,0,0,0,0,0,0,0,0,0,1,0,1
habitat nuclei,0,0,0,0,0,0,0,0,0,0,0,0,0,0,0,0,0,0,0,1,1
habitat network,0,0,0,0,0,0,0,0,0,0,0,0,1,0,0,0,0,0,0,0,1
habitat metrics,0,0,0,0,0,0,0,0,0,0,0,0,0,0,1,0,0,0,0,0,1
habitat management areas,0,0,0,0,0,0,0,0,0,0,0,0,0,1,0,0,0,0,0,0,1
habitat loss-to-gain ratio,0,0,0,0,0,0,0,0,0,0,0,0,0,0,0,0,0,0,0,1,1
habitat loss and fragmentation,0,0,0,0,0,0,0,0,0,0,0,0,0,0,0,0,0,0,0,1,1
habitat isolation,0,0,0,0,0,0,0,0,0,0,0,0,0,0,0,0,0,1,0,0,1
habitat intelligence,0,0,0,0,0,0,0,0,0,0,0,0,0,0,0,0,0,0,0,1,1
habitat indicator,0,0,0,0,0,0,0,0,0,0,0,0,0,0,0,1,0,0,0,0,1
habitat improvement,0,0,0,0,0,0,0,0,0,0,0,0,0,0,1,0,0,0,0,0,1
habitat grasslands monitoring,0,0,0,0,0,0,0,0,0,0,0,0,0,0,0,1,0,0,0,0,1
habitat fragmentation and depletion,0,0,0,1,0,0,0,0,0,0,0,0,0,0,0,0,0,0,0,0,1
habitat expansion,0,0,0,0,0,0,0,0,0,0,0,0,0,0,0,0,0,0,0,1,1
habitat drivers,0,0,0,0,0,0,0,0,0,0,0,0,0,0,0,0,0,1,0,0,1
habitat alteration,0,0,0,0,0,0,0,1,0,0,0,0,0,0,0,0,0,0,0,0,1
habitat destruction,0,0,0,0,0,1,0,0,0,0,0,0,0,0,0,0,0,0,0,0,1
habitat demands,0,0,0,0,0,0,0,0,0,0,0,0,0,0,0,0,1,0,0,0,1
habitat corridor,0,0,0,0,0,0,0,0,0,0,0,0,0,1,0,0,0,0,0,0,1
habitat cores,0,0,0,0,0,0,0,0,0,0,0,1,0,0,0,0,0,0,0,0,1
habitat conversion,0,0,0,0,0,0,0,0,0,0,0,0,0,0,1,0,0,0,0,0,1
habitat contraction,0,0,0,0,0,0,0,0,0,0,0,0,0,0,0,0,0,0,0,1,1
habitat conservation and management,0,0,0,0,0,0,0,0,0,0,0,0,0,0,0,0,0,1,0,0,1
habitat configuration variation,0,0,0,0,0,0,0,0,0,0,0,0,0,0,0,0,1,0,0,0,1
habitat configuration,0,0,0,0,0,0,0,0,0,0,0,0,0,1,0,0,0,0,0,0,1
habitat condition,0,0,0,0,0,0,0,0,0,0,0,0,0,1,0,0,0,0,0,0,1
habitat classification,0,0,0,0,0,0,0,0,0,0,0,0,0,0,0,1,0,0,0,0,1
habitat characterization,0,0,0,0,0,0,0,0,0,0,0,0,0,0,0,0,0,0,0,1,1
habitat availability,0,0,0,0,0,1,0,0,0,0,0,0,0,0,0,0,0,0,0,0,1
habitat attractants,0,0,0,0,0,0,0,0,0,0,0,0,0,0,0,0,0,0,0,1,1
growth model,0,0,0,0,0,0,0,0,0,0,0,0,0,0,0,0,0,0,0,1,1
growth form,0,0,0,0,0,0,0,0,0,0,0,1,0,0,0,0,0,0,0,0,1
growing season,0,0,0,0,0,0,0,0,0,1,0,0,0,0,0,0,0,0,0,0,1
graphab,0,0,0,0,0,0,0,0,0,0,0,0,0,0,0,1,0,0,0,0,1
great bear rainforest,0,0,0,0,0,0,0,0,0,0,0,0,0,1,0,0,0,0,0,0,1
great basin,0,0,0,0,0,0,0,0,0,0,0,0,0,0,0,1,0,0,0,0,1
great apes,0,0,0,0,0,0,0,0,0,0,0,0,0,0,0,0,0,0,0,1,1
grazing,0,0,0,0,0,0,0,0,0,0,0,0,0,0,1,0,0,0,0,0,1
"grassland, savanna",0,0,0,0,0,0,0,0,0,0,1,0,0,0,0,0,0,0,0,0,1
grassland restoration,0,0,0,0,0,0,0,0,0,0,0,0,0,0,0,0,0,0,0,1,1
grassland protection,0,0,0,0,0,0,0,0,0,0,0,0,0,0,0,0,0,0,1,0,1
grassland mosaic,0,0,0,0,0,0,0,0,0,0,0,0,0,0,0,0,1,0,0,0,1
grassland management,0,0,0,0,0,0,0,0,0,0,0,0,0,0,0,0,1,0,0,0,1
grassland loss,0,0,0,0,0,0,0,0,0,0,0,0,0,0,0,0,0,0,1,0,1
grassland ecosystems,0,0,0,0,0,0,0,0,0,0,0,0,0,0,0,0,0,0,0,1,1
grassland conservation,0,0,0,0,0,0,0,0,0,0,0,0,0,0,0,0,0,0,0,1,1
grass carp,0,0,0,0,0,0,0,0,0,0,1,0,0,0,0,0,0,0,0,0,1
graphosoma lineatum,0,0,0,0,0,0,0,0,1,0,0,0,0,0,0,0,0,0,0,0,1
graph neural network,0,0,0,0,0,0,0,0,0,0,0,0,0,0,0,0,0,0,0,1,1
group size,0,0,0,0,0,0,0,0,0,0,0,0,0,0,0,1,0,0,0,0,1
grapes,0,0,0,0,0,0,0,0,0,0,0,0,0,0,0,0,0,0,0,1,1
grain yield,0,0,0,0,0,0,0,0,0,0,0,0,0,0,0,0,0,1,0,0,1
gradient boosted model,0,0,0,0,0,0,0,0,0,0,0,0,1,0,0,0,0,0,0,0,1
gradient analysis,0,0,0,0,0,0,0,0,0,0,0,0,0,0,0,0,0,1,0,0,1
gracilinanus peruanus,0,0,0,0,0,0,0,0,0,0,0,0,0,0,0,0,0,0,1,0,1
gps-tracking,0,0,0,0,0,0,0,0,0,0,0,1,0,0,0,0,0,0,0,0,1
gps tracking,0,0,0,0,0,0,0,0,0,0,0,0,0,0,0,0,0,0,0,1,1
gps telemetry,0,0,0,0,0,0,0,0,0,0,0,1,0,0,0,0,0,0,0,0,1
gps satellite trackers,0,0,0,0,0,0,0,0,0,0,0,0,0,0,0,0,1,0,0,0,1
gps radio-collars,0,0,0,0,0,0,0,0,0,0,0,0,0,0,0,0,1,0,0,0,1
gower's distance metric,0,0,0,0,0,0,0,0,0,0,0,1,0,0,0,0,0,0,0,0,1
gorgonians maxent,0,0,0,0,0,0,0,0,0,0,0,0,0,0,0,0,0,0,1,0,1
gorgonian,0,0,0,0,0,0,0,0,0,0,0,0,0,0,0,0,1,0,0,0,1
gordius,0,0,0,0,0,0,0,0,0,0,1,0,0,0,0,0,0,0,0,0,1
great britain,0,0,0,0,0,1,0,0,0,0,0,0,0,0,0,0,0,0,0,0,1
great gray owl (strix nebulosa),0,0,0,0,0,0,0,0,0,0,0,0,0,0,0,0,0,0,1,0,1
great hammerhead,0,0,0,0,0,0,0,0,0,0,0,0,0,0,0,1,0,0,0,0,1
great himalayan national park,0,0,0,0,0,0,0,0,0,0,0,0,0,0,0,1,0,0,0,0,1
group discriminative techniques,0,0,0,0,1,0,0,0,0,0,0,0,0,0,0,0,0,0,0,0,1
groundwater-dependent ecosystems,0,0,0,0,0,0,0,0,0,0,0,0,0,0,0,0,0,1,0,0,1
groundwater overexploitation,0,0,0,0,0,0,0,0,0,0,0,0,0,1,0,0,0,0,0,0,1
groundwater management,0,0,0,0,0,0,0,0,0,0,0,0,0,0,1,0,0,0,0,0,1
groundwater level rising,0,0,0,0,0,0,0,0,0,0,0,0,0,0,0,1,0,0,0,0,1
groundwater flooding susceptibility,0,0,0,0,0,0,0,0,0,0,0,0,0,0,0,1,0,0,0,0,1
groundfish,0,0,0,0,0,0,0,0,0,0,0,0,0,1,0,0,0,0,0,0,1
ground-truth,0,0,0,0,0,0,0,0,0,0,0,0,0,0,0,0,0,0,0,1,1
ground-nesting bird,0,0,0,0,0,0,0,0,0,0,0,0,0,0,0,0,1,0,0,0,1
grizzly bears,0,0,0,0,0,0,0,0,0,0,0,0,0,0,1,0,0,0,0,0,1
gridded climate,0,0,0,0,0,0,0,1,0,0,0,0,0,0,0,0,0,0,0,0,1
grid size,0,0,0,0,0,0,0,1,0,0,0,0,0,0,0,0,0,0,0,0,1
grid occupancy,0,0,0,0,0,0,0,0,1,0,0,0,0,0,0,0,0,0,0,0,1
greening program,0,0,0,0,0,0,0,0,0,0,0,0,0,0,0,0,0,0,1,0,1
greenhouses,0,0,0,1,0,0,0,0,0,0,0,0,0,0,0,0,0,0,0,0,1
greenhouse gas,0,0,0,0,0,0,0,0,0,0,0,1,0,0,0,0,0,0,0,0,1
green-backed tit,0,0,0,0,0,0,0,1,0,0,0,0,0,0,0,0,0,0,0,0,1
green space types,0,0,0,0,0,0,0,0,0,0,0,0,0,0,0,0,0,0,0,1,1
green roof scenario,0,0,0,0,0,0,0,0,0,0,0,0,0,0,0,1,0,0,0,0,1
green infrastructure (gi),0,0,0,0,0,0,0,0,0,0,0,0,0,0,0,0,0,1,0,0,1
green corn aphid,0,0,0,0,0,0,0,0,0,0,0,0,0,0,0,0,1,0,0,0,1
greater thames estuary,0,0,0,0,0,0,0,0,0,0,0,0,0,0,0,0,0,0,0,1,1
greater sooty owl,0,0,0,0,0,0,0,0,0,0,0,0,0,0,0,0,0,0,0,1,1
greater sandhill crane,0,0,0,0,0,0,0,0,0,0,0,0,0,0,0,0,0,0,1,0,1
greater prairie-chicken,0,0,0,0,0,0,0,0,0,0,0,0,0,1,0,0,0,0,0,0,1
greater glider,0,0,0,0,0,0,0,0,0,0,0,0,0,0,0,0,0,0,1,0,1
greater bilby,0,0,0,0,0,0,0,0,0,0,0,0,0,0,0,1,0,0,0,0,1
great smoky mountains national park,0,0,0,0,0,0,0,0,0,0,0,0,0,0,0,0,0,0,0,1,1
great salt lake,0,0,0,0,0,0,0,0,0,0,0,1,0,0,0,0,0,0,0,0,1
habitat protection action,0,0,0,0,0,0,0,0,0,0,0,0,0,1,0,0,0,0,0,0,1
habitat requirements,0,0,0,0,0,0,0,0,0,0,0,0,0,0,0,0,0,1,0,0,1
forest planning,0,0,0,0,0,0,0,0,0,0,0,0,0,0,0,1,0,0,0,0,1
herpestes ichneumon,0,0,0,0,0,0,0,0,0,1,0,0,0,0,0,0,0,0,0,0,1
hierarchical bayesian model,0,0,0,0,1,0,0,0,0,0,0,0,0,0,0,0,0,0,0,0,1
hibernation,0,0,0,0,0,0,0,0,0,0,0,0,0,0,1,0,0,0,0,0,1
hibernacula,0,0,0,0,0,0,0,0,0,0,0,0,0,0,0,0,0,0,1,0,1
hexacorallia,0,0,0,0,0,0,0,0,0,0,0,0,0,0,0,0,1,0,0,0,1
hevea brasiliensis,0,0,0,0,0,0,0,0,0,0,1,0,0,0,0,0,0,0,0,0,1
hevea,0,0,0,0,0,0,0,0,0,0,0,0,0,1,0,0,0,0,0,0,1
heterothalamus,0,0,0,0,0,0,0,0,0,0,0,0,0,1,0,0,0,0,0,0,1
heterosporosis,0,0,0,0,0,0,0,0,0,0,0,1,0,0,0,0,0,0,0,0,1
heteromys anomalus,0,0,0,0,0,0,0,0,1,0,0,0,0,0,0,0,0,0,0,0,1
heterogeneous ensemble learning,0,0,0,0,0,0,0,0,0,0,0,0,0,0,0,0,0,0,0,1,1
hessian fly,0,0,0,0,0,0,0,0,0,0,0,0,0,0,0,0,1,0,0,0,1
hesperiidae,0,0,0,0,0,0,0,0,0,0,0,0,0,0,1,0,0,0,0,0,1
herring gull,0,0,0,0,0,0,1,0,0,0,0,0,0,0,0,0,0,0,0,0,1
herpetological fauna,1,0,0,0,0,0,0,0,0,0,0,0,0,0,0,0,0,0,0,0,1
hermatypic coral,0,0,0,0,0,0,0,1,0,0,0,0,0,0,0,0,0,0,0,0,1
hierarchical occupancy modelling,0,0,0,0,0,0,0,0,1,0,0,0,0,0,0,0,0,0,0,0,1
herbivory,0,0,0,0,0,0,0,0,0,0,0,0,0,0,0,0,0,0,0,1,1
herbfield,0,0,0,0,0,0,0,0,0,0,0,0,0,0,0,0,1,0,0,0,1
herbarium specimen,0,0,0,0,0,1,0,0,0,0,0,0,0,0,0,0,0,0,0,0,1
hengduan-mountain region,0,0,0,0,0,0,0,0,0,0,1,0,0,0,0,0,0,0,0,0,1
hengduan mountains,0,0,0,0,0,0,0,0,0,0,0,0,0,0,0,0,1,0,0,0,1
hemorrhagic fever,0,0,0,0,0,0,0,0,0,0,0,0,0,0,0,1,0,0,0,0,1
hemiptera,0,0,0,0,0,0,0,0,0,0,0,0,0,0,0,0,0,0,1,0,1
hemimysis anomala,0,0,0,0,0,0,0,1,0,0,0,0,0,0,0,0,0,0,0,0,1
hemigalus derbyanus,0,0,0,0,0,0,0,1,0,0,0,0,0,0,0,0,0,0,0,0,1
hematophagous arthropods,0,0,0,0,0,0,0,0,0,0,0,0,0,0,0,0,0,0,1,0,1
helopeltis schoutedeni,0,0,0,0,0,0,0,0,0,0,0,0,0,0,0,0,0,0,0,1,1
hellinger distance,0,0,0,0,1,0,0,0,0,0,0,0,0,0,0,0,0,0,0,0,1
helleborus thibetanus,0,0,0,0,0,0,0,0,0,0,0,0,0,0,0,0,0,1,0,0,1
heliophile,0,0,0,0,0,0,0,0,0,0,0,0,0,0,1,0,0,0,0,0,1
hierarchical modelling of species communities,0,0,0,0,0,0,0,0,0,0,0,0,0,0,1,0,0,0,0,0,1
hierarchical partitioning,0,0,0,0,0,0,1,0,0,0,0,0,0,0,0,0,0,0,0,0,1
habitat research,0,0,0,0,0,0,0,0,0,0,0,0,0,0,0,0,0,0,0,1,1
high-density city,0,0,0,0,0,0,0,0,0,0,0,0,0,0,0,0,0,1,0,0,1
himalayan ecology,0,0,0,0,0,0,0,0,0,0,0,0,0,0,0,0,1,0,0,0,1
himalaya range,0,0,0,0,0,0,0,0,0,0,0,0,0,0,0,0,0,1,0,0,1
hilsa,0,0,0,0,0,0,0,0,0,0,0,0,0,0,0,0,0,0,0,1,1
hill-climbing,0,0,0,1,0,0,0,0,0,0,0,0,0,0,0,0,0,0,0,0,1
hill diversity profile,0,0,0,0,0,0,0,0,0,0,0,0,0,1,0,0,0,0,0,0,1
hiking trail,0,0,0,0,0,0,0,0,0,0,0,0,0,0,0,0,0,1,0,0,1
highly suitable habitat,0,0,0,0,0,0,0,0,0,0,0,0,0,0,1,0,0,0,0,0,1
highly pathogenic avian influenza,0,0,0,0,0,0,0,0,0,0,0,0,0,0,0,0,0,0,0,1,1
highland malaria,0,0,0,0,0,0,0,0,0,0,1,0,0,0,0,0,0,0,0,0,1
highland barley,0,0,0,0,0,0,0,0,0,0,0,0,0,0,0,0,1,0,0,0,1
high-value diversity areas,0,0,0,0,0,0,0,0,0,1,0,0,0,0,0,0,0,0,0,0,1
high-suitability areas,0,0,0,0,0,0,0,0,0,0,0,0,0,1,0,0,0,0,0,0,1
high-resolution remote sensing images,0,0,0,0,0,0,0,0,0,0,0,0,0,0,0,0,1,0,0,0,1
high-elevation specialist species,0,0,0,0,0,0,0,0,0,0,0,0,0,0,0,0,0,0,1,0,1
high-altitude desert,0,0,0,0,0,0,0,0,0,0,0,0,0,0,0,0,0,0,1,0,1
hierarchical species distribution models,0,0,0,0,0,0,0,0,0,0,0,0,0,0,0,0,0,0,0,1,1
high mountain species,0,0,0,0,0,0,0,0,0,0,0,0,0,1,0,0,0,0,0,0,1
high latitude invader,0,0,0,0,0,0,0,0,0,0,0,0,1,0,0,0,0,0,0,0,1
high latitude,0,0,0,0,0,0,0,0,0,0,0,0,0,0,0,1,0,0,0,0,1
high flow pulses,0,0,0,0,0,0,0,0,0,0,1,0,0,0,0,0,0,0,0,0,1
high elevation habitats,0,0,0,0,0,0,0,0,0,0,0,0,0,0,0,1,0,0,0,0,1
high elevation,0,0,0,0,0,0,0,0,0,0,0,0,0,0,0,1,0,0,0,0,1
high conservation value,0,0,0,0,0,0,0,0,0,0,0,0,0,0,0,0,0,1,0,0,1
high andes,0,0,0,0,0,0,0,0,0,1,0,0,0,0,0,0,0,0,0,0,1
high altitude species,0,0,0,0,0,0,0,0,0,0,0,0,0,0,0,0,0,0,0,1,1
high altitude primates,0,0,0,0,0,0,0,0,0,0,0,0,0,0,0,0,0,1,0,0,1
high altitude landscape,0,0,0,0,0,0,0,0,0,0,0,0,0,0,0,0,0,1,0,0,1
hierodula transcaucasica,0,0,0,0,0,0,0,0,0,0,0,0,0,0,0,0,0,1,0,0,1
hierodula tenuidentata,0,0,0,0,0,0,0,0,0,0,0,0,0,0,0,0,0,1,0,0,1
hierarchical statistical models,0,0,0,0,0,0,0,0,0,1,0,0,0,0,0,0,0,0,0,0,1
helichrysum citrispinum,0,0,0,0,0,0,0,0,0,0,0,0,0,0,0,0,0,1,0,0,1
helianthus annuus,0,0,1,0,0,0,0,0,0,0,0,0,0,0,0,0,0,0,0,0,1
heihe-tengchong line,0,0,0,0,0,0,0,0,0,0,0,0,0,0,0,0,1,0,0,0,1
habitats directive,0,0,0,0,0,0,0,0,0,0,0,0,0,0,0,0,0,0,0,1,1
hairworm,0,0,0,0,0,0,0,0,0,0,1,0,0,0,0,0,0,0,0,0,1
hairtail,0,0,0,0,0,0,0,0,0,0,0,0,0,0,0,0,0,1,0,0,1
hainich national park,0,0,0,0,0,0,0,0,0,0,0,0,0,0,0,0,0,0,0,1,1
hainan island,0,0,0,0,0,0,0,0,0,0,0,0,0,0,0,0,0,0,0,1,1
haida gwaii,0,0,0,0,0,0,0,0,0,0,0,1,0,0,0,0,0,0,0,0,1
haemoproteus,0,0,0,0,0,0,0,0,1,0,0,0,0,0,0,0,0,0,0,0,1
haematoxylum,0,0,0,0,0,0,0,0,0,0,0,0,0,0,0,0,0,0,0,1,1
haematopus palliatus,0,0,0,0,0,0,0,0,0,0,0,1,0,0,0,0,0,0,0,0,1
haematopus bachmani,0,0,0,0,0,0,0,0,0,0,0,1,0,0,0,0,0,0,0,0,1
haemaphysalis spinigera tick,0,0,0,0,0,0,0,0,0,0,0,0,0,0,0,1,0,0,0,0,1
haemaphysalis,0,0,0,0,0,0,0,0,0,0,0,0,0,0,0,0,0,0,1,0,1
haemagogus leucocelaenus,0,0,0,0,0,0,0,0,0,0,0,0,0,1,0,0,0,0,0,0,1
haemagogus,0,0,0,0,0,0,0,0,0,0,0,0,0,1,0,0,0,0,0,0,1
hackberry,0,0,0,0,0,0,0,0,0,0,0,0,0,0,0,0,0,0,0,1,1
habitat-specialist,0,0,0,0,0,0,0,0,0,0,0,0,0,0,0,0,0,1,0,0,1
hedgehogs,0,0,0,0,0,0,0,0,0,0,0,0,0,0,1,0,0,0,0,0,1
habitat variations,0,0,0,0,0,0,0,0,0,0,0,0,0,0,0,0,1,0,0,0,1
habitat types,0,0,0,0,0,0,0,0,0,0,0,0,0,0,1,0,0,0,0,0,1
habitat sustainability,0,0,0,0,0,0,0,0,0,0,0,0,0,0,0,0,0,0,0,1,1
habitat surrogates,0,0,0,0,0,0,0,0,0,0,0,0,1,0,0,0,0,0,0,0,1
habitat suitably range,0,0,0,0,0,0,0,0,0,0,0,0,0,0,0,0,0,0,0,1,1
habitat suitability trends,0,0,0,0,0,0,0,0,0,0,0,0,0,0,0,0,1,0,0,0,1
habitat suitability simulation,0,0,0,0,0,0,0,0,0,0,1,0,0,0,0,0,0,0,0,0,1
habitat suitability overlap,0,0,0,0,0,0,0,0,0,0,0,0,0,0,0,0,0,0,0,1,1
habitat suitability monitoring,0,0,0,0,0,0,0,0,0,0,1,0,0,0,0,0,0,0,0,0,1
habitat suitability index,0,0,0,0,0,0,0,0,0,0,0,0,0,0,0,0,0,0,0,1,1
habitat specialist species,0,0,0,0,0,0,1,0,0,0,0,0,0,0,0,0,0,0,0,0,1
habitat spatial pattern,0,0,0,0,0,0,0,0,0,0,0,0,0,0,0,0,0,0,0,1,1
habitat simulation,0,0,0,0,0,0,0,0,0,0,0,0,0,0,0,0,0,0,0,1,1
habitat resources,0,0,0,0,0,0,1,0,0,0,0,0,0,0,0,0,0,0,0,0,1
haleakala,0,0,0,0,0,0,0,0,0,0,0,0,0,0,0,0,0,1,0,0,1
haliaeetus leucogaster,0,0,0,0,0,0,0,0,0,0,0,0,0,0,0,0,0,0,0,1,1
haliotis rubra,0,0,0,0,0,0,0,0,0,0,0,0,0,0,1,0,0,0,0,0,1
hallasan national park,0,0,0,0,0,0,0,0,0,0,0,0,0,0,0,0,0,1,0,0,1
heavy metals,0,0,0,0,0,0,0,0,0,0,0,0,0,0,0,0,0,0,0,1,1
heatwave,0,0,0,0,0,0,0,0,0,0,0,0,0,0,0,0,0,0,0,1,1
heath star moss,0,0,0,0,0,0,0,0,0,0,0,0,1,0,0,0,0,0,0,0,1
health,0,0,0,0,0,0,0,0,0,0,0,0,0,0,0,0,0,0,0,1,1
headwater catfish,0,0,0,0,0,0,0,0,0,0,0,0,0,0,0,1,0,0,0,0,1
head scalation,0,0,0,0,0,0,0,0,0,0,0,0,0,0,0,0,1,0,0,0,1
hazard rating,0,0,0,0,0,0,0,0,0,0,0,0,0,1,0,0,0,0,0,0,1
hawaiian petrel,0,0,0,0,0,0,0,0,0,0,0,0,0,0,0,0,0,1,0,0,1
hawaiian bottom fishery,0,0,0,0,0,0,0,0,0,0,1,0,0,0,0,0,0,0,0,0,1
hass avocado,0,0,0,0,0,0,0,0,0,0,0,0,0,0,0,1,0,0,0,0,1
harrisonia abyssinica,0,0,0,0,0,0,0,0,0,0,0,0,0,0,0,0,1,0,0,0,1
harmful algae,0,0,0,0,0,0,0,0,1,0,0,0,0,0,0,0,0,0,0,0,1
harlequin ladybird,0,0,0,0,0,0,0,0,0,0,0,0,0,0,0,1,0,0,0,0,1
harlan's red-tailed hawk,0,0,0,0,0,0,0,0,0,0,0,0,0,0,0,1,0,0,0,0,1
hard corals,0,0,0,0,0,0,0,0,0,0,0,0,0,0,0,0,1,0,0,0,1
haplotype diversity,0,0,0,0,0,0,0,0,0,0,0,0,0,0,0,0,0,0,1,0,1
hapalemur alaotrensis,0,0,0,0,1,0,0,0,0,0,0,0,0,0,0,0,0,0,0,0,1
hants,0,0,0,0,0,0,0,0,0,0,1,0,0,0,0,0,0,0,0,0,1
hantavirus,0,0,0,0,0,0,0,0,0,0,0,0,0,0,0,0,0,0,0,1,1
hangzhou bay,0,0,0,0,0,0,0,0,0,0,0,0,0,0,0,0,0,0,0,1,1
hanges in vegetation cover,0,0,0,0,0,0,0,0,0,0,0,0,0,0,0,0,0,0,1,0,1
handleyomys chapmani,0,0,0,0,0,0,0,0,0,0,0,0,0,0,0,1,0,0,0,0,1
handeliodendron bodinieri,0,0,0,0,0,0,0,0,0,0,0,0,0,0,0,0,0,1,0,0,1
hand,0,0,0,0,0,0,0,0,0,0,1,0,0,0,0,0,0,0,0,0,1
hammerhead shark,0,0,0,0,0,0,0,0,0,0,0,0,0,0,0,0,1,0,0,0,1
hamamelidaceae,0,0,0,0,0,0,0,0,0,0,0,0,0,0,0,0,1,0,0,0,1
haloxylon salicornicum,0,0,0,0,0,0,0,0,0,0,0,0,0,0,0,0,0,0,0,1,1
haloxylon ammodendron bunge,0,0,0,0,0,0,0,0,0,0,0,0,0,1,0,0,0,0,0,0,1
halophytic,0,0,0,0,0,0,0,0,0,0,0,0,0,0,0,0,0,0,1,0,1
gordiida,0,0,0,0,0,0,0,0,0,0,1,0,0,0,0,0,0,0,0,0,1
gordian worm,0,0,0,0,0,0,0,0,0,0,1,0,0,0,0,0,0,0,0,0,1
goral,0,0,0,0,0,1,0,0,0,0,0,0,0,0,0,0,0,0,0,0,1
future climate change scenarios,0,0,0,0,0,0,0,0,0,0,0,0,0,0,0,0,0,0,0,1,1
fuzzy similarity,0,0,0,0,0,0,0,0,0,0,0,0,0,0,0,0,0,0,1,0,1
fuzzy model,0,0,0,0,0,1,0,0,0,0,0,0,0,0,0,0,0,0,0,0,1
fuzzy matter element model (fme),0,0,0,0,0,0,0,0,0,0,0,0,0,0,0,1,0,0,0,0,1
fuzzy mathematics and bayesian network model (fbm),0,0,0,0,0,0,0,0,0,0,0,0,0,0,0,1,0,0,0,0,1
fuzzy intersection,0,0,0,0,0,0,0,0,0,0,0,0,0,0,0,0,0,0,1,0,1
fuzzy global matching,0,0,0,0,0,0,0,0,0,0,0,0,1,0,0,0,0,0,0,0,1
fuzzy approach,0,0,0,0,0,0,0,0,0,0,0,0,0,0,0,0,0,0,0,1,1
futuro,0,0,0,0,0,0,0,0,0,0,0,0,0,0,0,0,0,0,1,0,1
future threats,0,0,0,0,0,0,0,0,0,0,0,0,0,0,0,0,1,0,0,0,1
future risk,0,0,0,0,0,0,0,0,0,0,0,0,0,0,0,1,0,0,0,0,1
future invasive trends,0,0,0,0,0,0,0,0,0,0,0,0,0,0,0,1,0,0,0,0,1
future habitat shifts,0,0,0,0,0,0,0,0,0,0,0,0,0,0,0,0,0,0,0,1,1
future climatic niche,0,0,0,0,0,0,0,1,0,0,0,0,0,0,0,0,0,0,0,0,1
future climate projections,0,0,0,0,0,0,0,0,0,0,0,0,0,0,0,0,0,0,0,1,1
fuscopannaria leucosticta,0,0,0,0,0,0,0,0,0,0,0,0,0,0,0,0,1,0,0,0,1
gabbro,0,0,0,0,0,1,0,0,0,0,0,0,0,0,0,0,0,0,0,0,1
fusconaia askewi,0,0,0,0,0,0,0,0,0,0,0,1,0,0,0,0,0,0,0,0,1
fusarium oxysporum,0,0,0,0,0,0,0,0,0,0,0,0,0,0,0,0,0,1,0,0,1
fusarium head blight,0,0,0,0,0,0,0,0,0,0,0,0,0,0,0,0,0,0,0,1,1
fusarium circinatum,0,0,0,0,0,0,0,0,0,0,0,0,0,0,0,0,0,0,0,1,1
furnariidae,0,0,0,0,0,0,0,0,0,0,0,0,0,1,0,0,0,0,0,0,1
fungus beetle,0,0,0,1,0,0,0,0,0,0,0,0,0,0,0,0,0,0,0,0,1
fungal metabarcoding,0,0,0,0,0,0,0,0,0,0,0,0,0,0,0,0,0,1,0,0,1
fungal fruiting bodies,0,0,0,0,0,0,0,0,0,1,0,0,0,0,0,0,0,0,0,0,1
fungal ecology,0,0,0,0,0,0,0,0,0,0,0,0,0,0,0,0,0,0,0,1,1
fungal diseases,0,0,0,0,0,0,0,0,0,0,0,0,0,0,0,0,1,0,0,0,1
fundulus diaphanus,0,0,0,0,0,0,0,0,0,0,0,0,0,0,0,0,0,0,1,0,1
fundao dam breach,0,0,0,0,0,0,0,0,0,0,0,0,0,0,0,0,0,0,0,1,1
functionality,0,0,0,0,0,0,0,0,0,0,0,0,0,0,1,0,0,0,0,0,1
functional food,0,0,0,0,0,0,0,0,0,0,0,1,0,0,0,0,0,0,0,0,1
fynbos,0,0,0,0,0,0,0,0,0,0,0,0,0,1,0,0,0,0,0,0,1
gadfly petrel,0,0,0,0,0,0,0,0,0,0,0,0,0,0,0,0,0,1,0,0,1
gopherus berlandieri,0,0,0,0,0,0,0,0,0,0,0,0,0,0,0,0,0,0,1,0,1
gazella bennettii,0,0,0,0,0,0,0,0,0,0,0,0,0,0,0,0,0,0,1,0,1
gelechiidae,0,0,0,0,0,0,0,0,0,0,0,0,0,0,0,0,0,0,1,0,1
gelada,0,0,0,0,0,0,0,0,0,0,0,0,0,0,0,0,0,0,1,0,1
gekkonidae,0,0,0,1,0,0,0,0,0,0,0,0,0,0,0,0,0,0,0,0,1
gekko reevesii,0,0,0,0,0,0,0,0,1,0,0,0,0,0,0,0,0,0,0,0,1
gekko gecko,0,0,0,0,0,0,0,0,1,0,0,0,0,0,0,0,0,0,0,0,1
gedi,0,0,0,0,0,0,0,0,0,0,0,0,0,0,1,0,0,0,0,0,1
geater khingan mountains,0,0,0,0,0,0,0,0,0,0,0,0,0,0,0,0,1,0,0,0,1
gdm,0,0,0,0,0,0,0,0,0,0,0,0,0,1,0,0,0,0,0,0,1
gbrmp,0,0,0,0,0,0,0,0,0,0,0,0,0,0,0,0,0,0,1,0,1
gbr,0,0,0,0,0,0,0,0,0,0,0,0,0,0,0,0,0,0,0,1,1
gbm,0,0,0,0,0,0,0,0,0,0,0,0,0,0,0,0,0,0,0,1,1
gbif database,0,0,0,0,0,0,0,0,0,0,0,0,0,0,0,0,0,0,1,0,1
gazelle,0,0,0,0,0,0,1,0,0,0,0,0,0,0,0,0,0,0,0,0,1
gazella subgutturosa,0,0,0,0,0,0,0,0,0,0,0,0,0,0,0,0,0,0,1,0,1
gaussian random field model,0,0,0,0,0,0,0,0,0,0,0,0,0,0,0,0,0,1,0,0,1
gadopsis bispinosus,0,0,0,0,0,0,0,0,1,0,0,0,0,0,0,0,0,0,0,0,1
gaussian random field,0,0,0,0,1,0,0,0,0,0,0,0,0,0,0,0,0,0,0,0,1
gaussian niche,0,0,0,0,0,0,0,0,0,0,0,0,0,0,0,0,1,0,0,0,1
gaussian kernel distributions,0,0,0,0,0,0,0,0,0,0,0,0,0,0,1,0,0,0,0,0,1
gato tigre,0,0,0,0,0,0,0,0,0,0,0,0,0,0,0,0,0,0,1,0,1
gastrointestinal nematodes,0,0,0,0,0,0,0,0,0,0,0,0,0,0,1,0,0,0,0,0,1
gaoligong mountains,0,0,0,0,0,0,0,0,0,0,1,0,0,0,0,0,0,0,0,0,1
gansu province,0,0,0,0,0,0,0,0,0,0,0,0,0,0,0,0,1,0,0,0,1
gandaki river basin,0,0,0,0,0,0,0,0,0,0,0,0,0,0,0,0,0,0,0,1,1
game theory,0,0,0,0,0,0,0,0,0,0,0,0,0,0,0,1,0,0,0,0,1
gambusia affinis,0,0,0,0,0,0,0,0,0,0,0,0,0,0,0,0,0,0,1,0,1
gallery forests,0,0,0,0,0,0,0,0,0,0,1,0,0,0,0,0,0,0,0,0,1
galinsoga,0,0,0,0,0,0,0,0,0,0,0,0,0,0,0,0,1,0,0,0,1
galeruca daurica,0,0,0,0,0,0,0,0,0,0,0,0,0,0,0,0,0,0,0,1,1
galaxiid,0,0,0,0,0,0,0,0,0,0,0,0,0,0,0,0,0,0,0,1,1
functional factors,0,0,0,0,0,0,0,0,0,0,0,0,0,1,0,0,0,0,0,0,1
functional corridor,0,0,0,0,0,0,0,0,0,0,0,0,1,0,0,0,0,0,0,0,1
functional accuracy,0,0,0,0,0,0,0,0,0,0,0,0,0,0,0,1,0,0,0,0,1
forest-savanna transition,0,0,0,0,0,0,0,0,0,0,0,0,0,0,0,0,1,0,0,0,1
fragilariopsis kerguelensis,0,0,0,0,0,0,0,0,1,0,0,0,0,0,0,0,0,0,0,0,1
fractals,0,0,0,0,0,0,0,1,0,0,0,0,0,0,0,0,0,0,0,0,1
foxes,0,0,0,0,0,0,0,0,0,0,0,0,0,0,0,0,0,0,0,1,1
fox's rule,0,0,0,0,0,0,0,0,0,0,0,0,0,0,0,0,0,0,1,0,1
four-toed salamander,0,0,0,0,0,0,0,0,0,0,0,0,0,0,0,0,1,0,0,0,1
fouling,0,0,0,0,0,0,0,0,0,0,0,0,0,0,0,0,0,0,1,0,1
fossoriality,0,0,0,0,0,0,0,0,0,0,0,0,0,0,0,0,0,0,0,1,1
fossorial,0,0,0,0,0,0,0,0,0,0,0,0,0,0,0,0,0,0,1,0,1
fossil record,0,0,0,0,0,0,0,0,0,0,0,1,0,0,0,0,0,0,0,0,1
foshan,0,0,0,0,0,0,0,0,0,0,0,1,0,0,0,0,0,0,0,0,1
forests,0,0,0,0,0,0,1,0,0,0,0,0,0,0,0,0,0,0,0,0,1
forested wetlands,0,0,0,0,0,0,0,0,0,0,0,0,0,0,0,0,1,0,0,0,1
forested habitat management,0,0,0,0,0,0,0,1,0,0,0,0,0,0,0,0,0,0,0,0,1
forestclim,0,0,0,0,0,0,0,0,0,0,0,0,0,0,0,0,0,1,0,0,1
forest-dwelling lizard,0,0,0,0,0,0,0,0,0,0,0,0,0,0,0,0,1,0,0,0,1
function zoning of nature reserve,0,0,0,0,0,0,0,0,0,0,0,0,0,0,0,0,0,1,0,0,1
forest-based bioenergy,0,0,0,0,0,0,0,0,0,0,0,1,0,0,0,0,0,0,0,0,1
forest vegetation types,0,0,0,0,0,0,0,0,0,0,0,0,0,0,0,0,0,1,0,0,1
forest understorey,0,0,0,0,0,0,0,0,0,0,0,0,0,0,0,0,0,1,0,0,1
forest undergrowth plants,0,0,0,0,0,0,0,0,0,0,0,0,0,1,0,0,0,0,0,0,1
forest trees,0,0,0,0,0,0,0,0,0,0,0,0,0,0,0,0,0,0,0,1,1
forest stand,0,0,0,0,0,0,0,0,0,0,0,0,0,0,0,0,0,0,0,1,1
forest species,0,0,0,0,0,0,0,0,0,0,0,0,0,0,0,0,0,0,0,1,1
forest resilience strategies,0,0,0,0,0,0,0,0,0,0,0,0,0,0,0,0,0,0,0,1,1
forest resilience,0,0,0,0,0,0,0,0,0,0,0,0,0,0,0,0,0,0,0,1,1
forest refuge hypothesis,0,0,0,0,0,0,0,0,0,0,0,0,0,1,0,0,0,0,0,0,1
forest productivity,0,0,0,0,0,0,0,0,0,0,0,0,0,0,0,0,0,0,1,0,1
forest population dynamics,0,0,0,0,0,0,0,0,0,0,0,0,0,0,0,0,0,0,0,1,1
forest policy,0,0,0,0,0,0,0,0,0,0,0,0,1,0,0,0,0,0,0,0,1
forest plants,0,0,0,0,0,0,0,0,0,0,0,0,0,0,1,0,0,0,0,0,1
fragmented habitat,0,0,0,0,0,0,0,0,0,0,0,0,0,0,0,1,0,0,0,0,1
fragmented populations,0,0,0,0,0,0,0,0,0,1,0,0,0,0,0,0,0,0,0,0,1
france,0,0,0,0,0,0,1,0,0,0,0,0,0,0,0,0,0,0,0,0,1
frankliniella occidentalis (pergande),0,0,0,0,0,0,0,0,0,0,0,0,0,0,0,0,0,1,0,0,1
full model hypothesis,0,0,0,0,0,0,0,0,0,0,0,0,0,0,0,0,0,0,0,1,1
fujian province,0,0,0,0,0,0,0,0,0,0,0,0,0,0,0,0,1,0,0,0,1
fucoid,0,0,0,0,0,0,0,0,0,0,0,0,0,1,0,0,0,0,0,0,1
fruit tree,0,0,0,0,0,0,0,0,0,0,0,0,0,0,1,0,0,0,0,0,1
fruit selection index,0,0,0,0,0,0,0,0,0,0,0,0,0,0,1,0,0,0,0,0,1
fruit production,0,0,0,0,0,0,0,0,0,0,0,0,0,1,0,0,0,0,0,0,1
fruit flies,0,0,0,0,1,0,0,0,0,0,0,0,0,0,0,0,0,0,0,0,1
frugivory,0,0,0,0,0,1,0,0,0,0,0,0,0,0,0,0,0,0,0,0,1
frugivorous,0,0,0,0,0,0,1,0,0,0,0,0,0,0,0,0,0,0,0,0,1
front map,0,0,0,0,0,0,0,0,0,0,1,0,0,0,0,0,0,0,0,0,1
fritillaria roylei,0,0,0,0,0,0,0,0,0,0,0,0,0,0,0,0,0,1,0,0,1
fritillaria imperialis,0,0,0,0,0,0,0,0,0,0,0,0,0,0,0,0,0,0,1,0,1
friction,0,0,0,0,0,0,0,0,0,0,0,0,1,0,0,0,0,0,0,0,1
freshwater turtle community,0,0,0,0,0,0,0,0,0,0,0,0,0,0,1,0,0,0,0,0,1
freshwater species,0,0,0,0,0,0,0,0,0,0,0,0,0,1,0,0,0,0,0,0,1
freshwater management,0,0,0,0,0,0,0,0,0,0,0,1,0,0,0,0,0,0,0,0,1
freshwater macroinvertebrates,0,0,0,0,0,0,0,0,0,0,0,0,0,0,0,0,0,1,0,0,1
freshwater habitat modelling,0,0,0,0,0,0,0,0,0,0,0,0,0,0,0,1,0,0,0,0,1
freshwater ecosystems conservation,0,0,0,0,0,0,0,0,0,0,0,0,0,0,0,0,0,0,0,1,1
freshwater ecology,0,0,0,0,0,0,0,0,0,0,0,0,0,0,0,0,0,0,0,1,1
freshwater conservation planning,0,0,0,0,0,0,0,0,0,0,0,0,0,0,0,0,1,0,0,0,1
freshwater catchment,0,0,0,0,0,0,0,0,0,0,0,0,0,0,0,0,0,0,0,1,1
freshwater biodiversity conservation,0,0,0,0,0,0,0,0,0,0,0,0,0,0,0,1,0,0,0,0,1
freshwater algae,0,0,0,0,0,0,0,0,0,0,1,0,0,0,0,0,0,0,0,0,1
frequency ratio,0,0,0,0,0,0,0,0,0,0,0,0,0,1,0,0,0,0,0,0,1
frequency,0,0,0,0,0,0,0,0,0,0,0,0,0,0,1,0,0,0,0,0,1
french alps,0,0,0,0,0,0,0,0,0,0,0,0,0,0,0,0,0,0,1,0,1
free software,0,0,0,0,0,0,0,0,0,0,0,0,0,0,0,1,0,0,0,0,1
fraxinus mandshurica,0,0,0,0,0,0,0,0,0,1,0,0,0,0,0,0,0,0,0,0,1
gene differential expression,0,0,0,0,0,0,0,0,0,0,0,0,0,0,0,0,1,0,0,0,1
gene pools,0,0,0,0,0,0,0,0,0,0,0,0,0,1,0,0,0,0,0,0,1
genebank,0,0,0,0,0,0,0,0,0,1,0,0,0,0,0,0,0,0,0,0,1
glacier surges,0,0,0,0,0,0,0,0,0,1,0,0,0,0,0,0,0,0,0,0,1
global sensitivity and uncertainty analysis (gsua),0,0,0,0,0,0,0,0,0,0,0,0,0,0,0,0,0,0,1,0,1
global sensitivity analysis,0,0,0,0,0,0,0,0,1,0,0,0,0,0,0,0,0,0,0,0,1
global scale,0,0,0,0,0,0,0,0,0,0,0,0,0,0,0,0,0,0,0,1,1
global risk assessment,0,0,0,0,0,0,0,0,0,0,0,0,0,0,0,0,0,0,0,1,1
global invasive tree species,0,0,0,0,0,0,0,0,0,0,0,0,0,0,0,0,1,0,0,0,1
global invader,0,0,0,0,0,0,0,0,0,0,0,0,0,0,0,0,1,0,0,0,1
global human influence index,0,0,0,0,0,0,0,0,0,0,0,0,0,0,0,0,1,0,0,0,1
global cultivation potential,0,0,0,0,1,0,0,0,0,0,0,0,0,0,0,0,0,0,0,0,1
global change scenarios,0,0,0,0,0,0,0,1,0,0,0,0,0,0,0,0,0,0,0,0,1
global biomes,0,0,0,0,0,0,0,0,0,0,0,0,0,0,0,1,0,0,0,0,1
global biodiversity monitoring,0,0,0,0,0,0,0,0,0,0,0,0,0,0,0,1,0,0,0,0,1
global biodiversity,0,0,0,0,0,0,0,0,0,0,0,0,0,0,1,0,0,0,0,0,1
glaucidium passerinum,0,0,0,0,0,0,0,0,0,0,0,0,0,0,0,0,1,0,0,0,1
glass sponge,0,0,0,0,0,0,0,0,0,0,0,0,0,0,0,1,0,0,0,0,1
glacial-interglacial cycles,0,0,0,0,0,0,0,0,0,0,1,0,0,0,0,0,0,0,0,0,1
giant salamanders,0,0,0,0,0,0,0,0,0,0,0,0,0,0,0,0,0,0,0,1,1
glacial relict,0,0,0,0,0,0,0,1,0,0,0,0,0,0,0,0,0,0,0,0,1
glacial oscillations,0,0,0,0,0,0,0,0,0,0,0,0,0,0,0,0,0,1,0,0,1
glacial,0,0,1,0,0,0,0,0,0,0,0,0,0,0,0,0,0,0,0,0,1
gis-overlay,0,0,0,0,0,0,0,0,0,0,0,0,0,1,0,0,0,0,0,0,1
gis-based precision agriculture,0,0,0,0,0,0,0,0,0,0,0,0,0,0,0,0,0,0,0,1,1
gis tools,0,0,0,0,0,0,0,0,0,0,0,0,0,0,1,0,0,0,0,0,1
gis applications,0,0,0,0,0,0,0,0,0,0,0,0,0,0,0,0,0,0,0,1,1
gis and remote sensing,0,0,0,0,0,0,0,0,0,0,0,0,0,0,0,0,1,0,0,0,1
gis analysis,0,0,0,0,0,0,0,0,0,0,0,0,0,0,0,1,0,0,0,0,1
ginkgo fruit,0,0,0,0,0,0,0,0,0,0,0,0,0,0,0,0,0,1,0,0,1
gilan,0,0,0,0,0,0,0,0,0,0,0,0,0,0,0,0,0,0,1,0,1
gila monster,0,0,0,0,0,0,0,0,0,0,0,0,0,0,0,0,0,0,0,1,1
gif ridge,0,0,0,0,0,0,0,0,1,0,0,0,0,0,0,0,0,0,0,0,1
gica,0,0,0,0,0,0,0,0,0,0,0,0,0,0,0,0,0,0,1,0,1
global suitability habitat,0,0,0,0,0,0,0,0,0,0,0,0,0,0,0,0,0,0,0,1,1
global suitable areas,0,0,0,0,0,0,0,0,0,0,0,0,0,0,0,0,0,1,0,0,1
global threat,0,0,0,0,0,0,0,0,0,0,0,0,0,0,0,0,0,0,0,1,1
global wheat cultivation,0,0,0,0,0,0,0,0,0,0,0,0,0,0,0,0,0,0,1,0,1
gopher tortoise,0,0,0,0,0,0,0,0,0,0,0,0,0,0,0,0,0,0,1,0,1
googleearth images,0,0,0,0,0,0,0,1,0,0,0,0,0,0,0,0,0,0,0,0,1
goodness-of-fit,0,0,0,0,0,1,0,0,0,0,0,0,0,0,0,0,0,0,0,0,1
gondwana rainforest,0,0,0,0,0,0,0,0,0,0,0,0,0,0,0,0,0,1,0,0,1
gonarezhou national park,0,0,0,0,0,0,0,0,0,0,0,0,0,0,0,0,0,1,0,0,1
golfo dulce,0,0,0,0,0,0,0,0,0,0,0,0,0,0,0,0,0,1,0,0,1
golden mussel,0,0,0,0,1,0,0,0,0,0,0,0,0,0,0,0,0,0,0,0,1
goji,0,0,0,0,0,0,0,0,0,0,0,0,0,0,0,0,0,0,0,1,1
goitered gazelle,0,0,0,0,0,0,0,0,0,0,1,0,0,0,0,0,0,0,0,0,1
goblin's gold,0,0,0,0,0,0,0,0,0,0,0,0,0,0,0,0,0,1,0,0,1
goat,0,0,0,0,0,0,0,0,0,0,0,0,0,0,0,0,1,0,0,0,1
gnn-sdm,0,0,0,0,0,0,0,0,0,0,0,0,0,0,0,0,0,0,0,1,1
gnn,0,0,0,0,0,0,0,0,0,1,0,0,0,0,0,0,0,0,0,0,1
gnetum,0,0,0,0,0,0,0,0,0,0,0,0,1,0,0,0,0,0,0,0,1
gnetales,0,0,0,0,0,0,0,0,0,0,0,0,0,0,0,0,1,0,0,0,1
gnesfa,0,0,0,0,0,0,0,0,0,0,0,0,0,0,0,0,1,0,0,0,1
glyptostrobus pensilis,0,0,0,0,0,0,0,0,0,0,0,0,0,0,0,1,0,0,0,0,1
glyptemys insculpta,0,0,0,0,0,0,0,0,0,0,0,0,0,0,0,0,0,0,0,1,1
glyphosate,0,0,0,0,0,0,0,0,0,0,0,1,0,0,0,0,0,0,0,0,1
glycine max,0,0,0,0,0,0,0,0,0,0,0,0,0,0,0,0,1,0,0,0,1
glycine,0,0,0,0,0,0,0,0,1,0,0,0,0,0,0,0,0,0,0,0,1
glycaspis brimblecombei,0,0,0,0,0,0,0,0,0,0,0,0,1,0,0,0,0,0,0,0,1
gluta travancorica,0,0,0,0,0,0,0,0,0,0,0,0,0,0,0,0,1,0,0,0,1
glrav-3,0,0,0,0,0,0,0,0,0,0,0,0,0,0,0,0,0,0,0,1,1
gloydius snake,0,0,0,0,0,0,0,0,0,0,0,0,0,0,0,0,0,1,0,0,1
glowing protonema,0,0,0,0,0,0,0,0,0,0,0,0,0,0,0,0,0,1,0,0,1
gloger's rule,0,0,0,0,0,0,0,0,0,0,0,0,0,0,0,0,0,1,0,0,1
globcover,0,0,0,0,0,0,0,0,0,0,0,0,0,0,0,0,0,1,0,0,1
globally endangered species,0,0,0,0,0,0,0,0,0,0,0,0,0,0,0,0,0,1,0,0,1
gibbs point process,0,0,0,0,0,0,0,0,0,0,0,0,1,0,0,0,0,0,0,0,1
giant river prawn,0,0,0,0,0,1,0,0,0,0,0,0,0,0,0,0,0,0,0,0,1
general climate models,0,0,0,0,0,0,0,0,0,0,0,0,0,0,0,0,0,1,0,0,1
genetic drift,0,0,0,0,0,0,0,0,0,0,0,1,0,0,0,0,0,0,0,0,1
geodiversity,0,0,0,0,0,0,0,0,0,0,0,0,0,0,0,0,0,0,1,0,1
geodatabases,0,0,0,0,0,0,0,0,0,0,0,0,0,0,1,0,0,0,0,0,1
geocat,0,0,0,0,0,0,0,0,0,0,0,0,0,0,0,0,0,0,0,1,1
geo-information,0,0,0,0,0,0,0,0,0,0,0,0,0,0,0,1,0,0,0,0,1
gentiana rhodantha,0,0,0,0,0,0,0,0,0,0,0,0,0,0,0,0,0,1,0,0,1
genotype,0,0,0,0,0,1,0,0,0,0,0,0,0,0,0,0,0,0,0,0,1
genome skimming,0,0,0,0,0,0,0,0,0,0,0,0,0,0,0,0,0,0,1,0,1
genome size,0,0,0,0,0,0,0,0,0,0,0,0,0,0,0,0,1,0,0,0,1
genetica del paisaje,0,0,0,0,0,0,0,0,0,0,0,0,0,0,0,0,0,1,0,0,1
genetic resources,0,0,0,0,0,0,0,0,0,0,0,0,0,0,0,1,0,0,0,0,1
genetic programming,0,0,0,0,0,0,0,0,0,0,0,0,0,0,1,0,0,0,0,0,1
genetic neighborhood,0,0,0,0,0,0,0,0,0,0,1,0,0,0,0,0,0,0,0,0,1
genetic markers,0,0,0,0,0,0,0,0,0,1,0,0,0,0,0,0,0,0,0,0,1
genetic lineage,0,0,0,0,0,0,0,0,0,0,0,0,0,1,0,0,0,0,0,0,1
genetic control,0,0,0,0,0,0,0,0,1,0,0,0,0,0,0,0,0,0,0,0,1
giant hogweed,0,0,0,0,0,0,0,0,0,0,0,0,0,0,0,0,1,0,0,0,1
genetic consequence,0,0,0,0,0,0,0,0,0,0,0,0,0,0,0,0,0,1,0,0,1
genetic clusters,0,0,0,0,0,0,0,0,0,1,0,0,0,0,0,0,0,0,0,0,1
generalized regression,0,0,0,0,0,0,0,0,0,0,0,0,1,0,0,0,0,0,0,0,1
generalized linear modeling,0,0,0,0,0,0,0,0,0,0,0,0,0,0,0,1,0,0,0,0,1
generalized linear model with elastic-net reg-ularization,0,0,0,0,0,0,0,0,0,0,0,0,0,0,0,0,0,1,0,0,1
generalized linear mixed models,0,0,0,0,0,0,0,1,0,0,0,0,0,0,0,0,0,0,0,0,1
generalized functional response,0,0,0,0,0,0,0,1,0,0,0,0,0,0,0,0,0,0,0,0,1
generalized boosted regression model,0,0,0,0,0,0,0,0,0,0,0,0,0,0,0,0,0,0,0,1,1
generalized boosted models,0,0,0,0,0,0,0,0,0,0,0,0,0,0,0,1,0,0,0,0,1
generalized additive model with null-space,0,0,0,0,0,0,0,0,0,0,0,0,0,0,0,0,0,1,0,0,1
generalization,0,0,0,0,0,0,0,0,0,0,0,0,1,0,0,0,0,0,0,0,1
generalist species,0,0,0,0,0,0,0,0,0,0,0,0,0,0,0,1,0,0,0,0,1
generalised dissimilarity modelling,0,0,0,0,0,0,1,0,0,0,0,0,0,0,0,0,0,0,0,0,1
generalised boosted model (gbm),0,0,0,1,0,0,0,0,0,0,0,0,0,0,0,0,0,0,0,0,1
geoffroea decorticans,0,0,0,0,0,0,0,0,0,0,0,0,0,0,1,0,0,0,0,0,1
geographic distance,0,0,0,0,0,0,0,1,0,0,0,0,0,0,0,0,0,0,0,0,1
geographic filtering,0,0,0,0,0,0,0,0,0,0,0,0,0,0,1,0,0,0,0,0,1
geographic information systems (gis),0,0,0,0,0,0,0,0,0,0,0,0,0,0,0,1,0,0,0,0,1
ghaf tree,0,0,0,0,0,0,0,0,0,0,0,0,0,0,0,0,1,0,0,0,1
geum radiatum,0,0,0,0,0,0,0,0,0,0,0,0,0,0,0,1,0,0,0,0,1
germplasm bank,0,0,0,0,0,0,0,0,0,0,0,0,0,0,0,0,0,0,0,1,1
germination phenology,0,0,0,0,0,0,0,0,0,0,0,1,0,0,0,0,0,0,0,0,1
germination,0,0,0,0,0,0,0,0,0,1,0,0,0,0,0,0,0,0,0,0,1
gerbil,0,0,0,0,0,0,0,0,0,0,0,0,0,0,0,0,0,0,0,1,1
geotechnology,0,0,0,0,0,0,0,0,0,0,0,0,0,0,0,1,0,0,0,0,1
geospatial risk analysis,0,0,0,0,0,0,0,0,0,0,0,0,0,0,0,0,0,0,1,0,1
geospatial model,0,0,0,0,0,0,0,0,0,0,0,0,0,1,0,0,0,0,0,0,1
geospatial informatics,0,0,0,0,0,0,0,0,0,0,0,0,0,0,0,0,0,0,0,1,1
geospatial approach,0,0,0,0,0,0,0,0,0,0,0,0,0,0,0,0,0,0,0,1,1
geosocial data,0,0,0,0,0,0,0,0,0,0,0,0,0,0,0,1,0,0,0,0,1
georgia,0,0,0,0,0,0,0,0,0,0,1,0,0,0,0,0,0,0,0,0,1
george washington national forest,0,0,0,0,0,0,0,0,0,0,0,0,0,0,1,0,0,0,0,0,1
georeference,0,0,0,0,0,0,0,0,0,0,0,0,1,0,0,0,0,0,0,0,1
geomyces destructans,0,0,0,0,0,0,1,0,0,0,0,0,0,0,0,0,0,0,0,0,1
geomorphic disturbance models,0,0,0,0,0,0,0,0,0,0,0,0,1,0,0,0,0,0,0,0,1
geometric morphometric,0,0,0,0,0,0,0,0,0,0,0,0,0,0,1,0,0,0,0,0,1
geometric morphology,0,0,0,0,0,0,0,0,0,0,0,0,0,0,0,0,0,0,0,1,1
geological uplift,0,0,0,0,0,0,0,0,0,0,0,0,0,0,1,0,0,0,0,0,1
geolocator,0,0,0,0,0,0,0,0,0,0,0,0,1,0,0,0,0,0,0,0,1
geographical species distribution,0,0,0,0,0,0,0,0,0,1,0,0,0,0,0,0,0,0,0,0,1
geographical indications,0,0,0,0,0,0,0,0,0,0,0,0,0,0,0,0,0,0,0,1,1
geographical expansion,0,0,0,0,0,0,0,0,0,0,0,0,0,0,0,0,1,0,0,0,1
geographical distribution centroids,0,0,0,0,0,0,0,0,0,0,0,0,0,0,0,0,1,0,0,0,1
geographical detector,0,0,0,0,0,0,0,0,0,0,0,0,0,0,0,0,0,1,0,0,1
geographical boundary,0,0,0,0,0,0,0,0,0,0,1,0,0,0,0,0,0,0,0,0,1
geographical barriers,0,0,0,0,0,1,0,0,0,0,0,0,0,0,0,0,0,0,0,0,1
geographic similarity,0,0,0,0,0,0,0,0,0,0,0,0,0,0,0,0,0,0,0,1,1
zygoptera,0,0,0,0,0,0,0,0,0,0,0,0,1,0,0,0,0,0,0,0,1
