1172	3152	7
1172	3210	4
1172	3488	1
1172	3644	3
1172	7147	14
1172	10593	2
1172	10714	3
1172	12085	40
1172	13383	4
1172	13388	1
1172	13392	1
1172	14379	1
1172	14380	10
1172	14383	9
1172	14384	1
1172	14386	2
1172	14387	29
1172	14391	2
1172	14392	4
1172	16175	9
1172	16201	15
1172	16206	8
1172	18423	17
1172	19152	5
1172	19341	5
1172	20122	1
1172	20242	1
1172	20246	1
1172	20990	4
1172	25140	7
1172	25317	2
1172	26170	4
1172	26375	1
1172	26990	45
1172	27039	2
1172	27626	2
1172	27627	1
1172	27628	2
1172	27848	7
1172	28093	1
1172	28945	2
1172	29580	5
1172	32088	7
1172	35184	4
1172	38241	14
1172	40091	2
1172	41860	46
1172	44304	1
1172	47260	3
1172	48372	12
1172	48382	2
1172	50134	2
1172	51545	43
1172	51547	26
1172	51548	36
1172	51549	20
1172	51551	13
1172	51552	18
1172	52158	8
1172	53635	11
1172	56191	3
1172	56224	1
1172	56287	1
1172	56307	36
1172	56861	2
1172	56926	1
1172	56929	2
1172	58110	3
1172	58115	3
1172	58507	2
1172	58518	7
1172	58525	13
1172	58776	7
1172	59086	16
1172	59088	11
1172	62907	1
1172	64221	1
1172	66486	7
1172	66488	2
1172	66490	4
1172	66527	2
1172	67217	7
1172	68312	11
1172	68396	34
1172	68398	12
1172	68400	29
1172	68401	3
1172	68404	4
1172	68406	6
1172	68410	14
1172	68412	2
1172	68433	2
1172	70746	12
1172	71039	2
1172	73198	3
1172	73202	6
1172	73671	2
1172	73970	7
1172	74891	32
1172	74893	4
1172	74897	9
1172	74948	1
1172	75383	4
1172	75385	8
1172	75390	6
1172	75394	6
1172	78898	10
1172	82096	3
1172	82282	1
1172	82677	2
1172	83285	7
1172	83287	3
1172	83291	3
1172	83294	5
1172	85055	2
1172	86855	4
1172	88020	1
1172	91205	2
1172	93730	6
1172	93869	11
1172	98159	7
1172	99310	20
1172	99311	5
1172	99313	6
1172	99314	4
1172	100323	18
1172	100324	8
1172	100570	3
1172	100572	2
1172	104803	10
1172	105743	16
1172	109109	5
1172	109111	5
1172	110357	6
1172	110359	4
1172	110825	5
1172	111412	2
1172	114069	1
1172	114358	1
1172	115032	3
1172	116330	1
1172	117232	1
1172	117235	2
1172	118646	5
1172	119089	5
1172	122612	2
1172	123932	2
1172	125582	6
1172	125584	3
1172	126526	7
1172	126533	2
1172	126556	1
1172	126613	12
1172	126614	3
1172	126618	3
1172	126621	7
1172	126742	1
1172	128011	9
1172	128033	2
1172	128035	1
1172	128048	3
1172	128071	3
1172	128084	2
1172	128087	1
1172	128239	2
1172	128241	1
1172	128751	4
1172	128797	39
1172	128804	16
1172	128807	17
1172	128810	2
1172	128817	4
1172	131373	24
1172	132293	4
1172	133004	5
1172	133030	1
1172	133655	2
1172	133832	3
1172	133861	2
1172	134851	6
1172	135730	1
1172	136689	6
1172	136690	1
1172	138406	4
1172	138619	5
1172	139192	5
1172	139959	1
1172	140876	3
1172	144271	4
1172	145508	1
1172	146643	10
1172	146644	1
1172	147535	3
1172	152096	5
1172	152099	10
1172	152101	6
1172	154993	4
1172	155002	9
1172	155061	7
1172	157133	18
1172	157217	2
1172	159998	7
1172	160536	7
1172	160539	3
1172	160542	8
1172	160545	4
1172	160546	1
1172	160547	3
1172	160554	2
1172	160555	16
1172	162733	5
1172	164734	3
1172	165553	3
1172	165677	1
1172	165889	4
1172	166074	1
1172	166580	3
1172	169119	3
1172	170847	1
1172	170849	3
1172	170851	4
1172	170855	1
1172	172127	10
1172	173192	2
1172	173204	2
1172	173695	8
1172	174543	12
1172	174544	1
1172	177141	3
1172	177932	1
1172	178199	1
1172	178463	1
1172	179773	3
1172	182781	1
3152	7147	8
3152	8791	1
3152	9698	1
3152	10593	7
3152	10714	2
3152	12085	18
3152	13383	3
3152	13388	6
3152	13389	4
3152	13392	3
3152	14380	3
3152	14383	5
3152	14384	1
3152	14387	10
3152	14391	1
3152	14392	3
3152	14395	3
3152	15701	3
3152	16175	2
3152	16201	3
3152	16206	2
3152	17696	2
3152	18423	11
3152	19152	3
3152	19341	11
3152	20122	3
3152	20246	1
3152	20354	5
3152	25140	4
3152	25317	7
3152	26170	1
3152	26375	4
3152	26990	10
3152	27039	1
3152	27626	2
3152	27627	3
3152	27628	5
3152	27848	1
3152	28093	4
3152	28098	3
3152	28945	1
3152	29580	1
3152	32088	3
3152	35184	6
3152	38059	3
3152	38241	1
3152	40091	3
3152	41860	4
3152	46465	4
3152	47260	1
3152	48372	3
3152	48382	2
3152	51545	31
3152	51547	5
3152	51548	17
3152	51549	7
3152	51551	16
3152	51552	32
3152	52158	2
3152	52722	3
3152	53635	3
3152	55452	1
3152	56191	2
3152	56224	13
3152	56287	4
3152	56307	14
3152	56861	3
3152	56926	1
3152	56929	1
3152	58110	3
3152	58115	4
3152	58507	4
3152	58518	2
3152	58525	4
3152	58526	1
3152	58776	1
3152	59086	1
3152	59088	4
3152	62907	4
3152	64221	4
3152	66486	2
3152	66488	1
3152	66490	3
3152	66527	2
3152	68312	4
3152	68396	8
3152	68398	1
3152	68400	11
3152	68401	1
3152	68404	2
3152	68406	1
3152	68410	7
3152	68412	2
3152	68433	7
3152	70746	5
3152	71039	1
3152	71040	1
3152	73198	3
3152	73202	3
3152	73970	8
3152	74891	30
3152	74897	4
3152	74945	3
3152	74948	7
3152	75383	1
3152	75385	1
3152	75394	1
3152	78898	7
3152	82677	1
3152	83285	4
3152	83287	3
3152	83291	4
3152	83294	4
3152	85055	1
3152	85221	2
3152	86019	1
3152	86312	1
3152	86855	1
3152	88020	2
3152	91205	4
3152	93730	1
3152	93869	14
3152	98159	3
3152	99310	7
3152	99311	1
3152	99313	12
3152	99314	4
3152	100323	11
3152	100324	1
3152	100570	2
3152	100572	3
3152	104803	1
3152	105743	3
3152	109111	1
3152	109905	2
3152	110357	26
3152	110359	5
3152	110825	2
3152	114069	5
3152	115032	4
3152	116330	13
3152	116655	3
3152	117232	2
3152	117235	4
3152	118646	1
3152	119089	1
3152	120433	3
3152	122612	2
3152	123507	2
3152	123932	4
3152	125126	2
3152	125582	5
3152	125584	9
3152	126526	2
3152	126533	2
3152	126556	1
3152	126613	6
3152	126614	1
3152	126618	1
3152	126621	12
3152	126742	1
3152	128011	4
3152	128033	5
3152	128035	2
3152	128066	3
3152	128071	12
3152	128074	1
3152	128084	3
3152	128087	2
3152	128115	4
3152	128239	2
3152	128241	2
3152	128751	7
3152	128797	50
3152	128804	21
3152	128805	3
3152	128807	17
3152	128810	1
3152	128817	13
3152	128832	4
3152	130689	1
3152	131373	1
3152	132293	2
3152	133004	3
3152	133030	1
3152	133832	13
3152	133861	1
3152	134851	2
3152	135501	1
3152	135730	2
3152	136689	3
3152	136690	2
3152	138406	2
3152	138619	1
3152	139192	1
3152	139959	1
3152	140876	2
3152	141840	1
3152	142560	1
3152	144271	1
3152	145508	4
3152	146643	1
3152	146644	2
3152	148313	8
3152	149762	2
3152	149772	1
3152	152096	9
3152	152099	3
3152	152101	8
3152	155002	5
3152	157133	14
3152	157217	4
3152	159998	4
3152	160378	1
3152	160539	2
3152	160542	1
3152	160545	4
3152	160547	2
3152	160554	1
3152	160555	7
3152	161120	2
3152	162733	1
3152	163362	4
3152	164208	4
3152	164734	1
3152	164737	1
3152	165553	3
3152	165889	3
3152	166074	2
3152	166580	6
3152	169119	1
3152	170847	7
3152	170849	7
3152	170851	17
3152	170855	3
3152	171579	1
3152	172127	4
3152	172284	2
3152	173192	1
3152	173204	4
3152	174543	14
3152	174544	2
3152	177141	7
3152	177932	3
3152	178199	2
3152	178463	1
3152	179773	2
3152	180697	1
3152	183217	3
3210	7147	4
3210	10593	19
3210	10714	1
3210	12085	30
3210	13383	9
3210	13388	4
3210	13389	9
3210	13392	1
3210	14379	3
3210	14380	4
3210	14383	6
3210	14384	1
3210	14386	4
3210	14387	10
3210	14392	2
3210	14395	6
3210	15701	5
3210	16175	1
3210	16201	4
3210	16206	4
3210	17696	2
3210	18423	14
3210	19152	4
3210	19341	9
3210	20122	1
3210	20246	1
3210	20354	3
3210	20990	4
3210	25140	6
3210	25317	7
3210	26170	8
3210	26375	6
3210	26990	15
3210	27039	1
3210	27626	5
3210	27627	1
3210	27628	2
3210	27848	4
3210	28093	1
3210	28098	4
3210	28945	3
3210	29580	1
3210	35184	3
3210	36468	2
3210	38059	7
3210	38241	2
3210	41860	10
3210	44304	7
3210	46465	7
3210	47260	2
3210	48372	2
3210	48382	3
3210	50134	1
3210	51545	31
3210	51547	5
3210	51548	26
3210	51549	6
3210	51551	14
3210	51552	41
3210	52722	6
3210	53635	7
3210	53815	2
3210	55452	6
3210	56191	2
3210	56224	36
3210	56287	2
3210	56307	21
3210	56861	3
3210	57392	1
3210	58110	9
3210	58115	6
3210	58507	1
3210	58518	2
3210	58525	3
3210	58526	2
3210	58776	2
3210	59088	3
3210	64221	2
3210	66486	1
3210	66488	2
3210	66490	1
3210	67217	4
3210	68312	7
3210	68396	16
3210	68398	2
3210	68400	13
3210	68404	2
3210	68406	1
3210	68410	5
3210	68412	2
3210	68433	11
3210	70746	1
3210	71039	7
3210	71040	4
3210	73198	1
3210	73202	3
3210	73671	3
3210	73970	10
3210	74891	24
3210	74893	2
3210	74897	2
3210	74945	6
3210	74948	9
3210	75383	1
3210	75385	1
3210	75390	11
3210	75394	1
3210	78898	8
3210	82096	1
3210	82282	1
3210	82677	2
3210	83285	5
3210	83287	2
3210	83291	6
3210	83294	5
3210	85221	1
3210	86019	5
3210	86312	2
3210	86855	2
3210	91205	8
3210	93730	4
3210	93869	13
3210	96322	2
3210	98159	11
3210	99310	11
3210	99311	1
3210	99313	20
3210	99314	10
3210	100323	19
3210	100324	3
3210	100570	1
3210	104118	6
3210	104803	4
3210	105743	5
3210	109109	3
3210	109111	2
3210	109905	4
3210	110357	27
3210	110359	6
3210	110825	3
3210	111412	1
3210	114069	3
3210	114358	2
3210	115032	1
3210	116330	26
3210	116655	4
3210	117232	10
3210	117235	5
3210	118646	1
3210	119089	1
3210	120433	2
3210	121313	3
3210	122612	2
3210	123932	1
3210	124212	1
3210	125582	3
3210	125584	5
3210	126526	11
3210	126533	3
3210	126556	2
3210	126613	5
3210	126614	1
3210	126618	3
3210	126621	15
3210	128004	1
3210	128011	1
3210	128033	1
3210	128036	1
3210	128048	3
3210	128066	5
3210	128071	10
3210	128074	2
3210	128084	1
3210	128087	2
3210	128115	9
3210	128239	4
3210	128241	3
3210	128751	4
3210	128797	63
3210	128804	33
3210	128805	1
3210	128807	22
3210	128810	3
3210	128817	25
3210	128832	4
3210	130689	2
3210	131373	3
3210	133004	3
3210	133030	3
3210	133832	18
3210	133861	3
3210	134851	1
3210	135730	2
3210	136540	2
3210	136689	3
3210	136690	1
3210	138406	6
3210	138619	5
3210	139192	3
3210	139959	1
3210	140876	1
3210	141840	1
3210	142560	3
3210	144271	1
3210	145508	10
3210	146643	1
3210	147535	1
3210	148313	5
3210	149762	2
3210	149773	1
3210	152096	7
3210	152099	3
3210	152101	1
3210	154993	2
3210	155002	5
3210	157133	9
3210	157217	9
3210	159998	4
3210	160378	2
3210	160536	1
3210	160539	3
3210	160545	4
3210	160546	1
3210	160547	2
3210	160555	12
3210	161120	5
3210	162733	2
3210	163362	4
3210	164208	2
3210	164734	3
3210	164737	3
3210	165553	6
3210	165677	5
3210	165684	1
3210	165889	5
3210	166074	3
3210	166580	5
3210	167326	3
3210	169119	1
3210	170847	13
3210	170849	11
3210	170851	23
3210	170855	2
3210	172127	6
3210	172284	3
3210	173192	3
3210	173204	3
3210	173695	2
3210	174543	18
3210	174544	5
3210	177141	7
3210	178199	6
3210	178463	1
3210	179773	1
3210	180155	2
3210	180697	1
3210	182781	3
3210	182898	3
3210	183217	6
3488	8791	5
3488	10593	22
3488	10714	1
3488	12085	38
3488	13383	1
3488	13388	6
3488	13389	7
3488	14379	4
3488	14380	9
3488	14383	9
3488	14384	1
3488	14386	2
3488	14387	14
3488	14392	4
3488	14395	10
3488	15701	4
3488	16175	2
3488	16201	4
3488	16206	3
3488	17696	5
3488	18423	19
3488	19341	6
3488	20242	2
3488	20246	1
3488	20354	2
3488	20990	4
3488	25140	2
3488	25317	8
3488	26170	9
3488	26375	3
3488	26990	17
3488	27039	6
3488	27626	4
3488	27627	1
3488	27628	7
3488	27848	3
3488	28093	1
3488	28098	3
3488	29580	1
3488	32088	1
3488	34945	2
3488	35184	1
3488	38059	8
3488	38241	4
3488	40091	3
3488	41860	4
3488	44304	6
3488	46465	11
3488	48372	3
3488	48382	1
3488	50134	2
3488	51545	41
3488	51547	8
3488	51548	29
3488	51549	7
3488	51551	18
3488	51552	45
3488	52158	6
3488	52722	4
3488	53635	4
3488	53815	3
3488	55452	4
3488	56224	33
3488	56287	1
3488	56307	20
3488	56861	1
3488	56929	1
3488	57392	6
3488	58110	10
3488	58115	11
3488	58507	2
3488	58518	4
3488	58525	1
3488	58526	7
3488	58776	2
3488	59086	4
3488	59088	5
3488	64221	2
3488	66486	2
3488	66527	2
3488	67217	2
3488	68312	6
3488	68396	15
3488	68398	2
3488	68400	14
3488	68404	2
3488	68406	2
3488	68410	7
3488	68412	1
3488	68433	9
3488	70746	4
3488	71039	7
3488	71040	7
3488	73198	1
3488	73202	3
3488	73671	3
3488	73970	8
3488	74891	15
3488	74893	1
3488	74897	3
3488	74945	10
3488	74948	10
3488	75383	4
3488	75385	2
3488	75390	12
3488	75394	3
3488	78898	5
3488	82096	1
3488	82677	1
3488	83285	4
3488	83294	5
3488	85055	2
3488	85221	8
3488	86019	6
3488	86312	5
3488	86855	2
3488	91205	9
3488	92315	4
3488	93730	2
3488	93869	13
3488	96117	1
3488	96322	2
3488	98159	9
3488	99310	8
3488	99311	2
3488	99313	9
3488	99314	4
3488	100323	21
3488	100324	3
3488	100570	1
3488	100572	1
3488	104118	1
3488	104803	3
3488	105743	10
3488	109109	3
3488	109111	1
3488	109905	2
3488	110357	30
3488	110359	2
3488	110825	8
3488	111412	2
3488	114069	8
3488	114358	3
3488	115032	1
3488	116330	22
3488	116655	5
3488	117232	10
3488	117235	6
3488	118646	3
3488	119089	3
3488	120433	1
3488	121313	2
3488	122612	2
3488	123507	3
3488	123932	3
3488	124212	1
3488	125126	1
3488	125582	1
3488	125584	2
3488	126526	6
3488	126533	5
3488	126556	1
3488	126613	2
3488	126618	2
3488	126621	14
3488	128004	1
3488	128011	1
3488	128033	1
3488	128035	1
3488	128036	2
3488	128048	1
3488	128066	2
3488	128071	7
3488	128074	1
3488	128084	2
3488	128087	6
3488	128115	9
3488	128239	1
3488	128241	2
3488	128751	12
3488	128797	62
3488	128804	29
3488	128805	5
3488	128807	16
3488	128810	3
3488	128817	21
3488	128832	3
3488	130689	2
3488	131373	5
3488	132293	1
3488	133004	1
3488	133030	2
3488	133832	15
3488	133861	5
3488	134851	2
3488	135730	1
3488	136540	1
3488	136689	1
3488	136690	3
3488	138406	7
3488	138619	3
3488	139192	3
3488	140876	3
3488	142560	1
3488	144271	3
3488	145508	2
3488	146643	2
3488	146644	2
3488	147535	3
3488	148313	7
3488	149762	1
3488	149772	2
3488	149773	4
3488	152096	5
3488	152099	3
3488	152101	5
3488	154993	2
3488	155002	6
3488	155061	1
3488	157133	7
3488	157217	7
3488	159998	4
3488	160536	1
3488	160542	3
3488	160545	1
3488	160546	1
3488	160547	4
3488	160555	11
3488	161120	1
3488	162733	2
3488	163362	2
3488	164734	8
3488	164737	7
3488	165553	7
3488	165677	3
3488	165684	3
3488	165889	7
3488	166074	4
3488	166580	8
3488	167326	4
3488	169119	2
3488	170847	11
3488	170849	6
3488	170851	18
3488	170855	3
3488	170860	2
3488	172127	4
3488	172284	3
3488	173192	1
3488	173204	3
3488	173695	2
3488	174543	15
3488	177141	7
3488	177932	3
3488	178199	7
3488	178463	1
3488	179773	3
3488	180155	1
3488	180697	5
3488	182781	1
3488	182898	1
3488	183217	14
3644	7147	1
3644	8791	3
3644	10593	15
3644	12085	17
3644	13383	3
3644	13388	2
3644	13389	3
3644	14379	1
3644	14380	5
3644	14383	6
3644	14384	3
3644	14386	1
3644	14387	7
3644	14391	1
3644	14392	1
3644	14395	3
3644	15701	4
3644	16175	2
3644	16201	4
3644	16206	2
3644	17696	3
3644	18423	10
3644	19341	6
3644	20122	2
3644	20242	1
3644	20246	2
3644	20354	2
3644	20990	2
3644	25140	3
3644	25317	6
3644	26170	2
3644	26375	6
3644	26990	11
3644	27039	4
3644	27626	3
3644	27628	5
3644	27848	3
3644	28093	3
3644	28098	3
3644	28945	1
3644	35184	2
3644	36468	1
3644	38059	2
3644	38241	2
3644	41860	6
3644	44304	1
3644	46465	2
3644	48372	1
3644	51545	35
3644	51547	6
3644	51548	20
3644	51549	4
3644	51551	11
3644	51552	27
3644	52158	1
3644	52722	1
3644	53635	1
3644	53815	2
3644	55452	2
3644	56224	27
3644	56287	1
3644	56307	14
3644	56861	1
3644	56926	1
3644	56929	2
3644	57392	3
3644	58110	9
3644	58115	2
3644	58507	2
3644	58518	1
3644	58525	4
3644	58526	2
3644	59088	2
3644	62907	1
3644	64221	1
3644	66486	3
3644	66488	3
3644	66490	1
3644	66527	2
3644	67217	1
3644	68312	3
3644	68396	11
3644	68398	4
3644	68400	10
3644	68401	1
3644	68404	2
3644	68406	1
3644	68410	4
3644	68412	1
3644	68433	11
3644	70746	4
3644	71039	2
3644	71040	1
3644	73198	2
3644	73202	2
3644	73671	3
3644	73970	7
3644	74891	17
3644	74893	4
3644	74897	1
3644	74945	12
3644	74948	2
3644	75383	2
3644	75385	4
3644	75390	3
3644	78898	7
3644	82096	1
3644	82677	1
3644	83285	1
3644	83287	1
3644	83291	3
3644	83294	3
3644	85055	1
3644	85221	2
3644	86019	5
3644	86312	12
3644	86855	4
3644	88020	1
3644	91205	11
3644	92315	1
3644	93869	13
3644	96117	1
3644	96322	2
3644	98159	7
3644	99310	10
3644	99311	3
3644	99313	7
3644	99314	3
3644	100323	7
3644	100324	2
3644	100570	1
3644	100572	1
3644	104118	1
3644	104803	2
3644	105743	3
3644	109111	1
3644	109905	3
3644	110357	15
3644	110359	1
3644	110825	1
3644	111412	1
3644	114069	5
3644	116330	15
3644	116655	5
3644	117232	5
3644	117235	6
3644	119089	2
3644	120433	3
3644	121313	2
3644	122612	3
3644	123253	2
3644	123507	1
3644	123932	3
3644	125582	1
3644	125584	2
3644	126526	2
3644	126533	1
3644	126556	2
3644	126613	2
3644	126614	1
3644	126618	2
3644	126621	12
3644	126742	1
3644	128004	2
3644	128011	2
3644	128033	3
3644	128035	1
3644	128048	1
3644	128066	3
3644	128071	5
3644	128074	2
3644	128084	2
3644	128087	6
3644	128115	6
3644	128239	1
3644	128241	1
3644	128751	10
3644	128797	54
3644	128804	21
3644	128807	14
3644	128817	15
3644	128832	3
3644	130689	3
3644	131373	3
3644	132293	1
3644	133004	2
3644	133030	1
3644	133832	11
3644	133861	3
3644	134851	1
3644	135501	1
3644	135730	2
3644	136540	1
3644	136689	1
3644	136690	1
3644	138406	2
3644	138619	2
3644	139192	1
3644	139959	1
3644	140876	2
3644	141840	1
3644	142560	3
3644	145508	2
3644	146643	3
3644	147535	1
3644	148313	7
3644	149762	3
3644	149772	3
3644	149773	4
3644	152096	4
3644	152099	2
3644	152101	3
3644	154993	2
3644	155002	1
3644	157133	8
3644	157217	5
3644	159998	2
3644	160539	1
3644	160542	1
3644	160545	1
3644	160547	1
3644	160554	2
3644	160555	5
3644	161120	3
3644	162733	1
3644	163362	2
3644	164734	3
3644	164737	4
3644	165553	3
3644	165677	4
3644	165684	1
3644	165889	4
3644	166074	4
3644	166580	3
3644	167326	4
3644	170847	9
3644	170849	8
3644	170851	18
3644	170860	2
3644	171579	1
3644	172127	4
3644	172284	1
3644	173192	2
3644	173204	1
3644	173695	2
3644	174543	13
3644	174544	1
3644	177141	4
3644	178199	3
3644	178463	3
3644	179773	3
3644	180155	1
3644	182781	1
3644	182898	1
3644	183217	4
3710	8791	4
3710	10593	19
3710	10714	1
3710	12085	30
3710	13383	4
3710	13388	8
3710	13389	5
3710	13392	2
3710	14379	1
3710	14380	4
3710	14383	4
3710	14384	1
3710	14386	2
3710	14387	12
3710	14391	2
3710	14392	3
3710	14395	4
3710	16175	2
3710	16201	1
3710	16206	2
3710	17696	2
3710	18423	18
3710	19341	11
3710	20122	1
3710	20242	2
3710	20246	1
3710	20354	3
3710	20990	6
3710	25140	12
3710	25317	14
3710	26170	6
3710	26375	2
3710	26990	18
3710	27039	3
3710	27626	1
3710	27627	4
3710	27628	4
3710	27848	1
3710	28093	9
3710	28098	3
3710	28945	3
3710	29580	1
3710	32088	1
3710	34945	3
3710	35184	4
3710	36468	1
3710	38059	10
3710	38241	4
3710	40091	1
3710	41860	6
3710	44304	2
3710	46465	9
3710	47260	1
3710	48372	1
3710	48382	1
3710	50134	3
3710	51545	23
3710	51547	6
3710	51548	30
3710	51549	4
3710	51551	18
3710	51552	37
3710	52158	3
3710	52722	5
3710	53635	4
3710	53815	4
3710	55452	6
3710	56191	1
3710	56224	47
3710	56287	8
3710	56307	19
3710	56861	1
3710	56929	1
3710	57392	3
3710	58110	5
3710	58115	5
3710	58507	5
3710	58518	5
3710	58526	1
3710	58776	2
3710	59086	2
3710	59088	4
3710	62907	4
3710	66486	4
3710	66527	2
3710	67217	2
3710	68312	6
3710	68396	12
3710	68398	8
3710	68400	13
3710	68401	2
3710	68404	2
3710	68406	2
3710	68410	7
3710	68412	1
3710	68433	8
3710	70746	1
3710	71039	4
3710	71040	3
3710	73198	4
3710	73202	2
3710	73671	3
3710	73970	13
3710	74891	11
3710	74893	1
3710	74897	2
3710	74945	25
3710	74948	5
3710	75383	2
3710	75390	11
3710	75394	1
3710	78898	3
3710	82096	2
3710	82677	1
3710	83285	1
3710	83291	2
3710	83294	4
3710	85055	1
3710	85221	6
3710	86019	7
3710	86312	19
3710	86855	3
3710	88020	3
3710	91205	12
3710	92315	1
3710	93730	3
3710	93869	20
3710	96117	3
3710	96322	6
3710	98159	8
3710	99310	5
3710	99313	9
3710	99314	5
3710	100323	13
3710	100324	1
3710	100570	2
3710	104118	2
3710	104803	2
3710	105743	5
3710	109109	2
3710	109905	3
3710	110357	29
3710	110359	3
3710	110825	8
3710	111412	2
3710	114069	4
3710	114358	1
3710	116330	20
3710	116655	4
3710	117232	20
3710	117235	14
3710	118646	1
3710	119089	2
3710	120433	4
3710	121313	2
3710	122612	2
3710	123507	5
3710	123932	4
3710	124212	1
3710	125126	1
3710	125582	4
3710	125584	2
3710	126526	2
3710	126533	2
3710	126556	2
3710	126613	6
3710	126614	5
3710	126618	3
3710	126621	7
3710	128004	1
3710	128033	1
3710	128035	1
3710	128036	1
3710	128048	1
3710	128066	1
3710	128071	6
3710	128084	3
3710	128087	3
3710	128115	5
3710	128239	2
3710	128241	1
3710	128751	7
3710	128797	55
3710	128804	32
3710	128805	4
3710	128807	12
3710	128810	3
3710	128817	23
3710	128832	1
3710	130689	3
3710	131373	4
3710	132293	1
3710	133004	2
3710	133030	6
3710	133832	16
3710	133861	3
3710	135730	2
3710	136689	4
3710	136690	5
3710	138406	12
3710	138619	1
3710	139192	1
3710	139959	2
3710	140876	2
3710	145508	4
3710	146643	3
3710	146644	1
3710	147535	3
3710	148313	3
3710	149772	6
3710	149773	8
3710	152096	10
3710	152099	2
3710	152101	4
3710	155002	1
3710	155061	1
3710	157133	6
3710	157217	4
3710	159998	6
3710	160536	1
3710	160539	3
3710	160545	1
3710	160547	3
3710	160555	10
3710	161120	5
3710	164208	3
3710	164734	7
3710	164737	16
3710	165553	4
3710	165677	4
3710	165684	7
3710	165889	6
3710	166074	5
3710	166580	6
3710	167326	6
3710	169119	2
3710	170847	8
3710	170849	4
3710	170851	21
3710	170855	4
3710	170860	3
3710	171579	5
3710	172127	2
3710	173192	6
3710	173204	2
3710	173695	4
3710	174543	11
3710	174544	2
3710	177141	7
3710	177932	2
3710	178199	4
3710	178463	2
3710	179773	1
3710	180155	3
3710	180697	3
3710	182898	3
3710	183217	10
7147	9698	1
7147	10593	9
7147	10714	2
7147	12085	18
7147	13383	7
7147	13388	6
7147	13389	12
7147	13392	2
7147	14379	3
7147	14380	8
7147	14383	9
7147	14384	2
7147	14386	8
7147	14387	17
7147	14391	2
7147	14392	3
7147	15701	1
7147	16175	2
7147	16201	8
7147	16206	6
7147	17696	10
7147	18423	7
7147	19341	9
7147	20122	2
7147	20242	4
7147	20990	4
7147	25140	2
7147	25317	13
7147	26170	7
7147	26375	1
7147	26990	9
7147	27039	3
7147	27626	1
7147	27627	2
7147	27628	3
7147	27848	3
7147	28093	11
7147	28098	1
7147	28945	2
7147	32088	1
7147	34945	2
7147	35184	5
7147	38059	1
7147	38241	3
7147	40091	1
7147	41860	6
7147	44304	1
7147	46465	1
7147	47260	4
7147	48372	1
7147	48382	5
7147	51545	58
7147	51547	7
7147	51548	42
7147	51549	6
7147	51551	19
7147	51552	54
7147	52158	6
7147	52722	1
7147	53635	4
7147	56191	1
7147	56224	5
7147	56287	1
7147	56307	35
7147	56929	2
7147	58110	11
7147	58115	1
7147	58507	1
7147	58518	8
7147	58525	10
7147	58776	6
7147	59086	1
7147	59088	3
7147	62907	4
7147	66486	3
7147	66488	5
7147	66490	3
7147	66527	2
7147	67217	4
7147	68312	8
7147	68396	32
7147	68398	8
7147	68400	28
7147	68401	4
7147	68404	6
7147	68406	6
7147	68410	8
7147	68433	1
7147	70746	15
7147	73198	2
7147	73202	3
7147	73671	1
7147	73970	19
7147	74891	47
7147	74893	4
7147	74897	9
7147	74948	3
7147	75385	6
7147	75390	10
7147	75394	2
7147	78898	12
7147	82096	4
7147	82282	1
7147	83285	9
7147	83287	2
7147	83291	4
7147	83294	2
7147	85055	4
7147	86855	5
7147	88020	2
7147	91205	12
7147	92315	11
7147	93869	11
7147	96117	3
7147	99310	17
7147	99311	4
7147	99313	19
7147	99314	6
7147	100323	22
7147	100324	3
7147	100570	3
7147	100572	1
7147	104118	1
7147	104803	3
7147	105743	8
7147	109109	4
7147	109111	2
7147	110357	44
7147	110359	3
7147	110825	3
7147	111412	2
7147	114069	4
7147	115032	3
7147	116330	25
7147	116655	8
7147	117232	1
7147	117235	3
7147	119089	3
7147	121313	1
7147	122612	6
7147	123253	3
7147	123932	6
7147	125126	6
7147	125582	9
7147	125584	10
7147	126526	1
7147	126533	3
7147	126613	9
7147	126614	2
7147	126618	2
7147	126621	21
7147	126742	1
7147	128004	5
7147	128011	17
7147	128033	1
7147	128036	1
7147	128048	4
7147	128066	5
7147	128071	18
7147	128074	3
7147	128084	1
7147	128087	1
7147	128115	2
7147	128239	1
7147	128751	18
7147	128797	112
7147	128804	61
7147	128805	5
7147	128807	28
7147	128817	8
7147	128832	1
7147	131373	6
7147	132293	4
7147	133004	1
7147	133030	1
7147	133655	9
7147	133832	21
7147	133861	2
7147	134851	4
7147	135501	3
7147	135730	8
7147	136540	1
7147	136689	5
7147	136690	1
7147	138406	3
7147	138619	3
7147	139192	2
7147	139959	2
7147	140876	2
7147	141840	1
7147	142560	4
7147	144271	1
7147	145508	2
7147	146643	2
7147	146644	1
7147	148313	7
7147	149762	2
7147	152096	14
7147	152099	9
7147	152101	5
7147	154993	5
7147	155002	3
7147	155061	3
7147	157133	18
7147	157217	6
7147	159998	7
7147	160378	3
7147	160536	3
7147	160539	3
7147	160542	2
7147	160545	1
7147	160546	3
7147	160547	3
7147	160554	1
7147	160555	10
7147	162733	3
7147	163362	5
7147	164208	1
7147	165553	6
7147	165889	8
7147	166580	8
7147	169119	6
7147	170847	10
7147	170849	12
7147	170851	22
7147	172127	6
7147	172284	3
7147	173192	2
7147	173204	1
7147	173695	4
7147	174543	15
7147	174544	6
7147	177141	14
7147	177932	4
7147	178463	2
7147	179773	3
7147	182781	1
8791	9698	3
8791	10593	4
8791	10714	2
8791	12085	19
8791	13383	2
8791	13389	6
8791	13392	1
8791	14379	1
8791	14380	1
8791	14383	5
8791	14384	1
8791	14386	1
8791	14387	8
8791	14391	3
8791	14392	1
8791	14395	1
8791	16175	2
8791	16201	1
8791	16206	9
8791	17696	9
8791	18423	6
8791	19152	1
8791	19341	1
8791	20122	3
8791	20246	1
8791	20354	1
8791	20990	11
8791	25140	5
8791	25317	6
8791	26375	4
8791	26990	6
8791	27039	1
8791	27628	1
8791	28093	4
8791	28098	8
8791	28945	1
8791	29580	1
8791	32088	6
8791	35184	5
8791	36468	1
8791	38059	1
8791	38241	2
8791	40091	1
8791	41860	4
8791	44304	2
8791	46465	2
8791	47260	1
8791	48382	4
8791	50134	3
8791	51545	29
8791	51547	3
8791	51548	13
8791	51549	3
8791	51551	18
8791	51552	40
8791	52158	3
8791	52722	1
8791	53635	1
8791	53815	1
8791	55452	3
8791	56191	1
8791	56224	28
8791	56287	8
8791	56307	26
8791	56929	1
8791	57392	23
8791	58110	7
8791	58115	2
8791	58507	3
8791	58518	4
8791	58525	1
8791	58526	2
8791	59088	5
8791	62907	8
8791	66486	1
8791	66488	1
8791	66490	4
8791	67217	4
8791	68312	3
8791	68396	12
8791	68398	2
8791	68400	9
8791	68401	1
8791	68404	1
8791	68406	2
8791	68410	5
8791	68433	6
8791	70746	3
8791	71039	6
8791	71040	4
8791	73198	2
8791	73202	1
8791	73671	2
8791	73970	14
8791	74891	25
8791	74893	2
8791	74945	1
8791	74948	3
8791	75383	2
8791	75385	3
8791	75394	1
8791	78898	1
8791	82096	2
8791	82282	2
8791	83285	1
8791	83287	2
8791	83291	3
8791	83294	2
8791	85221	14
8791	86019	3
8791	86312	5
8791	88020	17
8791	91205	7
8791	92315	7
8791	93730	1
8791	93869	5
8791	96117	9
8791	99310	3
8791	99311	2
8791	99313	9
8791	99314	3
8791	100323	13
8791	100324	1
8791	104118	2
8791	104803	2
8791	105743	9
8791	109905	1
8791	110357	27
8791	110359	1
8791	111412	2
8791	114069	9
8791	114358	2
8791	116330	14
8791	116655	11
8791	117232	3
8791	117235	10
8791	118646	1
8791	120433	2
8791	121313	1
8791	123253	5
8791	123932	1
8791	124212	5
8791	125126	2
8791	125582	8
8791	125584	8
8791	126526	1
8791	126533	1
8791	126613	9
8791	126614	3
8791	126618	3
8791	126621	20
8791	126742	3
8791	128011	1
8791	128033	2
8791	128036	1
8791	128066	2
8791	128071	3
8791	128074	3
8791	128087	5
8791	128115	5
8791	128751	9
8791	128797	70
8791	128804	35
8791	128805	2
8791	128807	11
8791	128810	4
8791	128817	23
8791	128832	1
8791	130689	4
8791	133004	1
8791	133030	20
8791	133655	1
8791	133832	13
8791	133861	3
8791	134851	2
8791	135501	1
8791	135730	1
8791	136540	4
8791	138406	1
8791	139959	6
8791	140876	2
8791	142560	2
8791	144271	4
8791	145508	1
8791	146643	1
8791	147535	5
8791	148313	8
8791	149762	2
8791	149772	3
8791	149773	4
8791	152096	2
8791	152101	1
8791	154993	5
8791	155061	1
8791	157133	16
8791	157217	3
8791	159998	16
8791	160378	1
8791	160536	4
8791	160539	1
8791	160542	1
8791	160545	1
8791	160546	1
8791	160547	7
8791	160554	1
8791	160555	2
8791	161120	5
8791	162733	1
8791	164208	2
8791	164734	4
8791	164737	8
8791	165553	3
8791	165677	2
8791	165684	3
8791	166074	1
8791	166580	1
8791	167326	2
8791	169119	4
8791	170847	2
8791	170849	4
8791	170851	18
8791	170855	1
8791	170860	1
8791	171579	9
8791	172127	1
8791	172284	4
8791	173192	1
8791	173204	1
8791	173695	4
8791	174543	12
8791	174544	2
8791	177141	2
8791	177932	19
8791	178199	2
8791	178463	17
8791	179773	1
8791	180155	4
8791	180697	11
8791	182781	1
8791	183217	5
9698	10593	4
9698	12085	17
9698	13383	4
9698	13389	2
9698	13392	2
9698	14379	2
9698	14380	1
9698	14383	4
9698	14386	2
9698	14387	3
9698	14392	2
9698	14395	1
9698	16175	2
9698	16201	1
9698	16206	1
9698	17696	6
9698	18423	5
9698	19341	6
9698	20122	1
9698	20242	4
9698	20246	2
9698	20990	3
9698	25140	5
9698	25317	1
9698	26170	3
9698	26990	4
9698	27039	1
9698	27627	1
9698	27628	1
9698	27848	2
9698	28093	10
9698	28098	2
9698	28945	2
9698	29580	5
9698	32088	4
9698	35184	1
9698	36468	1
9698	38241	3
9698	40091	4
9698	41860	1
9698	44304	2
9698	46465	2
9698	47260	1
9698	48372	2
9698	50134	2
9698	51545	38
9698	51547	1
9698	51548	20
9698	51549	3
9698	51551	10
9698	51552	44
9698	52158	3
9698	52722	1
9698	53635	1
9698	55452	2
9698	56224	22
9698	56287	4
9698	56307	19
9698	56861	1
9698	56929	1
9698	57392	1
9698	58110	6
9698	58115	1
9698	58507	1
9698	58518	5
9698	58525	1
9698	59086	1
9698	62907	1
9698	64221	3
9698	66486	3
9698	66488	8
9698	66490	1
9698	66527	2
9698	67217	1
9698	68312	3
9698	68396	9
9698	68398	2
9698	68400	15
9698	68401	3
9698	68404	5
9698	68406	3
9698	68410	3
9698	68412	1
9698	68433	1
9698	70746	2
9698	71039	1
9698	73198	1
9698	73671	2
9698	73970	11
9698	74891	36
9698	74893	3
9698	74897	1
9698	74945	1
9698	74948	2
9698	75385	2
9698	75390	1
9698	75394	1
9698	78898	2
9698	82096	1
9698	82282	9
9698	83287	2
9698	83294	1
9698	85221	4
9698	86019	2
9698	86312	1
9698	86855	1
9698	88020	9
9698	91205	8
9698	92315	21
9698	93730	3
9698	93869	1
9698	96117	6
9698	96322	1
9698	99310	3
9698	99311	1
9698	99313	5
9698	100323	17
9698	100570	1
9698	100572	1
9698	104118	1
9698	104803	3
9698	105743	4
9698	109111	3
9698	110357	17
9698	110359	2
9698	110825	1
9698	111412	4
9698	114069	3
9698	115032	5
9698	116330	4
9698	116655	4
9698	117232	1
9698	117235	6
9698	118646	1
9698	121313	3
9698	122612	2
9698	123253	6
9698	123507	6
9698	124212	9
9698	125126	7
9698	125582	2
9698	125584	3
9698	126526	3
9698	126533	1
9698	126556	1
9698	126613	7
9698	126614	3
9698	126618	1
9698	126621	27
9698	126742	1
9698	128004	4
9698	128035	1
9698	128036	1
9698	128048	5
9698	128066	5
9698	128071	9
9698	128087	5
9698	128115	2
9698	128239	1
9698	128241	1
9698	128751	10
9698	128797	70
9698	128804	45
9698	128805	3
9698	128807	7
9698	128810	5
9698	128817	6
9698	128832	4
9698	130689	2
9698	132293	1
9698	133004	1
9698	133030	12
9698	133655	1
9698	133832	4
9698	135501	5
9698	136540	12
9698	136689	1
9698	139192	3
9698	139959	3
9698	140876	1
9698	142560	1
9698	144271	1
9698	145508	1
9698	147535	1
9698	148313	6
9698	149772	1
9698	152096	4
9698	152099	1
9698	154993	4
9698	155002	3
9698	155061	5
9698	157133	17
9698	157217	2
9698	159998	16
9698	160536	2
9698	160545	9
9698	160546	1
9698	160547	7
9698	160555	4
9698	161120	1
9698	162733	3
9698	164208	3
9698	164737	1
9698	165553	4
9698	165677	1
9698	165684	1
9698	166580	1
9698	169119	3
9698	170847	1
9698	170849	10
9698	170851	8
9698	170855	4
9698	170860	3
9698	171579	5
9698	172284	1
9698	173192	1
9698	173204	1
9698	173695	8
9698	174543	15
9698	177141	6
9698	177932	30
9698	178199	1
9698	178463	15
9698	179773	1
9698	180697	8
9698	182781	2
9698	183217	3
10593	10714	10
10593	12085	116
10593	13383	27
10593	13388	35
10593	13389	34
10593	13392	9
10593	14379	4
10593	14380	13
10593	14383	28
10593	14384	10
10593	14386	11
10593	14387	35
10593	14391	9
10593	14392	10
10593	14395	28
10593	15701	8
10593	16175	10
10593	16201	12
10593	16206	10
10593	17696	10
10593	18423	46
10593	19152	6
10593	19341	84
10593	20122	6
10593	20242	9
10593	20246	2
10593	20354	15
10593	20990	25
10593	25140	18
10593	25317	94
10593	26170	23
10593	26375	21
10593	26990	35
10593	27039	6
10593	27626	9
10593	27627	9
10593	27628	18
10593	27848	6
10593	28093	27
10593	28098	16
10593	28945	4
10593	29580	4
10593	34945	9
10593	35184	21
10593	36468	29
10593	38059	53
10593	38241	14
10593	40091	4
10593	41860	8
10593	44304	28
10593	46465	34
10593	47260	7
10593	48372	7
10593	48382	34
10593	50134	8
10593	51545	135
10593	51547	14
10593	51548	106
10593	51549	21
10593	51551	77
10593	51552	162
10593	52158	7
10593	52722	27
10593	53635	5
10593	53815	15
10593	55452	30
10593	56191	2
10593	56224	148
10593	56287	15
10593	56307	62
10593	56861	10
10593	56926	1
10593	56929	7
10593	57392	10
10593	58110	48
10593	58115	22
10593	58507	15
10593	58518	13
10593	58525	9
10593	58526	12
10593	58776	2
10593	59086	4
10593	59088	9
10593	62907	15
10593	64221	3
10593	66486	6
10593	66490	7
10593	66527	10
10593	67217	5
10593	68312	21
10593	68396	42
10593	68398	4
10593	68400	55
10593	68401	7
10593	68404	6
10593	68406	8
10593	68410	40
10593	68412	9
10593	68433	31
10593	70746	16
10593	71039	12
10593	71040	14
10593	73198	5
10593	73202	4
10593	73671	14
10593	73970	41
10593	74891	112
10593	74893	13
10593	74897	22
10593	74945	29
10593	74948	19
10593	75383	5
10593	75385	11
10593	75390	40
10593	75394	5
10593	78898	21
10593	82096	14
10593	82282	6
10593	82677	4
10593	83285	6
10593	83287	10
10593	83291	20
10593	83294	19
10593	85055	13
10593	85221	16
10593	86019	39
10593	86312	55
10593	86855	8
10593	88020	5
10593	91205	56
10593	92315	9
10593	93730	6
10593	93869	60
10593	96117	10
10593	96322	16
10593	98159	10
10593	99310	43
10593	99311	7
10593	99313	55
10593	99314	26
10593	100323	64
10593	100324	12
10593	100570	8
10593	100572	3
10593	104118	2
10593	104803	7
10593	105743	17
10593	109109	2
10593	109111	5
10593	109905	13
10593	110357	160
10593	110359	17
10593	110825	8
10593	111412	8
10593	114069	28
10593	114358	8
10593	115032	9
10593	116330	166
10593	116655	23
10593	117232	51
10593	117235	28
10593	118646	6
10593	119089	6
10593	120433	5
10593	121313	13
10593	122612	8
10593	123253	5
10593	123507	9
10593	123932	39
10593	124212	7
10593	125126	6
10593	125582	21
10593	125584	25
10593	126526	11
10593	126533	9
10593	126556	6
10593	126613	26
10593	126614	6
10593	126618	5
10593	126621	84
10593	126742	13
10593	128004	4
10593	128011	11
10593	128033	9
10593	128035	3
10593	128036	8
10593	128048	6
10593	128066	23
10593	128071	64
10593	128074	5
10593	128084	10
10593	128087	21
10593	128115	47
10593	128239	11
10593	128241	13
10593	128751	22
10593	128797	279
10593	128804	157
10593	128805	10
10593	128807	69
10593	128810	5
10593	128817	118
10593	128832	18
10593	130689	9
10593	131373	1
10593	132293	5
10593	133004	8
10593	133030	14
10593	133655	19
10593	133832	119
10593	133861	13
10593	134851	4
10593	135501	5
10593	135730	7
10593	136540	1
10593	136689	14
10593	136690	14
10593	138406	28
10593	138619	5
10593	139192	7
10593	139959	3
10593	140876	9
10593	141840	5
10593	142560	6
10593	144271	8
10593	145508	29
10593	146643	6
10593	146644	1
10593	147535	7
10593	148313	47
10593	149762	9
10593	149772	18
10593	149773	17
10593	152096	51
10593	152099	14
10593	152101	24
10593	154993	7
10593	155002	12
10593	155061	5
10593	157133	25
10593	157217	26
10593	159998	16
10593	160378	6
10593	160536	3
10593	160539	10
10593	160542	5
10593	160545	7
10593	160546	4
10593	160547	5
10593	160554	7
10593	160555	31
10593	161120	14
10593	162733	3
10593	163362	2
10593	164208	15
10593	164734	11
10593	164737	31
10593	165553	19
10593	165677	12
10593	165684	21
10593	165889	24
10593	166074	22
10593	166580	47
10593	167326	15
10593	169119	14
10593	170847	52
10593	170849	45
10593	170851	130
10593	170855	17
10593	170860	13
10593	171579	9
10593	172127	18
10593	172284	8
10593	173192	6
10593	173204	8
10593	173695	7
10593	174543	61
10593	174544	18
10593	177141	31
10593	177932	9
10593	178199	18
10593	178463	7
10593	179773	5
10593	180155	13
10593	180697	16
10593	182781	3
10593	182898	22
10593	183217	28
10714	12085	17
10714	13383	4
10714	13388	4
10714	13389	3
10714	14379	1
10714	14380	8
10714	14383	5
10714	14384	2
10714	14386	2
10714	14387	9
10714	14391	3
10714	14392	1
10714	14395	2
10714	16175	6
10714	16201	7
10714	16206	3
10714	17696	3
10714	18423	14
10714	19152	5
10714	19341	8
10714	20122	2
10714	20242	2
10714	20354	2
10714	20990	1
10714	25140	3
10714	25317	11
10714	26170	12
10714	26375	4
10714	26990	5
10714	27039	3
10714	27626	2
10714	27628	1
10714	27848	6
10714	28093	3
10714	28098	3
10714	28945	2
10714	29580	4
10714	32088	5
10714	34945	2
10714	35184	2
10714	36468	2
10714	38059	3
10714	38241	9
10714	40091	1
10714	41860	3
10714	46465	3
10714	47260	2
10714	48372	5
10714	48382	6
10714	51545	38
10714	51547	4
10714	51548	21
10714	51549	8
10714	51551	18
10714	51552	34
10714	52158	6
10714	53635	1
10714	53815	2
10714	55452	3
10714	56191	1
10714	56224	10
10714	56287	2
10714	56307	29
10714	56861	1
10714	56926	1
10714	56929	2
10714	57392	1
10714	58110	7
10714	58115	5
10714	58507	2
10714	58518	13
10714	58525	3
10714	58526	1
10714	59086	4
10714	59088	1
10714	62907	2
10714	64221	2
10714	66486	2
10714	66488	1
10714	66527	2
10714	68312	5
10714	68396	16
10714	68398	5
10714	68400	15
10714	68401	4
10714	68404	2
10714	68406	1
10714	68410	7
10714	68433	2
10714	70746	8
10714	71039	1
10714	71040	2
10714	73198	2
10714	73202	4
10714	73671	1
10714	73970	9
10714	74891	27
10714	74893	6
10714	74897	2
10714	74945	1
10714	74948	3
10714	75383	2
10714	75385	5
10714	75390	11
10714	75394	4
10714	78898	4
10714	82282	5
10714	83285	6
10714	83287	3
10714	83291	4
10714	83294	8
10714	85055	1
10714	85221	1
10714	86019	2
10714	86312	5
10714	86855	1
10714	88020	1
10714	91205	7
10714	92315	1
10714	93730	2
10714	93869	7
10714	96117	1
10714	96322	3
10714	98159	1
10714	99310	15
10714	99311	2
10714	99313	6
10714	99314	6
10714	100323	14
10714	100324	2
10714	100570	6
10714	104118	2
10714	104803	5
10714	105743	5
10714	109109	3
10714	109111	1
10714	109905	1
10714	110357	21
10714	110359	4
10714	111412	2
10714	114069	5
10714	114358	2
10714	115032	2
10714	116330	24
10714	116655	2
10714	117232	2
10714	117235	1
10714	118646	1
10714	119089	3
10714	121313	2
10714	123253	2
10714	123507	4
10714	125126	1
10714	125582	6
10714	125584	3
10714	126526	3
10714	126533	6
10714	126613	10
10714	126614	2
10714	126618	1
10714	126621	17
10714	126742	3
10714	128004	3
10714	128011	8
10714	128033	2
10714	128036	3
10714	128048	2
10714	128066	3
10714	128071	16
10714	128074	2
10714	128084	2
10714	128087	3
10714	128115	5
10714	128239	3
10714	128241	3
10714	128751	11
10714	128797	55
10714	128804	40
10714	128805	5
10714	128807	10
10714	128810	1
10714	128817	20
10714	128832	1
10714	130689	2
10714	132293	3
10714	133004	3
10714	133030	2
10714	133655	4
10714	133832	18
10714	133861	5
10714	134851	6
10714	135501	4
10714	135730	1
10714	136689	6
10714	136690	6
10714	138406	3
10714	138619	1
10714	139192	2
10714	139959	2
10714	140876	3
10714	142560	1
10714	144271	1
10714	145508	6
10714	146643	4
10714	146644	2
10714	147535	2
10714	148313	3
10714	149762	1
10714	149772	2
10714	149773	1
10714	152096	8
10714	152099	4
10714	152101	4
10714	154993	5
10714	155002	2
10714	157133	8
10714	157217	5
10714	159998	4
10714	160536	4
10714	160539	1
10714	160542	2
10714	160545	1
10714	160546	1
10714	160547	1
10714	160555	4
10714	161120	7
10714	162733	4
10714	163362	1
10714	164208	1
10714	164737	1
10714	165553	2
10714	165677	2
10714	165684	2
10714	165889	5
10714	166074	1
10714	166580	6
10714	167326	1
10714	169119	3
10714	170847	12
10714	170849	15
10714	170851	31
10714	170855	10
10714	171579	1
10714	172127	5
10714	172284	1
10714	173192	4
10714	173204	1
10714	173695	4
10714	174543	14
10714	174544	3
10714	177141	5
10714	177932	1
10714	178199	3
10714	179773	2
10714	180155	1
10714	180697	2
10714	182781	2
10714	182898	2
10714	183217	1
12085	13383	35
12085	13388	28
12085	13389	37
12085	13392	8
12085	14379	17
12085	14380	70
12085	14383	84
12085	14384	18
12085	14386	23
12085	14387	178
12085	14391	27
12085	14392	33
12085	14395	48
12085	15701	21
12085	16175	54
12085	16201	45
12085	16206	34
12085	17696	38
12085	18423	183
12085	19152	21
12085	19341	79
12085	20122	23
12085	20242	24
12085	20246	13
12085	20354	20
12085	20990	54
12085	25140	55
12085	25317	92
12085	26170	37
12085	26375	33
12085	26990	160
12085	27039	34
12085	27626	25
12085	27627	21
12085	27628	33
12085	27848	26
12085	28093	81
12085	28098	59
12085	28945	34
12085	29580	27
12085	32088	29
12085	34945	10
12085	35184	52
12085	36468	36
12085	38059	27
12085	38241	84
12085	40091	16
12085	41860	62
12085	44304	35
12085	46465	39
12085	47260	32
12085	48372	23
12085	48382	62
12085	50134	20
12085	51545	383
12085	51547	85
12085	51548	305
12085	51549	71
12085	51551	162
12085	51552	337
12085	52158	41
12085	52722	16
12085	53635	29
12085	53815	26
12085	55452	29
12085	56191	11
12085	56224	228
12085	56287	45
12085	56307	277
12085	56861	14
12085	56926	8
12085	56929	7
12085	57392	26
12085	58110	87
12085	58115	32
12085	58507	26
12085	58518	48
12085	58525	23
12085	58526	26
12085	58776	21
12085	59086	41
12085	59088	33
12085	62907	22
12085	64221	13
12085	66486	21
12085	66488	14
12085	66490	18
12085	66527	15
12085	67217	29
12085	68312	54
12085	68396	173
12085	68398	48
12085	68400	194
12085	68401	18
12085	68404	29
12085	68406	19
12085	68410	91
12085	68412	12
12085	68433	52
12085	70746	52
12085	71039	64
12085	71040	40
12085	73198	31
12085	73202	25
12085	73671	15
12085	73970	138
12085	74891	261
12085	74893	28
12085	74897	38
12085	74945	38
12085	74948	37
12085	75383	20
12085	75385	38
12085	75390	51
12085	75394	20
12085	78898	45
12085	82096	32
12085	82282	10
12085	82677	13
12085	83285	54
12085	83287	34
12085	83291	41
12085	83294	64
12085	85055	19
12085	85221	53
12085	86019	39
12085	86312	39
12085	86855	28
12085	88020	29
12085	91205	97
12085	92315	23
12085	93730	46
12085	93869	137
12085	96117	15
12085	96322	44
12085	98159	42
12085	99310	127
12085	99311	34
12085	99313	117
12085	99314	72
12085	100323	194
12085	100324	36
12085	100570	19
12085	100572	10
12085	104118	21
12085	104803	59
12085	105743	108
12085	109109	33
12085	109111	22
12085	109905	22
12085	110357	234
12085	110359	35
12085	110825	37
12085	111412	21
12085	114069	41
12085	114358	18
12085	115032	19
12085	116330	146
12085	116655	52
12085	117232	68
12085	117235	102
12085	118646	34
12085	119089	20
12085	120433	33
12085	121313	19
12085	122612	15
12085	123253	11
12085	123507	13
12085	123932	25
12085	124212	26
12085	125126	23
12085	125582	58
12085	125584	55
12085	126526	51
12085	126533	19
12085	126556	11
12085	126613	86
12085	126614	27
12085	126618	45
12085	126621	154
12085	126742	17
12085	128004	13
12085	128011	29
12085	128033	13
12085	128035	9
12085	128036	11
12085	128048	17
12085	128066	46
12085	128071	68
12085	128074	12
12085	128084	19
12085	128087	25
12085	128115	45
12085	128239	20
12085	128241	16
12085	128751	84
12085	128797	633
12085	128804	340
12085	128805	24
12085	128807	161
12085	128810	23
12085	128817	157
12085	128832	13
12085	130689	33
12085	131373	35
12085	132293	13
12085	133004	27
12085	133030	23
12085	133655	29
12085	133832	111
12085	133861	27
12085	134851	21
12085	135501	21
12085	135730	31
12085	136540	16
12085	136689	22
12085	136690	14
12085	138406	42
12085	138619	13
12085	139192	10
12085	139959	21
12085	140876	20
12085	141840	7
12085	142560	22
12085	144271	21
12085	145508	27
12085	146643	45
12085	146644	17
12085	147535	54
12085	148313	33
12085	149762	17
12085	149772	21
12085	149773	24
12085	152096	49
12085	152099	43
12085	152101	39
12085	154993	41
12085	155002	44
12085	155061	30
12085	157133	157
12085	157217	55
12085	159998	58
12085	160378	8
12085	160536	39
12085	160539	20
12085	160542	30
12085	160545	28
12085	160546	25
12085	160547	26
12085	160554	19
12085	160555	139
12085	161120	14
12085	162733	34
12085	163362	18
12085	164208	28
12085	164734	30
12085	164737	49
12085	165553	52
12085	165677	34
12085	165684	42
12085	165889	46
12085	166074	20
12085	166580	50
12085	167326	28
12085	169119	38
12085	170847	69
12085	170849	77
12085	170851	135
12085	170855	14
12085	170860	15
12085	171579	16
12085	172127	30
12085	172284	25
12085	173192	25
12085	173204	13
12085	173695	38
12085	174543	150
12085	174544	32
12085	177141	56
12085	177932	40
12085	178199	26
12085	178463	30
12085	179773	17
12085	180155	19
12085	180697	47
12085	182781	13
12085	182898	24
12085	183217	49
13383	13388	10
13383	13389	14
13383	13392	1
13383	14379	5
13383	14380	10
13383	14383	27
13383	14384	9
13383	14386	8
13383	14387	18
13383	14391	3
13383	14392	7
13383	14395	5
13383	15701	4
13383	16175	12
13383	16201	12
13383	16206	5
13383	17696	9
13383	18423	12
13383	19152	3
13383	19341	30
13383	20122	2
13383	20242	9
13383	20246	3
13383	20354	3
13383	20990	3
13383	25140	7
13383	25317	8
13383	26170	8
13383	26375	2
13383	26990	4
13383	27039	2
13383	27626	10
13383	27627	2
13383	27628	4
13383	27848	12
13383	28093	8
13383	28098	3
13383	28945	4
13383	29580	9
13383	32088	22
13383	34945	3
13383	35184	1
13383	36468	4
13383	38059	31
13383	38241	5
13383	40091	6
13383	41860	2
13383	44304	4
13383	46465	7
13383	47260	4
13383	48372	7
13383	48382	3
13383	51545	107
13383	51547	6
13383	51548	43
13383	51549	15
13383	51551	19
13383	51552	68
13383	52158	15
13383	52722	11
13383	53815	1
13383	55452	3
13383	56191	5
13383	56224	18
13383	56287	5
13383	56307	66
13383	56926	6
13383	57392	2
13383	58110	5
13383	58115	4
13383	58507	3
13383	58518	12
13383	58525	3
13383	58526	1
13383	58776	4
13383	59086	1
13383	59088	1
13383	64221	4
13383	66486	15
13383	66488	8
13383	66490	11
13383	66527	2
13383	67217	2
13383	68312	4
13383	68396	57
13383	68398	15
13383	68400	50
13383	68401	8
13383	68404	6
13383	68406	7
13383	68410	12
13383	68412	2
13383	68433	2
13383	70746	4
13383	71039	3
13383	73198	3
13383	73202	5
13383	73671	3
13383	73970	45
13383	74891	103
13383	74893	9
13383	74897	9
13383	74945	3
13383	74948	2
13383	75383	5
13383	75385	12
13383	75390	11
13383	75394	5
13383	78898	19
13383	82096	1
13383	82282	5
13383	82677	3
13383	83285	8
13383	83287	6
13383	83291	7
13383	83294	9
13383	85055	3
13383	85221	6
13383	86019	10
13383	86312	5
13383	86855	4
13383	88020	4
13383	91205	8
13383	92315	11
13383	93730	2
13383	93869	11
13383	96322	2
13383	98159	1
13383	99310	29
13383	99311	5
13383	99313	10
13383	99314	5
13383	100323	49
13383	100324	10
13383	100570	17
13383	100572	6
13383	104118	4
13383	104803	17
13383	105743	7
13383	109109	6
13383	109111	5
13383	109905	4
13383	110357	36
13383	110359	5
13383	110825	2
13383	111412	3
13383	114069	5
13383	114358	2
13383	115032	4
13383	116330	17
13383	116655	15
13383	117232	5
13383	117235	5
13383	118646	3
13383	119089	2
13383	121313	1
13383	122612	8
13383	123253	4
13383	123507	6
13383	123932	14
13383	124212	6
13383	125126	13
13383	125582	9
13383	125584	10
13383	126526	15
13383	126533	5
13383	126556	4
13383	126613	18
13383	126614	11
13383	126618	14
13383	126621	70
13383	126742	1
13383	128004	9
13383	128011	14
13383	128033	17
13383	128035	10
13383	128036	12
13383	128048	21
13383	128066	47
13383	128071	65
13383	128074	11
13383	128084	11
13383	128087	6
13383	128115	20
13383	128239	6
13383	128241	2
13383	128751	31
13383	128797	168
13383	128804	74
13383	128805	13
13383	128807	29
13383	128810	4
13383	128817	20
13383	128832	5
13383	131373	2
13383	132293	9
13383	133004	8
13383	133030	4
13383	133655	1
13383	133832	19
13383	133861	9
13383	134851	7
13383	135501	20
13383	135730	4
13383	136540	2
13383	136689	4
13383	136690	2
13383	138406	2
13383	138619	4
13383	139192	7
13383	139959	3
13383	140876	7
13383	142560	1
13383	144271	7
13383	145508	5
13383	146643	20
13383	146644	1
13383	147535	2
13383	148313	5
13383	149762	5
13383	149772	2
13383	149773	3
13383	152096	34
13383	152099	15
13383	152101	9
13383	154993	50
13383	155002	26
13383	155061	6
13383	157133	23
13383	157217	7
13383	159998	20
13383	160378	5
13383	160536	5
13383	160539	7
13383	160542	4
13383	160545	10
13383	160546	6
13383	160547	8
13383	160554	3
13383	160555	4
13383	161120	2
13383	162733	9
13383	163362	5
13383	164208	4
13383	164734	1
13383	164737	1
13383	165553	7
13383	165677	2
13383	165684	1
13383	165889	14
13383	166074	4
13383	166580	10
13383	167326	1
13383	169119	4
13383	170847	18
13383	170849	15
13383	170851	42
13383	170855	5
13383	170860	2
13383	171579	5
13383	172127	6
13383	172284	4
13383	173192	2
13383	173204	7
13383	173695	6
13383	174543	36
13383	174544	2
13383	177141	12
13383	177932	13
13383	178199	8
13383	178463	3
13383	179773	11
13383	180155	1
13383	180697	3
13383	182781	2
13383	182898	4
13383	183217	6
13388	13389	27
13388	13392	16
13388	14379	10
13388	14380	7
13388	14383	13
13388	14384	6
13388	14386	5
13388	14387	14
13388	14391	3
13388	14392	9
13388	14395	8
13388	15701	1
13388	16175	5
13388	16201	6
13388	16206	9
13388	17696	3
13388	18423	29
13388	19152	4
13388	19341	70
13388	20122	6
13388	20242	4
13388	20246	5
13388	20354	6
13388	20990	5
13388	25140	8
13388	25317	43
13388	26170	5
13388	26375	8
13388	26990	5
13388	27039	4
13388	27626	11
13388	27627	8
13388	27628	12
13388	27848	3
13388	28093	20
13388	28098	11
13388	28945	2
13388	29580	3
13388	32088	4
13388	34945	7
13388	35184	5
13388	36468	6
13388	38059	11
13388	38241	2
13388	40091	6
13388	41860	1
13388	44304	5
13388	46465	3
13388	47260	5
13388	48372	4
13388	48382	13
13388	51545	79
13388	51547	5
13388	51548	32
13388	51549	9
13388	51551	53
13388	51552	69
13388	52158	4
13388	52722	5
13388	53635	1
13388	53815	2
13388	55452	6
13388	56191	4
13388	56224	23
13388	56287	4
13388	56307	28
13388	56861	9
13388	56926	7
13388	56929	7
13388	57392	3
13388	58110	27
13388	58115	5
13388	58507	7
13388	58518	6
13388	58525	3
13388	58526	2
13388	58776	4
13388	59088	1
13388	62907	2
13388	64221	9
13388	66486	5
13388	66488	1
13388	66490	4
13388	66527	2
13388	68312	9
13388	68396	25
13388	68398	2
13388	68400	32
13388	68401	6
13388	68404	2
13388	68406	2
13388	68410	14
13388	68412	8
13388	68433	2
13388	70746	5
13388	71039	1
13388	73198	7
13388	73202	5
13388	73671	2
13388	73970	27
13388	74891	72
13388	74893	7
13388	74897	22
13388	74945	3
13388	74948	6
13388	75383	3
13388	75385	3
13388	75390	9
13388	75394	3
13388	78898	15
13388	82096	4
13388	82282	3
13388	82677	5
13388	83285	5
13388	83287	7
13388	83291	9
13388	83294	11
13388	85055	9
13388	85221	2
13388	86019	8
13388	86312	11
13388	86855	7
13388	88020	2
13388	91205	23
13388	92315	2
13388	93730	2
13388	93869	13
13388	96117	2
13388	96322	4
13388	98159	4
13388	99310	20
13388	99311	2
13388	99313	13
13388	99314	7
13388	100323	41
13388	100324	3
13388	100570	5
13388	100572	4
13388	104118	2
13388	104803	7
13388	105743	4
13388	109109	4
13388	109111	2
13388	109905	3
13388	110357	58
13388	110359	9
13388	110825	1
13388	111412	4
13388	114069	4
13388	114358	6
13388	115032	3
13388	116330	55
13388	116655	8
13388	117232	6
13388	118646	1
13388	119089	9
13388	120433	6
13388	121313	5
13388	122612	5
13388	123253	3
13388	123507	3
13388	123932	14
13388	124212	1
13388	125126	6
13388	125582	7
13388	125584	9
13388	126526	4
13388	126533	2
13388	126556	9
13388	126613	16
13388	126614	4
13388	126618	3
13388	126621	52
13388	126742	4
13388	128004	3
13388	128011	11
13388	128033	10
13388	128035	5
13388	128036	3
13388	128048	6
13388	128066	12
13388	128071	24
13388	128074	6
13388	128084	8
13388	128087	4
13388	128115	12
13388	128239	7
13388	128241	3
13388	128751	15
13388	128797	123
13388	128804	91
13388	128805	14
13388	128807	50
13388	128810	3
13388	128817	28
13388	128832	3
13388	130689	2
13388	131373	1
13388	132293	7
13388	133004	8
13388	133030	1
13388	133655	5
13388	133832	59
13388	133861	2
13388	134851	4
13388	135501	9
13388	135730	4
13388	136540	3
13388	136689	6
13388	136690	9
13388	138406	11
13388	139192	5
13388	139959	3
13388	140876	6
13388	141840	8
13388	144271	8
13388	145508	14
13388	146643	3
13388	146644	1
13388	147535	1
13388	148313	29
13388	149762	4
13388	149772	3
13388	149773	2
13388	152096	19
13388	152099	11
13388	152101	14
13388	154993	4
13388	155002	5
13388	155061	3
13388	157133	18
13388	157217	22
13388	159998	12
13388	160378	3
13388	160539	10
13388	160545	6
13388	160546	1
13388	160547	1
13388	160554	1
13388	160555	7
13388	161120	1
13388	162733	1
13388	163362	1
13388	164208	3
13388	164734	3
13388	164737	5
13388	165553	10
13388	165677	3
13388	165684	4
13388	165889	36
13388	166074	8
13388	166580	33
13388	167326	4
13388	169119	3
13388	170847	34
13388	170849	20
13388	170851	54
13388	170855	15
13388	170860	2
13388	171579	1
13388	172127	4
13388	172284	2
13388	173192	6
13388	173204	8
13388	173695	4
13388	174543	40
13388	174544	4
13388	177141	16
13388	177932	4
13388	178199	1
13388	178463	2
13388	179773	1
13388	180155	4
13388	180697	2
13388	182781	2
13388	182898	5
13388	183217	6
13389	13392	9
13389	14379	3
13389	14380	13
13389	14383	17
13389	14384	1
13389	14386	6
13389	14387	13
13389	14391	5
13389	14392	9
13389	14395	6
13389	15701	7
13389	16175	11
13389	16201	10
13389	16206	11
13389	17696	10
13389	18423	29
13389	19152	4
13389	19341	26
13389	20122	10
13389	20242	7
13389	20246	4
13389	20354	11
13389	20990	4
13389	25140	9
13389	25317	45
13389	26170	9
13389	26375	6
13389	26990	7
13389	27039	1
13389	27626	3
13389	27627	5
13389	27628	2
13389	27848	4
13389	28093	18
13389	28098	15
13389	28945	3
13389	29580	3
13389	32088	2
13389	34945	5
13389	35184	10
13389	36468	4
13389	38059	11
13389	38241	1
13389	40091	8
13389	44304	5
13389	46465	10
13389	47260	4
13389	48372	7
13389	48382	19
13389	50134	3
13389	51545	104
13389	51547	8
13389	51548	58
13389	51549	11
13389	51551	58
13389	51552	117
13389	52158	5
13389	52722	3
13389	53635	1
13389	53815	2
13389	55452	6
13389	56191	1
13389	56224	19
13389	56287	1
13389	56307	51
13389	56861	7
13389	56929	4
13389	57392	3
13389	58110	34
13389	58115	8
13389	58507	4
13389	58518	16
13389	58525	4
13389	58526	2
13389	58776	1
13389	59086	4
13389	59088	2
13389	62907	3
13389	64221	4
13389	66486	6
13389	66488	6
13389	66490	9
13389	66527	7
13389	67217	6
13389	68312	18
13389	68396	40
13389	68398	6
13389	68400	39
13389	68401	6
13389	68404	10
13389	68406	3
13389	68410	21
13389	68412	3
13389	68433	6
13389	70746	6
13389	71039	2
13389	71040	2
13389	73198	3
13389	73202	9
13389	73671	3
13389	73970	39
13389	74891	69
13389	74893	8
13389	74897	19
13389	74945	8
13389	74948	5
13389	75383	3
13389	75385	8
13389	75390	11
13389	75394	3
13389	78898	8
13389	82096	5
13389	82282	5
13389	82677	3
13389	83285	8
13389	83287	15
13389	83291	12
13389	83294	10
13389	85055	12
13389	85221	5
13389	86019	9
13389	86312	10
13389	86855	5
13389	88020	3
13389	91205	32
13389	92315	10
13389	93730	1
13389	93869	24
13389	96117	3
13389	96322	3
13389	98159	1
13389	99310	23
13389	99311	7
13389	99313	26
13389	99314	11
13389	100323	48
13389	100324	8
13389	100570	8
13389	100572	3
13389	104118	5
13389	104803	5
13389	105743	8
13389	109109	7
13389	109111	5
13389	109905	7
13389	110357	98
13389	110359	14
13389	110825	2
13389	111412	4
13389	114069	24
13389	114358	14
13389	115032	2
13389	116330	60
13389	116655	9
13389	117232	7
13389	117235	4
13389	119089	10
13389	120433	2
13389	121313	2
13389	122612	8
13389	123253	3
13389	123507	2
13389	123932	7
13389	124212	1
13389	125126	9
13389	125582	6
13389	125584	7
13389	126526	13
13389	126533	5
13389	126556	2
13389	126613	10
13389	126614	8
13389	126618	3
13389	126621	65
13389	126742	2
13389	128004	4
13389	128011	16
13389	128033	2
13389	128035	1
13389	128036	3
13389	128048	2
13389	128066	20
13389	128071	22
13389	128074	4
13389	128084	6
13389	128087	4
13389	128115	9
13389	128239	1
13389	128241	7
13389	128751	17
13389	128797	168
13389	128804	118
13389	128805	14
13389	128807	71
13389	128810	4
13389	128817	36
13389	128832	5
13389	130689	5
13389	131373	4
13389	132293	2
13389	133004	4
13389	133030	4
13389	133655	7
13389	133832	93
13389	133861	6
13389	134851	6
13389	135501	5
13389	135730	12
13389	136540	5
13389	136689	11
13389	136690	2
13389	138406	8
13389	138619	4
13389	139192	4
13389	139959	1
13389	140876	12
13389	141840	3
13389	142560	3
13389	144271	2
13389	145508	14
13389	146643	5
13389	146644	3
13389	147535	3
13389	148313	40
13389	149762	3
13389	149772	3
13389	152096	11
13389	152099	12
13389	152101	9
13389	154993	4
13389	155002	8
13389	155061	1
13389	157133	17
13389	157217	37
13389	159998	7
13389	160378	4
13389	160536	2
13389	160539	9
13389	160542	6
13389	160545	5
13389	160546	4
13389	160547	5
13389	160554	4
13389	160555	6
13389	161120	2
13389	162733	6
13389	163362	7
13389	164208	6
13389	164734	4
13389	164737	7
13389	165553	13
13389	165684	2
13389	165889	18
13389	166074	8
13389	166580	28
13389	167326	2
13389	169119	2
13389	170847	24
13389	170849	30
13389	170851	97
13389	170855	20
13389	170860	3
13389	171579	3
13389	172127	10
13389	172284	7
13389	173192	4
13389	173204	1
13389	173695	11
13389	174543	54
13389	174544	4
13389	177141	39
13389	177932	12
13389	178199	4
13389	178463	3
13389	179773	3
13389	180155	6
13389	180697	4
13389	182781	3
13389	182898	1
13389	183217	4
13392	14379	2
13392	14380	7
13392	14383	8
13392	14384	1
13392	14386	2
13392	14387	6
13392	14391	1
13392	14392	6
13392	14395	4
13392	16175	4
13392	16201	6
13392	16206	4
13392	17696	1
13392	18423	6
13392	19341	23
13392	20122	1
13392	20242	1
13392	20990	9
13392	25140	1
13392	25317	13
13392	26170	2
13392	26990	4
13392	27626	2
13392	27627	3
13392	27628	6
13392	27848	1
13392	28093	9
13392	28098	3
13392	28945	1
13392	29580	2
13392	32088	1
13392	34945	1
13392	35184	4
13392	38059	3
13392	38241	1
13392	46465	2
13392	47260	1
13392	48372	1
13392	48382	5
13392	50134	2
13392	51545	27
13392	51547	2
13392	51548	24
13392	51549	1
13392	51551	18
13392	51552	30
13392	52158	1
13392	52722	2
13392	55452	2
13392	56191	1
13392	56224	10
13392	56287	5
13392	56307	11
13392	56861	2
13392	56926	1
13392	56929	4
13392	57392	1
13392	58110	4
13392	58115	2
13392	58507	2
13392	58518	5
13392	58525	2
13392	58526	1
13392	59086	2
13392	59088	2
13392	62907	4
13392	64221	2
13392	66486	2
13392	66527	1
13392	68312	2
13392	68396	16
13392	68398	2
13392	68400	11
13392	68404	3
13392	68406	5
13392	68412	4
13392	68433	2
13392	70746	1
13392	73198	4
13392	73202	3
13392	73671	2
13392	73970	13
13392	74891	31
13392	74893	7
13392	74897	6
13392	74945	1
13392	74948	3
13392	75385	1
13392	75390	3
13392	78898	10
13392	82096	4
13392	83285	3
13392	83287	1
13392	83291	4
13392	83294	2
13392	85055	4
13392	85221	1
13392	86019	4
13392	86312	4
13392	86855	4
13392	88020	5
13392	91205	5
13392	92315	2
13392	93869	6
13392	96117	3
13392	96322	1
13392	99310	10
13392	99313	7
13392	99314	5
13392	100323	9
13392	104118	1
13392	104803	1
13392	105743	2
13392	109109	1
13392	110357	28
13392	110359	7
13392	110825	4
13392	114069	2
13392	114358	5
13392	115032	4
13392	116330	17
13392	116655	2
13392	117232	2
13392	117235	4
13392	118646	2
13392	120433	3
13392	121313	4
13392	122612	3
13392	123253	2
13392	123507	1
13392	123932	15
13392	125582	4
13392	125584	10
13392	126533	1
13392	126556	5
13392	126613	7
13392	126614	2
13392	126618	4
13392	126621	25
13392	126742	1
13392	128004	1
13392	128011	8
13392	128033	2
13392	128035	1
13392	128036	2
13392	128048	1
13392	128066	4
13392	128071	14
13392	128084	5
13392	128087	3
13392	128115	8
13392	128239	3
13392	128241	2
13392	128751	7
13392	128797	52
13392	128804	29
13392	128805	8
13392	128807	14
13392	128817	17
13392	128832	3
13392	130689	1
13392	131373	2
13392	132293	2
13392	133004	4
13392	133030	1
13392	133832	25
13392	133861	4
13392	134851	2
13392	135501	2
13392	135730	2
13392	136540	1
13392	136689	3
13392	136690	1
13392	138406	3
13392	138619	3
13392	139959	6
13392	140876	5
13392	141840	1
13392	144271	1
13392	145508	7
13392	146643	1
13392	147535	1
13392	148313	12
13392	149762	3
13392	152096	11
13392	152099	1
13392	152101	8
13392	154993	1
13392	155002	2
13392	155061	1
13392	157133	5
13392	157217	8
13392	159998	6
13392	160536	2
13392	160539	3
13392	160542	4
13392	160545	1
13392	160547	2
13392	160554	2
13392	160555	7
13392	161120	1
13392	162733	1
13392	163362	3
13392	164208	1
13392	164737	3
13392	165553	4
13392	165684	1
13392	165889	7
13392	166074	2
13392	166580	16
13392	169119	3
13392	170847	10
13392	170849	12
13392	170851	20
13392	170855	4
13392	170860	2
13392	172127	4
13392	172284	1
13392	173192	9
13392	173204	4
13392	174543	14
13392	174544	2
13392	177141	7
13392	177932	8
13392	178199	2
13392	178463	3
13392	180155	3
13392	180697	1
13392	182781	1
13392	183217	4
14379	14380	9
14379	14383	19
14379	14384	6
14379	14386	6
14379	14387	16
14379	14391	2
14379	14392	8
14379	14395	5
14379	15701	5
14379	16175	3
14379	16201	9
14379	16206	3
14379	17696	6
14379	18423	13
14379	19152	2
14379	19341	12
14379	20122	1
14379	20242	6
14379	20246	4
14379	20354	2
14379	20990	3
14379	25140	1
14379	25317	6
14379	26170	8
14379	26990	2
14379	27039	3
14379	27626	16
14379	27627	7
14379	27628	7
14379	27848	3
14379	28093	1
14379	28098	1
14379	28945	2
14379	29580	6
14379	32088	5
14379	34945	1
14379	35184	5
14379	36468	4
14379	38059	2
14379	38241	2
14379	40091	2
14379	41860	1
14379	44304	5
14379	46465	6
14379	48372	6
14379	48382	6
14379	50134	1
14379	51545	41
14379	51547	5
14379	51548	17
14379	51549	9
14379	51551	26
14379	51552	24
14379	52158	4
14379	53815	1
14379	55452	5
14379	56191	7
14379	56224	9
14379	56287	3
14379	56307	20
14379	56926	12
14379	56929	7
14379	57392	1
14379	58110	9
14379	58115	3
14379	58507	1
14379	58518	6
14379	58525	3
14379	58526	1
14379	58776	3
14379	59086	1
14379	59088	1
14379	62907	3
14379	64221	3
14379	66486	3
14379	66490	3
14379	66527	1
14379	67217	2
14379	68312	3
14379	68396	17
14379	68398	1
14379	68400	23
14379	68401	1
14379	68404	2
14379	68406	2
14379	68410	5
14379	68412	3
14379	68433	3
14379	70746	6
14379	71039	2
14379	71040	3
14379	73198	14
14379	73202	2
14379	73671	1
14379	73970	16
14379	74891	40
14379	74893	5
14379	74897	2
14379	74945	2
14379	74948	2
14379	75383	3
14379	75385	4
14379	75390	8
14379	75394	3
14379	78898	19
14379	82096	2
14379	82282	3
14379	82677	11
14379	83285	2
14379	83287	4
14379	83291	5
14379	83294	1
14379	86019	3
14379	86312	2
14379	86855	8
14379	88020	1
14379	91205	11
14379	92315	3
14379	93730	1
14379	93869	9
14379	96322	1
14379	98159	4
14379	99310	20
14379	99313	7
14379	99314	3
14379	100323	24
14379	100324	8
14379	100570	4
14379	100572	1
14379	104118	3
14379	104803	3
14379	105743	7
14379	109109	2
14379	109111	2
14379	109905	3
14379	110357	21
14379	110359	4
14379	111412	2
14379	114069	1
14379	114358	6
14379	115032	1
14379	116330	15
14379	116655	7
14379	117232	9
14379	117235	2
14379	119089	1
14379	120433	1
14379	121313	2
14379	122612	2
14379	123507	2
14379	123932	6
14379	125126	2
14379	125582	5
14379	125584	10
14379	126526	6
14379	126556	9
14379	126613	19
14379	126614	5
14379	126618	7
14379	126621	19
14379	126742	2
14379	128004	1
14379	128011	1
14379	128033	10
14379	128035	8
14379	128036	4
14379	128048	10
14379	128066	11
14379	128071	8
14379	128074	8
14379	128084	5
14379	128087	9
14379	128115	4
14379	128239	7
14379	128241	4
14379	128751	6
14379	128797	55
14379	128804	33
14379	128805	9
14379	128807	20
14379	128810	2
14379	128817	12
14379	130689	2
14379	131373	2
14379	132293	1
14379	133004	1
14379	133655	2
14379	133832	14
14379	133861	5
14379	134851	6
14379	135501	4
14379	135730	4
14379	136540	1
14379	136689	3
14379	136690	1
14379	138406	5
14379	138619	2
14379	139192	2
14379	139959	3
14379	140876	3
14379	141840	9
14379	142560	3
14379	144271	3
14379	145508	9
14379	146643	6
14379	146644	4
14379	148313	8
14379	149762	2
14379	149772	1
14379	149773	3
14379	152096	18
14379	152099	15
14379	152101	9
14379	154993	4
14379	155002	5
14379	155061	1
14379	157133	14
14379	157217	4
14379	159998	9
14379	160378	1
14379	160536	3
14379	160539	4
14379	160542	6
14379	160545	7
14379	160546	3
14379	160547	5
14379	160554	2
14379	160555	6
14379	161120	2
14379	162733	4
14379	163362	3
14379	164208	1
14379	164734	4
14379	164737	4
14379	165553	4
14379	165677	2
14379	165889	7
14379	166074	5
14379	166580	7
14379	169119	4
14379	170847	16
14379	170849	5
14379	170851	15
14379	170855	4
14379	170860	2
14379	172127	6
14379	173192	2
14379	173204	12
14379	173695	5
14379	174543	24
14379	174544	1
14379	177141	5
14379	177932	4
14379	178199	3
14379	179773	2
14379	180155	2
14379	182781	5
14379	182898	1
14379	183217	6
14380	14383	34
14380	14384	9
14380	14386	9
14380	14387	45
14380	14391	6
14380	14392	16
14380	14395	16
14380	15701	4
14380	16175	20
14380	16201	23
14380	16206	14
14380	17696	16
14380	18423	37
14380	19152	13
14380	19341	12
14380	20122	6
14380	20242	8
14380	20246	6
14380	20354	4
14380	20990	9
14380	25140	9
14380	25317	23
14380	26170	19
14380	26375	8
14380	26990	24
14380	27039	7
14380	27626	13
14380	27627	6
14380	27628	8
14380	27848	12
14380	28093	12
14380	28098	13
14380	28945	9
14380	29580	8
14380	32088	8
14380	34945	7
14380	35184	20
14380	36468	5
14380	38059	5
14380	38241	14
14380	40091	4
14380	41860	17
14380	44304	5
14380	46465	10
14380	47260	4
14380	48372	10
14380	48382	19
14380	50134	3
14380	51545	131
14380	51547	20
14380	51548	87
14380	51549	19
14380	51551	50
14380	51552	98
14380	52158	13
14380	52722	1
14380	53635	4
14380	53815	3
14380	55452	6
14380	56191	6
14380	56224	46
14380	56287	7
14380	56307	83
14380	56861	3
14380	56926	3
14380	56929	14
14380	57392	2
14380	58110	18
14380	58115	8
14380	58507	5
14380	58518	21
14380	58525	5
14380	58526	4
14380	58776	3
14380	59086	10
14380	59088	4
14380	62907	6
14380	64221	2
14380	66486	16
14380	66488	10
14380	66490	12
14380	66527	6
14380	67217	6
14380	68312	16
14380	68396	65
14380	68398	12
14380	68400	60
14380	68401	3
14380	68404	16
14380	68406	10
14380	68410	18
14380	68412	2
14380	68433	20
14380	70746	20
14380	71039	2
14380	71040	3
14380	73198	16
14380	73202	12
14380	73671	3
14380	73970	48
14380	74891	93
14380	74893	20
14380	74897	18
14380	74945	3
14380	74948	5
14380	75383	9
14380	75385	14
14380	75390	22
14380	75394	7
14380	78898	14
14380	82096	2
14380	82282	4
14380	82677	8
14380	83285	7
14380	83287	12
14380	83291	14
14380	83294	18
14380	85055	5
14380	85221	4
14380	86019	6
14380	86312	3
14380	86855	12
14380	88020	4
14380	91205	18
14380	92315	6
14380	93730	6
14380	93869	26
14380	96117	5
14380	96322	5
14380	98159	10
14380	99310	34
14380	99311	8
14380	99313	22
14380	99314	7
14380	100323	47
14380	100324	12
14380	100570	12
14380	100572	5
14380	104118	3
14380	104803	17
14380	105743	30
14380	109109	5
14380	109111	11
14380	109905	3
14380	110357	59
14380	110359	11
14380	110825	5
14380	111412	2
14380	114069	10
14380	114358	9
14380	115032	6
14380	116330	29
14380	116655	5
14380	117232	23
14380	117235	13
14380	118646	5
14380	119089	4
14380	120433	3
14380	121313	1
14380	122612	5
14380	123253	7
14380	123507	1
14380	123932	4
14380	124212	1
14380	125126	11
14380	125582	15
14380	125584	19
14380	126526	15
14380	126533	7
14380	126556	8
14380	126613	42
14380	126614	5
14380	126618	19
14380	126621	42
14380	126742	3
14380	128004	5
14380	128011	10
14380	128033	9
14380	128035	3
14380	128036	3
14380	128048	11
14380	128066	21
14380	128071	14
14380	128074	4
14380	128084	2
14380	128087	7
14380	128115	10
14380	128239	6
14380	128241	6
14380	128751	26
14380	128797	170
14380	128804	100
14380	128805	14
14380	128807	42
14380	128810	8
14380	128817	30
14380	128832	3
14380	130689	3
14380	131373	11
14380	132293	10
14380	133004	6
14380	133030	8
14380	133655	6
14380	133832	38
14380	133861	6
14380	134851	22
14380	135501	6
14380	135730	7
14380	136540	4
14380	136689	9
14380	136690	6
14380	138406	14
14380	138619	6
14380	139192	6
14380	139959	8
14380	140876	8
14380	141840	7
14380	142560	4
14380	144271	1
14380	145508	9
14380	146643	17
14380	146644	11
14380	147535	3
14380	148313	10
14380	149762	3
14380	149773	5
14380	152096	22
14380	152099	9
14380	152101	10
14380	154993	11
14380	155002	17
14380	155061	3
14380	157133	56
14380	157217	14
14380	159998	27
14380	160378	5
14380	160536	13
14380	160539	13
14380	160542	18
14380	160545	7
14380	160546	3
14380	160547	12
14380	160554	11
14380	160555	32
14380	161120	3
14380	162733	4
14380	163362	8
14380	164208	1
14380	164734	7
14380	164737	7
14380	165553	7
14380	165677	6
14380	165684	10
14380	165889	14
14380	166074	4
14380	166580	19
14380	167326	5
14380	169119	9
14380	170847	25
14380	170849	27
14380	170851	33
14380	170855	3
14380	170860	5
14380	171579	5
14380	172127	24
14380	172284	4
14380	173192	13
14380	173204	6
14380	173695	6
14380	174543	43
14380	174544	9
14380	177141	23
14380	177932	7
14380	178199	5
14380	178463	4
14380	179773	3
14380	180155	6
14380	180697	8
14380	182781	3
14380	182898	2
14380	183217	7
14383	14384	10
14383	14386	14
14383	14387	60
14383	14391	8
14383	14392	19
14383	14395	18
14383	15701	13
14383	16175	29
14383	16201	40
14383	16206	26
14383	17696	17
14383	18423	44
14383	19152	18
14383	19341	27
14383	20122	13
14383	20242	5
14383	20246	9
14383	20354	13
14383	20990	13
14383	25140	12
14383	25317	40
14383	26170	17
14383	26375	10
14383	26990	32
14383	27039	10
14383	27626	20
14383	27627	12
14383	27628	16
14383	27848	19
14383	28093	19
14383	28098	13
14383	28945	10
14383	29580	9
14383	32088	11
14383	34945	10
14383	35184	15
14383	36468	9
14383	38059	11
14383	38241	16
14383	40091	13
14383	41860	19
14383	44304	10
14383	46465	11
14383	47260	9
14383	48372	20
14383	48382	18
14383	50134	4
14383	51545	198
14383	51547	30
14383	51548	130
14383	51549	36
14383	51551	58
14383	51552	124
14383	52158	15
14383	52722	2
14383	53635	8
14383	53815	11
14383	55452	7
14383	56191	9
14383	56224	47
14383	56287	7
14383	56307	92
14383	56861	6
14383	56926	7
14383	56929	14
14383	57392	8
14383	58110	31
14383	58115	15
14383	58507	11
14383	58518	28
14383	58525	10
14383	58526	11
14383	58776	6
14383	59086	9
14383	59088	10
14383	62907	7
14383	64221	4
14383	66486	19
14383	66488	9
14383	66490	19
14383	66527	5
14383	67217	6
14383	68312	23
14383	68396	96
14383	68398	14
14383	68400	105
14383	68401	9
14383	68404	15
14383	68406	13
14383	68410	33
14383	68412	5
14383	68433	12
14383	70746	19
14383	71039	13
14383	71040	9
14383	73198	30
14383	73202	7
14383	73671	6
14383	73970	63
14383	74891	119
14383	74893	18
14383	74897	22
14383	74945	8
14383	74948	7
14383	75383	10
14383	75385	18
14383	75390	25
14383	75394	14
14383	78898	26
14383	82096	7
14383	82282	4
14383	82677	11
14383	83285	15
14383	83287	31
14383	83291	19
14383	83294	24
14383	85055	17
14383	85221	7
14383	86019	9
14383	86312	10
14383	86855	25
14383	88020	6
14383	91205	36
14383	92315	7
14383	93730	10
14383	93869	32
14383	96117	2
14383	96322	11
14383	98159	7
14383	99310	44
14383	99311	8
14383	99313	21
14383	99314	12
14383	100323	86
14383	100324	21
14383	100570	21
14383	100572	17
14383	104118	2
14383	104803	16
14383	105743	30
14383	109109	7
14383	109111	13
14383	109905	12
14383	110357	75
14383	110359	10
14383	110825	3
14383	111412	11
14383	114069	12
14383	114358	7
14383	115032	5
14383	116330	40
14383	116655	18
14383	117232	12
14383	117235	13
14383	118646	7
14383	119089	12
14383	120433	9
14383	121313	5
14383	122612	9
14383	123253	8
14383	123507	4
14383	123932	8
14383	124212	2
14383	125126	13
14383	125582	23
14383	125584	24
14383	126526	16
14383	126533	14
14383	126556	12
14383	126613	39
14383	126614	14
14383	126618	32
14383	126621	71
14383	126742	4
14383	128004	14
14383	128011	12
14383	128033	17
14383	128035	5
14383	128036	7
14383	128048	18
14383	128066	28
14383	128071	35
14383	128074	12
14383	128084	6
14383	128087	15
14383	128115	19
14383	128239	9
14383	128241	11
14383	128751	44
14383	128797	222
14383	128804	128
14383	128805	23
14383	128807	83
14383	128810	6
14383	128817	44
14383	128832	8
14383	130689	8
14383	131373	13
14383	132293	20
14383	133004	6
14383	133030	9
14383	133655	4
14383	133832	38
14383	133861	24
14383	134851	20
14383	135501	12
14383	135730	9
14383	136540	1
14383	136689	9
14383	136690	6
14383	138406	14
14383	138619	11
14383	139192	18
14383	139959	6
14383	140876	7
14383	141840	5
14383	142560	7
14383	144271	5
14383	145508	19
14383	146643	26
14383	146644	18
14383	147535	4
14383	148313	15
14383	149762	6
14383	149772	6
14383	149773	7
14383	152096	36
14383	152099	33
14383	152101	22
14383	154993	20
14383	155002	28
14383	155061	4
14383	157133	53
14383	157217	25
14383	159998	25
14383	160378	9
14383	160536	19
14383	160539	19
14383	160542	15
14383	160545	8
14383	160546	10
14383	160547	11
14383	160554	10
14383	160555	37
14383	161120	3
14383	162733	16
14383	163362	12
14383	164208	5
14383	164734	9
14383	164737	12
14383	165553	11
14383	165677	3
14383	165684	5
14383	165889	18
14383	166074	17
14383	166580	38
14383	167326	4
14383	169119	18
14383	170847	34
14383	170849	28
14383	170851	52
14383	170855	8
14383	170860	3
14383	171579	6
14383	172127	9
14383	172284	12
14383	173192	12
14383	173204	9
14383	173695	11
14383	174543	60
14383	174544	20
14383	177141	31
14383	177932	9
14383	178199	8
14383	178463	5
14383	179773	6
14383	180155	10
14383	180697	4
14383	182781	11
14383	182898	3
14383	183217	17
14384	14386	1
14384	14387	16
14384	14391	6
14384	14392	4
14384	14395	3
14384	15701	1
14384	16175	1
14384	16201	4
14384	16206	2
14384	17696	3
14384	18423	7
14384	19152	3
14384	19341	5
14384	20242	6
14384	20246	2
14384	20354	2
14384	20990	8
14384	25317	6
14384	26170	3
14384	26375	4
14384	26990	2
14384	27039	1
14384	27626	8
14384	27627	2
14384	27628	2
14384	27848	5
14384	28093	5
14384	28098	5
14384	28945	4
14384	29580	5
14384	32088	1
14384	34945	1
14384	35184	5
14384	36468	3
14384	38059	2
14384	40091	1
14384	41860	1
14384	44304	3
14384	46465	2
14384	47260	2
14384	48372	4
14384	48382	3
14384	51545	39
14384	51547	5
14384	51548	15
14384	51549	4
14384	51551	17
14384	51552	24
14384	52158	5
14384	55452	3
14384	56191	3
14384	56224	11
14384	56287	4
14384	56307	11
14384	56926	7
14384	56929	6
14384	57392	1
14384	58110	6
14384	58115	1
14384	58507	2
14384	58518	3
14384	58525	3
14384	58776	1
14384	59086	2
14384	59088	1
14384	62907	3
14384	64221	2
14384	66486	4
14384	66488	2
14384	66490	3
14384	67217	3
14384	68312	4
14384	68396	13
14384	68398	2
14384	68400	24
14384	68401	2
14384	68404	2
14384	68410	7
14384	68412	1
14384	68433	2
14384	70746	7
14384	71039	3
14384	71040	1
14384	73198	9
14384	73970	23
14384	74891	35
14384	74893	7
14384	74897	2
14384	74945	2
14384	74948	2
14384	75383	1
14384	75385	4
14384	75390	3
14384	75394	2
14384	78898	6
14384	82282	2
14384	82677	3
14384	83285	6
14384	83287	3
14384	83291	2
14384	83294	3
14384	85055	1
14384	85221	2
14384	86019	1
14384	86312	4
14384	86855	7
14384	88020	1
14384	91205	5
14384	92315	2
14384	93730	3
14384	93869	3
14384	96117	2
14384	98159	2
14384	99310	11
14384	99311	1
14384	99313	8
14384	99314	1
14384	100323	15
14384	100324	1
14384	100570	4
14384	104118	1
14384	104803	4
14384	105743	4
14384	109109	2
14384	109111	2
14384	109905	1
14384	110357	12
14384	110825	1
14384	111412	1
14384	114069	1
14384	114358	1
14384	115032	2
14384	116330	9
14384	116655	6
14384	117232	3
14384	117235	4
14384	122612	2
14384	123253	1
14384	123507	1
14384	123932	1
14384	124212	1
14384	125126	3
14384	125582	14
14384	125584	14
14384	126526	3
14384	126533	3
14384	126556	6
14384	126613	11
14384	126614	1
14384	126618	9
14384	126621	18
14384	128004	1
14384	128011	3
14384	128033	10
14384	128035	2
14384	128036	2
14384	128048	3
14384	128066	4
14384	128071	6
14384	128074	5
14384	128084	1
14384	128087	2
14384	128115	4
14384	128239	1
14384	128751	11
14384	128797	53
14384	128804	21
14384	128805	4
14384	128807	13
14384	128810	1
14384	128817	6
14384	128832	2
14384	130689	1
14384	131373	2
14384	133004	1
14384	133030	1
14384	133655	1
14384	133832	10
14384	133861	3
14384	134851	2
14384	135501	6
14384	135730	2
14384	136689	1
14384	136690	1
14384	138406	3
14384	139192	5
14384	139959	9
14384	140876	1
14384	141840	5
14384	142560	2
14384	145508	5
14384	146643	6
14384	146644	1
14384	147535	1
14384	148313	2
14384	149762	4
14384	149772	2
14384	149773	1
14384	152096	8
14384	152099	4
14384	152101	2
14384	154993	3
14384	155002	7
14384	157133	11
14384	157217	1
14384	159998	25
14384	160378	3
14384	160536	6
14384	160539	2
14384	160542	7
14384	160545	1
14384	160546	5
14384	160547	9
14384	160554	4
14384	160555	6
14384	162733	3
14384	164208	5
14384	164734	2
14384	164737	2
14384	165677	3
14384	165889	5
14384	166580	3
14384	167326	2
14384	169119	9
14384	170847	11
14384	170849	12
14384	170851	11
14384	170860	1
14384	171579	1
14384	172127	1
14384	172284	1
14384	173192	1
14384	173204	6
14384	173695	2
14384	174543	13
14384	174544	3
14384	177932	3
14384	178199	1
14384	178463	1
14384	179773	2
14384	180697	2
14384	182898	2
14384	183217	1
14386	14387	11
14386	14391	2
14386	14392	8
14386	14395	2
14386	15701	2
14386	16175	14
14386	16201	8
14386	16206	4
14386	17696	2
14386	18423	10
14386	19152	3
14386	19341	16
14386	20122	1
14386	20242	5
14386	20354	2
14386	20990	7
14386	25140	5
14386	25317	7
14386	26170	2
14386	26990	8
14386	27039	3
14386	27626	5
14386	27627	3
14386	27628	3
14386	27848	5
14386	28093	6
14386	28098	3
14386	28945	3
14386	29580	5
14386	32088	3
14386	34945	5
14386	35184	9
14386	38059	3
14386	38241	2
14386	40091	3
14386	41860	1
14386	44304	3
14386	46465	1
14386	47260	3
14386	48372	4
14386	48382	6
14386	50134	1
14386	51545	54
14386	51547	4
14386	51548	38
14386	51549	12
14386	51551	20
14386	51552	46
14386	52158	4
14386	52722	3
14386	53635	2
14386	53815	3
14386	55452	2
14386	56191	2
14386	56224	15
14386	56287	2
14386	56307	27
14386	56861	1
14386	56926	3
14386	56929	3
14386	57392	2
14386	58110	3
14386	58115	4
14386	58507	4
14386	58518	8
14386	58525	1
14386	58526	1
14386	58776	2
14386	59086	3
14386	59088	1
14386	62907	2
14386	64221	2
14386	66486	4
14386	66488	1
14386	66490	4
14386	66527	2
14386	67217	2
14386	68312	5
14386	68396	27
14386	68398	6
14386	68400	41
14386	68401	6
14386	68404	5
14386	68406	5
14386	68410	6
14386	68412	1
14386	68433	3
14386	70746	4
14386	71039	2
14386	71040	1
14386	73198	10
14386	73202	3
14386	73671	4
14386	73970	22
14386	74891	53
14386	74893	11
14386	74897	3
14386	74945	4
14386	74948	3
14386	75383	2
14386	75385	2
14386	75390	5
14386	75394	3
14386	78898	15
14386	82096	1
14386	82282	3
14386	82677	3
14386	83285	9
14386	83287	6
14386	83291	7
14386	83294	6
14386	85055	4
14386	85221	2
14386	86019	3
14386	86312	3
14386	86855	7
14386	88020	1
14386	91205	8
14386	92315	1
14386	93730	3
14386	93869	6
14386	96117	3
14386	98159	1
14386	99310	17
14386	99311	4
14386	99313	7
14386	99314	1
14386	100323	22
14386	100324	5
14386	100570	4
14386	100572	5
14386	104118	2
14386	104803	6
14386	105743	7
14386	109109	7
14386	109111	7
14386	109905	1
14386	110357	24
14386	110359	5
14386	111412	3
14386	114069	3
14386	114358	2
14386	115032	4
14386	116330	18
14386	116655	2
14386	117235	2
14386	118646	2
14386	119089	3
14386	120433	2
14386	121313	3
14386	122612	2
14386	123253	1
14386	123507	2
14386	123932	2
14386	124212	1
14386	125126	4
14386	125582	12
14386	125584	13
14386	126526	5
14386	126533	1
14386	126613	36
14386	126614	3
14386	126618	7
14386	126621	28
14386	126742	3
14386	128004	4
14386	128011	9
14386	128033	5
14386	128035	3
14386	128048	5
14386	128066	14
14386	128071	14
14386	128074	2
14386	128084	4
14386	128087	3
14386	128115	9
14386	128239	2
14386	128751	8
14386	128797	82
14386	128804	47
14386	128805	9
14386	128807	19
14386	128810	4
14386	128817	18
14386	128832	4
14386	131373	4
14386	132293	6
14386	133004	4
14386	133030	3
14386	133655	2
14386	133832	15
14386	133861	8
14386	134851	4
14386	135501	4
14386	135730	2
14386	136540	1
14386	136689	5
14386	136690	2
14386	138619	2
14386	139192	1
14386	139959	8
14386	140876	3
14386	141840	1
14386	142560	7
14386	144271	3
14386	145508	5
14386	146643	8
14386	146644	6
14386	148313	5
14386	149762	1
14386	149772	1
14386	149773	1
14386	152096	13
14386	152099	15
14386	152101	16
14386	154993	9
14386	155002	11
14386	157133	12
14386	157217	7
14386	159998	9
14386	160378	3
14386	160536	9
14386	160539	3
14386	160542	5
14386	160545	2
14386	160546	3
14386	160547	6
14386	160554	7
14386	160555	6
14386	161120	3
14386	162733	7
14386	164734	2
14386	164737	2
14386	165553	2
14386	165677	2
14386	165684	3
14386	165889	8
14386	166074	3
14386	166580	3
14386	167326	3
14386	169119	8
14386	170847	15
14386	170849	2
14386	170851	19
14386	170855	3
14386	170860	1
14386	171579	1
14386	172127	4
14386	173192	6
14386	173204	3
14386	173695	3
14386	174543	17
14386	174544	20
14386	177141	6
14386	177932	4
14386	178199	2
14386	178463	4
14386	179773	1
14386	180155	3
14386	180697	2
14386	182781	9
14386	182898	2
14386	183217	3
14387	14391	15
14387	14392	25
14387	14395	31
14387	15701	14
14387	16175	25
14387	16201	27
14387	16206	16
14387	17696	14
14387	18423	84
14387	19152	14
14387	19341	28
14387	20122	14
14387	20242	9
14387	20246	6
14387	20354	6
14387	20990	19
14387	25140	16
14387	25317	34
14387	26170	20
14387	26375	7
14387	26990	99
14387	27039	23
14387	27626	12
14387	27627	9
14387	27628	9
14387	27848	19
14387	28093	24
14387	28098	13
14387	28945	47
14387	29580	23
14387	32088	24
14387	34945	16
14387	35184	23
14387	36468	6
14387	38059	10
14387	38241	28
14387	40091	5
14387	41860	42
14387	44304	14
14387	46465	9
14387	47260	23
14387	48372	14
14387	48382	28
14387	50134	8
14387	51545	221
14387	51547	75
14387	51548	141
14387	51549	44
14387	51551	71
14387	51552	131
14387	52158	16
14387	52722	2
14387	53635	15
14387	53815	9
14387	55452	7
14387	56191	5
14387	56224	82
14387	56287	19
14387	56307	120
14387	56861	5
14387	56926	8
14387	56929	12
14387	57392	8
14387	58110	29
14387	58115	15
14387	58507	9
14387	58518	23
14387	58525	16
14387	58526	16
14387	58776	11
14387	59086	36
14387	59088	28
14387	62907	5
14387	64221	6
14387	66486	12
14387	66488	3
14387	66490	7
14387	66527	5
14387	67217	46
14387	68312	22
14387	68396	99
14387	68398	30
14387	68400	106
14387	68401	6
14387	68404	13
14387	68406	10
14387	68410	45
14387	68412	2
14387	68433	39
14387	70746	25
14387	71039	44
14387	71040	44
14387	73198	34
14387	73202	18
14387	73671	9
14387	73970	65
14387	74891	143
14387	74893	17
14387	74897	18
14387	74945	15
14387	74948	15
14387	75383	7
14387	75385	20
14387	75390	30
14387	75394	6
14387	78898	16
14387	82096	8
14387	82282	2
14387	82677	7
14387	83285	26
14387	83287	16
14387	83291	15
14387	83294	15
14387	85055	8
14387	85221	22
14387	86019	16
14387	86312	12
14387	86855	21
14387	88020	19
14387	91205	31
14387	92315	4
14387	93730	7
14387	93869	53
14387	96117	7
14387	96322	9
14387	98159	14
14387	99310	68
14387	99311	11
14387	99313	36
14387	99314	21
14387	100323	82
14387	100324	21
14387	100570	14
14387	100572	3
14387	104118	7
14387	104803	27
14387	105743	128
14387	109109	9
14387	109111	11
14387	109905	9
14387	110357	72
14387	110359	17
14387	110825	14
14387	111412	15
14387	114069	15
14387	114358	7
14387	115032	8
14387	116330	42
14387	116655	20
14387	117232	30
14387	117235	56
14387	118646	21
14387	119089	7
14387	120433	12
14387	121313	7
14387	122612	7
14387	123253	3
14387	123507	3
14387	123932	11
14387	124212	4
14387	125126	3
14387	125582	30
14387	125584	30
14387	126526	25
14387	126533	12
14387	126556	7
14387	126613	46
14387	126614	15
14387	126618	53
14387	126621	69
14387	126742	11
14387	128004	8
14387	128011	17
14387	128033	10
14387	128035	6
14387	128036	4
14387	128048	16
14387	128066	26
14387	128071	34
14387	128074	9
14387	128084	4
14387	128087	12
14387	128115	28
14387	128239	7
14387	128241	11
14387	128751	35
14387	128797	281
14387	128804	150
14387	128805	14
14387	128807	79
14387	128810	13
14387	128817	38
14387	128832	2
14387	130689	11
14387	131373	24
14387	132293	12
14387	133004	16
14387	133030	11
14387	133655	9
14387	133832	45
14387	133861	16
14387	134851	18
14387	135501	9
14387	135730	8
14387	136540	5
14387	136689	14
14387	136690	2
14387	138406	19
14387	138619	12
14387	139192	10
14387	139959	15
14387	140876	14
14387	141840	8
14387	142560	15
14387	144271	6
14387	145508	14
14387	146643	47
14387	146644	13
14387	147535	26
14387	148313	17
14387	149762	4
14387	149772	6
14387	149773	5
14387	152096	19
14387	152099	21
14387	152101	16
14387	154993	30
14387	155002	27
14387	155061	20
14387	157133	56
14387	157217	12
14387	159998	43
14387	160536	31
14387	160539	17
14387	160542	33
14387	160545	11
14387	160546	11
14387	160547	12
14387	160554	13
14387	160555	108
14387	161120	9
14387	162733	19
14387	163362	10
14387	164208	8
14387	164734	11
14387	164737	21
14387	165553	14
14387	165677	6
14387	165684	22
14387	165889	27
14387	166074	12
14387	166580	21
14387	167326	6
14387	169119	22
14387	170847	29
14387	170849	29
14387	170851	50
14387	170855	3
14387	170860	7
14387	171579	2
14387	172127	19
14387	172284	5
14387	173192	10
14387	173204	8
14387	173695	19
14387	174543	61
14387	174544	14
14387	177141	21
14387	177932	11
14387	178199	9
14387	178463	15
14387	179773	10
14387	180155	5
14387	180697	11
14387	182781	13
14387	182898	10
14387	183217	19
14391	14392	6
14391	14395	4
14391	16175	5
14391	16201	3
14391	16206	4
14391	17696	3
14391	18423	8
14391	19341	10
14391	20122	1
14391	20242	2
14391	20354	4
14391	20990	13
14391	25140	2
14391	25317	7
14391	26170	1
14391	26375	3
14391	26990	4
14391	27626	1
14391	27627	1
14391	27628	1
14391	27848	2
14391	28093	4
14391	28098	2
14391	28945	4
14391	32088	1
14391	34945	2
14391	35184	12
14391	36468	2
14391	38059	2
14391	38241	5
14391	40091	1
14391	41860	1
14391	44304	3
14391	46465	2
14391	47260	5
14391	48372	1
14391	48382	6
14391	51545	32
14391	51547	4
14391	51548	25
14391	51549	6
14391	51551	13
14391	51552	35
14391	52158	4
14391	52722	1
14391	53815	1
14391	55452	2
14391	56191	2
14391	56224	10
14391	56287	2
14391	56307	19
14391	56861	1
14391	56929	3
14391	57392	3
14391	58110	10
14391	58115	1
14391	58507	3
14391	58518	4
14391	58526	2
14391	58776	4
14391	59086	3
14391	62907	3
14391	64221	1
14391	66486	1
14391	66490	1
14391	66527	1
14391	67217	1
14391	68312	2
14391	68396	18
14391	68398	2
14391	68400	22
14391	68401	1
14391	68404	2
14391	68406	2
14391	68410	11
14391	68433	4
14391	70746	2
14391	73198	5
14391	73202	1
14391	73671	1
14391	73970	12
14391	74891	35
14391	74893	5
14391	74897	5
14391	75385	2
14391	75390	1
14391	78898	1
14391	82282	1
14391	82677	1
14391	83285	7
14391	83287	2
14391	83291	3
14391	83294	3
14391	85221	3
14391	86019	1
14391	86312	3
14391	86855	5
14391	88020	2
14391	91205	10
14391	92315	3
14391	93869	7
14391	96117	8
14391	96322	2
14391	99310	11
14391	99311	2
14391	99313	10
14391	99314	4
14391	100323	12
14391	100324	4
14391	100570	4
14391	104118	2
14391	104803	1
14391	105743	6
14391	109109	1
14391	109111	1
14391	109905	1
14391	110357	21
14391	110359	3
14391	111412	2
14391	114069	2
14391	115032	3
14391	116330	8
14391	116655	5
14391	117232	5
14391	117235	6
14391	118646	4
14391	119089	1
14391	120433	1
14391	121313	2
14391	122612	4
14391	123253	1
14391	123507	2
14391	123932	2
14391	124212	1
14391	125126	3
14391	125582	16
14391	125584	10
14391	126526	8
14391	126533	1
14391	126556	2
14391	126613	14
14391	126614	5
14391	126618	4
14391	126621	24
14391	126742	3
14391	128011	5
14391	128033	2
14391	128048	1
14391	128066	4
14391	128071	4
14391	128074	1
14391	128084	1
14391	128087	3
14391	128115	5
14391	128239	1
14391	128241	1
14391	128751	7
14391	128797	64
14391	128804	36
14391	128807	12
14391	128810	1
14391	128817	14
14391	128832	1
14391	130689	4
14391	131373	2
14391	132293	1
14391	133004	1
14391	133030	3
14391	133655	1
14391	133832	14
14391	133861	1
14391	134851	3
14391	135501	1
14391	135730	4
14391	136540	2
14391	136689	4
14391	136690	1
14391	138406	1
14391	138619	1
14391	139192	3
14391	139959	4
14391	140876	3
14391	141840	1
14391	142560	2
14391	144271	1
14391	145508	4
14391	146643	5
14391	146644	1
14391	147535	3
14391	148313	10
14391	149762	1
14391	149772	1
14391	149773	2
14391	152096	6
14391	152099	3
14391	152101	3
14391	154993	2
14391	155002	4
14391	157133	10
14391	157217	3
14391	159998	16
14391	160378	1
14391	160536	3
14391	160539	1
14391	160542	1
14391	160545	3
14391	160546	2
14391	160547	12
14391	160554	4
14391	160555	10
14391	162733	1
14391	164208	8
14391	165553	3
14391	165677	6
14391	165684	1
14391	165889	3
14391	166074	1
14391	166580	4
14391	167326	2
14391	169119	5
14391	170847	4
14391	170849	10
14391	170851	15
14391	170855	3
14391	171579	2
14391	172284	2
14391	173192	5
14391	173204	1
14391	173695	2
14391	174543	21
14391	174544	2
14391	177141	9
14391	177932	5
14391	178199	1
14391	178463	3
14391	180155	1
14391	180697	3
14391	182781	2
14391	182898	1
14392	14395	6
14392	16175	11
14392	16201	11
14392	16206	6
14392	17696	3
14392	18423	15
14392	19152	5
14392	19341	19
14392	20122	5
14392	20242	5
14392	20246	2
14392	20354	3
14392	20990	8
14392	25140	12
14392	25317	14
14392	26170	4
14392	26375	5
14392	26990	15
14392	27039	4
14392	27626	8
14392	27627	5
14392	27628	11
14392	27848	9
14392	28093	7
14392	28098	4
14392	28945	7
14392	29580	5
14392	32088	4
14392	34945	1
14392	35184	13
14392	36468	5
14392	38059	9
14392	38241	6
14392	40091	3
14392	41860	10
14392	44304	4
14392	46465	4
14392	47260	7
14392	48372	2
14392	48382	9
14392	50134	1
14392	51545	76
14392	51547	12
14392	51548	51
14392	51549	7
14392	51551	39
14392	51552	46
14392	52158	5
14392	52722	1
14392	53635	2
14392	53815	2
14392	55452	2
14392	56191	4
14392	56224	24
14392	56287	2
14392	56307	37
14392	56861	2
14392	56926	1
14392	56929	5
14392	57392	1
14392	58110	11
14392	58115	4
14392	58507	2
14392	58518	10
14392	58525	4
14392	58526	1
14392	58776	3
14392	59086	3
14392	59088	4
14392	62907	6
14392	64221	4
14392	66486	3
14392	66488	2
14392	66490	3
14392	66527	4
14392	67217	6
14392	68312	12
14392	68396	26
14392	68398	6
14392	68400	35
14392	68401	1
14392	68404	7
14392	68406	5
14392	68410	17
14392	68412	3
14392	68433	5
14392	70746	9
14392	71039	7
14392	71040	4
14392	73198	8
14392	73202	9
14392	73671	1
14392	73970	25
14392	74891	62
14392	74893	8
14392	74897	14
14392	74945	3
14392	74948	3
14392	75383	3
14392	75385	7
14392	75390	9
14392	75394	3
14392	78898	13
14392	82677	5
14392	83285	5
14392	83287	6
14392	83291	9
14392	83294	12
14392	85055	5
14392	85221	5
14392	86019	2
14392	86312	2
14392	86855	3
14392	88020	2
14392	91205	13
14392	92315	3
14392	93730	1
14392	93869	16
14392	96117	3
14392	96322	1
14392	98159	3
14392	99310	19
14392	99311	4
14392	99313	13
14392	99314	3
14392	100323	31
14392	100324	6
14392	100570	2
14392	100572	5
14392	104118	1
14392	104803	3
14392	105743	14
14392	109109	3
14392	109111	5
14392	109905	2
14392	110357	37
14392	110359	14
14392	110825	2
14392	111412	7
14392	114069	3
14392	114358	7
14392	115032	3
14392	116330	14
14392	116655	1
14392	117232	8
14392	117235	11
14392	118646	1
14392	119089	2
14392	120433	8
14392	122612	3
14392	123253	2
14392	123507	3
14392	123932	8
14392	125126	4
14392	125582	10
14392	125584	7
14392	126526	8
14392	126533	6
14392	126556	1
14392	126613	28
14392	126614	5
14392	126618	9
14392	126621	32
14392	126742	3
14392	128004	3
14392	128011	8
14392	128033	6
14392	128035	1
14392	128048	8
14392	128066	9
14392	128071	14
14392	128074	2
14392	128084	5
14392	128087	9
14392	128115	7
14392	128239	6
14392	128241	8
14392	128751	6
14392	128797	96
14392	128804	50
14392	128805	8
14392	128807	32
14392	128810	2
14392	128817	15
14392	128832	2
14392	130689	6
14392	131373	7
14392	132293	3
14392	133004	6
14392	133030	1
14392	133655	3
14392	133832	18
14392	133861	7
14392	134851	5
14392	135501	5
14392	135730	4
14392	136689	9
14392	136690	2
14392	138406	9
14392	138619	1
14392	139192	4
14392	139959	3
14392	140876	4
14392	141840	2
14392	142560	4
14392	144271	7
14392	145508	7
14392	146643	9
14392	146644	2
14392	147535	3
14392	148313	7
14392	149762	2
14392	149772	2
14392	152096	14
14392	152099	8
14392	152101	10
14392	154993	8
14392	155002	8
14392	155061	2
14392	157133	17
14392	157217	11
14392	159998	11
14392	160378	1
14392	160536	3
14392	160539	5
14392	160542	3
14392	160545	3
14392	160546	1
14392	160547	5
14392	160554	5
14392	160555	15
14392	161120	2
14392	162733	6
14392	163362	2
14392	164208	1
14392	164734	2
14392	164737	5
14392	165553	8
14392	165677	6
14392	165684	4
14392	165889	12
14392	166074	8
14392	166580	14
14392	169119	3
14392	170847	19
14392	170849	11
14392	170851	26
14392	170855	6
14392	170860	3
14392	171579	1
14392	172127	10
14392	172284	4
14392	173192	8
14392	173204	5
14392	173695	5
14392	174543	29
14392	174544	10
14392	177141	19
14392	177932	3
14392	178199	7
14392	180155	4
14392	180697	2
14392	182781	3
14392	182898	3
14392	183217	3
14395	15701	4
14395	16175	3
14395	16201	9
14395	16206	12
14395	17696	2
14395	18423	24
14395	19152	3
14395	19341	17
14395	20122	5
14395	20242	4
14395	20246	1
14395	20354	5
14395	20990	6
14395	25140	11
14395	25317	16
14395	26170	15
14395	26375	9
14395	26990	18
14395	27039	8
14395	27626	3
14395	27627	2
14395	27628	9
14395	27848	4
14395	28093	5
14395	28098	4
14395	28945	6
14395	29580	5
14395	32088	3
14395	34945	2
14395	35184	6
14395	36468	10
14395	38059	17
14395	38241	6
14395	40091	1
14395	41860	6
14395	44304	8
14395	46465	9
14395	47260	4
14395	48372	3
14395	48382	15
14395	50134	1
14395	51545	38
14395	51547	17
14395	51548	33
14395	51549	11
14395	51551	31
14395	51552	57
14395	52158	2
14395	52722	4
14395	53635	3
14395	53815	4
14395	55452	6
14395	56224	32
14395	56287	5
14395	56307	33
14395	56861	6
14395	56926	1
14395	56929	1
14395	57392	5
14395	58110	20
14395	58115	12
14395	58507	6
14395	58518	2
14395	58525	1
14395	58526	8
14395	58776	1
14395	59086	6
14395	59088	4
14395	62907	4
14395	66486	1
14395	66490	5
14395	66527	1
14395	67217	3
14395	68312	14
14395	68396	24
14395	68398	5
14395	68400	24
14395	68401	1
14395	68404	4
14395	68406	2
14395	68410	21
14395	68412	2
14395	68433	22
14395	70746	8
14395	71039	13
14395	71040	5
14395	73198	3
14395	73202	6
14395	73671	4
14395	73970	11
14395	74891	29
14395	74893	1
14395	74897	5
14395	74945	9
14395	74948	13
14395	75383	1
14395	75385	5
14395	75390	21
14395	75394	1
14395	78898	7
14395	82096	5
14395	82282	2
14395	82677	4
14395	83285	3
14395	83287	1
14395	83291	2
14395	83294	7
14395	85055	2
14395	85221	6
14395	86019	14
14395	86312	21
14395	86855	8
14395	88020	2
14395	91205	10
14395	92315	2
14395	93730	4
14395	93869	17
14395	96117	2
14395	96322	9
14395	98159	8
14395	99310	10
14395	99311	1
14395	99313	18
14395	99314	8
14395	100323	20
14395	100324	5
14395	100570	2
14395	104118	3
14395	104803	1
14395	105743	11
14395	109109	3
14395	109111	3
14395	109905	9
14395	110357	48
14395	110359	19
14395	110825	2
14395	111412	5
14395	114069	15
14395	114358	9
14395	116330	36
14395	116655	7
14395	117232	21
14395	117235	19
14395	118646	5
14395	119089	2
14395	120433	12
14395	121313	3
14395	122612	7
14395	123507	4
14395	123932	14
14395	125126	1
14395	125582	9
14395	125584	5
14395	126526	9
14395	126533	2
14395	126556	3
14395	126613	10
14395	126614	3
14395	126618	7
14395	126621	22
14395	126742	7
14395	128004	2
14395	128011	2
14395	128033	2
14395	128048	1
14395	128066	2
14395	128071	13
14395	128074	1
14395	128084	3
14395	128087	9
14395	128115	22
14395	128239	3
14395	128241	8
14395	128751	8
14395	128797	88
14395	128804	47
14395	128805	3
14395	128807	31
14395	128810	2
14395	128817	39
14395	128832	4
14395	130689	6
14395	131373	3
14395	132293	3
14395	133004	8
14395	133030	4
14395	133655	7
14395	133832	30
14395	133861	3
14395	134851	5
14395	135501	2
14395	135730	1
14395	136540	1
14395	136689	7
14395	136690	7
14395	138406	19
14395	138619	2
14395	139192	1
14395	139959	2
14395	140876	3
14395	141840	1
14395	142560	1
14395	144271	5
14395	145508	8
14395	146643	4
14395	146644	2
14395	147535	9
14395	148313	5
14395	149762	3
14395	149772	8
14395	149773	14
14395	152096	11
14395	152099	6
14395	152101	10
14395	154993	2
14395	155002	7
14395	157133	15
14395	157217	7
14395	159998	5
14395	160378	1
14395	160536	1
14395	160539	6
14395	160542	2
14395	160545	2
14395	160546	3
14395	160547	6
14395	160554	1
14395	160555	12
14395	161120	2
14395	162733	2
14395	163362	2
14395	164208	6
14395	164734	22
14395	164737	20
14395	165553	9
14395	165677	6
14395	165684	3
14395	165889	5
14395	166074	4
14395	166580	11
14395	167326	10
14395	169119	4
14395	170847	12
14395	170849	8
14395	170851	32
14395	170855	4
14395	170860	5
14395	171579	2
14395	172127	7
14395	172284	4
14395	173192	4
14395	173204	4
14395	173695	1
14395	174543	20
14395	174544	6
14395	177141	13
14395	177932	5
14395	178199	10
14395	178463	1
14395	179773	1
14395	180155	4
14395	180697	2
14395	182781	2
14395	182898	8
14395	183217	27
15701	16175	2
15701	16201	2
15701	16206	3
15701	17696	1
15701	18423	15
15701	19341	7
15701	20122	1
15701	20354	5
15701	20990	1
15701	25140	2
15701	25317	4
15701	26170	8
15701	26375	4
15701	26990	7
15701	27039	2
15701	27626	3
15701	27627	3
15701	27628	4
15701	27848	2
15701	28093	3
15701	28098	6
15701	29580	3
15701	32088	1
15701	35184	4
15701	38059	6
15701	38241	1
15701	41860	1
15701	44304	4
15701	46465	8
15701	47260	1
15701	48382	6
15701	50134	1
15701	51545	28
15701	51547	6
15701	51548	18
15701	51549	9
15701	51551	19
15701	51552	27
15701	52158	3
15701	53635	3
15701	55452	2
15701	56224	4
15701	56287	11
15701	56307	14
15701	56926	1
15701	56929	5
15701	58110	7
15701	58115	4
15701	58507	1
15701	58518	2
15701	58525	2
15701	58526	1
15701	59086	3
15701	59088	3
15701	62907	1
15701	66486	1
15701	66488	1
15701	66527	1
15701	67217	1
15701	68312	6
15701	68396	11
15701	68398	4
15701	68400	14
15701	68401	1
15701	68410	10
15701	68412	4
15701	68433	4
15701	70746	3
15701	71039	5
15701	71040	3
15701	73198	5
15701	73202	1
15701	73970	9
15701	74891	3
15701	74893	1
15701	74897	4
15701	74945	9
15701	74948	2
15701	75383	3
15701	75390	13
15701	75394	1
15701	78898	9
15701	82282	1
15701	83285	1
15701	83287	2
15701	83291	4
15701	83294	5
15701	85221	3
15701	86019	2
15701	86312	11
15701	86855	2
15701	91205	8
15701	93869	8
15701	98159	4
15701	99310	8
15701	99313	12
15701	99314	13
15701	100323	10
15701	100324	5
15701	100570	1
15701	104803	1
15701	105743	4
15701	109905	24
15701	110357	23
15701	110359	2
15701	110825	2
15701	111412	4
15701	114069	6
15701	114358	2
15701	115032	6
15701	116330	19
15701	117232	10
15701	117235	7
15701	118646	2
15701	119089	1
15701	122612	1
15701	123932	5
15701	125582	5
15701	125584	2
15701	126526	2
15701	126533	2
15701	126556	4
15701	126613	11
15701	126614	1
15701	126621	8
15701	126742	7
15701	128004	2
15701	128011	1
15701	128033	3
15701	128035	2
15701	128048	4
15701	128066	3
15701	128071	7
15701	128074	2
15701	128084	3
15701	128087	10
15701	128115	8
15701	128239	1
15701	128241	1
15701	128751	6
15701	128797	52
15701	128804	25
15701	128805	1
15701	128807	23
15701	128810	1
15701	128817	18
15701	128832	5
15701	131373	1
15701	133004	1
15701	133655	3
15701	133832	13
15701	133861	5
15701	135501	1
15701	135730	1
15701	136689	1
15701	136690	3
15701	138406	3
15701	138619	13
15701	139192	1
15701	140876	2
15701	142560	1
15701	144271	2
15701	145508	3
15701	146643	1
15701	146644	2
15701	147535	2
15701	148313	4
15701	149762	2
15701	149772	3
15701	149773	2
15701	152096	5
15701	152099	4
15701	152101	2
15701	155002	1
15701	157133	8
15701	157217	3
15701	159998	3
15701	160536	2
15701	160539	2
15701	160542	3
15701	160545	1
15701	160547	1
15701	160554	2
15701	160555	10
15701	161120	1
15701	163362	47
15701	164208	1
15701	164734	5
15701	164737	8
15701	165553	1
15701	165677	8
15701	165889	2
15701	166074	7
15701	166580	3
15701	167326	6
15701	169119	1
15701	170847	12
15701	170849	2
15701	170851	13
15701	170855	3
15701	170860	3
15701	171579	2
15701	172127	5
15701	172284	3
15701	173204	4
15701	173695	3
15701	174543	7
15701	174544	3
15701	177141	7
15701	177932	1
15701	178199	3
15701	178463	1
15701	179773	1
15701	182781	6
15701	182898	1
15701	183217	8
16175	16201	32
16175	16206	11
16175	17696	10
16175	18423	11
16175	19152	12
16175	19341	12
16175	20122	3
16175	20242	7
16175	20246	2
16175	20354	5
16175	20990	8
16175	25140	9
16175	25317	15
16175	26170	3
16175	26375	5
16175	26990	28
16175	27039	5
16175	27626	3
16175	27627	1
16175	27628	5
16175	27848	15
16175	28093	15
16175	28098	5
16175	28945	9
16175	29580	6
16175	32088	11
16175	34945	5
16175	35184	7
16175	36468	5
16175	38059	3
16175	38241	9
16175	40091	3
16175	41860	18
16175	44304	5
16175	46465	2
16175	47260	3
16175	48372	8
16175	48382	13
16175	50134	4
16175	51545	103
16175	51547	19
16175	51548	87
16175	51549	28
16175	51551	32
16175	51552	70
16175	52158	17
16175	52722	1
16175	53635	7
16175	53815	3
16175	55452	3
16175	56191	1
16175	56224	22
16175	56287	8
16175	56307	69
16175	56861	5
16175	56926	1
16175	56929	6
16175	58110	7
16175	58115	5
16175	58507	2
16175	58518	25
16175	58525	4
16175	58526	3
16175	58776	8
16175	59086	7
16175	59088	7
16175	62907	2
16175	64221	5
16175	66486	11
16175	66488	5
16175	66490	10
16175	66527	2
16175	67217	2
16175	68312	12
16175	68396	72
16175	68398	13
16175	68400	64
16175	68401	8
16175	68404	12
16175	68406	9
16175	68410	14
16175	68412	3
16175	68433	5
16175	70746	13
16175	71039	2
16175	71040	4
16175	73198	11
16175	73202	7
16175	73671	5
16175	73970	51
16175	74891	67
16175	74893	18
16175	74897	3
16175	74945	2
16175	74948	2
16175	75383	9
16175	75385	9
16175	75390	10
16175	75394	12
16175	78898	15
16175	82096	5
16175	82282	5
16175	82677	2
16175	83285	7
16175	83287	15
16175	83291	6
16175	83294	12
16175	85055	6
16175	85221	6
16175	86019	3
16175	86312	2
16175	86855	12
16175	88020	5
16175	91205	12
16175	92315	5
16175	93730	5
16175	93869	11
16175	96117	2
16175	96322	2
16175	98159	5
16175	99310	27
16175	99311	6
16175	99313	6
16175	99314	4
16175	100323	57
16175	100324	13
16175	100570	9
16175	100572	5
16175	104118	4
16175	104803	14
16175	105743	17
16175	109109	7
16175	109111	7
16175	109905	4
16175	110357	48
16175	110359	11
16175	110825	5
16175	111412	3
16175	114069	4
16175	114358	7
16175	115032	4
16175	116330	16
16175	116655	8
16175	117232	3
16175	117235	12
16175	118646	5
16175	119089	7
16175	120433	6
16175	121313	5
16175	122612	3
16175	123253	7
16175	123932	8
16175	124212	4
16175	125126	7
16175	125582	7
16175	125584	11
16175	126526	17
16175	126533	9
16175	126556	8
16175	126613	30
16175	126614	3
16175	126618	17
16175	126621	47
16175	126742	2
16175	128004	4
16175	128011	5
16175	128033	1
16175	128035	2
16175	128036	4
16175	128048	7
16175	128066	14
16175	128071	13
16175	128074	2
16175	128084	2
16175	128087	7
16175	128115	8
16175	128239	2
16175	128241	6
16175	128751	26
16175	128797	140
16175	128804	83
16175	128805	6
16175	128807	38
16175	128810	3
16175	128817	18
16175	130689	2
16175	131373	11
16175	132293	8
16175	133004	9
16175	133030	6
16175	133655	4
16175	133832	20
16175	133861	11
16175	134851	11
16175	135501	4
16175	135730	5
16175	136689	7
16175	136690	3
16175	138406	4
16175	138619	7
16175	139192	2
16175	139959	4
16175	140876	5
16175	142560	3
16175	144271	3
16175	145508	3
16175	146643	16
16175	146644	11
16175	147535	4
16175	148313	7
16175	149762	1
16175	149772	2
16175	152096	8
16175	152099	10
16175	152101	10
16175	154993	18
16175	155002	18
16175	155061	4
16175	157133	29
16175	157217	7
16175	159998	17
16175	160378	8
16175	160536	11
16175	160539	8
16175	160542	7
16175	160545	5
16175	160546	6
16175	160547	5
16175	160554	9
16175	160555	15
16175	161120	3
16175	162733	11
16175	163362	2
16175	164734	1
16175	164737	4
16175	165553	4
16175	165677	5
16175	165684	1
16175	165889	8
16175	166074	1
16175	166580	13
16175	167326	1
16175	169119	6
16175	170847	16
16175	170849	16
16175	170851	23
16175	170855	4
16175	170860	1
16175	171579	3
16175	172127	8
16175	172284	5
16175	173192	9
16175	173204	3
16175	173695	7
16175	174543	38
16175	174544	9
16175	177141	13
16175	177932	6
16175	178199	2
16175	178463	5
16175	179773	9
16175	180155	4
16175	180697	7
16175	182781	7
16175	182898	4
16175	183217	2
16201	16206	13
16201	17696	12
16201	18423	17
16201	19152	18
16201	19341	22
16201	20122	7
16201	20242	6
16201	20246	4
16201	20354	4
16201	20990	7
16201	25140	6
16201	25317	15
16201	26170	10
16201	26375	5
16201	26990	21
16201	27039	6
16201	27626	14
16201	27627	12
16201	27628	10
16201	27848	11
16201	28093	7
16201	28098	4
16201	28945	5
16201	29580	6
16201	32088	6
16201	34945	7
16201	35184	5
16201	36468	3
16201	38059	8
16201	38241	5
16201	40091	3
16201	41860	22
16201	44304	3
16201	46465	6
16201	47260	1
16201	48372	13
16201	48382	7
16201	51545	114
16201	51547	20
16201	51548	75
16201	51549	23
16201	51551	34
16201	51552	79
16201	52158	18
16201	52722	1
16201	53635	3
16201	53815	1
16201	55452	2
16201	56191	5
16201	56224	17
16201	56287	4
16201	56307	60
16201	56861	4
16201	56926	5
16201	56929	5
16201	57392	1
16201	58110	12
16201	58115	7
16201	58507	2
16201	58518	17
16201	58525	9
16201	58526	3
16201	58776	5
16201	59086	9
16201	59088	8
16201	62907	4
16201	64221	1
16201	66486	11
16201	66488	4
16201	66490	9
16201	66527	7
16201	67217	3
16201	68312	9
16201	68396	73
16201	68398	17
16201	68400	63
16201	68401	7
16201	68404	13
16201	68406	11
16201	68410	16
16201	68412	2
16201	68433	7
16201	70746	9
16201	71039	2
16201	71040	3
16201	73198	14
16201	73202	5
16201	73671	3
16201	73970	49
16201	74891	69
16201	74893	7
16201	74897	6
16201	74945	2
16201	74948	4
16201	75383	8
16201	75385	15
16201	75390	13
16201	75394	12
16201	78898	23
16201	82096	4
16201	82282	4
16201	82677	7
16201	83285	6
16201	83287	13
16201	83291	10
16201	83294	10
16201	85055	6
16201	85221	2
16201	86019	4
16201	86312	4
16201	86855	16
16201	88020	4
16201	91205	17
16201	92315	4
16201	93730	3
16201	93869	17
16201	96117	1
16201	96322	2
16201	98159	2
16201	99310	25
16201	99311	4
16201	99313	15
16201	99314	1
16201	100323	42
16201	100324	9
16201	100570	12
16201	100572	5
16201	104118	3
16201	104803	19
16201	105743	9
16201	109109	6
16201	109111	11
16201	109905	2
16201	110357	50
16201	110359	10
16201	110825	2
16201	111412	5
16201	114069	9
16201	114358	8
16201	115032	2
16201	116330	19
16201	116655	8
16201	117232	3
16201	117235	11
16201	118646	5
16201	119089	3
16201	120433	8
16201	121313	3
16201	122612	5
16201	123253	3
16201	123507	2
16201	123932	8
16201	124212	1
16201	125126	6
16201	125582	6
16201	125584	12
16201	126526	22
16201	126533	9
16201	126556	1
16201	126613	29
16201	126614	11
16201	126618	15
16201	126621	38
16201	126742	1
16201	128004	5
16201	128011	7
16201	128033	7
16201	128035	5
16201	128036	4
16201	128048	9
16201	128066	10
16201	128071	18
16201	128074	6
16201	128084	2
16201	128087	8
16201	128115	12
16201	128239	4
16201	128241	3
16201	128751	27
16201	128797	131
16201	128804	81
16201	128805	11
16201	128807	47
16201	128810	2
16201	128817	14
16201	128832	3
16201	130689	4
16201	131373	11
16201	132293	14
16201	133004	2
16201	133030	4
16201	133655	4
16201	133832	26
16201	133861	5
16201	134851	12
16201	135501	6
16201	135730	6
16201	136540	3
16201	136689	11
16201	136690	5
16201	138406	7
16201	138619	8
16201	139192	4
16201	139959	3
16201	140876	5
16201	141840	7
16201	142560	3
16201	144271	5
16201	145508	3
16201	146643	17
16201	146644	12
16201	147535	3
16201	148313	12
16201	149762	2
16201	149773	3
16201	152096	13
16201	152099	13
16201	152101	12
16201	154993	8
16201	155002	19
16201	155061	3
16201	157133	37
16201	157217	21
16201	159998	10
16201	160378	5
16201	160536	11
16201	160539	7
16201	160542	9
16201	160545	5
16201	160546	4
16201	160547	6
16201	160554	6
16201	160555	14
16201	161120	1
16201	162733	5
16201	163362	6
16201	164208	1
16201	164734	4
16201	164737	5
16201	165553	7
16201	165677	2
16201	165889	10
16201	166074	2
16201	166580	18
16201	167326	2
16201	169119	8
16201	170847	13
16201	170849	12
16201	170851	29
16201	170855	5
16201	171579	1
16201	172127	13
16201	172284	3
16201	173192	10
16201	173204	6
16201	173695	8
16201	174543	45
16201	174544	6
16201	177141	10
16201	177932	5
16201	178199	4
16201	178463	1
16201	179773	9
16201	180155	4
16201	180697	3
16201	182781	6
16201	182898	1
16201	183217	5
16206	17696	9
16206	18423	11
16206	19341	15
16206	20122	3
16206	20242	5
16206	20246	3
16206	20354	3
16206	20990	12
16206	25140	10
16206	25317	7
16206	26170	3
16206	26375	7
16206	26990	12
16206	27039	3
16206	27626	3
16206	27627	1
16206	27628	6
16206	27848	8
16206	28093	9
16206	28098	7
16206	28945	3
16206	29580	4
16206	32088	3
16206	34945	4
16206	35184	7
16206	36468	6
16206	38059	5
16206	38241	4
16206	40091	4
16206	41860	7
16206	44304	6
16206	46465	6
16206	47260	2
16206	48372	2
16206	48382	5
16206	50134	4
16206	51545	50
16206	51547	12
16206	51548	49
16206	51549	13
16206	51551	29
16206	51552	49
16206	52158	4
16206	52722	4
16206	53635	4
16206	53815	2
16206	55452	6
16206	56191	1
16206	56224	23
16206	56287	6
16206	56307	31
16206	56861	1
16206	56929	4
16206	57392	11
16206	58110	14
16206	58115	13
16206	58507	3
16206	58518	11
16206	58525	7
16206	58526	4
16206	58776	4
16206	59086	1
16206	59088	5
16206	62907	2
16206	64221	2
16206	66486	3
16206	66490	6
16206	66527	3
16206	67217	5
16206	68312	13
16206	68396	34
16206	68398	9
16206	68400	43
16206	68401	1
16206	68404	8
16206	68406	5
16206	68410	23
16206	68412	4
16206	68433	8
16206	70746	3
16206	71039	5
16206	71040	4
16206	73198	8
16206	73202	2
16206	73671	5
16206	73970	12
16206	74891	41
16206	74893	12
16206	74897	4
16206	74945	2
16206	74948	8
16206	75383	2
16206	75385	6
16206	75390	7
16206	75394	3
16206	78898	11
16206	82096	2
16206	82282	1
16206	82677	2
16206	83285	7
16206	83287	5
16206	83291	5
16206	83294	9
16206	85055	4
16206	85221	11
16206	86019	6
16206	86312	4
16206	86855	12
16206	88020	3
16206	91205	14
16206	92315	3
16206	93730	3
16206	93869	17
16206	96117	4
16206	96322	3
16206	98159	4
16206	99310	13
16206	99311	5
16206	99313	10
16206	99314	9
16206	100323	23
16206	100324	5
16206	100570	5
16206	100572	1
16206	104118	5
16206	104803	4
16206	105743	9
16206	109109	4
16206	109111	6
16206	109905	5
16206	110357	42
16206	110359	6
16206	110825	1
16206	111412	5
16206	114069	11
16206	114358	3
16206	115032	2
16206	116330	17
16206	116655	6
16206	117232	5
16206	117235	13
16206	118646	3
16206	119089	2
16206	120433	6
16206	121313	5
16206	122612	5
16206	123253	2
16206	123507	1
16206	123932	2
16206	124212	3
16206	125126	4
16206	125582	11
16206	125584	12
16206	126526	6
16206	126533	3
16206	126556	2
16206	126613	22
16206	126614	7
16206	126618	8
16206	126621	23
16206	128004	3
16206	128011	1
16206	128033	4
16206	128035	2
16206	128036	2
16206	128048	1
16206	128066	8
16206	128071	11
16206	128074	8
16206	128084	2
16206	128087	3
16206	128115	12
16206	128241	8
16206	128751	10
16206	128797	79
16206	128804	49
16206	128805	2
16206	128807	28
16206	128810	2
16206	128817	19
16206	128832	3
16206	130689	6
16206	131373	5
16206	132293	1
16206	133004	1
16206	133030	6
16206	133655	6
16206	133832	25
16206	133861	2
16206	134851	4
16206	135501	1
16206	135730	3
16206	136540	2
16206	136689	10
16206	136690	3
16206	138406	7
16206	138619	4
16206	139192	2
16206	139959	3
16206	140876	5
16206	141840	3
16206	142560	4
16206	144271	1
16206	145508	10
16206	146643	8
16206	146644	1
16206	147535	5
16206	148313	8
16206	149762	1
16206	149772	3
16206	149773	2
16206	152096	8
16206	152099	6
16206	152101	4
16206	154993	6
16206	155002	5
16206	155061	2
16206	157133	19
16206	157217	4
16206	159998	10
16206	160378	3
16206	160536	5
16206	160539	4
16206	160542	4
16206	160545	5
16206	160546	2
16206	160547	8
16206	160554	2
16206	160555	11
16206	161120	5
16206	162733	5
16206	163362	3
16206	164208	2
16206	164734	4
16206	164737	7
16206	165553	2
16206	165677	3
16206	165684	1
16206	165889	8
16206	166074	2
16206	166580	8
16206	167326	3
16206	169119	7
16206	170847	15
16206	170849	12
16206	170851	20
16206	170855	1
16206	170860	1
16206	171579	2
16206	172127	4
16206	172284	4
16206	173192	5
16206	173204	2
16206	173695	3
16206	174543	20
16206	174544	6
16206	177141	9
16206	177932	7
16206	178199	3
16206	178463	5
16206	179773	2
16206	180155	4
16206	180697	3
16206	182781	3
16206	182898	1
16206	183217	6
17696	18423	10
17696	19152	2
17696	19341	9
17696	20122	1
17696	20242	6
17696	20246	4
17696	20354	4
17696	20990	5
17696	25140	6
17696	25317	12
17696	26170	1
17696	26375	4
17696	26990	6
17696	27039	4
17696	27626	4
17696	27627	3
17696	27628	4
17696	27848	8
17696	28093	20
17696	28098	14
17696	28945	2
17696	29580	6
17696	32088	4
17696	35184	9
17696	36468	3
17696	38059	4
17696	38241	8
17696	40091	4
17696	41860	4
17696	44304	7
17696	46465	2
17696	47260	2
17696	48372	5
17696	48382	10
17696	50134	4
17696	51545	101
17696	51547	3
17696	51548	56
17696	51549	18
17696	51551	32
17696	51552	104
17696	52158	10
17696	52722	2
17696	53635	3
17696	53815	3
17696	55452	3
17696	56191	3
17696	56224	39
17696	56287	7
17696	56307	49
17696	56861	1
17696	56926	1
17696	56929	1
17696	57392	8
17696	58110	25
17696	58115	4
17696	58507	5
17696	58518	14
17696	58525	4
17696	58526	2
17696	58776	2
17696	59086	1
17696	59088	3
17696	62907	6
17696	64221	1
17696	66486	5
17696	66488	4
17696	66490	19
17696	66527	4
17696	67217	4
17696	68312	5
17696	68396	32
17696	68398	2
17696	68400	36
17696	68401	2
17696	68404	7
17696	68406	2
17696	68410	10
17696	68412	3
17696	68433	5
17696	70746	5
17696	71039	6
17696	71040	2
17696	73198	9
17696	73671	1
17696	73970	56
17696	74891	76
17696	74893	5
17696	74897	3
17696	74945	4
17696	74948	3
17696	75383	2
17696	75385	8
17696	75390	9
17696	75394	5
17696	78898	14
17696	82096	8
17696	82282	7
17696	82677	9
17696	83285	10
17696	83287	4
17696	83291	5
17696	83294	9
17696	85055	2
17696	85221	11
17696	86019	5
17696	86312	6
17696	86855	3
17696	88020	8
17696	91205	30
17696	92315	14
17696	93730	4
17696	93869	14
17696	96117	7
17696	96322	4
17696	98159	1
17696	99310	22
17696	99311	3
17696	99313	22
17696	99314	13
17696	100323	31
17696	100324	4
17696	100570	3
17696	100572	2
17696	104118	2
17696	104803	5
17696	105743	7
17696	109109	2
17696	109111	4
17696	109905	1
17696	110357	70
17696	110359	5
17696	110825	1
17696	111412	2
17696	114069	9
17696	114358	2
17696	115032	4
17696	116330	31
17696	116655	7
17696	117232	9
17696	117235	4
17696	118646	1
17696	119089	2
17696	120433	6
17696	121313	4
17696	122612	5
17696	123253	9
17696	123507	1
17696	123932	2
17696	124212	3
17696	125126	10
17696	125582	10
17696	125584	11
17696	126526	9
17696	126533	5
17696	126556	2
17696	126613	22
17696	126614	8
17696	126618	5
17696	126621	58
17696	126742	5
17696	128004	5
17696	128011	5
17696	128033	7
17696	128035	7
17696	128036	8
17696	128048	5
17696	128066	16
17696	128071	14
17696	128074	6
17696	128084	3
17696	128087	5
17696	128115	10
17696	128239	6
17696	128751	41
17696	128797	186
17696	128804	94
17696	128805	15
17696	128807	43
17696	128810	1
17696	128817	28
17696	128832	9
17696	130689	5
17696	131373	3
17696	132293	5
17696	133004	2
17696	133030	17
17696	133655	3
17696	133832	29
17696	133861	7
17696	135501	3
17696	135730	9
17696	136540	4
17696	136689	6
17696	136690	1
17696	138406	4
17696	138619	1
17696	139192	4
17696	139959	3
17696	140876	8
17696	141840	7
17696	142560	1
17696	144271	2
17696	145508	11
17696	146643	7
17696	146644	1
17696	147535	4
17696	148313	9
17696	149762	4
17696	149772	6
17696	149773	2
17696	152096	15
17696	152099	9
17696	152101	6
17696	154993	7
17696	155002	6
17696	155061	4
17696	157133	35
17696	157217	14
17696	159998	20
17696	160378	9
17696	160536	7
17696	160539	2
17696	160542	4
17696	160545	7
17696	160546	5
17696	160547	4
17696	160554	6
17696	160555	9
17696	161120	4
17696	162733	6
17696	163362	2
17696	164208	1
17696	164734	1
17696	164737	7
17696	165553	14
17696	165677	2
17696	165889	1
17696	166074	3
17696	166580	8
17696	167326	8
17696	169119	8
17696	170847	15
17696	170849	22
17696	170851	48
17696	170855	2
17696	170860	1
17696	171579	3
17696	172127	2
17696	172284	7
17696	173192	4
17696	173204	5
17696	173695	7
17696	174543	57
17696	174544	4
17696	177141	12
17696	177932	13
17696	178199	1
17696	178463	8
17696	179773	8
17696	180155	8
17696	180697	9
17696	182781	2
17696	182898	1
17696	183217	7
18423	19152	10
18423	19341	49
18423	20122	13
18423	20242	6
18423	20246	6
18423	20354	21
18423	20990	19
18423	25140	24
18423	25317	65
18423	26170	34
18423	26375	9
18423	26990	84
18423	27039	23
18423	27626	10
18423	27627	14
18423	27628	15
18423	27848	16
18423	28093	34
18423	28098	21
18423	28945	14
18423	29580	14
18423	32088	10
18423	34945	23
18423	35184	19
18423	36468	23
18423	38059	11
18423	38241	24
18423	40091	6
18423	41860	35
18423	44304	11
18423	46465	20
18423	47260	10
18423	48372	15
18423	48382	31
18423	50134	6
18423	51545	168
18423	51547	58
18423	51548	158
18423	51549	32
18423	51551	91
18423	51552	130
18423	52158	23
18423	52722	1
18423	53635	19
18423	53815	12
18423	55452	14
18423	56191	7
18423	56224	97
18423	56287	17
18423	56307	83
18423	56861	17
18423	56926	3
18423	56929	7
18423	57392	8
18423	58110	49
18423	58115	24
18423	58507	9
18423	58518	24
18423	58525	13
18423	58526	18
18423	58776	10
18423	59086	13
18423	59088	20
18423	62907	7
18423	64221	7
18423	66486	11
18423	66488	7
18423	66490	9
18423	66527	3
18423	67217	16
18423	68312	37
18423	68396	75
18423	68398	27
18423	68400	84
18423	68401	7
18423	68404	13
18423	68406	4
18423	68410	40
18423	68412	6
18423	68433	44
18423	70746	19
18423	71039	32
18423	71040	23
18423	73198	16
18423	73202	19
18423	73671	9
18423	73970	50
18423	74891	104
18423	74893	14
18423	74897	34
18423	74945	23
18423	74948	19
18423	75383	14
18423	75385	19
18423	75390	42
18423	75394	10
18423	78898	10
18423	82096	14
18423	82282	5
18423	82677	10
18423	83285	28
18423	83287	19
18423	83291	20
18423	83294	39
18423	85055	15
18423	85221	18
18423	86019	27
18423	86312	19
18423	86855	13
18423	88020	7
18423	91205	63
18423	92315	8
18423	93730	11
18423	93869	70
18423	96117	7
18423	96322	21
18423	98159	30
18423	99310	59
18423	99311	17
18423	99313	61
18423	99314	46
18423	100323	93
18423	100324	31
18423	100570	9
18423	100572	6
18423	104118	13
18423	104803	12
18423	105743	55
18423	109109	11
18423	109111	10
18423	109905	8
18423	110357	99
18423	110359	28
18423	110825	37
18423	111412	23
18423	114069	16
18423	114358	10
18423	115032	5
18423	116330	51
18423	116655	17
18423	117232	44
18423	117235	37
18423	118646	7
18423	119089	11
18423	120433	17
18423	121313	10
18423	122612	9
18423	123253	4
18423	123507	3
18423	123932	14
18423	124212	5
18423	125126	8
18423	125582	19
18423	125584	24
18423	126526	26
18423	126533	22
18423	126556	7
18423	126613	27
18423	126614	6
18423	126618	23
18423	126621	43
18423	126742	14
18423	128004	4
18423	128011	10
18423	128033	4
18423	128035	4
18423	128036	1
18423	128048	6
18423	128066	13
18423	128071	33
18423	128074	6
18423	128084	10
18423	128087	10
18423	128115	21
18423	128239	13
18423	128241	16
18423	128751	28
18423	128797	233
18423	128804	143
18423	128805	9
18423	128807	114
18423	128810	14
18423	128817	65
18423	128832	7
18423	130689	11
18423	131373	11
18423	132293	9
18423	133004	15
18423	133030	4
18423	133655	21
18423	133832	76
18423	133861	20
18423	134851	15
18423	135501	6
18423	135730	8
18423	136540	5
18423	136689	12
18423	136690	18
18423	138406	34
18423	138619	8
18423	139192	7
18423	139959	8
18423	140876	9
18423	141840	4
18423	142560	5
18423	144271	8
18423	145508	15
18423	146643	23
18423	146644	9
18423	147535	16
18423	148313	22
18423	149762	8
18423	149772	13
18423	149773	9
18423	152096	23
18423	152099	16
18423	152101	19
18423	154993	12
18423	155002	15
18423	155061	10
18423	157133	48
18423	157217	31
18423	159998	19
18423	160378	3
18423	160536	13
18423	160539	13
18423	160542	12
18423	160545	7
18423	160546	9
18423	160547	7
18423	160554	6
18423	160555	91
18423	161120	9
18423	162733	17
18423	163362	11
18423	164208	7
18423	164734	26
18423	164737	57
18423	165553	22
18423	165677	9
18423	165684	14
18423	165889	50
18423	166074	27
18423	166580	26
18423	167326	13
18423	169119	13
18423	170847	28
18423	170849	16
18423	170851	49
18423	170855	5
18423	170860	6
18423	171579	4
18423	172127	18
18423	172284	7
18423	173192	10
18423	173204	5
18423	173695	17
18423	174543	62
18423	174544	14
18423	177141	29
18423	177932	9
18423	178199	18
18423	178463	8
18423	179773	18
18423	180155	9
18423	180697	7
18423	182781	11
18423	182898	18
18423	183217	26
19152	19341	8
19152	20122	3
19152	20242	3
19152	20246	3
19152	20354	3
19152	20990	1
19152	25140	2
19152	25317	5
19152	26170	5
19152	26375	1
19152	26990	9
19152	27039	2
19152	27626	4
19152	27627	5
19152	27628	3
19152	27848	6
19152	28093	2
19152	28098	1
19152	28945	6
19152	29580	4
19152	32088	5
19152	34945	5
19152	38059	2
19152	38241	7
19152	40091	2
19152	41860	10
19152	44304	4
19152	46465	2
19152	47260	6
19152	48372	7
19152	48382	7
19152	51545	47
19152	51547	9
19152	51548	22
19152	51549	8
19152	51551	13
19152	51552	29
19152	52158	8
19152	53635	1
19152	53815	1
19152	55452	5
19152	56191	2
19152	56224	10
19152	56287	1
19152	56307	33
19152	56861	5
19152	56926	4
19152	56929	3
19152	58110	9
19152	58115	2
19152	58507	2
19152	58518	9
19152	58525	1
19152	58526	3
19152	59086	3
19152	64221	2
19152	66486	6
19152	66488	4
19152	66490	4
19152	66527	1
19152	67217	3
19152	68312	5
19152	68396	23
19152	68398	4
19152	68400	22
19152	68401	8
19152	68404	11
19152	68406	9
19152	68410	14
19152	68412	1
19152	68433	8
19152	70746	6
19152	71039	1
19152	71040	2
19152	73198	10
19152	73202	3
19152	73970	22
19152	74891	28
19152	74893	4
19152	74897	5
19152	74945	3
19152	74948	1
19152	75383	4
19152	75385	5
19152	75390	8
19152	75394	6
19152	78898	3
19152	82096	1
19152	82282	2
19152	82677	4
19152	83285	1
19152	83287	11
19152	83291	9
19152	83294	5
19152	85055	5
19152	85221	1
19152	86019	1
19152	86312	1
19152	86855	3
19152	88020	1
19152	91205	9
19152	93730	1
19152	93869	5
19152	96322	6
19152	98159	3
19152	99310	10
19152	99311	4
19152	99313	4
19152	99314	3
19152	100323	19
19152	100324	5
19152	100570	9
19152	100572	5
19152	104803	8
19152	105743	15
19152	109109	4
19152	109111	4
19152	109905	2
19152	110357	12
19152	110359	6
19152	111412	1
19152	114069	3
19152	114358	3
19152	115032	1
19152	116330	8
19152	116655	1
19152	117232	5
19152	117235	1
19152	118646	2
19152	119089	5
19152	120433	1
19152	122612	1
19152	123253	1
19152	123507	1
19152	123932	5
19152	124212	2
19152	125126	4
19152	125582	3
19152	125584	2
19152	126526	6
19152	126533	10
19152	126556	1
19152	126613	8
19152	126614	3
19152	126618	12
19152	126621	22
19152	128004	1
19152	128011	6
19152	128033	1
19152	128035	1
19152	128036	2
19152	128048	3
19152	128066	6
19152	128071	3
19152	128074	3
19152	128115	4
19152	128239	2
19152	128241	5
19152	128751	5
19152	128797	47
19152	128804	33
19152	128805	8
19152	128807	22
19152	128810	4
19152	128817	4
19152	130689	2
19152	131373	5
19152	132293	4
19152	133004	2
19152	133655	3
19152	133832	7
19152	133861	1
19152	134851	11
19152	135501	3
19152	135730	1
19152	136689	1
19152	136690	4
19152	138406	3
19152	138619	2
19152	139192	3
19152	139959	2
19152	140876	1
19152	141840	3
19152	142560	2
19152	144271	4
19152	145508	4
19152	146643	12
19152	146644	5
19152	147535	1
19152	148313	5
19152	149773	1
19152	152096	3
19152	152099	7
19152	152101	8
19152	154993	8
19152	155002	8
19152	157133	12
19152	157217	6
19152	159998	2
19152	160378	3
19152	160536	8
19152	160539	8
19152	160542	7
19152	160545	4
19152	160546	4
19152	160547	1
19152	160554	2
19152	160555	8
19152	162733	4
19152	164734	1
19152	164737	3
19152	165553	3
19152	165677	1
19152	165684	2
19152	165889	7
19152	166074	7
19152	166580	5
19152	169119	1
19152	170847	7
19152	170849	4
19152	170851	10
19152	170855	2
19152	172127	6
19152	173192	3
19152	173204	1
19152	173695	2
19152	174543	22
19152	174544	1
19152	177141	4
19152	177932	1
19152	178199	2
19152	179773	3
19152	180155	2
19152	183217	2
19341	20122	6
19341	20242	13
19341	20246	5
19341	20354	10
19341	20990	21
19341	25140	17
19341	25317	64
19341	26170	10
19341	26375	11
19341	26990	18
19341	27039	1
19341	27626	29
19341	27627	20
19341	27628	36
19341	27848	10
19341	28093	34
19341	28098	11
19341	28945	8
19341	29580	5
19341	32088	9
19341	34945	14
19341	35184	15
19341	36468	12
19341	38059	56
19341	38241	12
19341	40091	11
19341	41860	7
19341	44304	16
19341	46465	23
19341	47260	11
19341	48372	9
19341	48382	29
19341	50134	2
19341	51545	137
19341	51547	12
19341	51548	91
19341	51549	16
19341	51551	93
19341	51552	150
19341	52158	7
19341	52722	42
19341	53635	3
19341	53815	12
19341	55452	18
19341	56191	4
19341	56224	88
19341	56287	7
19341	56307	64
19341	56861	12
19341	56926	9
19341	56929	8
19341	57392	2
19341	58110	45
19341	58115	16
19341	58507	6
19341	58518	28
19341	58525	4
19341	58526	5
19341	58776	5
19341	59086	3
19341	59088	6
19341	62907	9
19341	64221	12
19341	66486	8
19341	66488	3
19341	66490	9
19341	66527	4
19341	67217	6
19341	68312	18
19341	68396	46
19341	68398	12
19341	68400	65
19341	68401	3
19341	68404	7
19341	68406	4
19341	68410	32
19341	68412	18
19341	68433	17
19341	70746	12
19341	71039	2
19341	71040	6
19341	73198	12
19341	73202	7
19341	73671	7
19341	73970	43
19341	74891	164
19341	74893	13
19341	74897	28
19341	74945	11
19341	74948	15
19341	75383	7
19341	75385	14
19341	75390	30
19341	75394	8
19341	78898	37
19341	82096	9
19341	82282	1
19341	82677	7
19341	83285	11
19341	83287	15
19341	83291	33
19341	83294	31
19341	85055	15
19341	85221	9
19341	86019	23
19341	86312	27
19341	86855	13
19341	88020	7
19341	91205	51
19341	92315	6
19341	93730	3
19341	93869	45
19341	96117	1
19341	96322	13
19341	98159	8
19341	99310	36
19341	99311	6
19341	99313	43
19341	99314	19
19341	100323	90
19341	100324	17
19341	100570	10
19341	100572	6
19341	104118	6
19341	104803	8
19341	105743	10
19341	109109	7
19341	109111	5
19341	109905	14
19341	110357	121
19341	110359	17
19341	110825	5
19341	111412	5
19341	114069	17
19341	114358	11
19341	115032	12
19341	116330	114
19341	116655	19
19341	117232	21
19341	117235	13
19341	118646	1
19341	119089	13
19341	120433	8
19341	121313	5
19341	122612	30
19341	123253	4
19341	123507	32
19341	123932	63
19341	124212	4
19341	125126	14
19341	125582	16
19341	125584	20
19341	126526	7
19341	126533	6
19341	126556	16
19341	126613	43
19341	126614	10
19341	126618	16
19341	126621	106
19341	126742	9
19341	128004	11
19341	128011	36
19341	128033	19
19341	128035	5
19341	128036	11
19341	128048	20
19341	128066	38
19341	128071	105
19341	128074	14
19341	128084	33
19341	128087	29
19341	128115	51
19341	128239	19
19341	128241	7
19341	128751	34
19341	128797	279
19341	128804	145
19341	128805	21
19341	128807	80
19341	128810	6
19341	128817	73
19341	128832	7
19341	130689	7
19341	131373	6
19341	132293	14
19341	133004	21
19341	133030	3
19341	133655	10
19341	133832	108
19341	133861	12
19341	134851	12
19341	135501	8
19341	135730	8
19341	136540	1
19341	136689	13
19341	136690	12
19341	138406	23
19341	138619	6
19341	139192	6
19341	139959	5
19341	140876	8
19341	141840	12
19341	142560	5
19341	144271	26
19341	145508	33
19341	146643	8
19341	146644	6
19341	147535	1
19341	148313	42
19341	149762	8
19341	149772	13
19341	149773	10
19341	152096	96
19341	152099	34
19341	152101	42
19341	154993	21
19341	155002	16
19341	155061	1
19341	157133	31
19341	157217	32
19341	159998	22
19341	160378	7
19341	160536	3
19341	160539	11
19341	160542	7
19341	160545	14
19341	160546	6
19341	160547	12
19341	160554	7
19341	160555	19
19341	161120	8
19341	162733	5
19341	163362	11
19341	164208	18
19341	164734	6
19341	164737	19
19341	165553	24
19341	165677	14
19341	165684	9
19341	165889	46
19341	166074	20
19341	166580	45
19341	167326	5
19341	169119	10
19341	170847	73
19341	170849	46
19341	170851	121
19341	170855	27
19341	170860	7
19341	171579	3
19341	172127	17
19341	172284	8
19341	173192	11
19341	173204	24
19341	173695	7
19341	174543	64
19341	174544	18
19341	177141	23
19341	177932	4
19341	178199	11
19341	178463	3
19341	179773	1
19341	180155	8
19341	180697	3
19341	182781	4
19341	182898	10
19341	183217	16
20122	20354	3
20122	20990	3
20122	25140	5
20122	25317	15
20122	26170	5
20122	26375	1
20122	26990	5
20122	27039	4
20122	27626	2
20122	27627	1
20122	27848	4
20122	28093	9
20122	28098	2
20122	28945	4
20122	29580	2
20122	32088	7
20122	35184	4
20122	38059	3
20122	38241	4
20122	40091	1
20122	41860	4
20122	44304	3
20122	47260	1
20122	48372	4
20122	48382	4
20122	50134	1
20122	51545	41
20122	51547	2
20122	51548	35
20122	51549	12
20122	51551	25
20122	51552	50
20122	52158	7
20122	53635	1
20122	56191	1
20122	56224	11
20122	56287	3
20122	56307	21
20122	56861	1
20122	56926	2
20122	56929	1
20122	58110	12
20122	58115	2
20122	58507	1
20122	58518	13
20122	58525	3
20122	58526	2
20122	58776	7
20122	59088	1
20122	64221	2
20122	66486	1
20122	66488	3
20122	66490	1
20122	66527	2
20122	67217	4
20122	68312	11
20122	68396	16
20122	68400	18
20122	68401	4
20122	68404	4
20122	68410	8
20122	68433	2
20122	70746	4
20122	71039	4
20122	71040	3
20122	73202	3
20122	73671	1
20122	73970	30
20122	74891	23
20122	74893	4
20122	74897	7
20122	74945	1
20122	74948	4
20122	75383	3
20122	75385	4
20122	75390	7
20122	75394	2
20122	78898	1
20122	82096	1
20122	82677	1
20122	83285	8
20122	83287	4
20122	83291	6
20122	83294	8
20122	85055	3
20122	86019	1
20122	86312	4
20122	86855	3
20122	88020	1
20122	91205	15
20122	92315	2
20122	93730	3
20122	93869	8
20122	96117	1
20122	96322	2
20122	98159	3
20122	99310	22
20122	99311	7
20122	99313	18
20122	99314	6
20122	100323	20
20122	100324	2
20122	100570	4
20122	100572	1
20122	104118	1
20122	104803	1
20122	105743	10
20122	109109	4
20122	109111	2
20122	110357	32
20122	110359	7
20122	110825	1
20122	111412	1
20122	114069	6
20122	114358	3
20122	115032	3
20122	116330	12
20122	116655	1
20122	117232	2
20122	117235	4
20122	119089	5
20122	120433	2
20122	121313	1
20122	122612	2
20122	123253	1
20122	123507	1
20122	123932	4
20122	124212	5
20122	125126	6
20122	125582	4
20122	125584	2
20122	126526	2
20122	126533	1
20122	126613	6
20122	126614	4
20122	126618	7
20122	126621	29
20122	128011	7
20122	128035	1
20122	128036	1
20122	128048	2
20122	128066	5
20122	128071	5
20122	128074	2
20122	128087	3
20122	128115	2
20122	128239	2
20122	128751	8
20122	128797	62
20122	128804	48
20122	128805	3
20122	128807	31
20122	128810	3
20122	128817	7
20122	128832	1
20122	130689	1
20122	132293	2
20122	133004	3
20122	133030	2
20122	133655	1
20122	133832	17
20122	133861	3
20122	134851	6
20122	135501	4
20122	135730	2
20122	136540	1
20122	136689	2
20122	136690	1
20122	138406	2
20122	138619	2
20122	139192	2
20122	139959	5
20122	140876	3
20122	141840	1
20122	142560	3
20122	144271	2
20122	145508	1
20122	146643	4
20122	146644	5
20122	147535	1
20122	148313	14
20122	149762	2
20122	149773	1
20122	152096	6
20122	152099	2
20122	152101	1
20122	154993	7
20122	155002	10
20122	155061	1
20122	157133	11
20122	157217	16
20122	159998	5
20122	160378	3
20122	160539	1
20122	160542	1
20122	160546	1
20122	160547	3
20122	160554	1
20122	160555	8
20122	162733	2
20122	163362	2
20122	164208	1
20122	164737	2
20122	165553	13
20122	165684	4
20122	165889	9
20122	166074	4
20122	166580	5
20122	167326	2
20122	169119	3
20122	170847	6
20122	170849	9
20122	170851	32
20122	170855	3
20122	171579	4
20122	172127	6
20122	172284	4
20122	173192	2
20122	173204	1
20122	173695	2
20122	174543	32
20122	174544	2
20122	177141	14
20122	177932	6
20122	178199	1
20122	178463	3
20122	180155	1
20122	180697	1
20122	182781	1
20122	183217	2
20242	20246	7
20242	20990	2
20242	25140	11
20242	25317	9
20242	26170	4
20242	26375	3
20242	26990	5
20242	27039	1
20242	27626	11
20242	27627	10
20242	27628	4
20242	27848	2
20242	28093	9
20242	28945	4
20242	29580	11
20242	32088	5
20242	34945	3
20242	35184	7
20242	36468	2
20242	38059	5
20242	38241	4
20242	40091	1
20242	41860	3
20242	44304	3
20242	46465	4
20242	48372	7
20242	48382	6
20242	50134	1
20242	51545	56
20242	51547	5
20242	51548	31
20242	51549	8
20242	51551	15
20242	51552	39
20242	52158	3
20242	52722	4
20242	53815	3
20242	55452	3
20242	56191	2
20242	56224	15
20242	56287	3
20242	56307	22
20242	56926	7
20242	56929	4
20242	57392	1
20242	58110	3
20242	58115	5
20242	58507	2
20242	58518	2
20242	58525	1
20242	58526	1
20242	58776	2
20242	62907	3
20242	64221	4
20242	66486	3
20242	66488	3
20242	66490	4
20242	66527	3
20242	67217	1
20242	68312	1
20242	68396	20
20242	68398	4
20242	68400	20
20242	68401	2
20242	68404	4
20242	68406	2
20242	68410	2
20242	68412	3
20242	68433	4
20242	70746	3
20242	73198	14
20242	73202	3
20242	73970	23
20242	74891	57
20242	74893	5
20242	74897	3
20242	74945	1
20242	74948	1
20242	75385	7
20242	75390	2
20242	75394	4
20242	78898	12
20242	82096	3
20242	82282	5
20242	82677	10
20242	83285	1
20242	83287	6
20242	83291	10
20242	83294	4
20242	85055	5
20242	85221	3
20242	86019	4
20242	86312	2
20242	86855	4
20242	88020	6
20242	91205	4
20242	92315	7
20242	93869	8
20242	96117	2
20242	96322	5
20242	98159	3
20242	99310	14
20242	99311	2
20242	99313	3
20242	99314	3
20242	100323	20
20242	100324	5
20242	100570	2
20242	100572	3
20242	104118	2
20242	104803	4
20242	105743	2
20242	109109	2
20242	109905	3
20242	110357	21
20242	110359	4
20242	110825	1
20242	114069	4
20242	114358	3
20242	115032	3
20242	116330	12
20242	116655	8
20242	117232	1
20242	117235	4
20242	118646	1
20242	121313	6
20242	122612	3
20242	123253	3
20242	123932	3
20242	124212	4
20242	125126	3
20242	125582	7
20242	125584	9
20242	126526	3
20242	126533	3
20242	126556	7
20242	126613	17
20242	126614	3
20242	126618	5
20242	126621	25
20242	126742	1
20242	128004	1
20242	128011	5
20242	128033	8
20242	128035	8
20242	128036	5
20242	128048	8
20242	128066	10
20242	128071	9
20242	128074	8
20242	128084	4
20242	128087	4
20242	128115	3
20242	128239	3
20242	128241	2
20242	128751	8
20242	128797	80
20242	128804	42
20242	128805	14
20242	128807	16
20242	128817	11
20242	128832	1
20242	130689	2
20242	131373	1
20242	132293	1
20242	133004	2
20242	133655	5
20242	133832	17
20242	133861	3
20242	134851	4
20242	135501	2
20242	135730	3
20242	136540	5
20242	136689	3
20242	138406	1
20242	139192	2
20242	139959	4
20242	140876	1
20242	141840	8
20242	144271	2
20242	145508	6
20242	146643	6
20242	146644	2
20242	147535	2
20242	148313	3
20242	149762	2
20242	149772	1
20242	149773	1
20242	152096	15
20242	152099	11
20242	152101	9
20242	154993	7
20242	155002	7
20242	155061	1
20242	157133	25
20242	157217	3
20242	159998	11
20242	160378	3
20242	160536	2
20242	160539	1
20242	160542	3
20242	160545	2
20242	160546	4
20242	160547	3
20242	160554	2
20242	160555	3
20242	161120	2
20242	162733	3
20242	163362	1
20242	164208	2
20242	164734	1
20242	164737	1
20242	165553	2
20242	165677	5
20242	165684	2
20242	165889	4
20242	166074	1
20242	166580	10
20242	169119	4
20242	170847	16
20242	170849	14
20242	170851	11
20242	170855	2
20242	171579	2
20242	172284	3
20242	173192	5
20242	173204	8
20242	173695	3
20242	174543	26
20242	174544	3
20242	177141	4
20242	177932	3
20242	178199	1
20242	178463	1
20242	179773	4
20242	180155	2
20242	180697	5
20242	182781	1
20242	182898	1
20242	183217	1
20246	20990	3
20246	25140	2
20246	25317	3
20246	26170	2
20246	26990	5
20246	27626	24
20246	27627	24
20246	27628	5
20246	27848	2
20246	28098	2
20246	28945	1
20246	29580	8
20246	32088	3
20246	34945	2
20246	35184	4
20246	36468	2
20246	38059	2
20246	38241	1
20246	40091	3
20246	41860	2
20246	46465	5
20246	48372	4
20246	48382	1
20246	51545	40
20246	51547	2
20246	51548	22
20246	51549	6
20246	51551	19
20246	51552	25
20246	52158	1
20246	52722	1
20246	53635	1
20246	56191	7
20246	56224	7
20246	56307	21
20246	56926	18
20246	56929	4
20246	57392	1
20246	58110	3
20246	58115	1
20246	58518	2
20246	58525	3
20246	59086	2
20246	59088	3
20246	64221	4
20246	66486	1
20246	66488	2
20246	66490	3
20246	66527	1
20246	67217	2
20246	68312	1
20246	68396	11
20246	68400	25
20246	68401	1
20246	68404	1
20246	68406	4
20246	68410	4
20246	68412	7
20246	68433	1
20246	70746	4
20246	73198	14
20246	73202	5
20246	73970	9
20246	74891	38
20246	74893	2
20246	74897	1
20246	74945	1
20246	75385	3
20246	75390	4
20246	78898	9
20246	82096	2
20246	82282	4
20246	82677	9
20246	83285	5
20246	83287	9
20246	83291	12
20246	83294	3
20246	85055	1
20246	86019	1
20246	86312	2
20246	86855	6
20246	91205	1
20246	93869	2
20246	96322	1
20246	99310	10
20246	99313	2
20246	99314	2
20246	100323	21
20246	100324	3
20246	100570	1
20246	100572	2
20246	104118	2
20246	104803	3
20246	105743	6
20246	109109	2
20246	109111	1
20246	110357	10
20246	110359	3
20246	111412	2
20246	114069	1
20246	114358	4
20246	115032	1
20246	116330	3
20246	116655	2
20246	118646	1
20246	119089	1
20246	121313	1
20246	122612	2
20246	123253	1
20246	123507	2
20246	125582	5
20246	125584	3
20246	126526	1
20246	126533	2
20246	126556	13
20246	126613	9
20246	126614	3
20246	126618	6
20246	126621	12
20246	126742	1
20246	128004	1
20246	128011	1
20246	128033	6
20246	128035	10
20246	128036	3
20246	128048	12
20246	128066	8
20246	128071	7
20246	128074	8
20246	128084	8
20246	128115	1
20246	128239	10
20246	128241	2
20246	128751	5
20246	128797	50
20246	128804	32
20246	128805	11
20246	128807	13
20246	128810	1
20246	128817	7
20246	128832	2
20246	130689	1
20246	131373	2
20246	132293	5
20246	133030	1
20246	133655	1
20246	133832	6
20246	133861	4
20246	134851	6
20246	135501	1
20246	135730	1
20246	136540	1
20246	136689	1
20246	136690	1
20246	138406	1
20246	139192	2
20246	139959	4
20246	141840	11
20246	142560	2
20246	144271	1
20246	145508	4
20246	146643	3
20246	146644	2
20246	148313	3
20246	149762	2
20246	149772	1
20246	149773	2
20246	152096	10
20246	152099	8
20246	152101	3
20246	154993	6
20246	155002	4
20246	155061	3
20246	157133	18
20246	157217	5
20246	159998	3
20246	160378	1
20246	160536	3
20246	160539	3
20246	160542	4
20246	160545	11
20246	160546	1
20246	160547	2
20246	160554	1
20246	160555	3
20246	161120	2
20246	162733	3
20246	164734	1
20246	164737	2
20246	165553	1
20246	165677	1
20246	165889	9
20246	166074	1
20246	166580	7
20246	167326	1
20246	169119	3
20246	170847	18
20246	170849	12
20246	170851	13
20246	170855	4
20246	170860	1
20246	171579	1
20246	172127	3
20246	172284	1
20246	173192	2
20246	173204	8
20246	173695	2
20246	174543	12
20246	177141	3
20246	178199	2
20246	179773	1
20246	180155	1
20246	182781	2
20246	182898	2
20246	183217	2
20354	20990	2
20354	25140	4
20354	25317	22
20354	26170	5
20354	26375	8
20354	26990	2
20354	27039	1
20354	27626	2
20354	27627	1
20354	27628	3
20354	27848	4
20354	28093	5
20354	28098	4
20354	28945	1
20354	32088	2
20354	34945	3
20354	35184	2
20354	36468	5
20354	38059	3
20354	38241	2
20354	40091	2
20354	41860	1
20354	46465	3
20354	48372	6
20354	48382	5
20354	50134	2
20354	51545	36
20354	51547	4
20354	51548	26
20354	51549	4
20354	51551	22
20354	51552	48
20354	52158	7
20354	52722	2
20354	53635	3
20354	55452	2
20354	56224	21
20354	56287	3
20354	56307	12
20354	56861	5
20354	56929	2
20354	57392	3
20354	58110	22
20354	58115	7
20354	58507	3
20354	58518	8
20354	58525	1
20354	58526	4
20354	58776	2
20354	59088	1
20354	62907	1
20354	64221	1
20354	66486	3
20354	66488	1
20354	66490	3
20354	66527	3
20354	68312	12
20354	68396	17
20354	68398	2
20354	68400	15
20354	68401	3
20354	68404	2
20354	68406	1
20354	68410	9
20354	68433	8
20354	70746	2
20354	71039	5
20354	71040	2
20354	73198	5
20354	73202	1
20354	73970	10
20354	74891	26
20354	74893	4
20354	74897	7
20354	74945	7
20354	74948	6
20354	75383	2
20354	75385	2
20354	75390	4
20354	75394	1
20354	78898	1
20354	82096	1
20354	82677	3
20354	83285	3
20354	83287	4
20354	83291	2
20354	83294	7
20354	85055	9
20354	85221	2
20354	86019	6
20354	86312	2
20354	86855	1
20354	88020	1
20354	91205	32
20354	92315	1
20354	93869	9
20354	96322	1
20354	98159	4
20354	99310	8
20354	99311	1
20354	99313	7
20354	99314	7
20354	100323	22
20354	100324	2
20354	100570	2
20354	100572	4
20354	104118	2
20354	104803	1
20354	105743	5
20354	109111	2
20354	109905	2
20354	110357	34
20354	110359	6
20354	111412	5
20354	114069	7
20354	114358	2
20354	116330	19
20354	116655	5
20354	117232	5
20354	117235	1
20354	119089	7
20354	120433	5
20354	121313	1
20354	122612	2
20354	123253	1
20354	123507	1
20354	123932	4
20354	124212	4
20354	125126	2
20354	125582	5
20354	125584	2
20354	126526	4
20354	126533	7
20354	126556	2
20354	126613	12
20354	126614	1
20354	126618	2
20354	126621	20
20354	126742	4
20354	128004	1
20354	128033	1
20354	128035	1
20354	128036	2
20354	128048	1
20354	128066	2
20354	128071	7
20354	128084	2
20354	128087	4
20354	128115	5
20354	128239	2
20354	128241	3
20354	128751	5
20354	128797	54
20354	128804	34
20354	128805	5
20354	128807	40
20354	128817	20
20354	128832	1
20354	130689	3
20354	133004	3
20354	133030	1
20354	133655	4
20354	133832	23
20354	133861	5
20354	134851	1
20354	135501	1
20354	135730	4
20354	136540	2
20354	136689	7
20354	136690	6
20354	138406	6
20354	138619	2
20354	139192	3
20354	139959	1
20354	140876	6
20354	142560	4
20354	144271	1
20354	145508	3
20354	146643	2
20354	146644	2
20354	147535	2
20354	148313	5
20354	149762	1
20354	149772	1
20354	149773	3
20354	152096	3
20354	152099	3
20354	152101	3
20354	154993	1
20354	155002	8
20354	157133	4
20354	157217	16
20354	159998	4
20354	160378	2
20354	160539	4
20354	160542	1
20354	160545	1
20354	160546	3
20354	160547	1
20354	160554	1
20354	160555	6
20354	161120	1
20354	163362	3
20354	164208	1
20354	164734	6
20354	164737	7
20354	165553	6
20354	165677	1
20354	165684	2
20354	165889	8
20354	166074	11
20354	166580	11
20354	167326	1
20354	169119	4
20354	170847	10
20354	170849	8
20354	170851	19
20354	170855	4
20354	170860	2
20354	171579	1
20354	172127	2
20354	172284	2
20354	173204	1
20354	173695	3
20354	174543	25
20354	174544	2
20354	177141	13
20354	177932	1
20354	178199	3
20354	178463	1
20354	179773	4
20354	180155	1
20354	180697	1
20354	182781	3
20354	182898	2
20354	183217	5
20990	25140	10
20990	25317	19
20990	26170	5
20990	26375	5
20990	26990	12
20990	27039	2
20990	27626	1
20990	27627	1
20990	27628	4
20990	27848	2
20990	28093	23
20990	28098	15
20990	28945	5
20990	29580	6
20990	32088	7
20990	34945	1
20990	35184	24
20990	36468	9
20990	38059	8
20990	38241	6
20990	40091	1
20990	41860	6
20990	44304	3
20990	46465	2
20990	47260	4
20990	48372	4
20990	48382	8
20990	50134	8
20990	51545	76
20990	51547	6
20990	51548	52
20990	51549	8
20990	51551	33
20990	51552	73
20990	52158	3
20990	52722	4
20990	53635	6
20990	53815	5
20990	55452	8
20990	56191	2
20990	56224	50
20990	56287	21
20990	56307	32
20990	56861	2
20990	56929	1
20990	57392	3
20990	58110	16
20990	58115	6
20990	58507	5
20990	58518	6
20990	58525	6
20990	58526	4
20990	58776	1
20990	59086	3
20990	59088	3
20990	62907	11
20990	64221	1
20990	66486	2
20990	66488	6
20990	66490	3
20990	66527	10
20990	67217	3
20990	68312	10
20990	68396	24
20990	68398	7
20990	68400	36
20990	68404	2
20990	68406	3
20990	68410	19
20990	68412	1
20990	68433	6
20990	70746	7
20990	71039	6
20990	71040	5
20990	73198	9
20990	73202	3
20990	73671	7
20990	73970	27
20990	74891	68
20990	74893	12
20990	74897	9
20990	74945	7
20990	74948	3
20990	75383	1
20990	75385	5
20990	75390	12
20990	75394	3
20990	78898	5
20990	82096	1
20990	82282	1
20990	82677	1
20990	83285	9
20990	83291	10
20990	83294	6
20990	85055	6
20990	85221	7
20990	86019	16
20990	86312	11
20990	86855	5
20990	88020	16
20990	91205	12
20990	92315	9
20990	93730	3
20990	93869	18
20990	96117	14
20990	96322	4
20990	98159	7
20990	99310	18
20990	99311	4
20990	99313	20
20990	99314	14
20990	100323	29
20990	100572	1
20990	104118	1
20990	104803	5
20990	105743	11
20990	109109	6
20990	109111	4
20990	109905	1
20990	110357	53
20990	110359	7
20990	110825	4
20990	111412	6
20990	114069	7
20990	114358	4
20990	115032	8
20990	116330	31
20990	116655	16
20990	117232	8
20990	117235	5
20990	118646	2
20990	119089	2
20990	120433	3
20990	121313	6
20990	122612	2
20990	123253	2
20990	123507	3
20990	123932	2
20990	124212	2
20990	125126	1
20990	125582	29
20990	125584	37
20990	126526	5
20990	126533	3
20990	126556	3
20990	126613	21
20990	126614	7
20990	126618	7
20990	126621	37
20990	126742	13
20990	128004	4
20990	128011	4
20990	128033	4
20990	128036	2
20990	128048	2
20990	128066	10
20990	128071	8
20990	128074	1
20990	128084	1
20990	128087	3
20990	128115	12
20990	128239	5
20990	128751	13
20990	128797	139
20990	128804	61
20990	128805	3
20990	128807	21
20990	128810	4
20990	128817	28
20990	128832	3
20990	130689	9
20990	131373	3
20990	132293	1
20990	133004	2
20990	133030	9
20990	133655	6
20990	133832	26
20990	133861	9
20990	135501	3
20990	135730	2
20990	136540	10
20990	136689	3
20990	136690	2
20990	138406	4
20990	139192	4
20990	139959	17
20990	140876	2
20990	142560	10
20990	144271	1
20990	146643	4
20990	146644	2
20990	147535	4
20990	148313	12
20990	149762	4
20990	149772	3
20990	149773	3
20990	152096	10
20990	152099	1
20990	152101	2
20990	154993	11
20990	155002	7
20990	155061	1
20990	157133	35
20990	157217	7
20990	159998	41
20990	160378	2
20990	160536	3
20990	160539	2
20990	160542	9
20990	160545	4
20990	160546	5
20990	160547	17
20990	160554	5
20990	160555	20
20990	161120	7
20990	162733	4
20990	163362	1
20990	164208	25
20990	164734	3
20990	164737	8
20990	165553	9
20990	165677	13
20990	165684	13
20990	165889	12
20990	166074	1
20990	166580	9
20990	167326	1
20990	169119	29
20990	170847	7
20990	170849	12
20990	170851	22
20990	170855	7
20990	170860	3
20990	171579	7
20990	172127	6
20990	172284	7
20990	173192	15
20990	173695	6
20990	174543	24
20990	174544	7
20990	177141	8
20990	177932	19
20990	178199	5
20990	178463	13
20990	180155	3
20990	180697	17
20990	182781	2
20990	182898	5
20990	183217	12
25140	25317	12
25140	26170	4
25140	26375	11
25140	26990	29
25140	27039	5
25140	27626	3
25140	27627	3
25140	27628	8
25140	27848	3
25140	28093	17
25140	28098	13
25140	28945	3
25140	29580	10
25140	32088	28
25140	34945	4
25140	35184	11
25140	36468	9
25140	38059	15
25140	38241	6
25140	40091	2
25140	41860	12
25140	44304	8
25140	46465	14
25140	47260	5
25140	48382	7
25140	50134	20
25140	51545	86
25140	51547	14
25140	51548	68
25140	51549	12
25140	51551	35
25140	51552	84
25140	52158	5
25140	52722	5
25140	53635	6
25140	53815	7
25140	55452	7
25140	56191	3
25140	56224	65
25140	56287	13
25140	56307	35
25140	56861	6
25140	56926	1
25140	56929	3
25140	57392	4
25140	58110	13
25140	58115	10
25140	58507	9
25140	58518	5
25140	58525	8
25140	58526	8
25140	58776	3
25140	59086	7
25140	59088	8
25140	62907	4
25140	64221	5
25140	66486	5
25140	66488	2
25140	66490	4
25140	66527	1
25140	67217	6
25140	68312	14
25140	68396	26
25140	68398	14
25140	68400	35
25140	68401	1
25140	68404	3
25140	68406	3
25140	68410	18
25140	68412	4
25140	68433	13
25140	70746	11
25140	71039	4
25140	71040	4
25140	73198	4
25140	73202	9
25140	73671	6
25140	73970	22
25140	74891	68
25140	74893	7
25140	74897	10
25140	74945	19
25140	74948	6
25140	75383	1
25140	75385	9
25140	75390	7
25140	75394	7
25140	78898	14
25140	82096	2
25140	82677	2
25140	83285	5
25140	83287	5
25140	83291	7
25140	83294	10
25140	85055	3
25140	85221	6
25140	86019	13
25140	86312	10
25140	86855	5
25140	88020	5
25140	91205	19
25140	92315	6
25140	93730	3
25140	93869	22
25140	96117	8
25140	96322	3
25140	98159	3
25140	99310	17
25140	99311	4
25140	99313	19
25140	99314	10
25140	100323	24
25140	100324	5
25140	100570	3
25140	104118	3
25140	104803	2
25140	105743	13
25140	109109	3
25140	109111	3
25140	109905	4
25140	110357	58
25140	110359	12
25140	110825	10
25140	111412	6
25140	114069	13
25140	114358	6
25140	115032	9
25140	116330	36
25140	116655	7
25140	117232	10
25140	117235	17
25140	118646	5
25140	119089	1
25140	120433	8
25140	121313	10
25140	122612	7
25140	123253	2
25140	123507	1
25140	123932	8
25140	124212	6
25140	125126	2
25140	125582	14
25140	125584	6
25140	126526	2
25140	126533	1
25140	126556	3
25140	126613	24
25140	126614	2
25140	126618	11
25140	126621	24
25140	126742	1
25140	128004	1
25140	128011	5
25140	128033	1
25140	128035	3
25140	128036	2
25140	128048	4
25140	128066	8
25140	128071	8
25140	128074	4
25140	128084	6
25140	128087	2
25140	128115	16
25140	128239	10
25140	128241	3
25140	128751	22
25140	128797	145
25140	128804	69
25140	128805	4
25140	128807	29
25140	128810	7
25140	128817	45
25140	128832	5
25140	130689	11
25140	131373	9
25140	132293	1
25140	133004	8
25140	133030	9
25140	133655	6
25140	133832	32
25140	133861	6
25140	134851	3
25140	135501	3
25140	135730	1
25140	136540	10
25140	136689	5
25140	136690	3
25140	138406	10
25140	139192	3
25140	139959	6
25140	140876	8
25140	141840	2
25140	142560	4
25140	145508	6
25140	146643	8
25140	147535	8
25140	148313	12
25140	149762	3
25140	149772	4
25140	149773	2
25140	152096	13
25140	152099	4
25140	152101	8
25140	154993	18
25140	155002	8
25140	155061	5
25140	157133	33
25140	157217	15
25140	159998	8
25140	160378	3
25140	160536	6
25140	160539	3
25140	160542	2
25140	160545	2
25140	160547	8
25140	160554	4
25140	160555	19
25140	161120	8
25140	162733	9
25140	163362	1
25140	164208	4
25140	164734	4
25140	164737	7
25140	165553	14
25140	165677	7
25140	165684	11
25140	165889	14
25140	166074	5
25140	166580	14
25140	167326	4
25140	169119	6
25140	170847	17
25140	170849	16
25140	170851	33
25140	170855	6
25140	170860	8
25140	171579	7
25140	172127	3
25140	172284	4
25140	173192	12
25140	173204	3
25140	173695	7
25140	174543	29
25140	174544	4
25140	177141	14
25140	177932	8
25140	178199	5
25140	178463	6
25140	179773	5
25140	180155	8
25140	180697	13
25140	182781	2
25140	182898	7
25140	183217	8
25317	26170	10
25317	26375	20
25317	26990	17
25317	27039	10
25317	27626	10
25317	27627	11
25317	27628	13
25317	27848	15
25317	28093	82
25317	28098	31
25317	28945	8
25317	29580	2
25317	32088	4
25317	34945	8
25317	35184	18
25317	36468	17
25317	38059	26
25317	38241	13
25317	40091	10
25317	41860	9
25317	44304	16
25317	46465	13
25317	47260	7
25317	48372	9
25317	48382	42
25317	50134	9
25317	51545	126
25317	51547	18
25317	51548	112
25317	51549	18
25317	51551	82
25317	51552	169
25317	52158	8
25317	52722	8
25317	53635	4
25317	53815	15
25317	55452	13
25317	56191	7
25317	56224	109
25317	56287	16
25317	56307	81
25317	56861	12
25317	56926	4
25317	56929	10
25317	57392	8
25317	58110	82
25317	58115	16
25317	58507	14
25317	58518	26
25317	58525	7
25317	58526	12
25317	58776	6
25317	59086	5
25317	59088	7
25317	62907	11
25317	64221	3
25317	66486	7
25317	66488	2
25317	66490	8
25317	66527	6
25317	67217	9
25317	68312	23
25317	68396	47
25317	68398	4
25317	68400	49
25317	68401	10
25317	68404	13
25317	68406	9
25317	68410	30
25317	68412	5
25317	68433	24
25317	70746	12
25317	71039	10
25317	71040	8
25317	73198	12
25317	73202	3
25317	73671	4
25317	73970	56
25317	74891	109
25317	74893	14
25317	74897	41
25317	74945	12
25317	74948	15
25317	75383	6
25317	75385	10
25317	75390	27
25317	75394	6
25317	78898	13
25317	82096	12
25317	82282	3
25317	82677	6
25317	83285	10
25317	83287	12
25317	83291	23
25317	83294	22
25317	85055	18
25317	85221	14
25317	86019	17
25317	86312	21
25317	86855	8
25317	88020	9
25317	91205	92
25317	92315	12
25317	93730	6
25317	93869	58
25317	96117	6
25317	96322	10
25317	98159	11
25317	99310	40
25317	99311	4
25317	99313	58
25317	99314	35
25317	100323	77
25317	100324	6
25317	100570	5
25317	100572	5
25317	104118	6
25317	104803	10
25317	105743	18
25317	109109	6
25317	109111	7
25317	109905	9
25317	110357	146
25317	110359	19
25317	110825	5
25317	111412	9
25317	114069	24
25317	114358	14
25317	115032	8
25317	116330	98
25317	116655	18
25317	117232	23
25317	117235	18
25317	118646	2
25317	119089	11
25317	120433	11
25317	121313	7
25317	122612	6
25317	123253	5
25317	123507	13
25317	123932	28
25317	124212	2
25317	125126	7
25317	125582	18
25317	125584	20
25317	126526	14
25317	126533	9
25317	126556	2
25317	126613	31
25317	126614	3
25317	126618	8
25317	126621	92
25317	126742	7
25317	128004	6
25317	128011	16
25317	128033	4
25317	128035	1
25317	128036	6
25317	128048	7
25317	128066	19
25317	128071	52
25317	128074	11
25317	128084	6
25317	128087	12
25317	128115	45
25317	128239	4
25317	128241	5
25317	128751	26
25317	128797	276
25317	128804	150
25317	128805	14
25317	128807	93
25317	128810	3
25317	128817	78
25317	128832	12
25317	130689	12
25317	131373	2
25317	132293	8
25317	133004	8
25317	133030	7
25317	133655	6
25317	133832	101
25317	133861	12
25317	134851	3
25317	135501	10
25317	135730	13
25317	136540	2
25317	136689	9
25317	136690	9
25317	138406	18
25317	138619	4
25317	139192	7
25317	139959	4
25317	140876	7
25317	141840	4
25317	142560	9
25317	144271	5
25317	145508	26
25317	146643	5
25317	146644	9
25317	147535	14
25317	148313	50
25317	149762	5
25317	149772	11
25317	149773	11
25317	152096	36
25317	152099	9
25317	152101	13
25317	154993	10
25317	155002	16
25317	155061	7
25317	157133	36
25317	157217	49
25317	159998	20
25317	160378	7
25317	160536	1
25317	160539	9
25317	160542	3
25317	160545	8
25317	160546	7
25317	160547	4
25317	160554	7
25317	160555	21
25317	161120	8
25317	162733	10
25317	163362	5
25317	164208	9
25317	164734	10
25317	164737	17
25317	165553	20
25317	165677	13
25317	165684	17
25317	165889	24
25317	166074	33
25317	166580	67
25317	167326	7
25317	169119	18
25317	170847	48
25317	170849	41
25317	170851	96
25317	170855	24
25317	170860	9
25317	171579	6
25317	172127	11
25317	172284	15
25317	173192	6
25317	173204	6
25317	173695	8
25317	174543	78
25317	174544	8
25317	177141	37
25317	177932	13
25317	178199	10
25317	178463	8
25317	179773	6
25317	180155	12
25317	180697	10
25317	182781	4
25317	182898	7
25317	183217	23
26170	26375	7
26170	26990	17
26170	27039	9
26170	27626	5
26170	27627	4
26170	27628	9
26170	27848	8
26170	28093	4
26170	28098	8
26170	28945	4
26170	29580	4
26170	32088	7
26170	34945	5
26170	35184	8
26170	36468	8
26170	38059	4
26170	38241	12
26170	40091	2
26170	41860	8
26170	44304	4
26170	46465	27
26170	48372	4
26170	48382	15
26170	51545	70
26170	51547	17
26170	51548	46
26170	51549	12
26170	51551	38
26170	51552	55
26170	52158	13
26170	53635	5
26170	53815	3
26170	55452	10
26170	56191	3
26170	56224	24
26170	56287	3
26170	56307	45
26170	56926	5
26170	56929	1
26170	57392	3
26170	58110	15
26170	58115	8
26170	58507	2
26170	58518	15
26170	58525	4
26170	58526	3
26170	58776	1
26170	59086	2
26170	59088	4
26170	62907	6
26170	64221	2
26170	66486	7
26170	66490	1
26170	66527	3
26170	67217	2
26170	68312	10
26170	68396	40
26170	68398	10
26170	68400	33
26170	68401	3
26170	68404	6
26170	68406	7
26170	68410	14
26170	68412	2
26170	68433	19
26170	70746	9
26170	71039	8
26170	71040	8
26170	73202	9
26170	73671	2
26170	73970	19
26170	74891	33
26170	74893	10
26170	74897	12
26170	74945	10
26170	74948	8
26170	75383	7
26170	75385	21
26170	75390	78
26170	75394	8
26170	78898	12
26170	82096	3
26170	82282	6
26170	82677	3
26170	83285	4
26170	83287	8
26170	83291	9
26170	83294	15
26170	85055	2
26170	85221	2
26170	86019	8
26170	86312	16
26170	86855	7
26170	88020	2
26170	91205	17
26170	92315	3
26170	93730	5
26170	93869	13
26170	96117	2
26170	96322	8
26170	98159	4
26170	99310	21
26170	99311	5
26170	99313	22
26170	99314	13
26170	100323	40
26170	100324	12
26170	100570	7
26170	100572	1
26170	104118	2
26170	104803	6
26170	105743	11
26170	109109	2
26170	109111	4
26170	109905	2
26170	110357	48
26170	110359	7
26170	110825	3
26170	111412	6
26170	114069	11
26170	114358	6
26170	115032	1
26170	116330	44
26170	116655	8
26170	117232	14
26170	117235	7
26170	118646	2
26170	119089	3
26170	120433	3
26170	121313	3
26170	122612	3
26170	123253	1
26170	123507	2
26170	123932	5
26170	124212	1
26170	125126	5
26170	125582	10
26170	125584	4
26170	126526	11
26170	126533	13
26170	126556	4
26170	126613	17
26170	126614	6
26170	126618	5
26170	126621	23
26170	126742	3
26170	128004	2
26170	128011	7
26170	128033	7
26170	128036	3
26170	128048	5
26170	128066	7
26170	128071	15
26170	128074	2
26170	128084	7
26170	128087	3
26170	128115	8
26170	128239	7
26170	128241	8
26170	128751	22
26170	128797	105
26170	128804	58
26170	128805	6
26170	128807	40
26170	128810	7
26170	128817	31
26170	128832	1
26170	130689	4
26170	131373	6
26170	132293	8
26170	133004	5
26170	133030	3
26170	133655	6
26170	133832	32
26170	133861	9
26170	134851	8
26170	135501	4
26170	135730	9
26170	136540	3
26170	136689	10
26170	136690	8
26170	138406	13
26170	138619	6
26170	139192	6
26170	139959	1
26170	140876	4
26170	141840	1
26170	142560	5
26170	144271	3
26170	145508	8
26170	146643	10
26170	146644	4
26170	147535	3
26170	148313	6
26170	149762	6
26170	149772	1
26170	149773	8
26170	152096	9
26170	152099	11
26170	152101	11
26170	154993	8
26170	155002	9
26170	155061	2
26170	157133	12
26170	157217	21
26170	159998	8
26170	160378	3
26170	160536	3
26170	160539	5
26170	160542	5
26170	160545	4
26170	160546	3
26170	160547	4
26170	160555	13
26170	161120	8
26170	162733	2
26170	163362	1
26170	164208	2
26170	164734	7
26170	164737	9
26170	165553	4
26170	165677	1
26170	165684	5
26170	165889	10
26170	166074	4
26170	166580	9
26170	167326	7
26170	169119	3
26170	170847	18
26170	170849	10
26170	170851	37
26170	170855	5
26170	170860	2
26170	171579	1
26170	172127	10
26170	172284	3
26170	173192	2
26170	173204	6
26170	173695	6
26170	174543	35
26170	174544	5
26170	177141	24
26170	177932	5
26170	178199	3
26170	178463	1
26170	179773	9
26170	180155	6
26170	180697	3
26170	182781	1
26170	182898	1
26170	183217	10
26375	26990	5
26375	27039	3
26375	27626	2
26375	27627	1
26375	27628	5
26375	27848	4
26375	28093	13
26375	28098	11
26375	28945	3
26375	29580	2
26375	32088	1
26375	35184	11
26375	36468	7
26375	38059	9
26375	38241	3
26375	41860	1
26375	44304	2
26375	46465	7
26375	47260	1
26375	48372	2
26375	48382	11
26375	50134	3
26375	51545	36
26375	51547	3
26375	51548	32
26375	51549	2
26375	51551	15
26375	51552	64
26375	52158	2
26375	52722	5
26375	53635	2
26375	53815	6
26375	55452	9
26375	56191	2
26375	56224	35
26375	56287	6
26375	56307	24
26375	57392	7
26375	58110	21
26375	58115	5
26375	58507	2
26375	58518	6
26375	58525	1
26375	58526	4
26375	58776	1
26375	59086	1
26375	59088	1
26375	62907	4
26375	64221	1
26375	66486	2
26375	66488	3
26375	66490	2
26375	67217	1
26375	68312	9
26375	68396	18
26375	68398	3
26375	68400	19
26375	68401	2
26375	68404	2
26375	68406	1
26375	68410	5
26375	68412	1
26375	68433	10
26375	70746	7
26375	71039	2
26375	71040	3
26375	73198	1
26375	73202	2
26375	73671	2
26375	73970	11
26375	74891	29
26375	74893	4
26375	74897	7
26375	74945	8
26375	74948	7
26375	75383	6
26375	75385	2
26375	75390	11
26375	75394	2
26375	78898	6
26375	82096	1
26375	82677	2
26375	83285	2
26375	83287	1
26375	83291	4
26375	83294	10
26375	85055	3
26375	85221	4
26375	86019	12
26375	86312	8
26375	86855	1
26375	88020	6
26375	91205	25
26375	92315	5
26375	93730	2
26375	93869	17
26375	96117	5
26375	96322	1
26375	98159	1
26375	99310	7
26375	99311	3
26375	99313	16
26375	99314	9
26375	100323	21
26375	100324	2
26375	100570	1
26375	104118	3
26375	104803	3
26375	105743	2
26375	109109	1
26375	109111	4
26375	109905	5
26375	110357	46
26375	110359	6
26375	110825	2
26375	111412	5
26375	114069	16
26375	114358	5
26375	116330	31
26375	116655	9
26375	117232	10
26375	117235	3
26375	118646	1
26375	119089	3
26375	120433	4
26375	121313	6
26375	122612	7
26375	123253	1
26375	123507	2
26375	123932	4
26375	124212	1
26375	125582	6
26375	125584	6
26375	126526	1
26375	126533	3
26375	126556	2
26375	126613	12
26375	126614	2
26375	126618	2
26375	126621	23
26375	126742	2
26375	128004	2
26375	128033	2
26375	128035	1
26375	128036	2
26375	128066	2
26375	128071	13
26375	128074	1
26375	128084	3
26375	128087	5
26375	128115	8
26375	128239	6
26375	128241	8
26375	128751	11
26375	128797	91
26375	128804	48
26375	128807	17
26375	128810	2
26375	128817	40
26375	128832	5
26375	130689	5
26375	132293	1
26375	133004	3
26375	133030	6
26375	133655	6
26375	133832	32
26375	133861	5
26375	134851	3
26375	135501	3
26375	135730	2
26375	136540	4
26375	136689	4
26375	136690	2
26375	138406	6
26375	138619	3
26375	139192	3
26375	139959	1
26375	140876	3
26375	141840	1
26375	142560	1
26375	144271	1
26375	145508	4
26375	146643	1
26375	147535	2
26375	148313	12
26375	149762	1
26375	149772	6
26375	149773	3
26375	152096	7
26375	152099	2
26375	152101	3
26375	154993	2
26375	155002	2
26375	155061	2
26375	157133	19
26375	157217	13
26375	159998	7
26375	160539	1
26375	160542	1
26375	160546	1
26375	160547	5
26375	160554	2
26375	160555	2
26375	161120	11
26375	163362	1
26375	164208	2
26375	164734	3
26375	164737	4
26375	165553	4
26375	165677	2
26375	165684	2
26375	165889	5
26375	166074	4
26375	166580	9
26375	167326	5
26375	169119	6
26375	170847	16
26375	170849	17
26375	170851	31
26375	170855	2
26375	170860	3
26375	171579	8
26375	172127	4
26375	172284	6
26375	173192	3
26375	173204	1
26375	173695	3
26375	174543	21
26375	174544	8
26375	177141	14
26375	177932	8
26375	178199	4
26375	178463	6
26375	179773	1
26375	180155	4
26375	180697	9
26375	182898	2
26375	183217	3
26990	27039	20
26990	27626	2
26990	27627	5
26990	27628	8
26990	27848	15
26990	28093	19
26990	28098	3
26990	28945	16
26990	29580	21
26990	32088	18
26990	34945	6
26990	35184	18
26990	36468	15
26990	38059	3
26990	38241	26
26990	40091	2
26990	41860	118
26990	44304	12
26990	46465	15
26990	47260	11
26990	48372	14
26990	48382	22
26990	50134	9
26990	51545	140
26990	51547	80
26990	51548	132
26990	51549	41
26990	51551	42
26990	51552	63
26990	52158	15
26990	52722	1
26990	53635	41
26990	53815	6
26990	55452	7
26990	56191	1
26990	56224	85
26990	56287	15
26990	56307	104
26990	56861	4
26990	56929	8
26990	57392	11
26990	58110	11
26990	58115	13
26990	58507	8
26990	58518	16
26990	58525	5
26990	58526	10
26990	58776	6
26990	59086	42
26990	59088	44
26990	62907	3
26990	64221	5
26990	66486	7
26990	66488	4
26990	66490	8
26990	66527	4
26990	67217	19
26990	68312	15
26990	68396	87
26990	68398	46
26990	68400	68
26990	68401	13
26990	68404	9
26990	68406	12
26990	68410	36
26990	68412	4
26990	68433	32
26990	70746	17
26990	71039	27
26990	71040	26
26990	73198	9
26990	73202	9
26990	73671	16
26990	73970	36
26990	74891	71
26990	74893	14
26990	74897	11
26990	74945	19
26990	74948	14
26990	75383	10
26990	75385	25
26990	75390	27
26990	75394	15
26990	78898	15
26990	82096	9
26990	82282	6
26990	82677	2
26990	83285	14
26990	83287	7
26990	83291	11
26990	83294	18
26990	85055	11
26990	85221	19
26990	86019	20
26990	86312	8
26990	86855	9
26990	88020	5
26990	91205	14
26990	92315	3
26990	93730	13
26990	93869	55
26990	96117	4
26990	96322	11
26990	98159	31
26990	99310	49
26990	99311	21
26990	99313	21
26990	99314	16
26990	100323	50
26990	100324	15
26990	100570	7
26990	100572	2
26990	104118	7
26990	104803	22
26990	105743	63
26990	109109	12
26990	109111	9
26990	109905	11
26990	110357	34
26990	110359	15
26990	110825	46
26990	111412	8
26990	114069	8
26990	114358	7
26990	115032	3
26990	116330	18
26990	116655	7
26990	117232	37
26990	117235	57
26990	118646	38
26990	119089	8
26990	120433	15
26990	121313	6
26990	122612	5
26990	123253	1
26990	123507	2
26990	123932	6
26990	124212	4
26990	125126	4
26990	125582	13
26990	125584	16
26990	126526	17
26990	126533	11
26990	126556	2
26990	126613	34
26990	126614	8
26990	126618	24
26990	126621	28
26990	126742	5
26990	128004	8
26990	128011	6
26990	128033	3
26990	128035	1
26990	128048	5
26990	128066	6
26990	128071	14
26990	128074	3
26990	128084	3
26990	128087	6
26990	128115	18
26990	128239	5
26990	128241	6
26990	128751	17
26990	128797	182
26990	128804	77
26990	128805	3
26990	128807	43
26990	128810	6
26990	128817	32
26990	128832	3
26990	130689	7
26990	131373	51
26990	132293	4
26990	133004	11
26990	133030	5
26990	133655	15
26990	133832	20
26990	133861	8
26990	134851	12
26990	135501	3
26990	135730	5
26990	136540	6
26990	136689	3
26990	136690	5
26990	138406	23
26990	138619	13
26990	139192	8
26990	139959	2
26990	140876	11
26990	141840	3
26990	142560	4
26990	144271	5
26990	145508	6
26990	146643	32
26990	146644	8
26990	147535	24
26990	148313	4
26990	149762	5
26990	149772	8
26990	149773	2
26990	152096	15
26990	152099	15
26990	152101	5
26990	154993	12
26990	155002	13
26990	155061	17
26990	157133	37
26990	157217	7
26990	159998	12
26990	160536	17
26990	160539	10
26990	160542	14
26990	160545	5
26990	160546	1
26990	160547	4
26990	160554	8
26990	160555	62
26990	161120	4
26990	162733	13
26990	163362	2
26990	164208	3
26990	164734	18
26990	164737	25
26990	165553	15
26990	165677	8
26990	165684	18
26990	165889	17
26990	166074	4
26990	166580	11
26990	167326	8
26990	169119	8
26990	170847	14
26990	170849	12
26990	170851	14
26990	170855	3
26990	170860	7
26990	171579	6
26990	172127	7
26990	172284	5
26990	173192	5
26990	173204	4
26990	173695	26
26990	174543	40
26990	174544	10
26990	177141	16
26990	177932	7
26990	178199	11
26990	178463	7
26990	179773	12
26990	180155	5
26990	180697	4
26990	182781	10
26990	182898	13
26990	183217	23
27039	27626	3
27039	27628	3
27039	27848	2
27039	28093	3
27039	28098	4
27039	28945	4
27039	29580	2
27039	32088	2
27039	34945	2
27039	35184	5
27039	36468	3
27039	38059	2
27039	38241	5
27039	40091	2
27039	41860	2
27039	44304	8
27039	46465	10
27039	47260	2
27039	48382	7
27039	51545	37
27039	51547	7
27039	51548	24
27039	51549	9
27039	51551	12
27039	51552	27
27039	52158	10
27039	53635	7
27039	53815	2
27039	55452	5
27039	56191	1
27039	56224	18
27039	56287	2
27039	56307	23
27039	56861	2
27039	57392	3
27039	58110	9
27039	58115	5
27039	58507	4
27039	58518	4
27039	58525	2
27039	58526	3
27039	58776	4
27039	59086	5
27039	59088	7
27039	62907	1
27039	64221	1
27039	66486	3
27039	66490	2
27039	66527	6
27039	67217	5
27039	68312	8
27039	68396	24
27039	68398	6
27039	68400	19
27039	68401	4
27039	68404	5
27039	68406	2
27039	68410	12
27039	68412	2
27039	68433	4
27039	70746	3
27039	71039	17
27039	71040	14
27039	73198	4
27039	73202	1
27039	73671	2
27039	73970	15
27039	74891	21
27039	74893	2
27039	74897	6
27039	74945	9
27039	74948	4
27039	75385	2
27039	75390	20
27039	75394	2
27039	78898	2
27039	82096	2
27039	82282	1
27039	82677	1
27039	83285	1
27039	83287	1
27039	83291	2
27039	83294	7
27039	85221	9
27039	86019	4
27039	86312	3
27039	86855	2
27039	88020	3
27039	91205	7
27039	92315	6
27039	93730	1
27039	93869	13
27039	96117	2
27039	96322	3
27039	98159	6
27039	99310	5
27039	99311	5
27039	99313	4
27039	100323	13
27039	100324	1
27039	100570	3
27039	100572	1
27039	104803	3
27039	105743	20
27039	109109	2
27039	109111	3
27039	109905	3
27039	110357	19
27039	110359	5
27039	110825	6
27039	111412	3
27039	114069	6
27039	114358	2
27039	116330	11
27039	116655	3
27039	117232	10
27039	117235	19
27039	118646	4
27039	119089	2
27039	120433	7
27039	121313	2
27039	123253	2
27039	123507	4
27039	124212	4
27039	125126	1
27039	125582	3
27039	125584	1
27039	126526	1
27039	126533	3
27039	126556	2
27039	126613	7
27039	126614	1
27039	126618	2
27039	126621	12
27039	126742	2
27039	128004	3
27039	128033	1
27039	128036	2
27039	128048	1
27039	128066	4
27039	128071	1
27039	128074	4
27039	128087	5
27039	128115	7
27039	128239	2
27039	128241	6
27039	128751	6
27039	128797	50
27039	128804	17
27039	128807	13
27039	128810	2
27039	128817	10
27039	130689	2
27039	132293	1
27039	133004	6
27039	133030	4
27039	133655	1
27039	133832	6
27039	133861	4
27039	135501	1
27039	135730	2
27039	136540	1
27039	136689	2
27039	136690	2
27039	138406	4
27039	138619	1
27039	139192	2
27039	139959	4
27039	140876	2
27039	141840	2
27039	144271	2
27039	145508	6
27039	146643	4
27039	146644	2
27039	147535	6
27039	148313	5
27039	149772	1
27039	149773	2
27039	152096	5
27039	152099	3
27039	152101	3
27039	154993	3
27039	155002	7
27039	155061	4
27039	157133	13
27039	157217	3
27039	159998	5
27039	160378	2
27039	160536	4
27039	160539	2
27039	160542	3
27039	160554	1
27039	160555	17
27039	161120	1
27039	162733	1
27039	163362	1
27039	164208	2
27039	164734	1
27039	164737	9
27039	165553	8
27039	165677	1
27039	165684	3
27039	165889	4
27039	166074	4
27039	166580	4
27039	167326	1
27039	169119	1
27039	170847	9
27039	170849	8
27039	170851	12
27039	170855	2
27039	170860	2
27039	171579	4
27039	172127	3
27039	172284	4
27039	173192	1
27039	173695	7
27039	174543	21
27039	177141	6
27039	177932	3
27039	178199	3
27039	178463	4
27039	179773	1
27039	180155	3
27039	180697	2
27039	182781	3
27039	182898	1
27039	183217	7
27626	27627	52
27626	27628	32
27626	27848	6
27626	28093	8
27626	28098	2
27626	28945	3
27626	29580	10
27626	32088	4
27626	34945	2
27626	35184	3
27626	36468	2
27626	38059	5
27626	38241	2
27626	40091	2
27626	41860	1
27626	44304	2
27626	46465	15
27626	47260	2
27626	48372	8
27626	48382	9
27626	50134	1
27626	51545	67
27626	51547	7
27626	51548	42
27626	51549	10
27626	51551	49
27626	51552	43
27626	52158	3
27626	52722	6
27626	53815	2
27626	55452	5
27626	56191	11
27626	56224	20
27626	56307	36
27626	56861	1
27626	56926	38
27626	56929	10
27626	58110	9
27626	58115	4
27626	58507	2
27626	58518	11
27626	58525	1
27626	58526	1
27626	58776	3
27626	59088	2
27626	64221	4
27626	66486	4
27626	66488	1
27626	66490	3
27626	66527	2
27626	68312	2
27626	68396	31
27626	68398	3
27626	68400	38
27626	68401	2
27626	68404	4
27626	68406	5
27626	68410	6
27626	68412	27
27626	68433	7
27626	70746	7
27626	71039	1
27626	71040	1
27626	73198	18
27626	73202	7
27626	73671	1
27626	73970	20
27626	74891	76
27626	74893	4
27626	74897	3
27626	74945	6
27626	74948	1
27626	75383	1
27626	75385	6
27626	75390	11
27626	75394	2
27626	78898	34
27626	82096	4
27626	82282	6
27626	82677	15
27626	83285	5
27626	83287	7
27626	83291	38
27626	83294	9
27626	85055	1
27626	85221	1
27626	86019	3
27626	86312	1
27626	86855	12
27626	88020	1
27626	91205	8
27626	92315	5
27626	93730	2
27626	93869	10
27626	96322	2
27626	99310	15
27626	99311	2
27626	99313	6
27626	99314	1
27626	100323	33
27626	100324	4
27626	100572	3
27626	104118	7
27626	104803	7
27626	105743	9
27626	109109	4
27626	109111	5
27626	109905	2
27626	110357	26
27626	110359	5
27626	114069	4
27626	114358	5
27626	116330	20
27626	116655	2
27626	117232	2
27626	117235	1
27626	119089	1
27626	121313	1
27626	122612	5
27626	123507	5
27626	123932	10
27626	124212	7
27626	125126	2
27626	125582	3
27626	125584	5
27626	126526	6
27626	126533	3
27626	126556	37
27626	126613	19
27626	126614	4
27626	126618	5
27626	126621	30
27626	126742	1
27626	128004	4
27626	128011	5
27626	128033	25
27626	128035	19
27626	128036	3
27626	128048	35
27626	128066	21
27626	128071	18
27626	128074	20
27626	128084	21
27626	128087	5
27626	128115	7
27626	128239	42
27626	128241	6
27626	128751	17
27626	128797	108
27626	128804	59
27626	128805	16
27626	128807	21
27626	128810	2
27626	128817	15
27626	131373	2
27626	132293	8
27626	133004	2
27626	133030	1
27626	133655	1
27626	133832	21
27626	133861	6
27626	134851	13
27626	135501	6
27626	136540	1
27626	136689	2
27626	136690	1
27626	138406	1
27626	138619	3
27626	139192	2
27626	139959	3
27626	140876	3
27626	141840	16
27626	142560	8
27626	144271	1
27626	145508	16
27626	146643	5
27626	146644	1
27626	148313	10
27626	149772	1
27626	149773	1
27626	152096	33
27626	152099	16
27626	152101	8
27626	154993	11
27626	155002	8
27626	155061	2
27626	157133	18
27626	157217	8
27626	159998	8
27626	160378	2
27626	160536	1
27626	160539	8
27626	160542	3
27626	160545	32
27626	160546	3
27626	160547	3
27626	160554	2
27626	160555	6
27626	161120	1
27626	162733	6
27626	163362	6
27626	164208	2
27626	164737	1
27626	165553	2
27626	165677	2
27626	165684	2
27626	165889	14
27626	166074	4
27626	166580	9
27626	167326	1
27626	169119	4
27626	170847	50
27626	170849	19
27626	170851	29
27626	170855	5
27626	170860	3
27626	171579	2
27626	172127	6
27626	172284	4
27626	173192	7
27626	173204	27
27626	173695	2
27626	174543	20
27626	174544	3
27626	177141	5
27626	177932	2
27626	178199	2
27626	180155	3
27626	180697	1
27626	182781	4
27626	183217	3
27627	27628	16
27627	27848	2
27627	28093	11
27627	28098	2
27627	28945	4
27627	29580	5
27627	32088	1
27627	34945	4
27627	35184	4
27627	36468	2
27627	38059	1
27627	38241	2
27627	40091	3
27627	41860	1
27627	44304	1
27627	46465	8
27627	47260	2
27627	48372	6
27627	48382	6
27627	51545	56
27627	51547	7
27627	51548	31
27627	51549	8
27627	51551	45
27627	51552	42
27627	52158	1
27627	52722	1
27627	53815	1
27627	55452	2
27627	56191	7
27627	56224	9
27627	56287	1
27627	56307	26
27627	56861	1
27627	56926	24
27627	56929	13
27627	57392	1
27627	58110	7
27627	58115	1
27627	58518	7
27627	58525	4
27627	58526	1
27627	59088	3
27627	62907	2
27627	64221	5
27627	66486	3
27627	66488	4
27627	66490	6
27627	67217	1
27627	68312	4
27627	68396	19
27627	68398	2
27627	68400	28
27627	68401	1
27627	68404	7
27627	68406	6
27627	68410	9
27627	68412	16
27627	68433	6
27627	70746	10
27627	71039	2
27627	71040	2
27627	73198	12
27627	73202	6
27627	73970	12
27627	74891	58
27627	74893	4
27627	74897	5
27627	74945	3
27627	75383	1
27627	75385	5
27627	75390	8
27627	75394	2
27627	78898	21
27627	82096	2
27627	82282	5
27627	82677	9
27627	83285	7
27627	83287	5
27627	83291	35
27627	83294	7
27627	85055	2
27627	85221	2
27627	86019	4
27627	86312	1
27627	86855	9
27627	91205	9
27627	92315	3
27627	93730	2
27627	93869	8
27627	98159	3
27627	99310	17
27627	99311	1
27627	99313	11
27627	99314	3
27627	100323	29
27627	100324	1
27627	100570	1
27627	100572	4
27627	104118	5
27627	104803	3
27627	105743	6
27627	109109	2
27627	109111	3
27627	110357	24
27627	110359	5
27627	114069	3
27627	114358	4
27627	116330	15
27627	116655	2
27627	117232	1
27627	117235	1
27627	119089	1
27627	121313	2
27627	122612	1
27627	123253	1
27627	123507	1
27627	123932	9
27627	124212	2
27627	125126	4
27627	125582	4
27627	125584	4
27627	126526	6
27627	126533	2
27627	126556	25
27627	126613	16
27627	126618	7
27627	126621	19
27627	126742	2
27627	128004	2
27627	128011	3
27627	128033	12
27627	128035	12
27627	128036	1
27627	128048	24
27627	128066	11
27627	128071	11
27627	128074	13
27627	128084	14
27627	128087	1
27627	128115	5
27627	128239	22
27627	128241	6
27627	128751	9
27627	128797	83
27627	128804	43
27627	128805	15
27627	128807	23
27627	128810	1
27627	128817	6
27627	128832	2
27627	130689	2
27627	131373	4
27627	132293	8
27627	133004	2
27627	133655	2
27627	133832	12
27627	133861	2
27627	134851	9
27627	135501	1
27627	136689	3
27627	136690	1
27627	138406	8
27627	138619	3
27627	139192	2
27627	139959	2
27627	140876	3
27627	141840	13
27627	142560	5
27627	144271	1
27627	145508	11
27627	146643	2
27627	146644	2
27627	147535	3
27627	148313	5
27627	149762	1
27627	149772	1
27627	149773	2
27627	152096	21
27627	152099	13
27627	152101	6
27627	154993	5
27627	155002	3
27627	155061	2
27627	157133	17
27627	157217	10
27627	159998	4
27627	160536	4
27627	160539	7
27627	160542	3
27627	160545	19
27627	160546	2
27627	160547	2
27627	160554	3
27627	160555	6
27627	161120	2
27627	162733	2
27627	163362	7
27627	164208	1
27627	164734	3
27627	164737	4
27627	165553	2
27627	165677	1
27627	165684	1
27627	165889	15
27627	166074	6
27627	166580	10
27627	167326	2
27627	169119	4
27627	170847	27
27627	170849	14
27627	170851	19
27627	170855	4
27627	170860	1
27627	171579	1
27627	172127	3
27627	172284	2
27627	173192	6
27627	173204	16
27627	174543	22
27627	174544	2
27627	177141	7
27627	178199	2
27627	179773	2
27627	180155	2
27627	180697	1
27627	182781	2
27627	182898	3
27627	183217	4
27628	27848	4
27628	28093	21
27628	28098	3
27628	28945	1
27628	29580	4
27628	32088	2
27628	34945	5
27628	35184	6
27628	36468	3
27628	38059	11
27628	38241	2
27628	40091	4
27628	41860	2
27628	44304	8
27628	46465	48
27628	47260	2
27628	48372	8
27628	48382	10
27628	50134	1
27628	51545	46
27628	51547	7
27628	51548	40
27628	51549	7
27628	51551	36
27628	51552	51
27628	52158	3
27628	52722	13
27628	53635	1
27628	53815	5
27628	55452	6
27628	56191	3
27628	56224	38
27628	56287	1
27628	56307	26
27628	56861	3
27628	56926	10
27628	56929	6
27628	58110	9
27628	58115	5
27628	58507	3
27628	58518	7
27628	58525	3
27628	58526	2
27628	58776	2
27628	59086	1
27628	59088	2
27628	62907	6
27628	64221	2
27628	66486	3
27628	66488	1
27628	66490	2
27628	66527	3
27628	67217	1
27628	68312	2
27628	68396	23
27628	68398	4
27628	68400	30
27628	68401	3
27628	68404	4
27628	68406	5
27628	68410	13
27628	68412	33
27628	68433	7
27628	70746	9
27628	71039	1
27628	73198	10
27628	73202	5
27628	73671	4
27628	73970	11
27628	74891	54
27628	74893	4
27628	74897	3
27628	74945	11
27628	74948	3
27628	75383	3
27628	75385	6
27628	75390	13
27628	75394	6
27628	78898	28
27628	82096	3
27628	82282	2
27628	82677	5
27628	83285	6
27628	83287	4
27628	83291	17
27628	83294	8
27628	85055	4
27628	85221	5
27628	86019	10
27628	86312	14
27628	86855	10
27628	88020	3
27628	91205	12
27628	92315	6
27628	93730	1
27628	93869	17
27628	96117	5
27628	96322	2
27628	98159	6
27628	99310	15
27628	99311	2
27628	99313	18
27628	99314	7
27628	100323	25
27628	100324	2
27628	100570	3
27628	100572	5
27628	104118	4
27628	104803	2
27628	105743	8
27628	109109	3
27628	109111	1
27628	109905	4
27628	110357	38
27628	110359	5
27628	110825	1
27628	111412	1
27628	114069	6
27628	114358	4
27628	115032	2
27628	116330	31
27628	116655	3
27628	117232	8
27628	117235	2
27628	119089	2
27628	120433	1
27628	121313	1
27628	122612	8
27628	123253	1
27628	123507	7
27628	123932	14
27628	124212	2
27628	125126	3
27628	125582	5
27628	125584	8
27628	126526	2
27628	126533	1
27628	126556	17
27628	126613	13
27628	126614	1
27628	126618	3
27628	126621	25
27628	126742	2
27628	128004	4
27628	128011	9
27628	128033	22
27628	128035	2
27628	128036	3
27628	128048	15
27628	128066	7
27628	128071	24
27628	128074	5
27628	128084	18
27628	128087	9
27628	128115	14
27628	128239	41
27628	128241	6
27628	128751	8
27628	128797	102
27628	128804	51
27628	128805	4
27628	128807	21
27628	128817	26
27628	128832	2
27628	130689	3
27628	131373	2
27628	132293	3
27628	133004	5
27628	133655	5
27628	133832	19
27628	133861	3
27628	134851	5
27628	135501	3
27628	135730	2
27628	136540	1
27628	136689	2
27628	138406	9
27628	138619	2
27628	139959	4
27628	140876	3
27628	141840	8
27628	142560	8
27628	144271	4
27628	145508	28
27628	146643	4
27628	146644	2
27628	147535	2
27628	148313	7
27628	149762	3
27628	149772	5
27628	149773	3
27628	152096	28
27628	152099	15
27628	152101	17
27628	154993	5
27628	155002	5
27628	155061	3
27628	157133	18
27628	157217	12
27628	159998	8
27628	160378	1
27628	160536	2
27628	160539	3
27628	160542	2
27628	160545	14
27628	160546	4
27628	160547	8
27628	160554	3
27628	160555	5
27628	161120	2
27628	162733	2
27628	163362	2
27628	164208	2
27628	164734	4
27628	164737	3
27628	165553	4
27628	165677	2
27628	165684	3
27628	165889	13
27628	166074	8
27628	166580	8
27628	167326	4
27628	169119	1
27628	170847	86
27628	170849	29
27628	170851	27
27628	170855	3
27628	170860	10
27628	171579	2
27628	172127	2
27628	172284	3
27628	173192	7
27628	173204	24
27628	173695	1
27628	174543	24
27628	174544	5
27628	177141	5
27628	177932	5
27628	178199	5
27628	178463	3
27628	180155	5
27628	180697	4
27628	182781	1
27628	182898	5
27628	183217	9
27848	28093	4
27848	28098	1
27848	28945	2
27848	29580	8
27848	32088	13
27848	34945	9
27848	35184	1
27848	36468	3
27848	38059	1
27848	38241	13
27848	40091	4
27848	41860	9
27848	44304	1
27848	46465	1
27848	47260	2
27848	48372	8
27848	48382	2
27848	50134	2
27848	51545	85
27848	51547	14
27848	51548	42
27848	51549	13
27848	51551	16
27848	51552	42
27848	52158	22
27848	52722	1
27848	53635	4
27848	53815	1
27848	56191	6
27848	56224	9
27848	56287	2
27848	56307	47
27848	56861	8
27848	56929	2
27848	58110	14
27848	58115	2
27848	58507	2
27848	58518	20
27848	58525	7
27848	58526	2
27848	58776	5
27848	59086	6
27848	59088	7
27848	64221	4
27848	66486	10
27848	66488	9
27848	66490	9
27848	66527	1
27848	67217	5
27848	68312	10
27848	68396	53
27848	68398	12
27848	68400	40
27848	68401	6
27848	68404	6
27848	68406	8
27848	68410	11
27848	68412	2
27848	68433	6
27848	70746	11
27848	71039	3
27848	71040	1
27848	73198	6
27848	73202	4
27848	73970	43
27848	74891	32
27848	74893	9
27848	74897	7
27848	74945	2
27848	74948	3
27848	75383	12
27848	75385	29
27848	75390	13
27848	75394	8
27848	78898	16
27848	82096	3
27848	82282	5
27848	82677	2
27848	83285	7
27848	83287	13
27848	83291	1
27848	83294	13
27848	85055	11
27848	85221	2
27848	86019	2
27848	86312	2
27848	86855	5
27848	88020	2
27848	91205	18
27848	92315	9
27848	93730	6
27848	93869	8
27848	96322	2
27848	98159	3
27848	99310	24
27848	99311	3
27848	99313	5
27848	99314	4
27848	100323	33
27848	100324	10
27848	100570	13
27848	100572	4
27848	104803	14
27848	105743	14
27848	109109	9
27848	109111	15
27848	109905	2
27848	110357	19
27848	110359	7
27848	110825	2
27848	111412	1
27848	114069	2
27848	114358	2
27848	115032	2
27848	116330	5
27848	116655	2
27848	117232	6
27848	117235	4
27848	118646	3
27848	119089	3
27848	120433	1
27848	121313	2
27848	122612	1
27848	123253	6
27848	123932	4
27848	125126	6
27848	125582	2
27848	125584	2
27848	126526	19
27848	126533	19
27848	126556	4
27848	126613	14
27848	126614	2
27848	126618	8
27848	126621	25
27848	128004	6
27848	128011	6
27848	128033	7
27848	128035	2
27848	128036	2
27848	128048	7
27848	128066	13
27848	128071	5
27848	128074	3
27848	128084	2
27848	128087	4
27848	128115	8
27848	128239	3
27848	128241	4
27848	128751	15
27848	128797	103
27848	128804	49
27848	128805	9
27848	128807	38
27848	128810	3
27848	128817	8
27848	128832	3
27848	131373	9
27848	132293	10
27848	133004	4
27848	133655	2
27848	133832	14
27848	133861	7
27848	134851	13
27848	135501	7
27848	135730	8
27848	136689	1
27848	136690	4
27848	138406	4
27848	138619	5
27848	139192	7
27848	139959	2
27848	140876	7
27848	142560	1
27848	144271	1
27848	145508	1
27848	146643	30
27848	146644	3
27848	147535	2
27848	148313	5
27848	149762	8
27848	149772	2
27848	149773	1
27848	152096	6
27848	152099	8
27848	152101	10
27848	154993	19
27848	155002	20
27848	155061	2
27848	157133	20
27848	157217	7
27848	159998	6
27848	160378	4
27848	160536	13
27848	160539	7
27848	160542	8
27848	160545	7
27848	160546	3
27848	160547	4
27848	160554	4
27848	160555	15
27848	161120	2
27848	162733	19
27848	163362	3
27848	164734	5
27848	164737	2
27848	165553	4
27848	165889	9
27848	166074	6
27848	166580	7
27848	167326	1
27848	169119	1
27848	170847	7
27848	170849	7
27848	170851	11
27848	170855	2
27848	171579	2
27848	172127	3
27848	172284	3
27848	173192	4
27848	173204	1
27848	173695	2
27848	174543	30
27848	174544	2
27848	177141	21
27848	177932	5
27848	178199	5
27848	178463	3
27848	179773	23
27848	180155	1
27848	182781	4
27848	182898	1
27848	183217	6
28093	28098	35
28093	28945	6
28093	29580	7
28093	32088	16
28093	34945	2
28093	35184	24
28093	36468	6
28093	38059	27
28093	38241	6
28093	40091	7
28093	41860	7
28093	44304	5
28093	46465	9
28093	47260	1
28093	48372	5
28093	48382	22
28093	50134	12
28093	51545	106
28093	51547	9
28093	51548	87
28093	51549	11
28093	51551	54
28093	51552	134
28093	52158	6
28093	52722	10
28093	53635	9
28093	53815	16
28093	55452	12
28093	56191	2
28093	56224	82
28093	56287	19
28093	56307	39
28093	56861	2
28093	56926	3
28093	56929	4
28093	57392	5
28093	58110	33
28093	58115	6
28093	58507	11
28093	58518	15
28093	58525	4
28093	58526	9
28093	58776	4
28093	59086	3
28093	59088	3
28093	62907	12
28093	64221	3
28093	66486	2
28093	66488	4
28093	66490	4
28093	66527	9
28093	67217	7
28093	68312	11
28093	68396	28
28093	68398	7
28093	68400	52
28093	68401	4
28093	68404	12
28093	68406	8
28093	68410	24
28093	68412	5
28093	68433	11
28093	70746	8
28093	71039	4
28093	71040	6
28093	73198	8
28093	73202	6
28093	73671	5
28093	73970	34
28093	74891	94
28093	74893	16
28093	74897	17
28093	74945	2
28093	74948	9
28093	75383	3
28093	75385	10
28093	75390	7
28093	75394	2
28093	78898	10
28093	82096	11
28093	82282	2
28093	82677	3
28093	83285	16
28093	83287	5
28093	83291	13
28093	83294	15
28093	85055	6
28093	85221	12
28093	86019	4
28093	86312	14
28093	86855	4
28093	88020	9
28093	91205	41
28093	92315	20
28093	93730	8
28093	93869	31
28093	96117	16
28093	96322	6
28093	98159	6
28093	99310	32
28093	99311	4
28093	99313	51
28093	99314	24
28093	100323	53
28093	100324	2
28093	100570	2
28093	100572	1
28093	104118	10
28093	104803	8
28093	105743	15
28093	109109	7
28093	109905	6
28093	110357	96
28093	110359	11
28093	110825	7
28093	111412	9
28093	114069	16
28093	114358	9
28093	115032	11
28093	116330	67
28093	116655	23
28093	117232	8
28093	117235	17
28093	118646	1
28093	119089	3
28093	120433	3
28093	121313	8
28093	122612	4
28093	123253	7
28093	123507	7
28093	123932	20
28093	124212	11
28093	125126	6
28093	125582	17
28093	125584	19
28093	126526	12
28093	126533	3
28093	126556	3
28093	126613	35
28093	126614	7
28093	126618	6
28093	126621	68
28093	126742	9
28093	128004	5
28093	128011	9
28093	128033	7
28093	128035	1
28093	128048	6
28093	128066	10
28093	128071	45
28093	128074	2
28093	128084	3
28093	128087	5
28093	128115	34
28093	128239	10
28093	128241	1
28093	128751	40
28093	128797	237
28093	128804	130
28093	128805	8
28093	128807	48
28093	128810	2
28093	128817	53
28093	128832	10
28093	130689	11
28093	131373	2
28093	132293	7
28093	133004	3
28093	133030	12
28093	133655	6
28093	133832	67
28093	133861	8
28093	135501	8
28093	135730	9
28093	136540	9
28093	136689	5
28093	138406	3
28093	138619	4
28093	139192	3
28093	139959	12
28093	140876	4
28093	141840	2
28093	142560	6
28093	144271	6
28093	145508	12
28093	146643	4
28093	146644	1
28093	147535	12
28093	148313	28
28093	149762	5
28093	149772	2
28093	149773	5
28093	152096	20
28093	152099	3
28093	152101	6
28093	154993	16
28093	155002	10
28093	155061	8
28093	157133	46
28093	157217	24
28093	159998	24
28093	160378	5
28093	160536	3
28093	160542	1
28093	160545	11
28093	160546	6
28093	160547	7
28093	160554	8
28093	160555	12
28093	161120	4
28093	162733	6
28093	163362	7
28093	164208	10
28093	164734	1
28093	164737	3
28093	165553	13
28093	165677	9
28093	165684	12
28093	165889	10
28093	166074	2
28093	166580	39
28093	167326	8
28093	169119	15
28093	170847	29
28093	170849	57
28093	170851	73
28093	170855	18
28093	170860	6
28093	171579	10
28093	172127	4
28093	172284	10
28093	173192	8
28093	173204	4
28093	173695	8
28093	174543	49
28093	174544	9
28093	177141	16
28093	177932	20
28093	178199	4
28093	178463	14
28093	179773	5
28093	180155	10
28093	180697	22
28093	182781	5
28093	182898	3
28093	183217	10
28098	28945	1
28098	29580	5
28098	32088	8
28098	34945	2
28098	35184	16
28098	36468	5
28098	38059	21
28098	38241	4
28098	40091	4
28098	41860	2
28098	44304	5
28098	46465	8
28098	48372	3
28098	48382	6
28098	50134	8
28098	51545	67
28098	51547	3
28098	51548	60
28098	51549	6
28098	51551	30
28098	51552	70
28098	52158	5
28098	52722	4
28098	53635	3
28098	53815	13
28098	55452	14
28098	56224	69
28098	56287	8
28098	56307	31
28098	56861	2
28098	57392	5
28098	58110	13
28098	58115	7
28098	58507	5
28098	58518	2
28098	58525	2
28098	58526	4
28098	58776	2
28098	59086	2
28098	59088	2
28098	62907	7
28098	66486	2
28098	66488	2
28098	66490	4
28098	66527	4
28098	67217	3
28098	68312	6
28098	68396	18
28098	68398	1
28098	68400	27
28098	68401	2
28098	68404	6
28098	68406	1
28098	68410	13
28098	68433	7
28098	70746	5
28098	71039	6
28098	71040	4
28098	73198	9
28098	73202	3
28098	73671	6
28098	73970	25
28098	74891	41
28098	74893	1
28098	74897	8
28098	74945	4
28098	74948	4
28098	75385	2
28098	75390	15
28098	75394	2
28098	78898	3
28098	82096	7
28098	82282	2
28098	82677	2
28098	83285	7
28098	83287	1
28098	83291	6
28098	83294	13
28098	85055	3
28098	85221	11
28098	86019	7
28098	86312	16
28098	86855	5
28098	88020	7
28098	91205	19
28098	92315	6
28098	93730	5
28098	93869	28
28098	96117	8
28098	96322	7
28098	99310	18
28098	99311	1
28098	99313	25
28098	99314	12
28098	100323	28
28098	100324	3
28098	100570	4
28098	100572	1
28098	104118	2
28098	104803	4
28098	105743	7
28098	109109	3
28098	109111	2
28098	109905	3
28098	110357	64
28098	110359	3
28098	110825	5
28098	111412	4
28098	114069	17
28098	114358	5
28098	115032	6
28098	116330	43
28098	116655	15
28098	117232	6
28098	117235	15
28098	118646	1
28098	119089	1
28098	120433	1
28098	122612	5
28098	123253	4
28098	123507	4
28098	123932	5
28098	124212	6
28098	125582	14
28098	125584	8
28098	126526	5
28098	126533	1
28098	126613	13
28098	126614	5
28098	126618	3
28098	126621	39
28098	126742	7
28098	128004	3
28098	128011	3
28098	128033	3
28098	128036	2
28098	128048	4
28098	128066	8
28098	128071	23
28098	128074	2
28098	128084	3
28098	128087	2
28098	128115	22
28098	128239	2
28098	128241	2
28098	128751	14
28098	128797	138
28098	128804	93
28098	128805	2
28098	128807	30
28098	128810	4
28098	128817	61
28098	128832	2
28098	130689	6
28098	132293	2
28098	133004	5
28098	133030	14
28098	133655	3
28098	133832	43
28098	133861	6
28098	134851	2
28098	135501	3
28098	135730	1
28098	136540	8
28098	136689	3
28098	138406	1
28098	138619	3
28098	139192	1
28098	139959	10
28098	140876	2
28098	141840	1
28098	142560	2
28098	144271	1
28098	145508	8
28098	146644	1
28098	147535	6
28098	148313	22
28098	149762	6
28098	149772	6
28098	149773	5
28098	152096	7
28098	152099	3
28098	152101	3
28098	154993	6
28098	155002	5
28098	157133	37
28098	157217	13
28098	159998	15
28098	160378	6
28098	160542	1
28098	160545	3
28098	160546	4
28098	160547	7
28098	160554	2
28098	160555	10
28098	161120	6
28098	162733	3
28098	163362	8
28098	164208	4
28098	164734	1
28098	164737	7
28098	165553	7
28098	165677	4
28098	165684	17
28098	165889	8
28098	166074	2
28098	166580	14
28098	167326	2
28098	169119	11
28098	170847	11
28098	170849	24
28098	170851	34
28098	170855	7
28098	170860	11
28098	171579	6
28098	172127	2
28098	172284	12
28098	173192	5
28098	173695	6
28098	174543	30
28098	174544	8
28098	177141	9
28098	177932	16
28098	178199	5
28098	178463	9
28098	179773	1
28098	180155	8
28098	180697	22
28098	182781	2
28098	183217	12
28945	29580	5
28945	32088	5
28945	34945	2
28945	35184	6
28945	36468	2
28945	38241	10
28945	40091	1
28945	41860	6
28945	44304	7
28945	46465	2
28945	47260	12
28945	48372	2
28945	48382	5
28945	51545	44
28945	51547	14
28945	51548	31
28945	51549	11
28945	51551	16
28945	51552	30
28945	52158	4
28945	52722	2
28945	53635	1
28945	53815	5
28945	55452	6
28945	56191	2
28945	56224	17
28945	56287	5
28945	56307	23
28945	56926	2
28945	56929	5
28945	57392	2
28945	58110	2
28945	58115	1
28945	58507	1
28945	58518	8
28945	58525	6
28945	58526	6
28945	59086	1
28945	59088	4
28945	62907	1
28945	64221	3
28945	66486	1
28945	66490	4
28945	66527	2
28945	67217	16
28945	68312	3
28945	68396	16
28945	68398	4
28945	68400	27
28945	68401	1
28945	68404	2
28945	68406	2
28945	68410	6
28945	68412	3
28945	68433	4
28945	70746	6
28945	71039	10
28945	71040	7
28945	73198	11
28945	73202	5
28945	73970	14
28945	74891	39
28945	74893	5
28945	74897	5
28945	74945	5
28945	74948	1
28945	75383	1
28945	75385	2
28945	75390	4
28945	78898	2
28945	82282	1
28945	82677	3
28945	83285	8
28945	83287	6
28945	83291	1
28945	83294	6
28945	85055	2
28945	85221	2
28945	86019	4
28945	86312	1
28945	86855	3
28945	88020	4
28945	91205	9
28945	92315	2
28945	93730	3
28945	93869	18
28945	96117	4
28945	96322	3
28945	98159	4
28945	99310	14
28945	99311	4
28945	99313	11
28945	99314	3
28945	100323	18
28945	100324	6
28945	100570	3
28945	100572	2
28945	104118	2
28945	104803	4
28945	105743	29
28945	109109	3
28945	109111	2
28945	109905	1
28945	110357	11
28945	110359	5
28945	110825	3
28945	111412	2
28945	114069	3
28945	114358	4
28945	115032	4
28945	116330	8
28945	116655	3
28945	117232	7
28945	117235	5
28945	118646	3
28945	119089	2
28945	120433	5
28945	121313	1
28945	122612	4
28945	123932	3
28945	124212	1
28945	125126	2
28945	125582	6
28945	125584	7
28945	126526	2
28945	126556	2
28945	126613	5
28945	126614	4
28945	126618	22
28945	126621	11
28945	126742	5
28945	128004	1
28945	128011	3
28945	128033	1
28945	128035	2
28945	128048	3
28945	128066	6
28945	128071	2
28945	128087	5
28945	128115	3
28945	128239	2
28945	128241	4
28945	128751	6
28945	128797	55
28945	128804	28
28945	128805	4
28945	128807	17
28945	128810	2
28945	128817	7
28945	128832	1
28945	130689	5
28945	131373	2
28945	132293	3
28945	133004	5
28945	133030	1
28945	133655	4
28945	133832	9
28945	133861	6
28945	134851	3
28945	135730	2
28945	136540	1
28945	136689	2
28945	138406	6
28945	139959	2
28945	140876	3
28945	141840	3
28945	142560	8
28945	144271	2
28945	145508	4
28945	146643	10
28945	146644	5
28945	147535	1
28945	149772	1
28945	152096	4
28945	152099	2
28945	152101	6
28945	154993	4
28945	155002	5
28945	155061	5
28945	157133	14
28945	157217	3
28945	159998	13
28945	160378	2
28945	160536	6
28945	160539	4
28945	160542	9
28945	160545	3
28945	160546	3
28945	160547	5
28945	160554	3
28945	160555	22
28945	162733	5
28945	164208	2
28945	164734	2
28945	164737	4
28945	165553	5
28945	165677	3
28945	165684	5
28945	165889	7
28945	166074	1
28945	166580	7
28945	167326	1
28945	169119	6
28945	170847	12
28945	170849	8
28945	170851	13
28945	170855	3
28945	172127	3
28945	172284	2
28945	173192	5
28945	174543	15
28945	174544	6
28945	177141	5
28945	178199	2
28945	178463	2
28945	179773	3
28945	180155	2
28945	180697	2
28945	182781	4
28945	182898	2
28945	183217	4
29580	32088	44
29580	34945	5
29580	35184	4
29580	36468	5
29580	38059	3
29580	38241	6
29580	41860	4
29580	44304	1
29580	46465	1
29580	47260	5
29580	48372	7
29580	48382	5
29580	50134	3
29580	51545	61
29580	51547	11
29580	51548	31
29580	51549	10
29580	51551	19
29580	51552	24
29580	52158	8
29580	52722	4
29580	53635	4
29580	56191	1
29580	56224	8
29580	56287	4
29580	56307	36
29580	56861	2
29580	56926	9
29580	56929	5
29580	57392	1
29580	58110	3
29580	58115	1
29580	58507	4
29580	58518	9
29580	58525	4
29580	58526	2
29580	58776	1
29580	59086	14
29580	59088	4
29580	62907	2
29580	64221	5
29580	66486	9
29580	66488	3
29580	66490	7
29580	66527	2
29580	67217	4
29580	68312	6
29580	68396	29
29580	68398	16
29580	68400	28
29580	68401	3
29580	68404	3
29580	68406	1
29580	68410	8
29580	68433	3
29580	70746	8
29580	71039	2
29580	71040	2
29580	73198	12
29580	73202	3
29580	73671	2
29580	73970	27
29580	74891	49
29580	74893	8
29580	74897	7
29580	74945	1
29580	74948	1
29580	75383	2
29580	75385	16
29580	75390	5
29580	75394	2
29580	78898	15
29580	82096	1
29580	82282	12
29580	82677	10
29580	83285	5
29580	83287	6
29580	83291	6
29580	83294	3
29580	85055	3
29580	85221	4
29580	86019	4
29580	86855	3
29580	88020	4
29580	91205	3
29580	92315	1
29580	93730	2
29580	93869	2
29580	96117	4
29580	96322	1
29580	99310	22
29580	99311	3
29580	99313	1
29580	99314	2
29580	100323	27
29580	100324	6
29580	100570	6
29580	100572	2
29580	104118	1
29580	104803	10
29580	105743	11
29580	109109	7
29580	109111	1
29580	109905	2
29580	110357	8
29580	110359	3
29580	110825	3
29580	111412	4
29580	114069	1
29580	114358	4
29580	115032	4
29580	116330	3
29580	116655	5
29580	117232	4
29580	117235	7
29580	118646	3
29580	121313	2
29580	122612	2
29580	123253	1
29580	123507	1
29580	123932	5
29580	124212	2
29580	125126	3
29580	125582	8
29580	125584	9
29580	126526	7
29580	126533	7
29580	126556	4
29580	126613	15
29580	126614	3
29580	126618	10
29580	126621	18
29580	126742	3
29580	128011	4
29580	128033	8
29580	128035	7
29580	128036	4
29580	128048	11
29580	128066	6
29580	128071	5
29580	128074	7
29580	128087	2
29580	128115	5
29580	128239	2
29580	128241	2
29580	128751	17
29580	128797	82
29580	128804	47
29580	128805	8
29580	128807	18
29580	128810	3
29580	128817	8
29580	128832	1
29580	130689	2
29580	131373	3
29580	132293	6
29580	133004	1
29580	133030	4
29580	133655	3
29580	133832	5
29580	133861	3
29580	134851	3
29580	135501	7
29580	135730	1
29580	136540	5
29580	136689	2
29580	138406	1
29580	138619	2
29580	139192	2
29580	139959	5
29580	140876	3
29580	141840	10
29580	142560	1
29580	144271	5
29580	145508	7
29580	146643	11
29580	146644	2
29580	148313	2
29580	149762	1
29580	149772	1
29580	152096	14
29580	152099	11
29580	152101	5
29580	154993	33
29580	155002	9
29580	155061	2
29580	157133	24
29580	157217	2
29580	159998	13
29580	160378	2
29580	160536	5
29580	160539	4
29580	160542	6
29580	160545	6
29580	160546	5
29580	160547	4
29580	160554	3
29580	160555	16
29580	161120	2
29580	162733	10
29580	163362	2
29580	164208	1
29580	164737	2
29580	165553	3
29580	165677	1
29580	165684	1
29580	165889	3
29580	166074	2
29580	166580	7
29580	167326	2
29580	169119	6
29580	170847	12
29580	170849	12
29580	170851	6
29580	170860	3
29580	172127	3
29580	172284	1
29580	173192	3
29580	173204	5
29580	173695	2
29580	174543	23
29580	174544	1
29580	177141	3
29580	177932	7
29580	178199	1
29580	178463	5
29580	179773	6
29580	180697	3
29580	182781	4
29580	182898	2
29580	183217	2
32088	34945	7
32088	35184	11
32088	36468	4
32088	38059	4
32088	38241	10
32088	41860	5
32088	44304	5
32088	46465	2
32088	47260	10
32088	48372	3
32088	48382	5
32088	50134	3
32088	51545	82
32088	51547	6
32088	51548	42
32088	51549	13
32088	51551	11
32088	51552	31
32088	52158	17
32088	53635	3
32088	53815	4
32088	55452	1
32088	56191	4
32088	56224	19
32088	56287	2
32088	56307	45
32088	56861	2
32088	56926	2
32088	56929	2
32088	57392	3
32088	58110	9
32088	58115	4
32088	58507	5
32088	58518	10
32088	58525	5
32088	58526	1
32088	58776	2
32088	59086	10
32088	59088	6
32088	62907	2
32088	64221	6
32088	66486	13
32088	66488	3
32088	66490	6
32088	66527	1
32088	67217	3
32088	68312	11
32088	68396	34
32088	68398	19
32088	68400	34
32088	68401	5
32088	68404	4
32088	68406	3
32088	68410	11
32088	68433	2
32088	70746	11
32088	71039	2
32088	71040	2
32088	73198	3
32088	73202	1
32088	73671	3
32088	73970	28
32088	74891	49
32088	74893	13
32088	74897	6
32088	74948	4
32088	75383	6
32088	75385	32
32088	75390	9
32088	75394	6
32088	78898	13
32088	82096	1
32088	82282	8
32088	82677	3
32088	83285	6
32088	83287	7
32088	83291	5
32088	83294	5
32088	85055	4
32088	85221	6
32088	86019	2
32088	86855	2
32088	88020	5
32088	91205	6
32088	92315	3
32088	93730	2
32088	93869	8
32088	96117	5
32088	98159	2
32088	99310	20
32088	99311	6
32088	99313	5
32088	99314	3
32088	100323	21
32088	100324	9
32088	100570	12
32088	100572	3
32088	104118	1
32088	104803	13
32088	105743	12
32088	109109	7
32088	109111	3
32088	109905	1
32088	110357	17
32088	110359	4
32088	110825	1
32088	111412	3
32088	114069	5
32088	114358	3
32088	115032	6
32088	116330	6
32088	116655	6
32088	117232	6
32088	117235	7
32088	118646	1
32088	119089	1
32088	120433	1
32088	122612	4
32088	123253	3
32088	123932	3
32088	124212	5
32088	125126	3
32088	125582	9
32088	125584	5
32088	126526	6
32088	126533	5
32088	126556	2
32088	126613	15
32088	126614	5
32088	126618	12
32088	126621	26
32088	128004	1
32088	128011	4
32088	128033	6
32088	128035	4
32088	128036	3
32088	128048	11
32088	128066	9
32088	128071	7
32088	128074	1
32088	128084	1
32088	128087	4
32088	128115	8
32088	128239	5
32088	128241	1
32088	128751	22
32088	128797	105
32088	128804	56
32088	128805	6
32088	128807	15
32088	128810	3
32088	128817	15
32088	131373	2
32088	132293	7
32088	133004	2
32088	133030	5
32088	133655	3
32088	133832	7
32088	133861	7
32088	134851	4
32088	135501	8
32088	135730	2
32088	136540	6
32088	136689	2
32088	138406	1
32088	138619	1
32088	139192	2
32088	139959	3
32088	140876	6
32088	141840	2
32088	142560	3
32088	144271	4
32088	145508	2
32088	146643	24
32088	147535	3
32088	148313	4
32088	149762	4
32088	149772	2
32088	152096	10
32088	152099	8
32088	152101	7
32088	154993	46
32088	155002	15
32088	155061	4
32088	157133	28
32088	157217	5
32088	159998	17
32088	160378	4
32088	160536	8
32088	160539	4
32088	160542	4
32088	160545	8
32088	160546	2
32088	160547	2
32088	160554	1
32088	160555	9
32088	162733	16
32088	164208	3
32088	164737	4
32088	165553	3
32088	165677	1
32088	165684	4
32088	165889	3
32088	166074	4
32088	166580	6
32088	167326	2
32088	169119	6
32088	170847	7
32088	170849	8
32088	170851	7
32088	170855	2
32088	170860	1
32088	171579	3
32088	172127	1
32088	172284	1
32088	173192	4
32088	173204	2
32088	173695	3
32088	174543	27
32088	174544	1
32088	177141	4
32088	177932	11
32088	178199	2
32088	178463	7
32088	179773	14
32088	180155	1
32088	180697	9
32088	182781	2
32088	182898	1
32088	183217	2
34945	35184	2
34945	36468	1
34945	38059	2
34945	38241	5
34945	40091	2
34945	41860	5
34945	44304	1
34945	46465	4
34945	47260	1
34945	48372	3
34945	48382	2
34945	50134	1
34945	51545	43
34945	51547	8
34945	51548	21
34945	51549	10
34945	51551	16
34945	51552	25
34945	52158	14
34945	53635	2
34945	53815	1
34945	55452	2
34945	56191	2
34945	56224	9
34945	56287	1
34945	56307	24
34945	56861	3
34945	56926	1
34945	56929	3
34945	57392	1
34945	58110	10
34945	58115	2
34945	58507	1
34945	58518	8
34945	58525	1
34945	58526	1
34945	58776	3
34945	59086	2
34945	59088	1
34945	62907	2
34945	64221	1
34945	66486	7
34945	66488	4
34945	67217	2
34945	68312	5
34945	68396	19
34945	68398	8
34945	68400	17
34945	68401	4
34945	68404	2
34945	68406	4
34945	68410	6
34945	68412	1
34945	68433	2
34945	70746	2
34945	71039	3
34945	71040	2
34945	73198	2
34945	73202	1
34945	73671	1
34945	73970	17
34945	74891	24
34945	74893	4
34945	74897	4
34945	74945	1
34945	74948	4
34945	75383	8
34945	75385	7
34945	75390	9
34945	75394	6
34945	78898	3
34945	82096	2
34945	82282	1
34945	82677	5
34945	83285	4
34945	83287	15
34945	83291	4
34945	83294	5
34945	85055	9
34945	85221	3
34945	86019	4
34945	86312	1
34945	86855	4
34945	91205	8
34945	93869	8
34945	96322	3
34945	98159	3
34945	99310	4
34945	99311	1
34945	99313	6
34945	99314	4
34945	100323	25
34945	100324	12
34945	100570	9
34945	100572	4
34945	104118	3
34945	104803	9
34945	105743	9
34945	109109	5
34945	109111	3
34945	110357	14
34945	110359	1
34945	110825	3
34945	111412	1
34945	114069	1
34945	116330	3
34945	116655	4
34945	117232	2
34945	118646	2
34945	119089	5
34945	120433	2
34945	121313	1
34945	122612	1
34945	123253	2
34945	125126	2
34945	126526	6
34945	126533	8
34945	126556	4
34945	126613	5
34945	126614	2
34945	126618	4
34945	126621	12
34945	128004	4
34945	128011	1
34945	128033	1
34945	128035	1
34945	128036	2
34945	128048	1
34945	128066	4
34945	128071	3
34945	128074	1
34945	128084	3
34945	128115	4
34945	128239	2
34945	128241	2
34945	128751	9
34945	128797	42
34945	128804	31
34945	128805	6
34945	128807	24
34945	128810	3
34945	128817	8
34945	130689	1
34945	131373	2
34945	132293	5
34945	133655	2
34945	133832	10
34945	133861	3
34945	134851	3
34945	135501	1
34945	135730	6
34945	136689	2
34945	136690	4
34945	138406	8
34945	139192	1
34945	140876	2
34945	141840	2
34945	142560	2
34945	145508	6
34945	146643	12
34945	146644	2
34945	147535	1
34945	148313	3
34945	149762	1
34945	149772	2
34945	149773	2
34945	152096	11
34945	152099	7
34945	152101	4
34945	154993	7
34945	155002	7
34945	155061	1
34945	157133	7
34945	157217	9
34945	159998	2
34945	160378	5
34945	160536	6
34945	160539	9
34945	160542	2
34945	160545	3
34945	160546	1
34945	160554	1
34945	160555	9
34945	162733	5
34945	164208	2
34945	164734	4
34945	164737	5
34945	165553	3
34945	165677	1
34945	165684	1
34945	165889	18
34945	166074	5
34945	166580	8
34945	167326	3
34945	169119	1
34945	170847	7
34945	170849	3
34945	170851	5
34945	170855	1
34945	170860	1
34945	172127	2
34945	173204	1
34945	173695	5
34945	174543	15
34945	177141	7
34945	178199	2
34945	179773	10
34945	182781	2
34945	182898	2
34945	183217	4
35184	38059	9
35184	38241	5
35184	40091	2
35184	41860	9
35184	44304	5
35184	46465	4
35184	47260	5
35184	48372	4
35184	48382	6
35184	50134	12
35184	51545	81
35184	51547	6
35184	51548	66
35184	51549	11
35184	51551	48
35184	51552	75
35184	52158	4
35184	52722	3
35184	53635	4
35184	53815	10
35184	55452	8
35184	56191	1
35184	56224	56
35184	56287	11
35184	56307	40
35184	56926	1
35184	57392	7
35184	58110	23
35184	58115	8
35184	58507	5
35184	58518	11
35184	58525	7
35184	58526	2
35184	58776	6
35184	59086	4
35184	59088	4
35184	62907	12
35184	64221	1
35184	66486	2
35184	66488	4
35184	66490	4
35184	66527	9
35184	67217	5
35184	68312	7
35184	68396	37
35184	68398	3
35184	68400	47
35184	68401	1
35184	68404	4
35184	68406	2
35184	68410	21
35184	68412	1
35184	68433	10
35184	70746	11
35184	71039	8
35184	71040	7
35184	73198	8
35184	73202	1
35184	73671	2
35184	73970	27
35184	74891	67
35184	74893	19
35184	74897	9
35184	74945	8
35184	74948	5
35184	75383	1
35184	75385	12
35184	75390	6
35184	75394	3
35184	78898	11
35184	82096	1
35184	82282	2
35184	82677	2
35184	83285	10
35184	83287	5
35184	83291	4
35184	83294	8
35184	85055	4
35184	85221	14
35184	86019	8
35184	86312	7
35184	86855	9
35184	88020	9
35184	91205	12
35184	92315	4
35184	93730	1
35184	93869	28
35184	96117	21
35184	96322	2
35184	98159	5
35184	99310	17
35184	99311	3
35184	99313	26
35184	99314	10
35184	100323	29
35184	100324	1
35184	100572	2
35184	104118	2
35184	104803	7
35184	105743	11
35184	109109	3
35184	109111	3
35184	109905	3
35184	110357	45
35184	110359	4
35184	110825	6
35184	111412	7
35184	114069	12
35184	114358	8
35184	115032	11
35184	116330	28
35184	116655	14
35184	117232	12
35184	117235	15
35184	118646	3
35184	119089	2
35184	120433	4
35184	121313	2
35184	122612	2
35184	123253	2
35184	123507	3
35184	123932	10
35184	124212	3
35184	125126	3
35184	125582	49
35184	125584	38
35184	126526	2
35184	126533	1
35184	126556	4
35184	126613	23
35184	126614	5
35184	126618	5
35184	126621	35
35184	126742	15
35184	128004	1
35184	128011	8
35184	128033	3
35184	128035	2
35184	128036	2
35184	128048	3
35184	128066	6
35184	128071	13
35184	128074	1
35184	128084	4
35184	128087	7
35184	128115	12
35184	128239	2
35184	128241	3
35184	128751	15
35184	128797	138
35184	128804	62
35184	128805	6
35184	128807	24
35184	128810	1
35184	128817	39
35184	128832	4
35184	130689	7
35184	131373	3
35184	132293	2
35184	133004	5
35184	133030	11
35184	133655	7
35184	133832	28
35184	133861	6
35184	134851	1
35184	135501	2
35184	135730	3
35184	136540	8
35184	136689	4
35184	136690	3
35184	138406	7
35184	138619	4
35184	139192	4
35184	139959	20
35184	140876	4
35184	141840	2
35184	142560	11
35184	144271	4
35184	145508	7
35184	146643	3
35184	146644	4
35184	147535	6
35184	148313	7
35184	149762	3
35184	149772	4
35184	149773	1
35184	152096	12
35184	152099	2
35184	152101	9
35184	154993	9
35184	155002	5
35184	155061	2
35184	157133	48
35184	157217	11
35184	159998	31
35184	160378	2
35184	160536	5
35184	160539	3
35184	160542	4
35184	160545	4
35184	160546	4
35184	160547	17
35184	160554	4
35184	160555	11
35184	161120	6
35184	162733	7
35184	163362	2
35184	164208	18
35184	164734	5
35184	164737	11
35184	165553	9
35184	165677	9
35184	165684	13
35184	165889	9
35184	166074	5
35184	166580	10
35184	167326	5
35184	169119	26
35184	170847	12
35184	170849	14
35184	170851	26
35184	170855	4
35184	170860	1
35184	171579	3
35184	172127	3
35184	173192	6
35184	173204	2
35184	173695	9
35184	174543	31
35184	174544	9
35184	177141	16
35184	177932	14
35184	178199	4
35184	178463	10
35184	180155	4
35184	180697	18
35184	182781	1
35184	182898	2
35184	183217	15
36468	38059	4
36468	38241	14
36468	40091	2
36468	41860	5
36468	44304	5
36468	46465	5
36468	47260	2
36468	48382	41
36468	50134	2
36468	51545	30
36468	51547	11
36468	51548	32
36468	51549	8
36468	51551	21
36468	51552	42
36468	52722	1
36468	53635	1
36468	53815	8
36468	55452	6
36468	56287	7
36468	56307	22
36468	56861	5
36468	56926	2
36468	56929	1
36468	57392	3
36468	58110	10
36468	58115	8
36468	58507	2
36468	58518	3
36468	58526	6
36468	59088	4
36468	62907	4
36468	64221	2
36468	66486	1
36468	66488	1
36468	67217	1
36468	68312	6
36468	68396	7
36468	68398	6
36468	68400	19
36468	68404	3
36468	68410	12
36468	68412	3
36468	68433	2
36468	70746	3
36468	71039	3
36468	71040	4
36468	73198	2
36468	73202	3
36468	73671	5
36468	73970	13
36468	74891	15
36468	74893	5
36468	74897	6
36468	74948	8
36468	75385	1
36468	75390	11
36468	75394	2
36468	78898	3
36468	82096	3
36468	82677	3
36468	83285	3
36468	83291	3
36468	83294	6
36468	85055	2
36468	85221	8
36468	86019	7
36468	86312	14
36468	86855	3
36468	88020	1
36468	91205	16
36468	92315	2
36468	93730	7
36468	93869	1
36468	96117	3
36468	96322	3
36468	98159	9
36468	99310	7
36468	99311	5
36468	99313	12
36468	99314	15
36468	100323	14
36468	100324	4
36468	100570	3
36468	100572	1
36468	104118	2
36468	104803	3
36468	105743	6
36468	109109	2
36468	109111	2
36468	109905	2
36468	110357	41
36468	110359	6
36468	110825	3
36468	111412	2
36468	114069	4
36468	114358	2
36468	115032	1
36468	116330	34
36468	116655	8
36468	117232	14
36468	117235	9
36468	118646	2
36468	119089	2
36468	120433	5
36468	121313	4
36468	122612	3
36468	123253	1
36468	123507	8
36468	123932	6
36468	124212	2
36468	125126	3
36468	125582	5
36468	125584	8
36468	126526	7
36468	126533	4
36468	126556	1
36468	126613	7
36468	126614	4
36468	126621	24
36468	126742	4
36468	128004	3
36468	128033	2
36468	128048	3
36468	128066	7
36468	128071	9
36468	128084	3
36468	128087	1
36468	128115	6
36468	128239	4
36468	128241	6
36468	128751	10
36468	128797	76
36468	128804	37
36468	128805	4
36468	128807	18
36468	128810	2
36468	128817	33
36468	130689	8
36468	133004	5
36468	133655	1
36468	133832	22
36468	133861	2
36468	135501	1
36468	135730	2
36468	136540	1
36468	136689	3
36468	136690	3
36468	138406	10
36468	138619	1
36468	139192	1
36468	139959	2
36468	140876	2
36468	141840	1
36468	144271	6
36468	145508	11
36468	146643	2
36468	147535	1
36468	148313	5
36468	149762	2
36468	149772	5
36468	149773	4
36468	152096	8
36468	152099	6
36468	152101	4
36468	154993	1
36468	155002	6
36468	157133	1
36468	157217	5
36468	159998	6
36468	160378	1
36468	160539	3
36468	160542	2
36468	160545	2
36468	160546	1
36468	160547	3
36468	160555	9
36468	161120	10
36468	164208	3
36468	164734	7
36468	164737	14
36468	165553	9
36468	165677	6
36468	165889	7
36468	166074	4
36468	166580	5
36468	167326	6
36468	169119	1
36468	170847	16
36468	170849	8
36468	170851	21
36468	170855	3
36468	170860	5
36468	171579	3
36468	172127	3
36468	172284	3
36468	173192	4
36468	173204	2
36468	173695	5
36468	174543	18
36468	174544	4
36468	177141	6
36468	177932	2
36468	178199	4
36468	178463	4
36468	180155	1
36468	180697	3
36468	182898	8
36468	183217	8
38059	38241	4
38059	40091	4
38059	41860	1
38059	44304	9
38059	46465	16
38059	47260	1
38059	48372	1
38059	48382	6
38059	50134	4
38059	51545	49
38059	51547	2
38059	51548	38
38059	51549	5
38059	51551	27
38059	51552	71
38059	52158	1
38059	52722	32
38059	53635	1
38059	53815	9
38059	55452	13
38059	56191	1
38059	56224	59
38059	56287	8
38059	56307	17
38059	56926	1
38059	58110	13
38059	58115	10
38059	58507	6
38059	58518	3
38059	58526	2
38059	58776	2
38059	59086	2
38059	59088	1
38059	62907	5
38059	64221	3
38059	66486	2
38059	66490	2
38059	66527	1
38059	68312	7
38059	68396	15
38059	68398	6
38059	68400	23
38059	68401	1
38059	68404	1
38059	68406	2
38059	68410	11
38059	68412	4
38059	68433	13
38059	70746	5
38059	71039	2
38059	71040	3
38059	73198	6
38059	73202	5
38059	73671	4
38059	73970	11
38059	74891	43
38059	74893	2
38059	74897	5
38059	74945	5
38059	74948	4
38059	75383	2
38059	75385	2
38059	75390	10
38059	78898	12
38059	82096	2
38059	82282	1
38059	82677	2
38059	83285	1
38059	83287	2
38059	83291	6
38059	83294	7
38059	85055	2
38059	85221	7
38059	86019	19
38059	86312	15
38059	86855	6
38059	91205	11
38059	92315	3
38059	93730	1
38059	93869	17
38059	96117	6
38059	96322	4
38059	98159	2
38059	99310	10
38059	99311	2
38059	99313	18
38059	99314	5
38059	100323	23
38059	100324	7
38059	100570	1
38059	100572	1
38059	104118	2
38059	104803	1
38059	105743	4
38059	109905	7
38059	110357	58
38059	110359	8
38059	110825	2
38059	111412	2
38059	114069	21
38059	114358	8
38059	115032	1
38059	116330	46
38059	116655	14
38059	117232	7
38059	117235	14
38059	119089	1
38059	120433	2
38059	121313	4
38059	122612	16
38059	123253	1
38059	123507	16
38059	123932	41
38059	124212	3
38059	125126	3
38059	125582	7
38059	125584	8
38059	126526	4
38059	126533	3
38059	126556	6
38059	126613	13
38059	126614	1
38059	126621	25
38059	126742	6
38059	128004	3
38059	128011	4
38059	128033	5
38059	128035	2
38059	128036	4
38059	128048	5
38059	128066	15
38059	128071	78
38059	128074	4
38059	128084	9
38059	128087	14
38059	128115	33
38059	128239	6
38059	128241	3
38059	128751	16
38059	128797	114
38059	128804	55
38059	128807	20
38059	128817	64
38059	128832	5
38059	130689	3
38059	131373	1
38059	132293	3
38059	133004	9
38059	133030	9
38059	133655	5
38059	133832	44
38059	133861	4
38059	134851	2
38059	135501	2
38059	135730	1
38059	136689	2
38059	138406	5
38059	138619	2
38059	139192	1
38059	139959	7
38059	140876	1
38059	141840	2
38059	142560	2
38059	144271	5
38059	145508	8
38059	146643	3
38059	146644	1
38059	147535	5
38059	148313	18
38059	149762	8
38059	149772	10
38059	149773	8
38059	152096	39
38059	152099	9
38059	152101	13
38059	154993	6
38059	155002	2
38059	157133	13
38059	157217	10
38059	159998	8
38059	160378	3
38059	160536	1
38059	160539	2
38059	160546	1
38059	160547	4
38059	160554	2
38059	160555	10
38059	161120	7
38059	162733	1
38059	163362	4
38059	164208	7
38059	164734	5
38059	164737	8
38059	165553	7
38059	165677	5
38059	165684	7
38059	165889	8
38059	166074	7
38059	166580	7
38059	167326	3
38059	169119	7
38059	170847	19
38059	170849	35
38059	170851	89
38059	170855	15
38059	170860	9
38059	171579	4
38059	172127	11
38059	172284	4
38059	173192	2
38059	173204	6
38059	173695	1
38059	174543	17
38059	174544	7
38059	177141	9
38059	177932	5
38059	178199	12
38059	178463	3
38059	179773	3
38059	180155	10
38059	180697	8
38059	182781	1
38059	182898	5
38059	183217	14
38241	40091	2
38241	41860	15
38241	44304	7
38241	46465	3
38241	47260	5
38241	48372	4
38241	48382	16
38241	50134	3
38241	51545	72
38241	51547	19
38241	51548	41
38241	51549	15
38241	51551	21
38241	51552	53
38241	52158	14
38241	52722	1
38241	53635	4
38241	53815	1
38241	55452	3
38241	56191	1
38241	56224	21
38241	56287	3
38241	56307	66
38241	56861	2
38241	56926	1
38241	56929	4
38241	57392	1
38241	58110	8
38241	58115	4
38241	58507	3
38241	58518	6
38241	58526	5
38241	58776	11
38241	59086	11
38241	59088	7
38241	62907	5
38241	64221	3
38241	66486	5
38241	66488	1
38241	66490	8
38241	66527	3
38241	67217	5
38241	68312	10
38241	68396	31
38241	68398	6
38241	68400	40
38241	68401	4
38241	68404	2
38241	68406	4
38241	68410	10
38241	68412	2
38241	68433	10
38241	70746	21
38241	71039	11
38241	71040	6
38241	73198	4
38241	73202	4
38241	73671	2
38241	73970	28
38241	74891	45
38241	74893	6
38241	74897	5
38241	74945	5
38241	74948	5
38241	75383	4
38241	75385	14
38241	75390	19
38241	75394	6
38241	78898	15
38241	82096	4
38241	82282	6
38241	82677	1
38241	83285	10
38241	83287	8
38241	83291	4
38241	83294	11
38241	85055	3
38241	85221	7
38241	86019	9
38241	86312	3
38241	86855	3
38241	88020	2
38241	91205	10
38241	92315	2
38241	93730	21
38241	93869	15
38241	96117	4
38241	96322	11
38241	98159	14
38241	99310	20
38241	99311	5
38241	99313	13
38241	99314	9
38241	100323	33
38241	100324	7
38241	100570	10
38241	100572	2
38241	104118	1
38241	104803	17
38241	105743	21
38241	109109	10
38241	109111	6
38241	109905	6
38241	110357	30
38241	110359	10
38241	110825	5
38241	111412	2
38241	114069	5
38241	114358	2
38241	115032	3
38241	116330	15
38241	116655	2
38241	117232	9
38241	117235	10
38241	118646	5
38241	120433	8
38241	121313	3
38241	122612	2
38241	123253	5
38241	123932	6
38241	124212	2
38241	125126	5
38241	125582	5
38241	125584	6
38241	126526	12
38241	126533	6
38241	126556	2
38241	126613	13
38241	126614	4
38241	126618	8
38241	126621	18
38241	126742	4
38241	128004	1
38241	128011	3
38241	128033	3
38241	128035	2
38241	128036	6
38241	128048	3
38241	128066	12
38241	128071	7
38241	128074	1
38241	128084	4
38241	128087	7
38241	128115	6
38241	128239	3
38241	128241	4
38241	128751	22
38241	128797	103
38241	128804	53
38241	128805	4
38241	128807	19
38241	128810	2
38241	128817	23
38241	128832	3
38241	130689	3
38241	131373	6
38241	132293	6
38241	133004	4
38241	133030	3
38241	133655	4
38241	133832	16
38241	133861	4
38241	134851	3
38241	135501	3
38241	135730	2
38241	136689	3
38241	136690	3
38241	138406	8
38241	138619	6
38241	139192	6
38241	139959	1
38241	140876	1
38241	141840	1
38241	144271	3
38241	145508	4
38241	146643	14
38241	146644	2
38241	147535	9
38241	148313	5
38241	149762	3
38241	149772	4
38241	149773	3
38241	152096	7
38241	152099	6
38241	152101	7
38241	154993	6
38241	155002	12
38241	155061	4
38241	157133	18
38241	157217	8
38241	159998	8
38241	160378	2
38241	160536	13
38241	160539	5
38241	160542	8
38241	160546	3
38241	160547	1
38241	160554	1
38241	160555	21
38241	162733	11
38241	163362	2
38241	164208	2
38241	164734	3
38241	164737	9
38241	165553	7
38241	165677	6
38241	165684	5
38241	165889	3
38241	166074	2
38241	166580	6
38241	167326	3
38241	169119	6
38241	170847	8
38241	170849	9
38241	170851	21
38241	170855	3
38241	170860	2
38241	171579	2
38241	172127	8
38241	172284	5
38241	173192	4
38241	173204	1
38241	173695	4
38241	174543	25
38241	174544	2
38241	177141	9
38241	177932	6
38241	178199	7
38241	178463	6
38241	179773	9
38241	180155	2
38241	180697	2
38241	182781	3
38241	182898	2
38241	183217	7
40091	46465	2
40091	48372	4
40091	48382	3
40091	50134	1
40091	51545	37
40091	51547	1
40091	51548	24
40091	51549	10
40091	51551	15
40091	51552	30
40091	52158	2
40091	52722	1
40091	53815	1
40091	55452	2
40091	56191	1
40091	56224	13
40091	56287	1
40091	56307	22
40091	56861	1
40091	56926	1
40091	57392	3
40091	58110	7
40091	58507	1
40091	58518	10
40091	58525	1
40091	58776	2
40091	59086	2
40091	59088	1
40091	62907	1
40091	64221	6
40091	66486	4
40091	66488	3
40091	66490	3
40091	66527	1
40091	67217	2
40091	68312	3
40091	68396	13
40091	68400	19
40091	68401	2
40091	68404	3
40091	68406	3
40091	68410	9
40091	68412	1
40091	68433	2
40091	70746	3
40091	71039	1
40091	73198	3
40091	73202	1
40091	73671	1
40091	73970	21
40091	74891	33
40091	74893	3
40091	74897	2
40091	74948	3
40091	75383	1
40091	75394	4
40091	78898	4
40091	82096	1
40091	82677	5
40091	83285	6
40091	83287	2
40091	83291	5
40091	83294	1
40091	85055	3
40091	85221	1
40091	86312	5
40091	86855	1
40091	88020	4
40091	91205	8
40091	92315	9
40091	93869	5
40091	96322	3
40091	99310	11
40091	99313	7
40091	100323	25
40091	100324	2
40091	100570	3
40091	100572	6
40091	104803	2
40091	105743	1
40091	109111	3
40091	110357	17
40091	110359	2
40091	110825	1
40091	111412	1
40091	114069	4
40091	114358	1
40091	115032	3
40091	116330	10
40091	116655	10
40091	117235	2
40091	119089	6
40091	122612	5
40091	123253	2
40091	123507	1
40091	123932	3
40091	124212	3
40091	125126	7
40091	125582	3
40091	125584	5
40091	126526	5
40091	126556	1
40091	126613	3
40091	126614	3
40091	126618	4
40091	126621	24
40091	128004	4
40091	128011	6
40091	128036	2
40091	128048	5
40091	128066	8
40091	128071	11
40091	128074	2
40091	128084	2
40091	128087	1
40091	128115	6
40091	128239	2
40091	128241	1
40091	128751	9
40091	128797	51
40091	128804	36
40091	128805	5
40091	128807	17
40091	128810	3
40091	128817	6
40091	128832	3
40091	130689	1
40091	131373	1
40091	132293	5
40091	133004	2
40091	133030	1
40091	133832	17
40091	133861	4
40091	134851	4
40091	135501	7
40091	135730	10
40091	136540	2
40091	136689	1
40091	138406	1
40091	139192	3
40091	139959	3
40091	140876	3
40091	142560	2
40091	144271	2
40091	145508	4
40091	146643	2
40091	146644	1
40091	148313	5
40091	149762	1
40091	149772	1
40091	152096	4
40091	152099	5
40091	152101	5
40091	154993	6
40091	155002	3
40091	155061	1
40091	157133	13
40091	157217	5
40091	159998	6
40091	160378	7
40091	160539	3
40091	160542	1
40091	160545	4
40091	160546	1
40091	160547	2
40091	160554	3
40091	160555	3
40091	162733	2
40091	164208	1
40091	164737	1
40091	165553	1
40091	165677	1
40091	165684	1
40091	165889	8
40091	166074	3
40091	166580	7
40091	167326	1
40091	169119	1
40091	170847	4
40091	170849	4
40091	170851	18
40091	170855	3
40091	170860	1
40091	171579	1
40091	172127	2
40091	172284	5
40091	173204	1
40091	173695	3
40091	174543	23
40091	174544	4
40091	177141	4
40091	177932	4
40091	178199	1
40091	178463	4
40091	179773	1
40091	180155	1
40091	180697	1
40091	182781	2
40091	183217	3
41860	44304	3
41860	46465	3
41860	47260	1
41860	48372	11
41860	48382	5
41860	51545	81
41860	51547	37
41860	51548	77
41860	51549	27
41860	51551	18
41860	51552	33
41860	52158	5
41860	53635	28
41860	53815	2
41860	55452	2
41860	56191	1
41860	56224	31
41860	56287	4
41860	56307	57
41860	56861	3
41860	56929	4
41860	57392	5
41860	58110	3
41860	58115	1
41860	58507	4
41860	58518	13
41860	58525	3
41860	58526	4
41860	58776	9
41860	59086	11
41860	59088	20
41860	62907	2
41860	64221	1
41860	66486	4
41860	66527	2
41860	67217	12
41860	68312	11
41860	68396	54
41860	68398	15
41860	68400	44
41860	68401	9
41860	68404	4
41860	68406	5
41860	68410	19
41860	68412	2
41860	68433	12
41860	70746	8
41860	71039	11
41860	71040	9
41860	73198	4
41860	73202	9
41860	73671	2
41860	73970	17
41860	74891	31
41860	74893	5
41860	74897	8
41860	74945	2
41860	74948	7
41860	75383	2
41860	75385	10
41860	75390	8
41860	75394	7
41860	78898	6
41860	82096	4
41860	83285	8
41860	83287	3
41860	83291	8
41860	83294	8
41860	85055	6
41860	85221	7
41860	86019	3
41860	86855	5
41860	88020	2
41860	91205	8
41860	92315	1
41860	93730	8
41860	93869	24
41860	96117	1
41860	96322	4
41860	98159	29
41860	99310	29
41860	99311	9
41860	99313	11
41860	99314	4
41860	100323	29
41860	100324	14
41860	100570	3
41860	104118	3
41860	104803	16
41860	105743	26
41860	109109	7
41860	109111	6
41860	109905	5
41860	110357	12
41860	110359	8
41860	110825	26
41860	111412	6
41860	114069	2
41860	114358	2
41860	115032	1
41860	116330	7
41860	116655	2
41860	117232	5
41860	117235	12
41860	118646	8
41860	119089	5
41860	120433	6
41860	121313	1
41860	122612	1
41860	123253	2
41860	123932	2
41860	124212	2
41860	125126	4
41860	125582	6
41860	125584	7
41860	126526	12
41860	126533	4
41860	126613	9
41860	126614	4
41860	126618	9
41860	126621	18
41860	126742	5
41860	128004	2
41860	128011	7
41860	128033	1
41860	128035	1
41860	128048	3
41860	128066	5
41860	128071	5
41860	128074	2
41860	128084	1
41860	128115	7
41860	128239	3
41860	128241	1
41860	128751	9
41860	128797	70
41860	128804	27
41860	128805	2
41860	128807	13
41860	128810	2
41860	128817	6
41860	128832	1
41860	130689	2
41860	131373	41
41860	132293	2
41860	133004	4
41860	133030	4
41860	133655	6
41860	133832	3
41860	133861	3
41860	134851	9
41860	135501	2
41860	135730	5
41860	136540	3
41860	136689	2
41860	136690	2
41860	138406	11
41860	138619	9
41860	139192	5
41860	139959	2
41860	140876	2
41860	141840	2
41860	142560	2
41860	144271	3
41860	145508	1
41860	146643	14
41860	146644	3
41860	147535	9
41860	148313	3
41860	149762	2
41860	149772	1
41860	152096	7
41860	152099	8
41860	152101	4
41860	154993	5
41860	155002	8
41860	155061	10
41860	157133	16
41860	157217	3
41860	159998	7
41860	160536	5
41860	160539	3
41860	160542	6
41860	160545	2
41860	160546	2
41860	160547	3
41860	160554	4
41860	160555	28
41860	161120	3
41860	162733	3
41860	163362	1
41860	164208	1
41860	164734	6
41860	164737	16
41860	165553	6
41860	165677	1
41860	165684	7
41860	165889	9
41860	166074	1
41860	166580	6
41860	167326	4
41860	169119	5
41860	170847	5
41860	170849	1
41860	170851	2
41860	171579	2
41860	172127	9
41860	172284	1
41860	173192	4
41860	173204	1
41860	173695	17
41860	174543	19
41860	174544	8
41860	177141	4
41860	177932	5
41860	178199	4
41860	178463	4
41860	179773	6
41860	180697	2
41860	182781	5
41860	182898	4
41860	183217	5
44304	46465	9
44304	47260	4
44304	48372	1
44304	48382	15
44304	50134	2
44304	51545	42
44304	51547	9
44304	51548	42
44304	51549	7
44304	51551	11
44304	51552	34
44304	52158	6
44304	52722	4
44304	53635	3
44304	53815	5
44304	55452	20
44304	56191	2
44304	56224	36
44304	56287	7
44304	56307	24
44304	56861	1
44304	56929	1
44304	57392	4
44304	58110	10
44304	58115	6
44304	58507	1
44304	58518	3
44304	58525	2
44304	58526	4
44304	58776	1
44304	59086	2
44304	59088	3
44304	62907	2
44304	66486	3
44304	66488	2
44304	66490	3
44304	66527	5
44304	67217	9
44304	68312	3
44304	68396	12
44304	68398	11
44304	68400	12
44304	68401	1
44304	68404	8
44304	68406	2
44304	68410	13
44304	68412	5
44304	68433	5
44304	70746	4
44304	71039	9
44304	71040	6
44304	73198	4
44304	73671	4
44304	73970	17
44304	74891	28
44304	74893	2
44304	74897	5
44304	74945	6
44304	74948	6
44304	75383	1
44304	75385	6
44304	75390	10
44304	75394	4
44304	78898	7
44304	82096	2
44304	82282	3
44304	82677	1
44304	83285	1
44304	83287	4
44304	83291	6
44304	83294	7
44304	85055	1
44304	85221	13
44304	86019	10
44304	86312	9
44304	86855	3
44304	88020	1
44304	91205	11
44304	92315	3
44304	93730	2
44304	93869	31
44304	96117	6
44304	96322	9
44304	98159	4
44304	99310	13
44304	99311	2
44304	99313	9
44304	99314	8
44304	100323	14
44304	100324	2
44304	100572	1
44304	104118	1
44304	104803	8
44304	105743	9
44304	109109	3
44304	109905	4
44304	110357	31
44304	110359	7
44304	110825	3
44304	111412	3
44304	114069	9
44304	114358	2
44304	116330	27
44304	116655	5
44304	117232	13
44304	117235	12
44304	118646	3
44304	119089	2
44304	120433	6
44304	121313	2
44304	122612	4
44304	123253	5
44304	123507	2
44304	123932	9
44304	125126	5
44304	125582	7
44304	125584	6
44304	126526	1
44304	126533	2
44304	126556	1
44304	126613	11
44304	126614	3
44304	126618	4
44304	126621	23
44304	126742	1
44304	128033	4
44304	128036	5
44304	128048	2
44304	128066	4
44304	128071	6
44304	128074	1
44304	128084	3
44304	128087	11
44304	128115	9
44304	128239	4
44304	128241	5
44304	128751	10
44304	128797	69
44304	128804	38
44304	128805	2
44304	128807	11
44304	128810	1
44304	128817	23
44304	128832	3
44304	130689	2
44304	131373	3
44304	132293	2
44304	133004	2
44304	133030	4
44304	133655	8
44304	133832	18
44304	133861	3
44304	134851	1
44304	135501	2
44304	135730	2
44304	136689	1
44304	136690	1
44304	138406	7
44304	138619	1
44304	139959	1
44304	140876	3
44304	142560	4
44304	144271	3
44304	145508	5
44304	146643	1
44304	146644	2
44304	147535	4
44304	148313	10
44304	149762	1
44304	149772	2
44304	149773	4
44304	152096	10
44304	152099	6
44304	152101	9
44304	154993	3
44304	155002	7
44304	155061	1
44304	157133	12
44304	157217	3
44304	159998	8
44304	160378	4
44304	160536	3
44304	160539	2
44304	160542	3
44304	160546	3
44304	160547	1
44304	160554	1
44304	160555	8
44304	161120	2
44304	162733	4
44304	163362	3
44304	164208	4
44304	164734	1
44304	164737	15
44304	165553	6
44304	165677	3
44304	165684	5
44304	165889	7
44304	166074	6
44304	166580	11
44304	167326	3
44304	169119	4
44304	170847	11
44304	170849	5
44304	170851	23
44304	170855	3
44304	170860	1
44304	171579	4
44304	172127	2
44304	172284	3
44304	173192	1
44304	173204	3
44304	174543	19
44304	174544	6
44304	177141	5
44304	177932	4
44304	178199	6
44304	178463	2
44304	179773	1
44304	180155	2
44304	180697	1
44304	182781	4
44304	182898	9
44304	183217	8
46465	47260	1
46465	48382	15
46465	50134	3
46465	51545	44
46465	51547	9
46465	51548	34
46465	51549	9
46465	51551	38
46465	51552	57
46465	52158	5
46465	52722	6
46465	53635	2
46465	53815	4
46465	55452	9
46465	56191	2
46465	56224	39
46465	56287	1
46465	56307	19
46465	56861	1
46465	56926	1
46465	56929	3
46465	57392	2
46465	58110	14
46465	58115	6
46465	58507	5
46465	58518	6
46465	58525	2
46465	58526	4
46465	59086	1
46465	59088	5
46465	62907	4
46465	64221	2
46465	66486	5
46465	66488	1
46465	66490	3
46465	66527	1
46465	68312	3
46465	68396	16
46465	68398	7
46465	68400	21
46465	68401	2
46465	68404	3
46465	68406	2
46465	68410	17
46465	68412	18
46465	68433	12
46465	70746	8
46465	71039	3
46465	71040	2
46465	73198	4
46465	73202	4
46465	73671	4
46465	73970	8
46465	74891	31
46465	74893	4
46465	74897	5
46465	74945	10
46465	74948	7
46465	75383	1
46465	75385	1
46465	75390	43
46465	75394	4
46465	78898	16
46465	82096	2
46465	82282	1
46465	82677	2
46465	83285	4
46465	83287	4
46465	83291	9
46465	83294	9
46465	85055	1
46465	85221	7
46465	86019	14
46465	86312	19
46465	86855	4
46465	88020	1
46465	91205	12
46465	92315	3
46465	93869	20
46465	96117	3
46465	96322	5
46465	98159	7
46465	99310	5
46465	99313	16
46465	99314	13
46465	100323	22
46465	100324	5
46465	100570	4
46465	100572	1
46465	104118	3
46465	105743	9
46465	109109	2
46465	109111	1
46465	109905	5
46465	110357	49
46465	110359	4
46465	110825	4
46465	111412	4
46465	114069	8
46465	114358	5
46465	115032	3
46465	116330	42
46465	116655	6
46465	117232	16
46465	117235	12
46465	118646	1
46465	119089	1
46465	121313	2
46465	122612	6
46465	123507	7
46465	123932	12
46465	124212	2
46465	125126	3
46465	125582	5
46465	125584	5
46465	126526	3
46465	126533	5
46465	126556	8
46465	126613	9
46465	126614	1
46465	126618	1
46465	126621	25
46465	126742	2
46465	128004	2
46465	128011	2
46465	128033	8
46465	128035	1
46465	128036	2
46465	128048	3
46465	128066	5
46465	128071	20
46465	128074	3
46465	128084	9
46465	128087	6
46465	128115	11
46465	128239	18
46465	128241	7
46465	128751	9
46465	128797	96
46465	128804	47
46465	128805	3
46465	128807	18
46465	128810	2
46465	128817	40
46465	128832	2
46465	130689	3
46465	131373	1
46465	132293	2
46465	133004	3
46465	133030	2
46465	133655	6
46465	133832	33
46465	133861	9
46465	134851	4
46465	135501	3
46465	135730	4
46465	136540	2
46465	136689	2
46465	136690	2
46465	138406	11
46465	138619	3
46465	139192	3
46465	139959	3
46465	140876	3
46465	141840	4
46465	142560	4
46465	144271	2
46465	145508	26
46465	146643	1
46465	146644	3
46465	147535	2
46465	148313	14
46465	149762	5
46465	149772	9
46465	149773	6
46465	152096	17
46465	152099	6
46465	152101	8
46465	154993	1
46465	155002	3
46465	155061	1
46465	157133	9
46465	157217	12
46465	159998	2
46465	160536	3
46465	160539	2
46465	160542	2
46465	160545	1
46465	160547	2
46465	160555	18
46465	161120	5
46465	162733	3
46465	163362	2
46465	164208	4
46465	164734	7
46465	164737	9
46465	165553	6
46465	165677	2
46465	165684	4
46465	165889	8
46465	166074	6
46465	166580	10
46465	167326	6
46465	169119	2
46465	170847	55
46465	170849	16
46465	170851	33
46465	170855	7
46465	170860	7
46465	171579	3
46465	172127	2
46465	172284	5
46465	173192	3
46465	173204	14
46465	173695	5
46465	174543	32
46465	174544	2
46465	177141	15
46465	177932	7
46465	178199	6
46465	178463	4
46465	180155	7
46465	180697	4
46465	182781	1
46465	182898	8
46465	183217	6
47260	48382	4
47260	50134	1
47260	51545	29
47260	51547	7
47260	51548	17
47260	51549	9
47260	51551	9
47260	51552	14
47260	52158	2
47260	52722	1
47260	53635	1
47260	53815	1
47260	55452	3
47260	56191	1
47260	56224	6
47260	56287	4
47260	56307	16
47260	56926	1
47260	56929	3
47260	57392	2
47260	58110	4
47260	58518	9
47260	58525	1
47260	58526	1
47260	58776	1
47260	59086	3
47260	59088	3
47260	62907	3
47260	64221	3
47260	66486	2
47260	66488	2
47260	66490	6
47260	66527	1
47260	67217	3
47260	68312	5
47260	68396	9
47260	68398	7
47260	68400	14
47260	68401	2
47260	68404	3
47260	68406	2
47260	68410	2
47260	68412	1
47260	68433	2
47260	70746	3
47260	71039	3
47260	73198	4
47260	73202	2
47260	73671	1
47260	73970	8
47260	74891	36
47260	74893	4
47260	74897	8
47260	74945	2
47260	75383	1
47260	75385	4
47260	78898	6
47260	82096	1
47260	83285	3
47260	83287	6
47260	83291	4
47260	83294	4
47260	85055	4
47260	85221	2
47260	86019	3
47260	86855	3
47260	88020	3
47260	91205	3
47260	93730	1
47260	93869	3
47260	96322	2
47260	98159	2
47260	99310	9
47260	99311	5
47260	99313	8
47260	99314	4
47260	100323	14
47260	100324	6
47260	100570	2
47260	100572	1
47260	104118	2
47260	104803	4
47260	105743	14
47260	109109	3
47260	109111	3
47260	109905	1
47260	110357	6
47260	110359	3
47260	111412	2
47260	114069	3
47260	114358	1
47260	115032	1
47260	116330	5
47260	116655	2
47260	117232	3
47260	117235	5
47260	118646	5
47260	119089	3
47260	120433	2
47260	121313	2
47260	122612	4
47260	123932	3
47260	125126	2
47260	125582	1
47260	125584	5
47260	126526	2
47260	126613	8
47260	126614	1
47260	126618	6
47260	126621	11
47260	126742	1
47260	128004	1
47260	128011	8
47260	128033	2
47260	128035	1
47260	128048	1
47260	128066	3
47260	128071	6
47260	128087	4
47260	128115	7
47260	128239	1
47260	128241	1
47260	128751	4
47260	128797	48
47260	128804	26
47260	128805	4
47260	128807	7
47260	128817	6
47260	128832	2
47260	130689	2
47260	131373	2
47260	132293	4
47260	133004	7
47260	133655	3
47260	133832	3
47260	134851	2
47260	135501	2
47260	136689	1
47260	138619	1
47260	139959	2
47260	140876	2
47260	141840	2
47260	142560	2
47260	144271	3
47260	145508	3
47260	146643	7
47260	146644	1
47260	148313	1
47260	149762	1
47260	152096	10
47260	152099	8
47260	152101	7
47260	154993	7
47260	155002	1
47260	155061	2
47260	157133	8
47260	157217	6
47260	159998	7
47260	160536	4
47260	160539	5
47260	160542	8
47260	160546	1
47260	160547	2
47260	160554	2
47260	160555	8
47260	162733	5
47260	163362	2
47260	165553	1
47260	165677	3
47260	165889	5
47260	166074	3
47260	166580	4
47260	169119	6
47260	170847	7
47260	170849	5
47260	170851	6
47260	171579	1
47260	172127	1
47260	172284	2
47260	173192	2
47260	173204	1
47260	173695	2
47260	174543	13
47260	174544	2
47260	177141	4
47260	177932	4
47260	178199	1
47260	178463	2
47260	179773	1
47260	180697	3
47260	182781	2
47260	182898	1
47260	183217	1
48372	48382	4
48372	51545	58
48372	51547	10
48372	51548	35
48372	51549	14
48372	51551	29
48372	51552	49
48372	52158	7
48372	53635	4
48372	55452	1
48372	56191	5
48372	56224	15
48372	56307	29
48372	56861	3
48372	56926	7
48372	56929	4
48372	58110	13
48372	58115	3
48372	58507	1
48372	58518	18
48372	58525	4
48372	58526	2
48372	58776	2
48372	59086	5
48372	59088	5
48372	64221	2
48372	66486	3
48372	66488	4
48372	66490	6
48372	66527	3
48372	67217	2
48372	68312	1
48372	68396	36
48372	68398	5
48372	68400	26
48372	68404	4
48372	68406	3
48372	68410	11
48372	68412	2
48372	68433	3
48372	70746	6
48372	71039	3
48372	71040	3
48372	73198	12
48372	73202	2
48372	73970	24
48372	74891	41
48372	74893	4
48372	74897	7
48372	74945	2
48372	74948	5
48372	75383	3
48372	75385	6
48372	75390	9
48372	75394	3
48372	78898	7
48372	82096	1
48372	82282	6
48372	82677	9
48372	83285	5
48372	83287	5
48372	83291	12
48372	83294	11
48372	85055	5
48372	85221	3
48372	86019	1
48372	86312	2
48372	86855	4
48372	88020	1
48372	91205	16
48372	92315	2
48372	93730	3
48372	93869	13
48372	98159	3
48372	99310	22
48372	99311	4
48372	99313	6
48372	99314	3
48372	100323	34
48372	100324	8
48372	100570	2
48372	100572	7
48372	104118	4
48372	104803	6
48372	105743	6
48372	109109	1
48372	110357	13
48372	110359	5
48372	110825	4
48372	111412	3
48372	114069	2
48372	114358	1
48372	116330	12
48372	116655	3
48372	117232	3
48372	117235	1
48372	118646	3
48372	119089	6
48372	120433	1
48372	122612	2
48372	123253	3
48372	123932	2
48372	125126	3
48372	125582	4
48372	125584	7
48372	126526	5
48372	126533	2
48372	126556	8
48372	126613	8
48372	126614	1
48372	126618	4
48372	126621	23
48372	126742	1
48372	128004	9
48372	128011	5
48372	128033	5
48372	128035	6
48372	128036	3
48372	128048	4
48372	128066	9
48372	128071	8
48372	128074	5
48372	128084	1
48372	128087	3
48372	128115	4
48372	128239	2
48372	128241	1
48372	128751	11
48372	128797	79
48372	128804	48
48372	128805	14
48372	128807	35
48372	128810	1
48372	128817	5
48372	128832	3
48372	130689	2
48372	131373	6
48372	132293	5
48372	133004	3
48372	133655	3
48372	133832	19
48372	133861	11
48372	134851	4
48372	135501	2
48372	135730	6
48372	136540	1
48372	136689	11
48372	136690	2
48372	138406	8
48372	138619	4
48372	139192	3
48372	139959	2
48372	140876	5
48372	141840	8
48372	142560	1
48372	144271	4
48372	145508	6
48372	146643	9
48372	146644	12
48372	147535	4
48372	148313	1
48372	149762	1
48372	149772	2
48372	149773	2
48372	152096	14
48372	152099	9
48372	152101	8
48372	154993	2
48372	155002	6
48372	155061	2
48372	157133	20
48372	157217	9
48372	159998	5
48372	160378	2
48372	160536	6
48372	160539	4
48372	160542	1
48372	160545	6
48372	160546	2
48372	160547	3
48372	160554	1
48372	160555	13
48372	161120	1
48372	162733	1
48372	163362	2
48372	164208	1
48372	164734	5
48372	164737	4
48372	165553	2
48372	165677	1
48372	165684	3
48372	165889	6
48372	166074	3
48372	166580	21
48372	170847	9
48372	170849	10
48372	170851	20
48372	170855	4
48372	172127	5
48372	172284	1
48372	173192	4
48372	173204	3
48372	173695	1
48372	174543	27
48372	174544	3
48372	177141	12
48372	177932	5
48372	178199	2
48372	179773	3
48372	182781	6
48372	182898	3
48372	183217	2
48382	51545	89
48382	51547	14
48382	51548	68
48382	51549	15
48382	51551	57
48382	51552	101
48382	52158	5
48382	52722	3
48382	53635	2
48382	53815	6
48382	55452	11
48382	56191	4
48382	56224	16
48382	56287	8
48382	56307	56
48382	56861	3
48382	56926	6
48382	56929	4
48382	57392	5
48382	58110	27
48382	58115	10
48382	58507	5
48382	58518	20
48382	58525	5
48382	58526	10
48382	58776	5
48382	59086	3
48382	59088	4
48382	62907	9
48382	64221	2
48382	66486	7
48382	66488	1
48382	66490	5
48382	66527	8
48382	67217	7
48382	68312	15
48382	68396	34
48382	68398	10
48382	68400	51
48382	68401	6
48382	68404	21
48382	68406	9
48382	68410	32
48382	68412	9
48382	68433	3
48382	70746	4
48382	71039	5
48382	71040	4
48382	73198	4
48382	73202	8
48382	73671	6
48382	73970	36
48382	74891	80
48382	74893	6
48382	74897	16
48382	74945	1
48382	74948	6
48382	75383	5
48382	75385	4
48382	75390	22
48382	75394	3
48382	78898	14
48382	82096	8
48382	82282	3
48382	82677	3
48382	83285	5
48382	83287	7
48382	83291	15
48382	83294	12
48382	85055	9
48382	85221	4
48382	86019	11
48382	86312	12
48382	86855	5
48382	88020	7
48382	91205	33
48382	92315	8
48382	93730	5
48382	96117	7
48382	96322	8
48382	98159	5
48382	99310	26
48382	99311	9
48382	99313	31
48382	99314	19
48382	100323	41
48382	100324	9
48382	100570	5
48382	100572	2
48382	104118	9
48382	104803	8
48382	105743	15
48382	109109	3
48382	109111	4
48382	109905	3
48382	110357	81
48382	110359	13
48382	110825	3
48382	111412	3
48382	114069	10
48382	114358	7
48382	115032	9
48382	116330	47
48382	116655	6
48382	117232	23
48382	117235	12
48382	118646	1
48382	119089	4
48382	120433	8
48382	121313	3
48382	122612	7
48382	123253	7
48382	123507	3
48382	123932	12
48382	124212	4
48382	125126	6
48382	125582	14
48382	125584	7
48382	126526	9
48382	126533	6
48382	126556	6
48382	126613	24
48382	126614	6
48382	126618	6
48382	126621	48
48382	126742	2
48382	128004	1
48382	128011	12
48382	128033	4
48382	128035	2
48382	128036	4
48382	128048	6
48382	128066	17
48382	128071	25
48382	128074	6
48382	128084	8
48382	128087	3
48382	128115	19
48382	128239	9
48382	128241	10
48382	128751	24
48382	128797	164
48382	128804	82
48382	128805	8
48382	128807	54
48382	128810	4
48382	128817	47
48382	128832	3
48382	130689	6
48382	131373	2
48382	132293	3
48382	133004	8
48382	133030	7
48382	133655	1
48382	133832	50
48382	133861	7
48382	134851	7
48382	135501	5
48382	135730	4
48382	136540	4
48382	136689	11
48382	136690	9
48382	138406	13
48382	138619	5
48382	139192	3
48382	139959	1
48382	140876	2
48382	141840	3
48382	142560	1
48382	144271	4
48382	145508	16
48382	146643	4
48382	146644	9
48382	147535	4
48382	148313	18
48382	149762	5
48382	149772	5
48382	149773	2
48382	152096	25
48382	152099	11
48382	152101	13
48382	154993	6
48382	155002	15
48382	155061	7
48382	157133	21
48382	157217	21
48382	159998	14
48382	160378	3
48382	160536	3
48382	160539	5
48382	160542	6
48382	160545	6
48382	160546	1
48382	160547	3
48382	160554	1
48382	160555	13
48382	161120	7
48382	162733	6
48382	163362	6
48382	164208	5
48382	164734	6
48382	164737	16
48382	165553	11
48382	165677	10
48382	165889	22
48382	166074	9
48382	166580	16
48382	167326	2
48382	169119	9
48382	170847	29
48382	170849	24
48382	170851	35
48382	170855	11
48382	170860	4
48382	171579	7
48382	172127	11
48382	172284	7
48382	173192	4
48382	173204	4
48382	173695	10
48382	174543	47
48382	174544	10
48382	177141	16
48382	177932	11
48382	178199	2
48382	178463	8
48382	179773	1
48382	180155	7
48382	180697	5
48382	182781	3
48382	182898	3
48382	183217	8
50134	51545	22
50134	51548	21
50134	51549	5
50134	51551	9
50134	51552	37
50134	52158	1
50134	52722	1
50134	53635	1
50134	53815	5
50134	55452	1
50134	56224	28
50134	56287	7
50134	56307	18
50134	57392	5
50134	58110	10
50134	58115	1
50134	58507	5
50134	58525	1
50134	58526	3
50134	59086	1
50134	59088	1
50134	62907	5
50134	66486	1
50134	66488	1
50134	66490	3
50134	66527	3
50134	67217	2
50134	68312	3
50134	68396	10
50134	68398	1
50134	68400	14
50134	68401	1
50134	68406	1
50134	68410	5
50134	68433	9
50134	70746	1
50134	71039	6
50134	71040	3
50134	73198	3
50134	73671	7
50134	73970	7
50134	74891	21
50134	74893	1
50134	74897	2
50134	74945	10
50134	74948	4
50134	75385	1
50134	78898	3
50134	82096	1
50134	83291	2
50134	83294	2
50134	85221	8
50134	86019	5
50134	86312	1
50134	88020	2
50134	91205	2
50134	93730	1
50134	93869	8
50134	96117	11
50134	98159	1
50134	99310	2
50134	99311	1
50134	99313	7
50134	99314	3
50134	100323	11
50134	100324	2
50134	100570	1
50134	104118	2
50134	105743	4
50134	109109	1
50134	109111	1
50134	109905	3
50134	110357	13
50134	110359	3
50134	110825	3
50134	111412	2
50134	114069	5
50134	114358	1
50134	115032	6
50134	116330	9
50134	116655	3
50134	117232	4
50134	117235	5
50134	118646	2
50134	120433	3
50134	121313	5
50134	122612	1
50134	123507	1
50134	123932	1
50134	125582	6
50134	125584	5
50134	126526	1
50134	126613	18
50134	126614	1
50134	126618	3
50134	126621	11
50134	126742	4
50134	128036	1
50134	128048	2
50134	128066	3
50134	128071	5
50134	128084	1
50134	128087	1
50134	128115	2
50134	128239	1
50134	128751	6
50134	128797	51
50134	128804	17
50134	128805	3
50134	128807	4
50134	128810	2
50134	128817	19
50134	128832	3
50134	130689	3
50134	131373	3
50134	133004	1
50134	133030	5
50134	133655	5
50134	133832	12
50134	135501	1
50134	136540	3
50134	136689	1
50134	138406	2
50134	138619	2
50134	139192	2
50134	139959	3
50134	140876	2
50134	142560	1
50134	145508	2
50134	147535	1
50134	148313	5
50134	149762	1
50134	149772	2
50134	149773	2
50134	152096	3
50134	152099	2
50134	152101	3
50134	154993	5
50134	155002	4
50134	155061	1
50134	157133	10
50134	157217	2
50134	159998	7
50134	160536	1
50134	160539	1
50134	160542	1
50134	160545	2
50134	160546	1
50134	160547	5
50134	160554	1
50134	160555	3
50134	161120	2
50134	162733	3
50134	163362	1
50134	164208	5
50134	164734	1
50134	164737	2
50134	165553	11
50134	165677	6
50134	165684	8
50134	165889	1
50134	166580	2
50134	167326	1
50134	169119	5
50134	170847	2
50134	170849	2
50134	170851	7
50134	170855	2
50134	170860	1
50134	171579	4
50134	172127	1
50134	172284	2
50134	173192	1
50134	173204	2
50134	173695	5
50134	174543	7
50134	174544	2
50134	177141	4
50134	177932	6
50134	178199	1
50134	178463	4
50134	180155	1
50134	180697	7
50134	182898	1
50134	183217	5
51545	51547	126
51545	51548	533
51545	51549	147
51545	51551	314
51545	51552	789
51545	52158	95
51545	52722	24
51545	53635	18
51545	53815	24
51545	55452	34
51545	56191	47
51545	56224	251
51545	56287	54
51545	56307	497
51545	56861	23
51545	56926	36
51545	56929	25
51545	57392	31
51545	58110	148
51545	58115	32
51545	58507	33
51545	58518	146
51545	58525	54
51545	58526	35
51545	58776	39
51545	59086	44
51545	59088	42
51545	62907	37
51545	64221	36
51545	66486	88
51545	66488	52
51545	66490	76
51545	66527	39
51545	67217	35
51545	68312	93
51545	68396	410
51545	68398	73
51545	68400	431
51545	68401	55
51545	68404	79
51545	68406	54
51545	68410	135
51545	68412	24
51545	68433	59
51545	70746	97
51545	71039	37
51545	71040	25
51545	73198	87
51545	73202	40
51545	73671	18
51545	73970	401
51545	74891	740
51545	74893	111
51545	74897	73
51545	74945	42
51545	74948	45
51545	75383	36
51545	75385	110
51545	75390	92
51545	75394	48
51545	78898	138
51545	82096	24
51545	82282	52
51545	82677	41
51545	83285	89
51545	83287	85
51545	83291	68
51545	83294	72
51545	85055	57
51545	85221	60
51545	86019	43
51545	86312	50
51545	86855	49
51545	88020	50
51545	91205	150
51545	92315	83
51545	93730	37
51545	93869	157
51545	96117	30
51545	96322	20
51545	98159	37
51545	99310	265
51545	99311	37
51545	99313	144
51545	99314	64
51545	100323	344
51545	100324	64
51545	100570	64
51545	100572	41
51545	104118	18
51545	104803	104
51545	105743	104
51545	109109	47
51545	109111	42
51545	109905	24
51545	110357	455
51545	110359	52
51545	110825	31
51545	111412	32
51545	114069	62
51545	114358	35
51545	115032	42
51545	116330	214
51545	116655	92
51545	117232	69
51545	117235	70
51545	118646	28
51545	119089	41
51545	120433	31
51545	121313	26
51545	122612	47
51545	123253	51
51545	123507	15
51545	123932	39
51545	124212	32
51545	125126	73
51545	125582	99
51545	125584	97
51545	126526	115
51545	126533	65
51545	126556	52
51545	126613	185
51545	126614	50
51545	126618	90
51545	126621	497
51545	126742	32
51545	128004	54
51545	128011	70
51545	128033	60
51545	128035	36
51545	128036	43
51545	128048	80
51545	128066	152
51545	128071	141
51545	128074	49
51545	128084	46
51545	128087	43
51545	128115	79
51545	128239	44
51545	128241	17
51545	128751	239
51545	128797	1546
51545	128804	842
51545	128805	92
51545	128807	401
51545	128810	26
51545	128817	230
51545	128832	41
51545	130689	28
51545	131373	50
51545	132293	53
51545	133004	36
51545	133030	42
51545	133655	38
51545	133832	226
51545	133861	80
51545	134851	62
51545	135501	69
51545	135730	61
51545	136540	26
51545	136689	50
51545	136690	28
51545	138406	43
51545	138619	40
51545	139192	38
51545	139959	51
51545	140876	47
51545	141840	33
51545	142560	36
51545	144271	25
51545	145508	80
51545	146643	104
51545	146644	38
51545	147535	28
51545	148313	93
51545	149762	25
51545	149772	22
51545	149773	20
51545	152096	136
51545	152099	83
51545	152101	74
51545	154993	126
51545	155002	109
51545	155061	36
51545	157133	298
51545	157217	101
51545	159998	143
51545	160378	41
51545	160536	60
51545	160539	43
51545	160542	49
51545	160545	54
51545	160546	34
51545	160547	66
51545	160554	37
51545	160555	111
51545	161120	18
51545	162733	80
51545	163362	35
51545	164208	36
51545	164734	27
51545	164737	62
51545	165553	65
51545	165677	29
51545	165684	36
51545	165889	128
51545	166074	38
51545	166580	97
51545	167326	17
51545	169119	58
51545	170847	176
51545	170849	169
51545	170851	287
51545	170855	40
51545	170860	20
51545	171579	32
51545	172127	48
51545	172284	35
51545	173192	46
51545	173204	54
51545	173695	72
51545	174543	401
51545	174544	48
51545	177141	128
51545	177932	83
51545	178199	27
51545	178463	46
51545	179773	53
51545	180155	21
51545	180697	37
51545	182781	35
51545	182898	19
51545	183217	47
51547	51548	102
51547	51549	41
51547	51551	38
51547	51552	61
51547	52158	9
51547	52722	2
51547	53635	10
51547	53815	3
51547	55452	4
51547	56191	4
51547	56224	34
51547	56287	5
51547	56307	62
51547	56861	5
51547	56926	2
51547	56929	6
51547	57392	5
51547	58110	13
51547	58115	12
51547	58507	4
51547	58518	12
51547	58525	10
51547	58526	8
51547	58776	5
51547	59086	31
51547	59088	36
51547	62907	6
51547	64221	3
51547	66486	1
51547	66488	1
51547	66490	10
51547	66527	1
51547	67217	14
51547	68312	19
51547	68396	51
51547	68398	27
51547	68400	53
51547	68404	8
51547	68406	6
51547	68410	19
51547	68412	1
51547	68433	12
51547	70746	18
51547	71039	24
51547	71040	17
51547	73198	6
51547	73202	11
51547	73671	7
51547	73970	17
51547	74891	47
51547	74893	9
51547	74897	16
51547	74945	6
51547	74948	7
51547	75383	5
51547	75385	9
51547	75390	19
51547	75394	12
51547	78898	11
51547	82096	5
51547	82282	5
51547	82677	3
51547	83285	13
51547	83287	8
51547	83291	6
51547	83294	18
51547	85055	4
51547	85221	13
51547	86019	7
51547	86312	2
51547	86855	9
51547	88020	4
51547	91205	10
51547	92315	2
51547	93730	6
51547	93869	32
51547	96117	2
51547	96322	10
51547	98159	13
51547	99310	32
51547	99311	8
51547	99313	14
51547	99314	8
51547	100323	41
51547	100324	11
51547	100570	3
51547	100572	1
51547	104118	10
51547	104803	14
51547	105743	38
51547	109109	8
51547	109111	6
51547	109905	11
51547	110357	34
51547	110359	21
51547	110825	10
51547	111412	7
51547	114069	4
51547	114358	8
51547	115032	4
51547	116330	10
51547	116655	3
51547	117232	20
51547	117235	32
51547	118646	21
51547	119089	3
51547	120433	17
51547	121313	3
51547	122612	2
51547	123507	1
51547	123932	5
51547	124212	2
51547	125126	1
51547	125582	9
51547	125584	9
51547	126526	14
51547	126533	16
51547	126556	2
51547	126613	20
51547	126614	6
51547	126618	20
51547	126621	16
51547	126742	7
51547	128004	4
51547	128011	6
51547	128033	3
51547	128035	2
51547	128036	1
51547	128048	6
51547	128066	7
51547	128071	12
51547	128074	6
51547	128084	3
51547	128087	3
51547	128115	11
51547	128239	4
51547	128241	8
51547	128751	11
51547	128797	138
51547	128804	63
51547	128805	6
51547	128807	45
51547	128810	6
51547	128817	16
51547	128832	1
51547	130689	7
51547	131373	24
51547	132293	5
51547	133004	17
51547	133030	4
51547	133655	6
51547	133832	16
51547	133861	4
51547	134851	10
51547	135501	1
51547	135730	1
51547	136540	4
51547	136689	10
51547	136690	7
51547	138406	14
51547	138619	11
51547	139192	4
51547	139959	1
51547	140876	4
51547	141840	4
51547	142560	6
51547	144271	3
51547	145508	4
51547	146643	22
51547	146644	11
51547	147535	15
51547	148313	3
51547	149762	1
51547	149772	4
51547	149773	2
51547	152096	8
51547	152099	7
51547	152101	7
51547	154993	7
51547	155002	12
51547	155061	12
51547	157133	37
51547	157217	7
51547	159998	10
51547	160536	12
51547	160539	6
51547	160542	15
51547	160545	4
51547	160546	3
51547	160547	4
51547	160554	9
51547	160555	41
51547	161120	2
51547	162733	9
51547	163362	5
51547	164208	2
51547	164734	12
51547	164737	18
51547	165553	6
51547	165677	6
51547	165684	9
51547	165889	16
51547	166074	4
51547	166580	13
51547	167326	6
51547	169119	6
51547	170847	14
51547	170849	8
51547	170851	13
51547	170855	3
51547	170860	1
51547	171579	2
51547	172127	17
51547	172284	5
51547	173192	5
51547	173204	2
51547	173695	7
51547	174543	29
51547	174544	6
51547	177141	18
51547	177932	4
51547	178199	11
51547	178463	4
51547	179773	6
51547	180155	2
51547	180697	2
51547	182781	7
51547	182898	4
51547	183217	14
51548	51549	110
51548	51551	209
51548	51552	496
51548	52158	40
51548	52722	13
51548	53635	25
51548	53815	24
51548	55452	35
51548	56191	21
51548	56224	212
51548	56287	28
51548	56307	276
51548	56861	22
51548	56926	14
51548	56929	20
51548	57392	25
51548	58110	99
51548	58115	43
51548	58507	31
51548	58518	91
51548	58525	38
51548	58526	35
51548	58776	27
51548	59086	29
51548	59088	39
51548	62907	27
51548	64221	15
51548	66486	27
51548	66488	21
51548	66490	30
51548	66527	22
51548	67217	33
51548	68312	70
51548	68396	255
51548	68398	55
51548	68400	301
51548	68401	22
51548	68404	38
51548	68406	25
51548	68410	128
51548	68412	17
51548	68433	62
51548	70746	54
51548	71039	38
51548	71040	34
51548	73198	45
51548	73202	31
51548	73671	24
51548	73970	171
51548	74891	355
51548	74893	53
51548	74897	50
51548	74945	41
51548	74948	41
51548	75383	10
51548	75385	48
51548	75390	64
51548	75394	42
51548	78898	72
51548	82096	27
51548	82282	24
51548	82677	24
51548	83285	44
51548	83287	44
51548	83291	57
51548	83294	67
51548	85055	24
51548	85221	49
51548	86019	47
51548	86312	48
51548	86855	58
51548	88020	31
51548	91205	114
51548	92315	38
51548	93730	18
51548	93869	131
51548	96117	27
51548	96322	24
51548	98159	32
51548	99310	142
51548	99311	32
51548	99313	105
51548	99314	35
51548	100323	221
51548	100324	41
51548	100570	18
51548	100572	17
51548	104118	24
51548	104803	40
51548	105743	86
51548	109109	26
51548	109111	21
51548	109905	25
51548	110357	315
51548	110359	58
51548	110825	29
51548	111412	42
51548	114069	57
51548	114358	16
51548	115032	30
51548	116330	152
51548	116655	49
51548	117232	55
51548	117235	57
51548	118646	19
51548	119089	22
51548	120433	35
51548	121313	19
51548	122612	26
51548	123253	19
51548	123507	7
51548	123932	31
51548	124212	18
51548	125126	25
51548	125582	66
51548	125584	77
51548	126526	51
51548	126533	31
51548	126556	24
51548	126613	118
51548	126614	20
51548	126618	48
51548	126621	197
51548	126742	26
51548	128004	19
51548	128011	41
51548	128033	24
51548	128035	19
51548	128036	14
51548	128048	33
51548	128066	65
51548	128071	82
51548	128074	22
51548	128084	18
51548	128087	32
51548	128115	66
51548	128239	31
51548	128241	22
51548	128751	115
51548	128797	841
51548	128804	466
51548	128805	40
51548	128807	259
51548	128810	28
51548	128817	176
51548	128832	23
51548	130689	29
51548	131373	32
51548	132293	33
51548	133004	22
51548	133030	44
51548	133655	30
51548	133832	144
51548	133861	47
51548	134851	41
51548	135501	21
51548	135730	38
51548	136540	32
51548	136689	44
51548	136690	24
51548	138406	52
51548	138619	39
51548	139192	25
51548	139959	20
51548	140876	27
51548	141840	20
51548	142560	21
51548	144271	16
51548	145508	42
51548	146643	49
51548	146644	23
51548	147535	35
51548	148313	60
51548	149762	23
51548	149772	16
51548	149773	14
51548	152096	72
51548	152099	50
51548	152101	56
51548	154993	42
51548	155002	53
51548	155061	25
51548	157133	166
51548	157217	80
51548	159998	78
51548	160378	29
51548	160536	28
51548	160539	32
51548	160542	30
51548	160545	31
51548	160546	17
51548	160547	37
51548	160554	21
51548	160555	93
51548	161120	15
51548	162733	32
51548	163362	22
51548	164208	22
51548	164734	24
51548	164737	74
51548	165553	47
51548	165677	16
51548	165684	29
51548	165889	72
51548	166074	18
51548	166580	70
51548	167326	20
51548	169119	38
51548	170847	88
51548	170849	86
51548	170851	178
51548	170855	21
51548	170860	18
51548	171579	19
51548	172127	51
51548	172284	29
51548	173192	31
51548	173204	20
51548	173695	41
51548	174543	199
51548	174544	47
51548	177141	97
51548	177932	52
51548	178199	36
51548	178463	39
51548	179773	20
51548	180155	22
51548	180697	33
51548	182781	23
51548	182898	20
51548	183217	53
51549	51551	62
51549	51552	126
51549	52158	17
51549	53635	10
51549	53815	5
51549	55452	6
51549	56191	5
51549	56224	31
51549	56287	8
51549	56307	79
51549	56861	4
51549	56926	4
51549	56929	9
51549	57392	6
51549	58110	24
51549	58115	6
51549	58507	13
51549	58518	28
51549	58525	11
51549	58526	9
51549	58776	6
51549	59086	12
51549	59088	13
51549	62907	5
51549	64221	9
51549	66486	15
51549	66488	9
51549	66490	13
51549	66527	2
51549	67217	14
51549	68312	21
51549	68396	68
51549	68398	20
51549	68400	77
51549	68401	7
51549	68404	12
51549	68406	9
51549	68410	34
51549	68412	4
51549	68433	13
51549	70746	26
51549	71039	14
51549	71040	6
51549	73198	14
51549	73202	10
51549	73671	6
51549	73970	48
51549	74891	72
51549	74893	18
51549	74897	14
51549	74945	6
51549	74948	11
51549	75383	10
51549	75385	22
51549	75390	12
51549	75394	16
51549	78898	20
51549	82096	6
51549	82282	8
51549	82677	6
51549	83285	19
51549	83287	18
51549	83291	10
51549	83294	18
51549	85055	8
51549	85221	6
51549	86019	4
51549	86312	3
51549	86855	10
51549	88020	6
51549	91205	16
51549	92315	11
51549	93730	11
51549	93869	24
51549	96117	6
51549	96322	3
51549	98159	14
51549	99310	33
51549	99311	12
51549	99313	19
51549	99314	14
51549	100323	66
51549	100324	22
51549	100570	10
51549	100572	9
51549	104118	5
51549	104803	11
51549	105743	29
51549	109109	10
51549	109111	6
51549	109905	6
51549	110357	59
51549	110359	18
51549	110825	7
51549	111412	8
51549	114069	11
51549	114358	5
51549	115032	8
51549	116330	31
51549	116655	9
51549	117232	12
51549	117235	18
51549	118646	11
51549	119089	7
51549	120433	9
51549	121313	3
51549	122612	5
51549	123253	6
51549	123507	3
51549	123932	13
51549	124212	8
51549	125126	7
51549	125582	11
51549	125584	13
51549	126526	17
51549	126533	12
51549	126556	7
51549	126613	28
51549	126614	9
51549	126618	20
51549	126621	58
51549	126742	4
51549	128004	6
51549	128011	17
51549	128033	1
51549	128035	5
51549	128036	4
51549	128048	12
51549	128066	25
51549	128071	20
51549	128074	6
51549	128084	5
51549	128087	7
51549	128115	16
51549	128239	6
51549	128241	6
51549	128751	36
51549	128797	210
51549	128804	127
51549	128805	20
51549	128807	60
51549	128810	8
51549	128817	29
51549	128832	6
51549	130689	4
51549	131373	17
51549	132293	8
51549	133004	14
51549	133030	6
51549	133655	3
51549	133832	26
51549	133861	11
51549	134851	15
51549	135501	6
51549	135730	11
51549	136540	4
51549	136689	11
51549	136690	3
51549	138406	8
51549	138619	16
51549	139192	8
51549	139959	7
51549	140876	12
51549	141840	2
51549	142560	3
51549	144271	5
51549	145508	11
51549	146643	17
51549	146644	7
51549	147535	7
51549	148313	12
51549	149762	2
51549	149772	4
51549	152096	10
51549	152099	12
51549	152101	17
51549	154993	25
51549	155002	21
51549	155061	8
51549	157133	33
51549	157217	15
51549	159998	23
51549	160378	10
51549	160536	9
51549	160539	9
51549	160542	9
51549	160545	12
51549	160546	6
51549	160547	7
51549	160554	9
51549	160555	31
51549	161120	1
51549	162733	12
51549	163362	6
51549	164208	3
51549	164734	5
51549	164737	13
51549	165553	7
51549	165677	8
51549	165684	4
51549	165889	13
51549	166074	3
51549	166580	17
51549	167326	3
51549	169119	5
51549	170847	23
51549	170849	15
51549	170851	42
51549	170855	4
51549	170860	2
51549	171579	6
51549	172127	9
51549	172284	7
51549	173192	13
51549	173204	5
51549	173695	19
51549	174543	53
51549	174544	12
51549	177141	21
51549	177932	13
51549	178199	5
51549	178463	5
51549	179773	15
51549	180155	7
51549	180697	9
51549	182781	10
51549	182898	1
51549	183217	12
51551	51552	314
51551	52158	22
51551	52722	7
51551	53635	6
51551	53815	12
51551	55452	14
51551	56191	17
51551	56224	90
51551	56287	28
51551	56307	156
51551	56861	16
51551	56926	17
51551	56929	30
51551	57392	13
51551	58110	78
51551	58115	18
51551	58507	21
51551	58518	48
51551	58525	21
51551	58526	14
51551	58776	7
51551	59086	10
51551	59088	15
51551	62907	17
51551	64221	17
51551	66486	23
51551	66488	5
51551	66490	17
51551	66527	11
51551	67217	10
51551	68312	41
51551	68396	116
51551	68398	12
51551	68400	144
51551	68401	12
51551	68404	14
51551	68406	15
51551	68410	63
51551	68412	16
51551	68433	28
51551	70746	31
51551	71039	18
51551	71040	16
51551	73198	28
51551	73202	22
51551	73671	2
51551	73970	111
51551	74891	262
51551	74893	41
51551	74897	36
51551	74945	16
51551	74948	25
51551	75383	6
51551	75385	18
51551	75390	49
51551	75394	17
51551	78898	48
51551	82096	19
51551	82282	9
51551	82677	22
51551	83285	25
51551	83287	28
51551	83291	53
51551	83294	32
51551	85055	18
51551	85221	14
51551	86019	27
51551	86312	39
51551	86855	29
51551	88020	17
51551	91205	92
51551	92315	24
51551	93730	13
51551	93869	72
51551	96117	14
51551	96322	11
51551	98159	9
51551	99310	76
51551	99311	9
51551	99313	68
51551	99314	34
51551	100323	137
51551	100324	24
51551	100570	13
51551	100572	9
51551	104118	18
51551	104803	18
51551	105743	36
51551	109109	13
51551	109111	15
51551	109905	10
51551	110357	215
51551	110359	35
51551	110825	9
51551	111412	12
51551	114069	34
51551	114358	30
51551	115032	17
51551	116330	124
51551	116655	15
51551	117232	29
51551	117235	31
51551	118646	5
51551	119089	15
51551	120433	12
51551	121313	17
51551	122612	19
51551	123253	7
51551	123507	16
51551	123932	43
51551	124212	17
51551	125126	16
51551	125582	44
51551	125584	50
51551	126526	36
51551	126533	21
51551	126556	20
51551	126613	86
51551	126614	17
51551	126618	24
51551	126621	163
51551	126742	17
51551	128004	10
51551	128011	27
51551	128033	16
51551	128035	18
51551	128036	16
51551	128048	29
51551	128066	45
51551	128071	50
51551	128074	22
51551	128084	22
51551	128087	20
51551	128115	48
51551	128239	28
51551	128241	16
51551	128751	64
51551	128797	503
51551	128804	323
51551	128805	33
51551	128807	192
51551	128810	12
51551	128817	112
51551	128832	14
51551	130689	14
51551	131373	3
51551	132293	10
51551	133004	13
51551	133030	18
51551	133655	16
51551	133832	135
51551	133861	29
51551	134851	28
51551	135501	16
51551	135730	25
51551	136540	10
51551	136689	27
51551	136690	15
51551	138406	35
51551	138619	18
51551	139192	14
51551	139959	20
51551	140876	13
51551	141840	21
51551	142560	9
51551	144271	13
51551	145508	40
51551	146643	22
51551	146644	6
51551	147535	18
51551	148313	53
51551	149762	11
51551	149772	14
51551	149773	9
51551	152096	55
51551	152099	27
51551	152101	27
51551	154993	27
51551	155002	28
51551	155061	11
51551	157133	91
51551	157217	62
51551	159998	52
51551	160378	14
51551	160536	14
51551	160539	25
51551	160542	10
51551	160545	31
51551	160546	10
51551	160547	24
51551	160554	10
51551	160555	57
51551	161120	12
51551	162733	18
51551	163362	19
51551	164208	15
51551	164734	23
51551	164737	26
51551	165553	20
51551	165677	13
51551	165684	18
51551	165889	67
51551	166074	20
51551	166580	53
51551	167326	12
51551	169119	23
51551	170847	86
51551	170849	82
51551	170851	174
51551	170855	38
51551	170860	12
51551	171579	8
51551	172127	28
51551	172284	21
51551	173192	28
51551	173204	23
51551	173695	24
51551	174543	118
51551	174544	20
51551	177141	69
51551	177932	28
51551	178199	20
51551	178463	18
51551	179773	11
51551	180155	13
51551	180697	23
51551	182781	12
51551	182898	8
51551	183217	39
51552	52158	59
51552	52722	19
51552	53635	16
51552	53815	40
51552	55452	53
51552	56191	30
51552	56224	287
51552	56287	53
51552	56307	372
51552	56861	25
51552	56926	17
51552	56929	23
51552	57392	40
51552	58110	198
51552	58115	40
51552	58507	41
51552	58518	118
51552	58525	48
51552	58526	38
51552	58776	27
51552	59086	18
51552	59088	19
51552	62907	32
51552	64221	23
51552	66486	45
51552	66488	31
51552	66490	46
51552	66527	45
51552	67217	26
51552	68312	100
51552	68396	261
51552	68398	46
51552	68400	315
51552	68401	34
51552	68404	51
51552	68406	32
51552	68410	128
51552	68412	25
51552	68433	61
51552	70746	81
51552	71039	27
51552	71040	23
51552	73198	58
51552	73202	35
51552	73671	28
51552	73970	257
51552	74891	553
51552	74893	55
51552	74897	70
51552	74945	56
51552	74948	64
51552	75383	19
51552	75385	62
51552	75390	93
51552	75394	44
51552	78898	106
51552	82096	36
51552	82282	47
51552	82677	26
51552	83285	61
51552	83287	64
51552	83291	65
51552	83294	72
51552	85055	46
51552	85221	50
51552	86019	60
51552	86312	95
51552	86855	41
51552	88020	52
51552	91205	197
51552	92315	73
51552	93730	36
51552	93869	145
51552	96117	36
51552	96322	26
51552	98159	16
51552	99310	183
51552	99311	32
51552	99313	173
51552	99314	77
51552	100323	313
51552	100324	44
51552	100570	34
51552	100572	20
51552	104118	27
51552	104803	53
51552	105743	68
51552	109109	33
51552	109111	25
51552	109905	31
51552	110357	634
51552	110359	58
51552	110825	19
51552	111412	24
51552	114069	96
51552	114358	37
51552	115032	48
51552	116330	293
51552	116655	85
51552	117232	73
51552	117235	56
51552	118646	16
51552	119089	40
51552	120433	34
51552	121313	34
51552	122612	45
51552	123253	36
51552	123507	23
51552	123932	61
51552	124212	37
51552	125126	45
51552	125582	87
51552	125584	95
51552	126526	62
51552	126533	49
51552	126556	35
51552	126613	158
51552	126614	32
51552	126618	48
51552	126621	385
51552	126742	37
51552	128004	34
51552	128011	67
51552	128033	33
51552	128035	20
51552	128036	22
51552	128048	44
51552	128066	96
51552	128071	148
51552	128074	30
51552	128084	39
51552	128087	41
51552	128115	115
51552	128239	35
51552	128241	21
51552	128751	215
51552	128797	1428
51552	128804	850
51552	128805	74
51552	128807	408
51552	128810	34
51552	128817	321
51552	128832	44
51552	130689	35
51552	131373	13
51552	132293	44
51552	133004	32
51552	133030	61
51552	133655	47
51552	133832	291
51552	133861	61
51552	134851	40
51552	135501	35
51552	135730	42
51552	136540	33
51552	136689	58
51552	136690	29
51552	138406	44
51552	138619	36
51552	139192	33
51552	139959	43
51552	140876	53
51552	141840	22
51552	142560	31
51552	144271	25
51552	145508	72
51552	146643	48
51552	146644	22
51552	147535	41
51552	148313	116
51552	149762	26
51552	149772	24
51552	149773	27
51552	152096	116
51552	152099	64
51552	152101	70
51552	154993	63
51552	155002	66
51552	155061	19
51552	157133	236
51552	157217	133
51552	159998	105
51552	160378	32
51552	160536	33
51552	160539	26
51552	160542	24
51552	160545	43
51552	160546	24
51552	160547	50
51552	160554	22
51552	160555	75
51552	161120	12
51552	162733	38
51552	163362	43
51552	164208	35
51552	164734	29
51552	164737	61
51552	165553	65
51552	165677	35
51552	165684	47
51552	165889	97
51552	166074	38
51552	166580	106
51552	167326	28
51552	169119	60
51552	170847	156
51552	170849	187
51552	170851	366
51552	170855	54
51552	170860	29
51552	171579	33
51552	172127	48
51552	172284	42
51552	173192	58
51552	173204	41
51552	173695	63
51552	174543	302
51552	174544	39
51552	177141	173
51552	177932	96
51552	178199	31
51552	178463	59
51552	179773	23
51552	180155	29
51552	180697	48
51552	182781	28
51552	182898	21
51552	183217	51
52158	52722	1
52158	53635	4
52158	53815	2
52158	56191	5
52158	56224	15
52158	56287	1
52158	56307	71
52158	56861	3
52158	56926	2
52158	56929	1
52158	57392	6
52158	58110	9
52158	58115	1
52158	58507	3
52158	58518	12
52158	58525	7
52158	58526	4
52158	58776	2
52158	59086	8
52158	59088	4
52158	64221	5
52158	66486	26
52158	66488	8
52158	66490	8
52158	66527	1
52158	67217	5
52158	68312	6
52158	68396	62
52158	68398	14
52158	68400	59
52158	68401	27
52158	68404	19
52158	68406	10
52158	68410	13
52158	68412	1
52158	68433	7
52158	70746	14
52158	71039	7
52158	71040	4
52158	73198	7
52158	73202	1
52158	73671	1
52158	73970	60
52158	74891	47
52158	74893	9
52158	74897	7
52158	74945	1
52158	74948	4
52158	75383	15
52158	75385	27
52158	75390	18
52158	75394	11
52158	78898	15
52158	82096	2
52158	82282	13
52158	82677	2
52158	83285	8
52158	83287	15
52158	83291	3
52158	83294	9
52158	85055	9
52158	85221	6
52158	86019	3
52158	86312	4
52158	86855	2
52158	88020	2
52158	91205	6
52158	92315	12
52158	93730	4
52158	93869	8
52158	96117	1
52158	96322	8
52158	98159	2
52158	99310	21
52158	99311	6
52158	99313	6
52158	99314	6
52158	100323	36
52158	100324	8
52158	100570	23
52158	100572	6
52158	104803	16
52158	105743	17
52158	109109	8
52158	109111	6
52158	109905	1
52158	110357	30
52158	110359	1
52158	110825	2
52158	114069	4
52158	115032	1
52158	116330	9
52158	116655	6
52158	117232	7
52158	117235	8
52158	118646	4
52158	119089	3
52158	120433	2
52158	121313	3
52158	122612	1
52158	123253	9
52158	125126	14
52158	125582	5
52158	125584	3
52158	126526	21
52158	126533	16
52158	126556	1
52158	126613	19
52158	126614	9
52158	126618	7
52158	126621	52
52158	126742	5
52158	128004	8
52158	128011	5
52158	128033	9
52158	128035	4
52158	128036	7
52158	128048	8
52158	128066	13
52158	128071	9
52158	128074	3
52158	128087	1
52158	128115	10
52158	128239	1
52158	128241	1
52158	128751	23
52158	128797	121
52158	128804	68
52158	128805	7
52158	128807	33
52158	128810	5
52158	128817	14
52158	128832	2
52158	130689	2
52158	131373	8
52158	132293	7
52158	133004	4
52158	133030	5
52158	133655	1
52158	133832	10
52158	133861	7
52158	134851	3
52158	135501	13
52158	135730	10
52158	136540	1
52158	136689	3
52158	136690	3
52158	138406	6
52158	138619	2
52158	139192	5
52158	139959	4
52158	140876	5
52158	142560	3
52158	144271	2
52158	145508	3
52158	146643	21
52158	146644	6
52158	148313	9
52158	149762	2
52158	149772	1
52158	149773	3
52158	152096	8
52158	152099	6
52158	152101	6
52158	154993	18
52158	155002	23
52158	155061	2
52158	157133	23
52158	157217	7
52158	159998	21
52158	160378	10
52158	160536	10
52158	160539	6
52158	160542	8
52158	160545	7
52158	160546	4
52158	160547	6
52158	160554	2
52158	160555	14
52158	161120	1
52158	162733	11
52158	163362	2
52158	164208	2
52158	164734	3
52158	164737	4
52158	165553	9
52158	165677	2
52158	165684	1
52158	165889	13
52158	166074	1
52158	166580	8
52158	167326	2
52158	169119	5
52158	170847	8
52158	170849	8
52158	170851	19
52158	170855	2
52158	170860	1
52158	171579	2
52158	172127	5
52158	172284	3
52158	173192	2
52158	173204	2
52158	173695	13
52158	174543	45
52158	174544	4
52158	177141	12
52158	177932	9
52158	178199	3
52158	178463	3
52158	179773	29
52158	180155	1
52158	180697	4
52158	182781	2
52158	182898	3
52158	183217	4
52722	53815	2
52722	55452	4
52722	56224	41
52722	56287	5
52722	56307	7
52722	57392	1
52722	58110	1
52722	58115	2
52722	58507	2
52722	58518	4
52722	58525	1
52722	58526	2
52722	59088	1
52722	62907	2
52722	66490	1
52722	68396	5
52722	68398	1
52722	68400	4
52722	68401	1
52722	68410	3
52722	68412	4
52722	68433	4
52722	70746	1
52722	71040	1
52722	73198	1
52722	73202	3
52722	73671	5
52722	73970	4
52722	74891	28
52722	74893	1
52722	74897	1
52722	74945	5
52722	75390	3
52722	78898	3
52722	82096	1
52722	82677	2
52722	83285	1
52722	83287	1
52722	83291	2
52722	83294	2
52722	85055	1
52722	85221	2
52722	86019	11
52722	86312	6
52722	86855	1
52722	88020	3
52722	91205	2
52722	93869	10
52722	96117	1
52722	96322	2
52722	99310	5
52722	99313	5
52722	100323	10
52722	100570	1
52722	100572	1
52722	104803	1
52722	105743	1
52722	109109	1
52722	109111	1
52722	109905	1
52722	110357	22
52722	110359	1
52722	111412	1
52722	114069	4
52722	114358	1
52722	115032	1
52722	116330	24
52722	116655	2
52722	117232	5
52722	117235	5
52722	121313	2
52722	122612	13
52722	123253	1
52722	123507	15
52722	123932	24
52722	124212	1
52722	125582	2
52722	125584	5
52722	126526	1
52722	126556	2
52722	126613	8
52722	126621	7
52722	126742	3
52722	128004	3
52722	128011	4
52722	128033	6
52722	128036	2
52722	128048	1
52722	128066	12
52722	128071	31
52722	128074	3
52722	128084	7
52722	128087	5
52722	128115	16
52722	128239	2
52722	128751	7
52722	128797	54
52722	128804	24
52722	128807	6
52722	128810	1
52722	128817	15
52722	128832	3
52722	130689	2
52722	132293	2
52722	133004	1
52722	133030	1
52722	133655	2
52722	133832	17
52722	133861	1
52722	134851	1
52722	135501	1
52722	135730	1
52722	136690	1
52722	138406	2
52722	139959	1
52722	140876	1
52722	141840	1
52722	144271	4
52722	145508	2
52722	147535	1
52722	148313	5
52722	149772	6
52722	149773	2
52722	152096	25
52722	152099	2
52722	152101	8
52722	154993	2
52722	155002	2
52722	157133	8
52722	157217	4
52722	159998	3
52722	160378	1
52722	160536	1
52722	160539	1
52722	160542	2
52722	160546	1
52722	160547	5
52722	161120	3
52722	164208	5
52722	164734	1
52722	164737	2
52722	165677	2
52722	165684	4
52722	165889	4
52722	166074	2
52722	166580	4
52722	167326	1
52722	169119	2
52722	170847	12
52722	170849	9
52722	170851	29
52722	170855	6
52722	170860	4
52722	171579	2
52722	172127	3
52722	172284	1
52722	173192	1
52722	173204	5
52722	173695	1
52722	174543	3
52722	174544	2
52722	177932	1
52722	178199	5
52722	180155	2
52722	182898	2
52722	183217	7
53635	53815	2
53635	55452	4
53635	56224	14
53635	56287	1
53635	56307	15
53635	56929	2
53635	57392	2
53635	58110	2
53635	58115	1
53635	58507	2
53635	58518	1
53635	58525	3
53635	58526	5
53635	58776	4
53635	59086	1
53635	59088	6
53635	64221	1
53635	66486	1
53635	66488	2
53635	66490	2
53635	66527	1
53635	67217	5
53635	68312	6
53635	68396	13
53635	68398	9
53635	68400	12
53635	68401	3
53635	68404	1
53635	68410	3
53635	68433	1
53635	70746	3
53635	71039	7
53635	71040	6
53635	73198	1
53635	73202	1
53635	73671	2
53635	73970	7
53635	74891	14
53635	74893	2
53635	74897	4
53635	74945	3
53635	74948	2
53635	75383	1
53635	75385	4
53635	75390	7
53635	75394	2
53635	78898	3
53635	82282	1
53635	83285	2
53635	83294	6
53635	85055	1
53635	85221	3
53635	86019	2
53635	86312	3
53635	86855	2
53635	88020	1
53635	91205	7
53635	92315	1
53635	93730	3
53635	93869	10
53635	96117	1
53635	96322	5
53635	98159	15
53635	99310	7
53635	99311	6
53635	99313	3
53635	99314	6
53635	100323	14
53635	100324	2
53635	100570	1
53635	104118	3
53635	104803	3
53635	105743	8
53635	109109	2
53635	109111	1
53635	109905	2
53635	110357	12
53635	110359	3
53635	110825	18
53635	111412	3
53635	114069	4
53635	114358	2
53635	115032	1
53635	116330	3
53635	116655	3
53635	117232	6
53635	117235	10
53635	118646	2
53635	120433	3
53635	121313	1
53635	122612	1
53635	123253	3
53635	125582	2
53635	125584	3
53635	126526	4
53635	126533	2
53635	126556	1
53635	126613	9
53635	126614	2
53635	126618	2
53635	126621	6
53635	126742	2
53635	128011	3
53635	128033	1
53635	128048	1
53635	128066	1
53635	128071	4
53635	128087	3
53635	128115	4
53635	128239	1
53635	128751	6
53635	128797	26
53635	128804	19
53635	128805	1
53635	128807	10
53635	128810	1
53635	128817	5
53635	130689	1
53635	131373	7
53635	132293	1
53635	133030	1
53635	133655	2
53635	133832	7
53635	134851	2
53635	135501	1
53635	135730	2
53635	136540	1
53635	136689	3
53635	136690	3
53635	138406	2
53635	138619	3
53635	139192	2
53635	139959	1
53635	140876	2
53635	142560	2
53635	144271	1
53635	145508	1
53635	146643	3
53635	147535	8
53635	148313	2
53635	149772	1
53635	152096	2
53635	152099	1
53635	154993	3
53635	155002	1
53635	155061	3
53635	157133	9
53635	159998	3
53635	160536	1
53635	160539	1
53635	160542	1
53635	160554	2
53635	160555	9
53635	161120	1
53635	162733	2
53635	163362	2
53635	164208	2
53635	164734	5
53635	164737	4
53635	165553	3
53635	165677	6
53635	165684	2
53635	165889	6
53635	166074	1
53635	166580	3
53635	167326	4
53635	169119	2
53635	170847	4
53635	170849	5
53635	170851	4
53635	170860	1
53635	171579	1
53635	172127	1
53635	172284	1
53635	173192	2
53635	173695	5
53635	174543	11
53635	174544	5
53635	177141	4
53635	178463	3
53635	179773	5
53635	180697	5
53635	182781	4
53635	182898	3
53635	183217	6
53815	55452	9
53815	56224	52
53815	56287	6
53815	56307	10
53815	56861	1
53815	56929	4
53815	57392	2
53815	58110	7
53815	58115	6
53815	58507	4
53815	58518	2
53815	58525	2
53815	58526	2
53815	59086	1
53815	59088	2
53815	66486	1
53815	66490	3
53815	66527	2
53815	67217	1
53815	68312	4
53815	68396	3
53815	68398	3
53815	68400	5
53815	68404	3
53815	68410	4
53815	68412	2
53815	68433	3
53815	70746	2
53815	71039	5
53815	71040	6
53815	73198	3
53815	73202	1
53815	73671	5
53815	73970	5
53815	74891	10
53815	74893	5
53815	74897	3
53815	74945	6
53815	74948	2
53815	75385	2
53815	75390	9
53815	75394	3
53815	78898	2
53815	82096	1
53815	82282	1
53815	83285	1
53815	83291	4
53815	83294	3
53815	85055	1
53815	85221	6
53815	86019	6
53815	86312	10
53815	86855	1
53815	88020	1
53815	91205	15
53815	92315	1
53815	93730	1
53815	93869	12
53815	96117	2
53815	96322	2
53815	98159	3
53815	99310	7
53815	99311	1
53815	99313	12
53815	99314	7
53815	100323	10
53815	100324	3
53815	100570	2
53815	104118	1
53815	104803	3
53815	105743	3
53815	109905	2
53815	110357	30
53815	110359	4
53815	110825	4
53815	111412	2
53815	114069	2
53815	114358	1
53815	115032	1
53815	116330	20
53815	116655	2
53815	117232	7
53815	117235	11
53815	119089	1
53815	121313	3
53815	123253	2
53815	123507	4
53815	123932	3
53815	125126	1
53815	125582	10
53815	125584	4
53815	126526	2
53815	126556	1
53815	126613	7
53815	126614	3
53815	126618	3
53815	126621	14
53815	126742	5
53815	128004	1
53815	128036	2
53815	128048	1
53815	128066	3
53815	128071	14
53815	128084	2
53815	128087	4
53815	128115	13
53815	128241	1
53815	128751	1
53815	128797	57
53815	128804	33
53815	128805	1
53815	128807	8
53815	128810	1
53815	128817	28
53815	128832	1
53815	130689	3
53815	132293	1
53815	133004	2
53815	133030	5
53815	133655	2
53815	133832	12
53815	133861	3
53815	134851	1
53815	135501	1
53815	135730	2
53815	136540	1
53815	136689	1
53815	136690	1
53815	138406	4
53815	139959	4
53815	140876	2
53815	142560	1
53815	145508	5
53815	146643	1
53815	147535	2
53815	148313	3
53815	149762	3
53815	149772	4
53815	149773	3
53815	152096	8
53815	152099	1
53815	152101	2
53815	154993	4
53815	155002	5
53815	155061	1
53815	157133	13
53815	157217	5
53815	159998	2
53815	160378	1
53815	160536	1
53815	160539	1
53815	160542	1
53815	160545	1
53815	160546	5
53815	160547	2
53815	160554	2
53815	160555	5
53815	161120	2
53815	162733	3
53815	164208	5
53815	164734	4
53815	164737	4
53815	165553	4
53815	165677	4
53815	165684	22
53815	165889	2
53815	166074	1
53815	166580	2
53815	167326	3
53815	169119	4
53815	170847	8
53815	170849	11
53815	170851	17
53815	170855	2
53815	170860	4
53815	171579	5
53815	172127	2
53815	172284	2
53815	173192	3
53815	173204	2
53815	174543	11
53815	174544	1
53815	177141	6
53815	177932	3
53815	178199	6
53815	178463	2
53815	180155	1
53815	180697	9
53815	182781	1
53815	182898	3
53815	183217	4
55452	56191	1
55452	56224	45
55452	56287	4
55452	56307	15
55452	56861	2
55452	56929	1
55452	57392	5
55452	58110	15
55452	58115	5
55452	58507	2
55452	58518	1
55452	58525	2
55452	58526	3
55452	59088	2
55452	62907	2
55452	64221	1
55452	66486	2
55452	66488	1
55452	66490	2
55452	66527	4
55452	67217	1
55452	68312	5
55452	68396	7
55452	68398	2
55452	68400	11
55452	68401	2
55452	68404	5
55452	68406	2
55452	68410	12
55452	68412	5
55452	68433	7
55452	70746	3
55452	71039	2
55452	71040	4
55452	73198	2
55452	73202	1
55452	73671	7
55452	73970	13
55452	74891	15
55452	74893	4
55452	74897	6
55452	74945	6
55452	74948	7
55452	75383	2
55452	75385	1
55452	75390	17
55452	75394	1
55452	78898	8
55452	82096	5
55452	82282	2
55452	83285	3
55452	83287	1
55452	83291	6
55452	83294	5
55452	85055	2
55452	85221	8
55452	86019	10
55452	86312	12
55452	86855	3
55452	88020	1
55452	91205	16
55452	92315	2
55452	93730	4
55452	93869	20
55452	96117	3
55452	96322	5
55452	98159	4
55452	99310	20
55452	99311	1
55452	99313	17
55452	99314	9
55452	100323	17
55452	100324	3
55452	100570	2
55452	104118	1
55452	104803	2
55452	105743	5
55452	109905	3
55452	110357	42
55452	110359	2
55452	110825	2
55452	111412	1
55452	114069	8
55452	114358	3
55452	116330	36
55452	116655	4
55452	117232	10
55452	117235	5
55452	118646	1
55452	120433	5
55452	121313	5
55452	122612	6
55452	123932	14
55452	124212	3
55452	125126	1
55452	125582	4
55452	125584	2
55452	126526	1
55452	126556	5
55452	126613	5
55452	126618	4
55452	126621	15
55452	126742	4
55452	128004	3
55452	128033	2
55452	128036	2
55452	128048	3
55452	128066	4
55452	128071	12
55452	128074	2
55452	128084	2
55452	128087	3
55452	128115	8
55452	128239	3
55452	128241	8
55452	128751	11
55452	128797	86
55452	128804	42
55452	128805	2
55452	128807	15
55452	128817	43
55452	128832	3
55452	130689	4
55452	132293	3
55452	133004	3
55452	133030	2
55452	133655	6
55452	133832	17
55452	133861	4
55452	134851	1
55452	135501	1
55452	135730	4
55452	136540	3
55452	136689	1
55452	138406	8
55452	138619	1
55452	139959	2
55452	140876	1
55452	141840	2
55452	142560	1
55452	144271	1
55452	145508	9
55452	146643	1
55452	146644	1
55452	147535	3
55452	148313	4
55452	149762	5
55452	149772	8
55452	149773	6
55452	152096	11
55452	152099	1
55452	152101	9
55452	154993	2
55452	155002	2
55452	157133	8
55452	157217	7
55452	159998	5
55452	160378	2
55452	160536	2
55452	160539	5
55452	160542	2
55452	160545	1
55452	160546	1
55452	160547	1
55452	160554	2
55452	160555	4
55452	161120	2
55452	162733	1
55452	163362	2
55452	164208	7
55452	164734	3
55452	164737	18
55452	165553	7
55452	165677	2
55452	165684	9
55452	165889	4
55452	166074	6
55452	166580	7
55452	167326	3
55452	169119	1
55452	170847	11
55452	170849	13
55452	170851	32
55452	170855	8
55452	170860	6
55452	171579	3
55452	172127	1
55452	172284	6
55452	173192	2
55452	173204	5
55452	173695	1
55452	174543	17
55452	174544	4
55452	177141	14
55452	177932	5
55452	178199	5
55452	178463	1
55452	180155	6
55452	180697	5
55452	182781	1
55452	182898	6
55452	183217	8
56191	56224	4
56191	56307	24
56191	56926	6
56191	56929	4
56191	57392	1
56191	58110	5
56191	58115	1
56191	58507	1
56191	58518	7
56191	58525	2
56191	58776	2
56191	59086	1
56191	59088	2
56191	62907	2
56191	64221	4
56191	66486	1
56191	66488	5
56191	66490	3
56191	66527	2
56191	67217	2
56191	68312	1
56191	68396	12
56191	68400	27
56191	68401	2
56191	68404	1
56191	68406	2
56191	68410	4
56191	68412	1
56191	68433	1
56191	70746	6
56191	73198	10
56191	73970	15
56191	74891	41
56191	74893	9
56191	74897	3
56191	74948	1
56191	75383	2
56191	75385	4
56191	75390	2
56191	75394	2
56191	78898	6
56191	82282	5
56191	82677	5
56191	83285	4
56191	83287	6
56191	83291	5
56191	83294	2
56191	85221	2
56191	86855	5
56191	88020	1
56191	91205	3
56191	92315	1
56191	93869	5
56191	96322	1
56191	99310	13
56191	99311	1
56191	99313	3
56191	99314	1
56191	100323	17
56191	100324	2
56191	100570	1
56191	100572	1
56191	104118	3
56191	104803	3
56191	105743	5
56191	110357	9
56191	110359	1
56191	111412	1
56191	114069	2
56191	114358	1
56191	116330	4
56191	116655	2
56191	120433	1
56191	121313	1
56191	122612	1
56191	123253	2
56191	123932	2
56191	124212	5
56191	125126	5
56191	125582	1
56191	125584	3
56191	126526	1
56191	126533	4
56191	126556	5
56191	126613	9
56191	126614	3
56191	126618	4
56191	126621	25
56191	126742	1
56191	128004	1
56191	128011	1
56191	128033	3
56191	128035	10
56191	128036	2
56191	128048	8
56191	128066	8
56191	128071	5
56191	128074	4
56191	128084	2
56191	128115	3
56191	128239	7
56191	128241	1
56191	128751	8
56191	128797	63
56191	128804	40
56191	128805	8
56191	128807	12
56191	128817	8
56191	128832	1
56191	131373	2
56191	132293	4
56191	133030	2
56191	133655	1
56191	133832	7
56191	133861	1
56191	134851	3
56191	135501	5
56191	135730	7
56191	139192	3
56191	139959	2
56191	140876	2
56191	141840	9
56191	142560	3
56191	144271	1
56191	145508	2
56191	146643	4
56191	146644	1
56191	148313	2
56191	149762	2
56191	152096	4
56191	152099	3
56191	152101	7
56191	154993	4
56191	155002	1
56191	157133	19
56191	157217	3
56191	159998	6
56191	160378	2
56191	160539	5
56191	160542	3
56191	160545	11
56191	160546	2
56191	160547	3
56191	160554	1
56191	160555	4
56191	162733	1
56191	163362	2
56191	164737	1
56191	165677	1
56191	165889	7
56191	166074	2
56191	166580	5
56191	169119	2
56191	170847	7
56191	170849	5
56191	170851	10
56191	170855	4
56191	172127	1
56191	172284	5
56191	173192	2
56191	173204	4
56191	173695	1
56191	174543	19
56191	177141	6
56191	177932	1
56191	178199	1
56191	179773	1
56191	180155	3
56191	182781	1
56191	183217	2
56224	56287	36
56224	56307	134
56224	56861	8
56224	56926	3
56224	56929	8
56224	57392	23
56224	58110	58
56224	58115	32
56224	58507	17
56224	58518	17
56224	58525	9
56224	58526	19
56224	58776	10
56224	59086	12
56224	59088	23
56224	62907	16
56224	64221	5
56224	66486	11
56224	66488	9
56224	66490	12
56224	66527	17
56224	67217	15
56224	68312	28
56224	68396	97
56224	68398	24
56224	68400	116
56224	68401	3
56224	68404	14
56224	68406	11
56224	68410	43
56224	68412	16
56224	68433	59
56224	70746	25
56224	71039	37
56224	71040	33
56224	73198	19
56224	73202	12
56224	73671	33
56224	73970	69
56224	74891	135
56224	74893	19
56224	74897	27
56224	74945	64
56224	74948	37
56224	75383	8
56224	75385	15
56224	75390	42
56224	75394	12
56224	78898	27
56224	82096	15
56224	82282	9
56224	82677	10
56224	83285	20
56224	83287	9
56224	83291	27
56224	83294	30
56224	85055	6
56224	85221	49
56224	86019	37
56224	86312	66
56224	86855	19
56224	88020	21
56224	91205	78
56224	92315	29
56224	93730	12
56224	93869	122
56224	96117	16
56224	96322	25
56224	98159	20
56224	99310	89
56224	99311	10
56224	99313	72
56224	99314	57
56224	100323	114
56224	100324	18
56224	100570	9
56224	100572	2
56224	104118	22
56224	104803	21
56224	105743	49
56224	109109	13
56224	109111	4
56224	109905	14
56224	110357	229
56224	110359	22
56224	110825	29
56224	111412	13
56224	114069	46
56224	114358	12
56224	115032	13
56224	116330	181
56224	116655	44
56224	117232	77
56224	117235	71
56224	118646	15
56224	119089	9
56224	120433	22
56224	121313	30
56224	122612	30
56224	123253	14
56224	123507	33
56224	123932	32
56224	124212	19
56224	125126	7
56224	125582	34
56224	125584	39
56224	126526	22
56224	126533	11
56224	126556	9
56224	126613	46
56224	126614	14
56224	126618	21
56224	126621	124
56224	126742	30
56224	128004	16
56224	128011	5
56224	128033	16
56224	128035	4
56224	128036	11
56224	128048	13
56224	128066	31
56224	128071	74
56224	128074	13
56224	128084	16
56224	128087	29
56224	128115	73
56224	128239	16
56224	128241	10
56224	128751	62
56224	128797	561
56224	128804	287
56224	128805	12
56224	128807	102
56224	128810	14
56224	128817	209
56224	128832	29
56224	130689	25
56224	131373	9
56224	132293	10
56224	133004	20
56224	133030	34
56224	133655	41
56224	133832	123
56224	133861	25
56224	134851	5
56224	135501	4
56224	135730	13
56224	136540	21
56224	136689	8
56224	136690	12
56224	138406	29
56224	138619	3
56224	139192	4
56224	139959	16
56224	140876	12
56224	141840	5
56224	142560	18
56224	144271	11
56224	145508	30
56224	146643	12
56224	146644	3
56224	147535	27
56224	148313	54
56224	149762	16
56224	149772	31
56224	149773	28
56224	152096	52
56224	152099	15
56224	152101	32
56224	154993	17
56224	155002	29
56224	155061	16
56224	157133	101
56224	157217	44
56224	159998	35
56224	160378	9
56224	160536	4
56224	160539	8
56224	160542	6
56224	160545	16
56224	160546	13
56224	160547	23
56224	160554	20
56224	160555	60
56224	161120	27
56224	162733	9
56224	163362	5
56224	164208	26
56224	164734	15
56224	164737	54
56224	165553	41
56224	165677	28
56224	165684	73
56224	165889	34
56224	166074	18
56224	166580	31
56224	167326	20
56224	169119	25
56224	170847	70
56224	170849	68
56224	170851	139
56224	170855	23
56224	170860	26
56224	171579	24
56224	172127	14
56224	172284	26
56224	173192	25
56224	173204	18
56224	173695	18
56224	174543	111
56224	174544	23
56224	177141	35
56224	177932	51
56224	178199	18
56224	178463	35
56224	179773	11
56224	180155	23
56224	180697	43
56224	182781	4
56224	182898	34
56224	183217	49
56287	56307	25
56287	56929	2
56287	57392	4
56287	58110	10
56287	58115	3
56287	58507	3
56287	58518	6
56287	58525	2
56287	58526	2
56287	59086	3
56287	59088	3
56287	62907	4
56287	64221	2
56287	66486	3
56287	66490	2
56287	66527	7
56287	67217	4
56287	68312	4
56287	68396	12
56287	68398	4
56287	68400	24
56287	68406	2
56287	68410	8
56287	68433	10
56287	70746	6
56287	71039	3
56287	71040	3
56287	73198	5
56287	73202	3
56287	73671	2
56287	73970	12
56287	74891	47
56287	74893	4
56287	74897	3
56287	74945	4
56287	74948	4
56287	75383	1
56287	75385	7
56287	75390	3
56287	75394	2
56287	78898	3
56287	82096	2
56287	82282	2
56287	82677	2
56287	83285	2
56287	83291	3
56287	83294	2
56287	85055	2
56287	85221	6
56287	86019	5
56287	86312	8
56287	86855	2
56287	88020	6
56287	91205	10
56287	92315	2
56287	93730	2
56287	93869	17
56287	96117	8
56287	96322	1
56287	98159	3
56287	99310	18
56287	99311	1
56287	99313	16
56287	99314	5
56287	100323	17
56287	100324	4
56287	100570	2
56287	104118	4
56287	104803	2
56287	105743	6
56287	109109	1
56287	109111	1
56287	109905	4
56287	110357	43
56287	110359	5
56287	110825	4
56287	111412	4
56287	114069	9
56287	114358	2
56287	115032	10
56287	116330	21
56287	116655	10
56287	117232	11
56287	117235	14
56287	118646	4
56287	120433	2
56287	121313	5
56287	122612	2
56287	123253	2
56287	123507	2
56287	123932	6
56287	124212	2
56287	125126	1
56287	125582	22
56287	125584	17
56287	126526	6
56287	126613	14
56287	126614	6
56287	126618	5
56287	126621	17
56287	126742	9
56287	128004	1
56287	128011	1
56287	128033	1
56287	128035	1
56287	128036	2
56287	128048	3
56287	128066	6
56287	128071	13
56287	128084	1
56287	128087	7
56287	128115	10
56287	128239	2
56287	128241	2
56287	128751	15
56287	128797	87
56287	128804	43
56287	128805	1
56287	128807	16
56287	128810	4
56287	128817	29
56287	128832	5
56287	130689	5
56287	132293	2
56287	133004	1
56287	133030	10
56287	133655	4
56287	133832	26
56287	133861	8
56287	135501	1
56287	135730	1
56287	136540	8
56287	136689	3
56287	136690	2
56287	138406	2
56287	138619	3
56287	139192	1
56287	139959	9
56287	140876	1
56287	141840	1
56287	142560	2
56287	145508	5
56287	146643	2
56287	147535	5
56287	148313	10
56287	149762	1
56287	149772	4
56287	149773	2
56287	152096	14
56287	152099	1
56287	152101	2
56287	154993	7
56287	155002	1
56287	155061	3
56287	157133	21
56287	157217	5
56287	159998	18
56287	160536	3
56287	160542	4
56287	160545	2
56287	160546	1
56287	160547	4
56287	160554	1
56287	160555	11
56287	161120	5
56287	162733	1
56287	163362	9
56287	164208	13
56287	164734	1
56287	164737	2
56287	165553	4
56287	165677	9
56287	165684	9
56287	165889	3
56287	166074	4
56287	166580	5
56287	167326	3
56287	169119	8
56287	170847	11
56287	170849	6
56287	170851	16
56287	170855	3
56287	170860	2
56287	171579	8
56287	172127	1
56287	172284	5
56287	173192	6
56287	173204	2
56287	173695	4
56287	174543	12
56287	174544	2
56287	177141	6
56287	177932	10
56287	178199	2
56287	178463	9
56287	180155	3
56287	180697	8
56287	182781	4
56287	182898	3
56287	183217	6
56307	56861	8
56307	56926	19
56307	56929	16
56307	57392	24
56307	58110	59
56307	58115	16
56307	58507	19
56307	58518	67
56307	58525	21
56307	58526	22
56307	58776	29
56307	59086	30
56307	59088	23
56307	62907	20
56307	64221	16
56307	66486	47
56307	66488	29
56307	66490	31
56307	66527	21
56307	67217	23
56307	68312	42
56307	68396	231
56307	68398	45
56307	68400	231
56307	68401	42
56307	68404	37
56307	68406	28
56307	68410	78
56307	68412	14
56307	68433	39
56307	70746	49
56307	71039	18
56307	71040	13
56307	73198	34
56307	73202	27
56307	73671	10
56307	73970	192
56307	74891	348
56307	74893	49
56307	74897	39
56307	74945	34
56307	74948	26
56307	75383	16
56307	75385	55
56307	75390	62
56307	75394	24
56307	78898	71
56307	82096	11
56307	82282	28
56307	82677	21
56307	83285	54
56307	83287	51
56307	83291	40
56307	83294	69
56307	85055	27
56307	85221	22
56307	86019	26
56307	86312	26
56307	86855	23
56307	88020	27
56307	91205	62
56307	92315	41
56307	93730	32
56307	93869	91
56307	96117	17
56307	96322	28
56307	98159	20
56307	99310	150
56307	99311	30
56307	99313	69
56307	99314	33
56307	100323	209
56307	100324	38
56307	100570	48
56307	100572	20
56307	104118	12
56307	104803	74
56307	105743	67
56307	109109	39
56307	109111	27
56307	109905	12
56307	110357	210
56307	110359	30
56307	110825	15
56307	111412	12
56307	114069	40
56307	114358	17
56307	115032	24
56307	116330	99
56307	116655	38
56307	117232	37
56307	117235	47
56307	118646	19
56307	119089	22
56307	120433	14
56307	121313	14
56307	122612	12
56307	123253	18
56307	123507	14
56307	123932	21
56307	124212	8
56307	125126	32
56307	125582	46
56307	125584	52
56307	126526	65
56307	126533	30
56307	126556	15
56307	126613	103
56307	126614	34
56307	126618	43
56307	126621	234
56307	126742	14
56307	128004	27
56307	128011	35
56307	128033	30
56307	128035	17
56307	128036	15
56307	128048	31
56307	128066	69
56307	128071	61
56307	128074	28
56307	128084	20
56307	128087	24
56307	128115	43
56307	128239	19
56307	128241	15
56307	128751	111
56307	128797	742
56307	128804	395
56307	128805	52
56307	128807	181
56307	128810	24
56307	128817	113
56307	128832	20
56307	130689	26
56307	131373	26
56307	132293	26
56307	133004	17
56307	133030	31
56307	133655	34
56307	133832	103
56307	133861	37
56307	134851	39
56307	135501	38
56307	135730	39
56307	136540	17
56307	136689	27
56307	136690	12
56307	138406	18
56307	138619	21
56307	139192	20
56307	139959	24
56307	140876	23
56307	141840	16
56307	142560	18
56307	144271	14
56307	145508	32
56307	146643	66
56307	146644	14
56307	147535	9
56307	148313	50
56307	149762	9
56307	149772	9
56307	149773	16
56307	152096	52
56307	152099	39
56307	152101	36
56307	154993	48
56307	155002	64
56307	155061	19
56307	157133	186
56307	157217	41
56307	159998	73
56307	160378	22
56307	160536	35
56307	160539	30
56307	160542	34
56307	160545	34
56307	160546	18
56307	160547	39
56307	160554	18
56307	160555	66
56307	161120	14
56307	162733	47
56307	163362	21
56307	164208	14
56307	164734	12
56307	164737	21
56307	165553	33
56307	165677	29
56307	165684	21
56307	165889	53
56307	166074	24
56307	166580	65
56307	167326	11
56307	169119	35
56307	170847	82
56307	170849	80
56307	170851	159
56307	170855	22
56307	170860	5
56307	171579	14
56307	172127	29
56307	172284	15
56307	173192	33
56307	173204	20
56307	173695	38
56307	174543	186
56307	174544	20
56307	177141	57
56307	177932	53
56307	178199	12
56307	178463	25
56307	179773	34
56307	180155	12
56307	180697	16
56307	182781	17
56307	182898	11
56307	183217	32
56861	56929	1
56861	57392	2
56861	58110	14
56861	58115	3
56861	58507	3
56861	58518	6
56861	58525	4
56861	58526	4
56861	58776	1
56861	59086	1
56861	59088	2
56861	64221	1
56861	66486	1
56861	66488	1
56861	66490	5
56861	66527	1
56861	67217	3
56861	68312	17
56861	68396	18
56861	68398	3
56861	68400	15
56861	68401	3
56861	68404	1
56861	68406	1
56861	68410	15
56861	68433	7
56861	70746	2
56861	71039	2
56861	71040	3
56861	73198	1
56861	73202	1
56861	73671	1
56861	73970	13
56861	74891	8
56861	74893	1
56861	74897	5
56861	74945	8
56861	74948	3
56861	75383	2
56861	75385	3
56861	75390	3
56861	75394	2
56861	78898	1
56861	82096	2
56861	82677	1
56861	83285	1
56861	83287	3
56861	83291	2
56861	83294	8
56861	85055	6
56861	85221	1
56861	86019	4
56861	86312	3
56861	86855	7
56861	91205	13
56861	93730	1
56861	93869	10
56861	96322	2
56861	98159	2
56861	99310	3
56861	99311	3
56861	99313	6
56861	99314	2
56861	100323	11
56861	100324	2
56861	100570	3
56861	100572	4
56861	104803	3
56861	105743	4
56861	109109	4
56861	109111	3
56861	109905	2
56861	110357	23
56861	110359	10
56861	110825	2
56861	111412	1
56861	114069	1
56861	114358	2
56861	116330	8
56861	116655	2
56861	117232	2
56861	117235	1
56861	119089	4
56861	120433	2
56861	121313	1
56861	122612	1
56861	123507	1
56861	123932	1
56861	125126	2
56861	125582	1
56861	125584	1
56861	126526	6
56861	126533	3
56861	126556	1
56861	126613	1
56861	126614	1
56861	126618	4
56861	126621	6
56861	126742	1
56861	128004	1
56861	128011	1
56861	128071	1
56861	128087	1
56861	128115	2
56861	128241	3
56861	128751	4
56861	128797	37
56861	128804	29
56861	128805	5
56861	128807	34
56861	128810	2
56861	128817	12
56861	128832	1
56861	130689	3
56861	131373	2
56861	133004	3
56861	133030	1
56861	133655	2
56861	133832	14
56861	133861	1
56861	134851	2
56861	135730	2
56861	136689	11
56861	136690	18
56861	138406	9
56861	138619	2
56861	139192	4
56861	140876	6
56861	144271	4
56861	145508	6
56861	146643	6
56861	146644	1
56861	147535	2
56861	148313	1
56861	149773	3
56861	152096	3
56861	152099	3
56861	152101	8
56861	155002	5
56861	155061	1
56861	157133	6
56861	157217	11
56861	160536	1
56861	160539	5
56861	160545	1
56861	160546	1
56861	160547	1
56861	160554	1
56861	160555	6
56861	162733	2
56861	164208	1
56861	164734	6
56861	164737	6
56861	165553	8
56861	165677	2
56861	165889	4
56861	166074	6
56861	166580	7
56861	167326	2
56861	170847	7
56861	170849	3
56861	170851	9
56861	170855	3
56861	172284	1
56861	173192	2
56861	174543	13
56861	174544	1
56861	177141	17
56861	177932	3
56861	178199	2
56861	179773	1
56861	180155	1
56861	182898	1
56861	183217	5
56926	56929	4
56926	58110	2
56926	58115	1
56926	58518	4
56926	58525	1
56926	64221	3
56926	66486	1
56926	66488	2
56926	66490	1
56926	68312	2
56926	68396	16
56926	68398	2
56926	68400	19
56926	68401	1
56926	68404	3
56926	68406	4
56926	68410	2
56926	68412	9
56926	68433	1
56926	70746	2
56926	71040	1
56926	73198	14
56926	73202	2
56926	73970	10
56926	74891	40
56926	74893	2
56926	74897	3
56926	75383	1
56926	75385	2
56926	75390	4
56926	78898	16
56926	82096	2
56926	82282	6
56926	82677	7
56926	83285	2
56926	83287	9
56926	83291	14
56926	83294	5
56926	85055	1
56926	86855	6
56926	91205	1
56926	92315	2
56926	93869	1
56926	99310	7
56926	99311	1
56926	99313	4
56926	100323	18
56926	100324	2
56926	100570	2
56926	100572	2
56926	104803	6
56926	105743	3
56926	109109	1
56926	109111	2
56926	110357	5
56926	110359	2
56926	114069	1
56926	114358	1
56926	116330	3
56926	116655	1
56926	122612	2
56926	123507	1
56926	123932	2
56926	125126	2
56926	125582	3
56926	125584	4
56926	126526	2
56926	126556	19
56926	126613	11
56926	126618	7
56926	126621	18
56926	128004	1
56926	128011	1
56926	128033	16
56926	128035	13
56926	128036	4
56926	128048	19
56926	128066	11
56926	128071	7
56926	128074	13
56926	128084	12
56926	128115	2
56926	128239	13
56926	128241	1
56926	128751	6
56926	128797	49
56926	128804	24
56926	128805	11
56926	128807	12
56926	128810	2
56926	128817	1
56926	128832	1
56926	130689	1
56926	132293	3
56926	133004	1
56926	133655	1
56926	133832	3
56926	133861	4
56926	134851	4
56926	135501	2
56926	138406	1
56926	138619	2
56926	139192	1
56926	139959	3
56926	140876	2
56926	141840	12
56926	142560	4
56926	144271	1
56926	145508	10
56926	146643	4
56926	146644	1
56926	148313	2
56926	152096	19
56926	152099	12
56926	152101	5
56926	154993	7
56926	155002	4
56926	155061	2
56926	157133	14
56926	157217	5
56926	159998	4
56926	160536	2
56926	160542	4
56926	160545	12
56926	160546	3
56926	160547	3
56926	160554	2
56926	160555	1
56926	162733	4
56926	163362	3
56926	164737	1
56926	165553	1
56926	165889	5
56926	166074	2
56926	166580	5
56926	169119	2
56926	170847	23
56926	170849	10
56926	170851	10
56926	170855	1
56926	170860	1
56926	172127	3
56926	173192	1
56926	173204	16
56926	174543	11
56926	174544	1
56926	177141	1
56926	177932	1
56926	179773	1
56926	183217	1
56929	57392	2
56929	58110	3
56929	58115	1
56929	58507	1
56929	58518	1
56929	58525	3
56929	58526	2
56929	58776	1
56929	62907	3
56929	64221	2
56929	66486	1
56929	66488	1
56929	66490	3
56929	66527	1
56929	67217	1
56929	68312	4
56929	68396	14
56929	68398	3
56929	68400	14
56929	68401	2
56929	68404	2
56929	68406	5
56929	68410	4
56929	68412	4
56929	68433	1
56929	70746	7
56929	71039	1
56929	73198	10
56929	73202	1
56929	73671	1
56929	73970	13
56929	74891	21
56929	74893	8
56929	74897	2
56929	74945	1
56929	75383	1
56929	75385	3
56929	75390	2
56929	75394	2
56929	78898	8
56929	82282	2
56929	82677	4
56929	83285	3
56929	83287	6
56929	83291	7
56929	83294	5
56929	85055	1
56929	85221	1
56929	86019	1
56929	86855	8
56929	88020	2
56929	91205	6
56929	92315	1
56929	93869	5
56929	96117	1
56929	96322	1
56929	98159	3
56929	99310	10
56929	99311	1
56929	99313	2
56929	99314	4
56929	100323	14
56929	100324	8
56929	100570	4
56929	104118	2
56929	104803	3
56929	105743	5
56929	109109	1
56929	109111	2
56929	110357	16
56929	110359	4
56929	111412	3
56929	114069	3
56929	114358	5
56929	115032	2
56929	116330	12
56929	117232	2
56929	119089	1
56929	122612	2
56929	123932	5
56929	125582	2
56929	125584	9
56929	126526	4
56929	126533	1
56929	126556	7
56929	126613	12
56929	126614	2
56929	126618	5
56929	126621	13
56929	126742	2
56929	128004	1
56929	128033	1
56929	128035	2
56929	128048	2
56929	128066	4
56929	128071	4
56929	128074	3
56929	128084	1
56929	128087	6
56929	128115	5
56929	128239	2
56929	128241	3
56929	128751	1
56929	128797	43
56929	128804	25
56929	128805	3
56929	128807	12
56929	128810	1
56929	128817	3
56929	128832	3
56929	130689	1
56929	131373	1
56929	132293	1
56929	133004	1
56929	133030	1
56929	133655	1
56929	133832	11
56929	133861	5
56929	134851	6
56929	135730	1
56929	136689	2
56929	138406	4
56929	138619	1
56929	139192	1
56929	139959	3
56929	140876	1
56929	141840	5
56929	142560	1
56929	145508	2
56929	146643	2
56929	147535	2
56929	148313	7
56929	149762	1
56929	152096	5
56929	152099	4
56929	152101	3
56929	154993	2
56929	155002	4
56929	155061	1
56929	157133	8
56929	157217	4
56929	159998	6
56929	160536	3
56929	160539	9
56929	160542	6
56929	160545	3
56929	160546	3
56929	160554	4
56929	160555	5
56929	161120	1
56929	162733	1
56929	163362	2
56929	164208	2
56929	165677	3
56929	165684	1
56929	165889	7
56929	166074	4
56929	166580	7
56929	169119	2
56929	170847	10
56929	170849	7
56929	170851	13
56929	170855	4
56929	170860	1
56929	172127	2
56929	172284	1
56929	173192	7
56929	173204	2
56929	173695	3
56929	174543	9
56929	174544	1
56929	177141	1
56929	178199	3
56929	180155	1
56929	182781	3
56929	183217	2
57392	58110	11
57392	58115	6
57392	58507	3
57392	58518	4
57392	58526	2
57392	59086	1
57392	59088	7
57392	62907	4
57392	64221	1
57392	66486	1
57392	66488	1
57392	66490	4
57392	66527	2
57392	67217	4
57392	68312	4
57392	68396	11
57392	68398	4
57392	68400	20
57392	68401	5
57392	68404	2
57392	68406	3
57392	68410	13
57392	68433	6
57392	70746	2
57392	71039	9
57392	71040	4
57392	73202	1
57392	73671	1
57392	73970	12
57392	74891	20
57392	74893	4
57392	74897	2
57392	74945	5
57392	74948	9
57392	75385	5
57392	75390	5
57392	75394	1
57392	78898	1
57392	82096	2
57392	82282	3
57392	83285	2
57392	83287	2
57392	83291	4
57392	83294	7
57392	85055	1
57392	85221	13
57392	86019	3
57392	86312	10
57392	86855	2
57392	88020	11
57392	91205	9
57392	92315	3
57392	93730	1
57392	93869	16
57392	96117	6
57392	96322	4
57392	98159	2
57392	99310	8
57392	99311	2
57392	99313	9
57392	99314	5
57392	100323	14
57392	100324	2
57392	100570	1
57392	104118	4
57392	104803	2
57392	105743	9
57392	109111	1
57392	109905	2
57392	110357	32
57392	110359	4
57392	114069	7
57392	114358	1
57392	115032	1
57392	116330	15
57392	116655	6
57392	117232	9
57392	117235	11
57392	118646	4
57392	119089	1
57392	120433	3
57392	121313	2
57392	122612	2
57392	123253	1
57392	123932	1
57392	124212	1
57392	125126	3
57392	125582	4
57392	125584	4
57392	126526	2
57392	126533	2
57392	126556	2
57392	126613	5
57392	126614	3
57392	126618	3
57392	126621	19
57392	126742	1
57392	128004	1
57392	128033	1
57392	128036	1
57392	128066	2
57392	128071	6
57392	128074	2
57392	128084	1
57392	128087	3
57392	128115	12
57392	128241	2
57392	128751	8
57392	128797	74
57392	128804	32
57392	128805	1
57392	128807	16
57392	128810	4
57392	128817	20
57392	128832	2
57392	130689	3
57392	132293	1
57392	133030	15
57392	133655	4
57392	133832	10
57392	133861	3
57392	134851	1
57392	135730	2
57392	136540	4
57392	136689	2
57392	136690	1
57392	138406	4
57392	139192	1
57392	139959	4
57392	140876	2
57392	141840	1
57392	142560	2
57392	144271	2
57392	145508	2
57392	146643	2
57392	146644	1
57392	147535	6
57392	148313	7
57392	149762	1
57392	149772	1
57392	149773	3
57392	152096	1
57392	154993	2
57392	155002	5
57392	155061	3
57392	157133	10
57392	157217	4
57392	159998	9
57392	160536	4
57392	160539	4
57392	160545	3
57392	160546	2
57392	160547	4
57392	160554	2
57392	160555	6
57392	161120	5
57392	162733	1
57392	164208	1
57392	164734	3
57392	164737	8
57392	165553	6
57392	165677	1
57392	165684	4
57392	165889	4
57392	166580	3
57392	169119	1
57392	170847	3
57392	170849	6
57392	170851	19
57392	170855	1
57392	171579	4
57392	172127	2
57392	172284	4
57392	173192	1
57392	173695	5
57392	174543	20
57392	174544	1
57392	177141	4
57392	177932	12
57392	178199	3
57392	178463	17
57392	179773	2
57392	180155	3
57392	180697	5
57392	182781	2
57392	182898	3
57392	183217	3
58110	58115	16
58110	58507	10
58110	58518	19
58110	58525	8
58110	58526	6
58110	58776	3
58110	59086	3
58110	59088	5
58110	62907	7
58110	64221	8
58110	66486	6
58110	66488	7
58110	66490	13
58110	66527	13
58110	67217	10
58110	68312	33
58110	68396	48
58110	68398	6
58110	68400	54
58110	68401	4
58110	68404	14
58110	68406	7
58110	68410	39
58110	68412	3
58110	68433	15
58110	70746	11
58110	71039	13
58110	71040	5
58110	73198	9
58110	73202	5
58110	73671	7
58110	73970	43
58110	74891	105
58110	74893	12
58110	74897	22
58110	74945	14
58110	74948	17
58110	75383	8
58110	75385	9
58110	75390	28
58110	75394	10
58110	78898	14
58110	82096	11
58110	82282	5
58110	82677	3
58110	83285	11
58110	83287	13
58110	83291	15
58110	83294	23
58110	85055	24
58110	85221	10
58110	86019	9
58110	86312	24
58110	86855	9
58110	88020	16
58110	91205	109
58110	92315	11
58110	93730	4
58110	93869	46
58110	96117	8
58110	96322	8
58110	98159	5
58110	99310	29
58110	99311	5
58110	99313	46
58110	99314	28
58110	100323	76
58110	100324	11
58110	100570	7
58110	100572	10
58110	104118	6
58110	104803	9
58110	105743	14
58110	109109	5
58110	109111	8
58110	109905	7
58110	110357	161
58110	110359	15
58110	110825	2
58110	111412	5
58110	114069	31
58110	114358	7
58110	115032	4
58110	116330	84
58110	116655	13
58110	117232	28
58110	117235	14
58110	118646	2
58110	119089	14
58110	120433	8
58110	121313	7
58110	122612	13
58110	123253	1
58110	123507	4
58110	123932	10
58110	124212	4
58110	125126	9
58110	125582	15
58110	125584	14
58110	126526	19
58110	126533	12
58110	126556	8
58110	126613	21
58110	126614	4
58110	126618	3
58110	126621	79
58110	126742	5
58110	128004	4
58110	128011	12
58110	128033	5
58110	128035	3
58110	128036	6
58110	128048	6
58110	128066	20
58110	128071	21
58110	128074	7
58110	128084	5
58110	128087	8
58110	128115	24
58110	128239	5
58110	128241	9
58110	128751	43
58110	128797	254
58110	128804	166
58110	128805	19
58110	128807	139
58110	128810	3
58110	128817	67
58110	128832	11
58110	130689	11
58110	131373	3
58110	132293	6
58110	133004	5
58110	133030	8
58110	133655	12
58110	133832	94
58110	133861	14
58110	134851	6
58110	135501	10
58110	135730	12
58110	136540	10
58110	136689	13
58110	136690	9
58110	138406	16
58110	138619	7
58110	139192	9
58110	139959	5
58110	140876	10
58110	141840	4
58110	142560	5
58110	144271	5
58110	145508	24
58110	146643	12
58110	146644	4
58110	147535	10
58110	148313	33
58110	149762	12
58110	149772	9
58110	149773	7
58110	152096	19
58110	152099	14
58110	152101	16
58110	154993	6
58110	155002	15
58110	155061	4
58110	157133	45
58110	157217	65
58110	159998	16
58110	160378	4
58110	160536	2
58110	160539	12
58110	160542	3
58110	160545	8
58110	160546	3
58110	160547	7
58110	160554	5
58110	160555	19
58110	161120	6
58110	162733	2
58110	163362	6
58110	164208	5
58110	164734	10
58110	164737	16
58110	165553	22
58110	165677	9
58110	165684	4
58110	165889	19
58110	166074	29
58110	166580	35
58110	167326	8
58110	169119	12
58110	170847	41
58110	170849	37
58110	170851	86
58110	170855	18
58110	170860	4
58110	171579	7
58110	172127	6
58110	172284	11
58110	173192	7
58110	173204	6
58110	173695	17
58110	174543	81
58110	174544	6
58110	177141	51
58110	177932	22
58110	178199	5
58110	178463	11
58110	179773	7
58110	180155	6
58110	180697	8
58110	182781	5
58110	182898	6
58110	183217	13
58115	58507	1
58115	58518	4
58115	58525	2
58115	58526	5
58115	58776	1
58115	59088	4
58115	62907	4
58115	64221	1
58115	66486	4
58115	66488	2
58115	66490	4
58115	66527	1
58115	67217	1
58115	68312	11
58115	68396	11
58115	68398	8
58115	68400	14
58115	68401	1
58115	68404	7
58115	68406	2
58115	68410	16
58115	68412	1
58115	68433	11
58115	70746	2
58115	71039	8
58115	71040	10
58115	73198	2
58115	73202	6
58115	73671	2
58115	73970	11
58115	74891	30
58115	74893	5
58115	74897	5
58115	74945	5
58115	74948	7
58115	75383	2
58115	75385	2
58115	75390	16
58115	75394	3
58115	78898	1
58115	82096	2
58115	82677	2
58115	83285	4
58115	83287	3
58115	83291	6
58115	83294	10
58115	85055	3
58115	85221	8
58115	86019	12
58115	86312	13
58115	86855	6
58115	91205	19
58115	93730	4
58115	93869	19
58115	96117	3
58115	96322	8
58115	98159	4
58115	99310	10
58115	99313	9
58115	99314	6
58115	100323	25
58115	100324	7
58115	100570	5
58115	100572	4
58115	104118	5
58115	105743	6
58115	109111	2
58115	109905	5
58115	110357	42
58115	110359	13
58115	110825	1
58115	111412	1
58115	114069	17
58115	114358	4
58115	115032	1
58115	116330	35
58115	116655	3
58115	117232	9
58115	117235	4
58115	118646	3
58115	119089	4
58115	120433	6
58115	121313	3
58115	122612	3
58115	123507	3
58115	123932	3
58115	125126	1
58115	125582	7
58115	125584	5
58115	126526	3
58115	126533	4
58115	126556	2
58115	126613	14
58115	126614	3
58115	126618	5
58115	126621	16
58115	126742	4
58115	128004	1
58115	128011	2
58115	128033	1
58115	128048	1
58115	128066	2
58115	128071	10
58115	128074	3
58115	128084	1
58115	128087	1
58115	128115	12
58115	128239	2
58115	128241	14
58115	128751	6
58115	128797	57
58115	128804	38
58115	128805	4
58115	128807	25
58115	128810	2
58115	128817	32
58115	128832	1
58115	130689	4
58115	132293	1
58115	133004	5
58115	133030	3
58115	133655	1
58115	133832	35
58115	133861	5
58115	134851	2
58115	135730	2
58115	136540	1
58115	136689	9
58115	136690	4
58115	138406	17
58115	138619	3
58115	139192	1
58115	139959	1
58115	140876	3
58115	141840	1
58115	142560	2
58115	144271	3
58115	145508	9
58115	146643	3
58115	146644	2
58115	147535	3
58115	148313	16
58115	149772	2
58115	149773	4
58115	152096	9
58115	152099	3
58115	152101	9
58115	154993	3
58115	155002	9
58115	157133	8
58115	157217	9
58115	159998	2
58115	160378	1
58115	160539	3
58115	160542	3
58115	160545	1
58115	160546	1
58115	160547	2
58115	160555	12
58115	161120	4
58115	162733	4
58115	163362	3
58115	164208	1
58115	164734	6
58115	164737	11
58115	165553	7
58115	165677	1
58115	165684	3
58115	165889	8
58115	166074	6
58115	166580	11
58115	167326	3
58115	169119	2
58115	170847	18
58115	170849	8
58115	170851	30
58115	170855	3
58115	170860	5
58115	171579	2
58115	172127	5
58115	172284	2
58115	173192	1
58115	173695	1
58115	174543	22
58115	174544	5
58115	177141	13
58115	177932	3
58115	178199	10
58115	178463	2
58115	179773	1
58115	180155	3
58115	180697	3
58115	182781	4
58115	182898	4
58115	183217	12
58507	58518	7
58507	58525	2
58507	58526	2
58507	59086	3
58507	62907	2
58507	64221	4
58507	66486	1
58507	66488	1
58507	66490	2
58507	68312	12
58507	68396	18
58507	68398	3
58507	68400	30
58507	68401	4
58507	68404	1
58507	68406	1
58507	68410	24
58507	68433	4
58507	70746	2
58507	71039	1
58507	71040	1
58507	73198	1
58507	73202	2
58507	73671	2
58507	73970	17
58507	74891	35
58507	74893	3
58507	74897	2
58507	74945	5
58507	74948	2
58507	75383	1
58507	75385	3
58507	75390	6
58507	75394	3
58507	78898	3
58507	82096	2
58507	82282	1
58507	83285	2
58507	83287	5
58507	83291	5
58507	83294	5
58507	85055	1
58507	85221	2
58507	86019	1
58507	86312	4
58507	88020	2
58507	91205	9
58507	92315	3
58507	93730	1
58507	93869	10
58507	96117	3
58507	96322	2
58507	98159	1
58507	99310	10
58507	99311	1
58507	99313	3
58507	99314	5
58507	100323	12
58507	100324	2
58507	100572	1
58507	104118	2
58507	105743	5
58507	109109	2
58507	109111	1
58507	109905	3
58507	110357	29
58507	110359	1
58507	110825	2
58507	111412	6
58507	114069	2
58507	114358	2
58507	115032	5
58507	116330	14
58507	116655	5
58507	117232	8
58507	117235	6
58507	119089	3
58507	120433	2
58507	121313	1
58507	123253	1
58507	123507	3
58507	123932	3
58507	124212	3
58507	125582	4
58507	125584	4
58507	126533	1
58507	126613	9
58507	126614	1
58507	126618	2
58507	126621	22
58507	126742	2
58507	128011	2
58507	128036	3
58507	128066	5
58507	128071	5
58507	128074	2
58507	128084	1
58507	128087	1
58507	128115	12
58507	128239	2
58507	128241	3
58507	128751	8
58507	128797	62
58507	128804	35
58507	128805	2
58507	128807	19
58507	128810	4
58507	128817	22
58507	128832	1
58507	130689	1
58507	131373	3
58507	132293	1
58507	133004	5
58507	133030	3
58507	133655	2
58507	133832	11
58507	133861	2
58507	134851	1
58507	135501	2
58507	135730	3
58507	136540	4
58507	136689	3
58507	136690	3
58507	138406	3
58507	138619	2
58507	139192	5
58507	139959	4
58507	140876	1
58507	142560	1
58507	144271	2
58507	145508	3
58507	147535	3
58507	148313	5
58507	149762	2
58507	149772	3
58507	149773	2
58507	152096	6
58507	152099	4
58507	152101	4
58507	154993	5
58507	155002	4
58507	157133	10
58507	157217	8
58507	159998	5
58507	160378	1
58507	160536	2
58507	160545	1
58507	160546	5
58507	160547	2
58507	160554	3
58507	160555	10
58507	161120	1
58507	162733	3
58507	163362	1
58507	164208	1
58507	164734	1
58507	164737	4
58507	165553	7
58507	165677	1
58507	165684	4
58507	165889	3
58507	166074	1
58507	166580	1
58507	167326	1
58507	169119	4
58507	170847	6
58507	170849	11
58507	170851	15
58507	170855	4
58507	170860	2
58507	171579	4
58507	172127	3
58507	172284	4
58507	173192	2
58507	173204	2
58507	173695	4
58507	174543	16
58507	174544	1
58507	177141	6
58507	177932	9
58507	178199	6
58507	178463	8
58507	180155	6
58507	180697	10
58507	182781	2
58507	182898	1
58507	183217	6
58518	58776	8
58518	59086	7
58518	59088	4
58518	62907	7
58518	64221	3
58518	66486	14
58518	66488	9
58518	66490	10
58518	66527	6
58518	67217	5
58518	68312	13
58518	68396	56
58518	68398	10
58518	68400	54
58518	68401	7
58518	68404	16
58518	68406	13
58518	68410	18
58518	68412	2
58518	68433	8
58518	70746	16
58518	71039	3
58518	71040	3
58518	73198	11
58518	73202	7
58518	73970	53
58518	74891	118
58518	74893	19
58518	74897	14
58518	74945	4
58518	74948	5
58518	75383	4
58518	75385	15
58518	75390	18
58518	75394	15
58518	78898	22
58518	82096	5
58518	82282	8
58518	82677	8
58518	83285	17
58518	83287	20
58518	83291	8
58518	83294	20
58518	85055	11
58518	85221	2
58518	86019	4
58518	86312	5
58518	86855	6
58518	88020	7
58518	91205	22
58518	92315	13
58518	93730	3
58518	93869	20
58518	96117	6
58518	96322	2
58518	98159	2
58518	99310	40
58518	99311	5
58518	99313	15
58518	99314	10
58518	100323	61
58518	100324	14
58518	100570	6
58518	100572	9
58518	104118	6
58518	104803	9
58518	105743	21
58518	109109	6
58518	109111	7
58518	109905	1
58518	110357	59
58518	110359	7
58518	111412	7
58518	114069	6
58518	114358	3
58518	115032	4
58518	116330	23
58518	116655	13
58518	117232	6
58518	117235	3
58518	118646	1
58518	119089	12
58518	120433	1
58518	121313	1
58518	122612	10
58518	123253	7
58518	123507	3
58518	123932	7
58518	124212	2
58518	125126	10
58518	125582	13
58518	125584	11
58518	126526	13
58518	126533	9
58518	126556	4
58518	126613	24
58518	126614	5
58518	126618	9
58518	126621	64
58518	126742	1
58518	128004	7
58518	128011	25
58518	128033	5
58518	128035	8
58518	128036	6
58518	128048	13
58518	128066	24
58518	128071	29
58518	128074	8
58518	128084	1
58518	128087	11
58518	128115	24
58518	128239	6
58518	128241	5
58518	128751	23
58518	128797	202
58518	128804	112
58518	128805	19
58518	128807	61
58518	128810	7
58518	128817	21
58518	128832	7
58518	130689	4
58518	131373	4
58518	132293	11
58518	133004	4
58518	133030	3
58518	133655	10
58518	133832	31
58518	133861	9
58518	134851	19
58518	135501	12
58518	135730	8
58518	136540	6
58518	136689	11
58518	136690	7
58518	138406	4
58518	138619	6
58518	139192	11
58518	139959	6
58518	140876	9
58518	141840	5
58518	142560	3
58518	144271	4
58518	145508	8
58518	146643	11
58518	146644	14
58518	148313	16
58518	149762	1
58518	149772	1
58518	149773	4
58518	152096	17
58518	152099	10
58518	152101	22
58518	154993	12
58518	155002	21
58518	155061	9
58518	157133	41
58518	157217	21
58518	159998	17
58518	160378	10
58518	160536	7
58518	160539	11
58518	160542	10
58518	160545	14
58518	160546	3
58518	160547	8
58518	160554	6
58518	160555	14
58518	161120	5
58518	162733	12
58518	163362	4
58518	164208	1
58518	164734	3
58518	164737	6
58518	165553	6
58518	165677	4
58518	165684	3
58518	165889	23
58518	166074	5
58518	166580	14
58518	167326	1
58518	169119	7
58518	170847	24
58518	170849	25
58518	170851	50
58518	170855	4
58518	170860	1
58518	171579	2
58518	172127	11
58518	172284	7
58518	173192	11
58518	173204	4
58518	173695	9
58518	174543	69
58518	174544	11
58518	177141	19
58518	177932	15
58518	178199	3
58518	178463	6
58518	179773	5
58518	180697	2
58518	182781	7
58518	182898	2
58518	183217	3
58525	58526	1
58525	58776	2
58525	59086	2
58525	59088	3
58525	62907	1
58525	64221	6
58525	66486	1
58525	66488	1
58525	66490	3
58525	66527	1
58525	67217	5
58525	68312	8
58525	68396	22
58525	68398	7
58525	68400	26
58525	68401	2
58525	68404	5
58525	68406	2
58525	68410	11
58525	68433	6
58525	70746	5
58525	71039	2
58525	73198	5
58525	73202	2
58525	73671	1
58525	73970	21
58525	74891	41
58525	74893	6
58525	74897	6
58525	74948	1
58525	75383	3
58525	75385	8
58525	75390	5
58525	75394	5
58525	78898	6
58525	82096	1
58525	82282	5
58525	82677	3
58525	83285	8
58525	83287	5
58525	83294	4
58525	85055	3
58525	85221	2
58525	88020	2
58525	91205	9
58525	92315	4
58525	93730	1
58525	93869	14
58525	96322	1
58525	99310	16
58525	99311	1
58525	99313	7
58525	99314	4
58525	100323	14
58525	100324	3
58525	100570	4
58525	100572	2
58525	104118	3
58525	104803	4
58525	105743	9
58525	109109	2
58525	109111	4
58525	110357	30
58525	110359	8
58525	111412	2
58525	114069	3
58525	114358	4
58525	115032	5
58525	116330	8
58525	117232	3
58525	117235	4
58525	119089	3
58525	121313	1
58525	122612	2
58525	123253	2
58525	123507	2
58525	123932	5
58525	124212	2
58525	125126	2
58525	125582	3
58525	125584	8
58525	126526	3
58525	126533	5
58525	126556	1
58525	126613	9
58525	126614	1
58525	126618	5
58525	126621	18
58525	126742	1
58525	128004	1
58525	128011	13
58525	128033	2
58525	128035	2
58525	128048	5
58525	128066	2
58525	128071	6
58525	128074	3
58525	128084	1
58525	128087	3
58525	128115	4
58525	128239	2
58525	128751	12
58525	128797	76
58525	128804	42
58525	128805	3
58525	128807	32
58525	128810	2
58525	128817	13
58525	130689	1
58525	131373	4
58525	132293	4
58525	133004	2
58525	133030	2
58525	133655	1
58525	133832	13
58525	133861	1
58525	134851	1
58525	135501	3
58525	135730	5
58525	136540	2
58525	136689	10
58525	136690	4
58525	138406	2
58525	138619	1
58525	139192	2
58525	139959	1
58525	140876	5
58525	141840	2
58525	142560	4
58525	144271	1
58525	145508	4
58525	146643	7
58525	146644	2
58525	147535	4
58525	148313	6
58525	149762	2
58525	149773	1
58525	152096	6
58525	152099	5
58525	152101	4
58525	154993	4
58525	155002	4
58525	155061	5
58525	157133	21
58525	157217	6
58525	159998	8
58525	160378	2
58525	160536	2
58525	160539	2
58525	160542	4
58525	160545	1
58525	160546	1
58525	160547	1
58525	160554	3
58525	160555	8
58525	161120	2
58525	162733	3
58525	163362	4
58525	164734	1
58525	165553	7
58525	165684	1
58525	165889	7
58525	166074	2
58525	166580	7
58525	169119	5
58525	170847	9
58525	170849	6
58525	170851	16
58525	170855	4
58525	170860	2
58525	171579	2
58525	172127	2
58525	172284	3
58525	173192	1
58525	173204	1
58525	173695	2
58525	174543	29
58525	174544	1
58525	177141	6
58525	177932	6
58525	178199	2
58525	178463	4
58525	179773	2
58525	180155	2
58525	182781	1
58525	183217	1
58526	58776	1
58526	59086	2
58526	59088	5
58526	64221	2
58526	66486	4
58526	66490	6
58526	66527	4
58526	67217	4
58526	68312	7
58526	68396	14
58526	68398	4
58526	68400	20
58526	68401	1
58526	68404	1
58526	68406	2
58526	68410	11
58526	68412	2
58526	68433	13
58526	70746	3
58526	71039	9
58526	71040	6
58526	73198	1
58526	73202	1
58526	73671	5
58526	73970	12
58526	74891	14
58526	74893	1
58526	74897	4
58526	74945	3
58526	74948	3
58526	75385	1
58526	75390	12
58526	75394	1
58526	78898	2
58526	82096	2
58526	82282	1
58526	83285	1
58526	83291	2
58526	83294	4
58526	85055	3
58526	85221	3
58526	86019	11
58526	86312	3
58526	86855	2
58526	88020	2
58526	91205	7
58526	92315	3
58526	93730	1
58526	93869	18
58526	96117	1
58526	96322	3
58526	98159	4
58526	99310	8
58526	99311	3
58526	99313	6
58526	99314	5
58526	100323	13
58526	100324	2
58526	100570	3
58526	104118	1
58526	104803	4
58526	105743	7
58526	109109	1
58526	109111	1
58526	109905	4
58526	110357	22
58526	110359	8
58526	110825	2
58526	111412	5
58526	114069	5
58526	114358	2
58526	115032	2
58526	116330	18
58526	116655	4
58526	117232	3
58526	117235	3
58526	118646	4
58526	120433	3
58526	121313	5
58526	122612	1
58526	123253	2
58526	123932	2
58526	124212	3
58526	125126	1
58526	125582	3
58526	125584	4
58526	126526	10
58526	126533	1
58526	126556	1
58526	126613	4
58526	126614	1
58526	126618	8
58526	126621	16
58526	126742	3
58526	128036	1
58526	128048	1
58526	128066	4
58526	128071	1
58526	128087	2
58526	128115	10
58526	128239	2
58526	128241	4
58526	128751	8
58526	128797	54
58526	128804	26
58526	128805	3
58526	128807	16
58526	128810	4
58526	128817	17
58526	128832	3
58526	130689	2
58526	131373	2
58526	132293	2
58526	133004	1
58526	133030	6
58526	133655	3
58526	133832	13
58526	133861	1
58526	134851	1
58526	135501	1
58526	135730	2
58526	136540	1
58526	136689	2
58526	136690	6
58526	138406	11
58526	138619	3
58526	139192	4
58526	139959	1
58526	140876	1
58526	145508	1
58526	146643	3
58526	146644	2
58526	147535	6
58526	148313	3
58526	149772	2
58526	149773	1
58526	152096	4
58526	152099	1
58526	152101	2
58526	154993	2
58526	155002	2
58526	155061	2
58526	157133	6
58526	157217	3
58526	159998	6
58526	160378	4
58526	160536	2
58526	160539	4
58526	160542	2
58526	160547	1
58526	160554	2
58526	160555	21
58526	161120	2
58526	162733	2
58526	163362	1
58526	164208	5
58526	164734	5
58526	164737	13
58526	165553	6
58526	165677	3
58526	165684	2
58526	165889	3
58526	166074	2
58526	166580	4
58526	167326	1
58526	169119	6
58526	170847	5
58526	170849	5
58526	170851	10
58526	170855	2
58526	172127	6
58526	173192	3
58526	173695	3
58526	174543	12
58526	174544	2
58526	177141	5
58526	177932	5
58526	178199	4
58526	178463	2
58526	180155	4
58526	180697	3
58526	182781	2
58526	182898	2
58526	183217	8
58776	59086	1
58776	59088	5
58776	62907	1
58776	64221	1
58776	66486	3
58776	66488	2
58776	66490	2
58776	68312	3
58776	68396	13
58776	68398	4
58776	68400	13
58776	68401	2
58776	68404	2
58776	68406	3
58776	68410	8
58776	68412	1
58776	68433	1
58776	70746	3
58776	71040	1
58776	73198	3
58776	73202	4
58776	73970	14
58776	74891	28
58776	74893	5
58776	74897	3
58776	74945	3
58776	75383	1
58776	75385	4
58776	75390	8
58776	75394	2
58776	78898	3
58776	82282	1
58776	82677	2
58776	83285	14
58776	83287	4
58776	83291	2
58776	83294	5
58776	86019	1
58776	86312	2
58776	86855	1
58776	88020	2
58776	91205	7
58776	92315	8
58776	93730	3
58776	93869	7
58776	98159	3
58776	99310	17
58776	99311	3
58776	99313	12
58776	99314	6
58776	100323	20
58776	100324	6
58776	100570	2
58776	104803	12
58776	105743	4
58776	109109	4
58776	109111	1
58776	110357	13
58776	110359	2
58776	110825	2
58776	111412	1
58776	114069	3
58776	114358	1
58776	115032	2
58776	116330	8
58776	116655	3
58776	117232	2
58776	117235	2
58776	118646	2
58776	119089	3
58776	120433	2
58776	121313	1
58776	122612	2
58776	123253	3
58776	123932	2
58776	124212	2
58776	125126	4
58776	125582	3
58776	125584	5
58776	126526	6
58776	126533	2
58776	126613	9
58776	126614	5
58776	126618	1
58776	126621	18
58776	126742	1
58776	128004	1
58776	128011	2
58776	128033	2
58776	128035	1
58776	128048	2
58776	128066	7
58776	128071	2
58776	128074	1
58776	128084	1
58776	128087	2
58776	128239	3
58776	128241	1
58776	128751	5
58776	128797	56
58776	128804	32
58776	128805	4
58776	128807	13
58776	128810	2
58776	128817	9
58776	130689	1
58776	131373	4
58776	132293	1
58776	133030	1
58776	133655	4
58776	133832	6
58776	134851	1
58776	135501	3
58776	136540	1
58776	136689	2
58776	138406	3
58776	138619	1
58776	139192	2
58776	139959	1
58776	146643	4
58776	146644	2
58776	147535	1
58776	148313	1
58776	149773	1
58776	152096	2
58776	152099	1
58776	154993	3
58776	155002	6
58776	155061	1
58776	157133	10
58776	157217	2
58776	159998	6
58776	160378	1
58776	160536	4
58776	160539	2
58776	160542	1
58776	160545	2
58776	160547	4
58776	160555	4
58776	161120	1
58776	162733	5
58776	164208	2
58776	164734	1
58776	164737	3
58776	165553	2
58776	165677	2
58776	165684	3
58776	165889	5
58776	166074	1
58776	166580	3
58776	167326	1
58776	169119	3
58776	170847	8
58776	170849	7
58776	170851	17
58776	170855	1
58776	171579	1
58776	172127	5
58776	172284	2
58776	173192	4
58776	173695	5
58776	174543	16
58776	174544	1
58776	177141	2
58776	177932	1
58776	178463	4
58776	179773	2
58776	180697	2
58776	183217	2
59086	59088	19
59086	64221	2
59086	66486	3
59086	66488	2
59086	66490	4
59086	67217	8
59086	68312	1
59086	68396	27
59086	68398	16
59086	68400	24
59086	68401	1
59086	68404	2
59086	68406	5
59086	68410	1
59086	68433	6
59086	70746	8
59086	71039	6
59086	71040	5
59086	73198	7
59086	73202	4
59086	73970	8
59086	74891	23
59086	74893	3
59086	74897	2
59086	74948	1
59086	75383	2
59086	75385	5
59086	75390	2
59086	75394	2
59086	78898	4
59086	82096	2
59086	82282	4
59086	82677	3
59086	83285	5
59086	83287	3
59086	83291	1
59086	83294	5
59086	85055	3
59086	85221	6
59086	86019	2
59086	86855	1
59086	88020	3
59086	91205	2
59086	92315	1
59086	93730	3
59086	93869	8
59086	96117	1
59086	96322	2
59086	98159	2
59086	99310	10
59086	99311	2
59086	99313	4
59086	99314	4
59086	100323	14
59086	100324	3
59086	100570	6
59086	100572	1
59086	104118	2
59086	104803	5
59086	105743	20
59086	109109	6
59086	109111	3
59086	109905	2
59086	110357	9
59086	110359	3
59086	110825	6
59086	114069	1
59086	114358	1
59086	116655	3
59086	117232	8
59086	117235	17
59086	118646	18
59086	119089	1
59086	120433	3
59086	121313	1
59086	123507	1
59086	123932	2
59086	124212	3
59086	125126	1
59086	125582	4
59086	125584	3
59086	126526	8
59086	126533	2
59086	126613	6
59086	126614	1
59086	126618	12
59086	126621	5
59086	126742	2
59086	128011	3
59086	128033	1
59086	128048	2
59086	128066	2
59086	128071	5
59086	128087	1
59086	128115	4
59086	128241	1
59086	128751	8
59086	128797	48
59086	128804	21
59086	128807	11
59086	128810	1
59086	128817	3
59086	130689	2
59086	131373	11
59086	132293	1
59086	133004	3
59086	133030	1
59086	133655	1
59086	133832	3
59086	133861	1
59086	134851	4
59086	135501	1
59086	136540	3
59086	136689	2
59086	136690	3
59086	138406	2
59086	138619	5
59086	139192	7
59086	140876	2
59086	141840	1
59086	142560	1
59086	144271	2
59086	145508	2
59086	146643	12
59086	146644	1
59086	147535	1
59086	148313	1
59086	149772	2
59086	152096	3
59086	152099	2
59086	152101	1
59086	154993	11
59086	155002	3
59086	155061	8
59086	157133	17
59086	157217	2
59086	159998	7
59086	160536	15
59086	160539	3
59086	160542	8
59086	160545	4
59086	160547	5
59086	160554	2
59086	160555	21
59086	161120	1
59086	162733	3
59086	163362	1
59086	164208	1
59086	164734	2
59086	164737	1
59086	165553	2
59086	165677	1
59086	165684	2
59086	166580	2
59086	169119	3
59086	170847	2
59086	170849	4
59086	170851	2
59086	170855	1
59086	170860	1
59086	171579	3
59086	172127	3
59086	172284	1
59086	173192	1
59086	173695	4
59086	174543	13
59086	174544	1
59086	177141	5
59086	177932	3
59086	178199	2
59086	178463	4
59086	179773	5
59086	180697	1
59086	182781	1
59086	182898	2
59086	183217	2
59088	64221	2
59088	66486	1
59088	66488	1
59088	66490	2
59088	66527	1
59088	67217	9
59088	68312	5
59088	68396	22
59088	68398	9
59088	68400	21
59088	68404	1
59088	68406	3
59088	68410	11
59088	68433	9
59088	70746	8
59088	71039	12
59088	71040	11
59088	73198	2
59088	73202	6
59088	73671	4
59088	73970	7
59088	74891	15
59088	74893	5
59088	74897	3
59088	74945	3
59088	74948	2
59088	75383	2
59088	75385	7
59088	75390	5
59088	75394	5
59088	78898	6
59088	82096	2
59088	82282	5
59088	82677	1
59088	83285	3
59088	83291	4
59088	83294	3
59088	85055	2
59088	85221	10
59088	86019	7
59088	86312	5
59088	86855	1
59088	88020	2
59088	91205	5
59088	93730	2
59088	93869	12
59088	96117	2
59088	96322	2
59088	98159	8
59088	99310	17
59088	99311	4
59088	99313	5
59088	99314	7
59088	100323	15
59088	100324	3
59088	100570	2
59088	104118	2
59088	104803	8
59088	105743	26
59088	109109	4
59088	109905	4
59088	110357	6
59088	110359	8
59088	110825	5
59088	111412	2
59088	114069	3
59088	114358	2
59088	115032	1
59088	116330	6
59088	116655	2
59088	117232	6
59088	117235	13
59088	118646	13
59088	120433	5
59088	121313	1
59088	122612	1
59088	123932	1
59088	124212	1
59088	125126	2
59088	125582	2
59088	125584	4
59088	126526	7
59088	126533	4
59088	126556	2
59088	126613	5
59088	126614	2
59088	126618	8
59088	126621	8
59088	128004	1
59088	128033	2
59088	128048	1
59088	128066	2
59088	128071	4
59088	128074	3
59088	128087	1
59088	128115	8
59088	128239	1
59088	128241	1
59088	128751	8
59088	128797	57
59088	128804	26
59088	128807	15
59088	128810	1
59088	128817	12
59088	130689	1
59088	131373	9
59088	132293	4
59088	133004	3
59088	133030	4
59088	133655	2
59088	133832	9
59088	133861	2
59088	134851	6
59088	135730	1
59088	136690	2
59088	138406	6
59088	138619	4
59088	139192	1
59088	139959	1
59088	140876	2
59088	141840	1
59088	142560	1
59088	144271	1
59088	145508	4
59088	146643	9
59088	146644	2
59088	147535	8
59088	148313	3
59088	149762	4
59088	152096	5
59088	152099	3
59088	152101	1
59088	154993	5
59088	155002	3
59088	155061	2
59088	157133	22
59088	157217	4
59088	159998	5
59088	160536	6
59088	160539	5
59088	160542	7
59088	160545	4
59088	160546	1
59088	160547	1
59088	160554	3
59088	160555	25
59088	161120	2
59088	162733	4
59088	163362	1
59088	164734	5
59088	164737	9
59088	165553	6
59088	165677	2
59088	165684	2
59088	165889	5
59088	166580	5
59088	167326	3
59088	169119	4
59088	170847	8
59088	170849	6
59088	170851	9
59088	170860	1
59088	171579	1
59088	172127	8
59088	172284	1
59088	173192	3
59088	173695	2
59088	174543	10
59088	174544	4
59088	177141	4
59088	177932	3
59088	178199	4
59088	178463	3
59088	179773	5
59088	180155	1
59088	180697	2
59088	182781	5
59088	182898	2
59088	183217	4
62907	66486	1
62907	66490	1
62907	66527	7
62907	68312	6
62907	68396	12
62907	68400	18
62907	68410	5
62907	68433	6
62907	70746	4
62907	71039	3
62907	71040	3
62907	73198	3
62907	73671	3
62907	73970	9
62907	74891	60
62907	74893	3
62907	74897	3
62907	74945	1
62907	74948	2
62907	75383	1
62907	75385	2
62907	75390	5
62907	75394	1
62907	78898	7
62907	82282	1
62907	82677	1
62907	83287	3
62907	83291	3
62907	83294	6
62907	85055	3
62907	85221	5
62907	86019	4
62907	86312	2
62907	86855	5
62907	88020	4
62907	91205	5
62907	92315	2
62907	93730	2
62907	93869	12
62907	96117	6
62907	96322	2
62907	98159	4
62907	99310	7
62907	99311	2
62907	99313	11
62907	99314	9
62907	100323	10
62907	100570	2
62907	100572	1
62907	104118	2
62907	104803	7
62907	105743	6
62907	109111	1
62907	109905	2
62907	110357	27
62907	110359	2
62907	110825	1
62907	111412	2
62907	114069	5
62907	114358	5
62907	115032	10
62907	116330	17
62907	116655	5
62907	117232	8
62907	117235	6
62907	121313	3
62907	122612	4
62907	123253	1
62907	123507	4
62907	123932	5
62907	124212	3
62907	125126	2
62907	125582	4
62907	125584	19
62907	126526	2
62907	126533	2
62907	126556	1
62907	126613	18
62907	126618	2
62907	126621	13
62907	126742	4
62907	128004	1
62907	128011	5
62907	128033	2
62907	128036	3
62907	128048	1
62907	128066	3
62907	128071	11
62907	128074	1
62907	128084	1
62907	128087	5
62907	128115	5
62907	128239	1
62907	128241	1
62907	128751	9
62907	128797	71
62907	128804	41
62907	128805	3
62907	128807	9
62907	128810	3
62907	128817	14
62907	128832	6
62907	130689	2
62907	131373	1
62907	132293	2
62907	133004	3
62907	133030	7
62907	133655	3
62907	133832	20
62907	134851	1
62907	135501	2
62907	135730	1
62907	136540	2
62907	136689	4
62907	136690	2
62907	138406	1
62907	139192	1
62907	139959	7
62907	140876	1
62907	141840	1
62907	142560	2
62907	145508	6
62907	146643	1
62907	146644	1
62907	147535	3
62907	148313	5
62907	149762	1
62907	149773	4
62907	152096	10
62907	152099	1
62907	152101	8
62907	154993	2
62907	155061	4
62907	157133	13
62907	157217	2
62907	159998	10
62907	160378	1
62907	160536	2
62907	160542	1
62907	160545	4
62907	160546	1
62907	160547	6
62907	160554	3
62907	160555	3
62907	161120	5
62907	164208	8
62907	164734	1
62907	164737	3
62907	165553	3
62907	165677	15
62907	165684	2
62907	166074	1
62907	166580	6
62907	167326	1
62907	169119	11
62907	170847	9
62907	170849	7
62907	170851	13
62907	170855	2
62907	170860	2
62907	171579	1
62907	172127	2
62907	172284	2
62907	173192	6
62907	173204	3
62907	173695	4
62907	174543	10
62907	174544	3
62907	177141	1
62907	177932	6
62907	178199	2
62907	178463	2
62907	179773	1
62907	180155	2
62907	180697	2
62907	182898	2
62907	183217	2
64221	66486	1
64221	66488	4
64221	66490	3
64221	68312	1
64221	68396	10
64221	68398	3
64221	68400	20
64221	68401	2
64221	68404	2
64221	68406	1
64221	68410	3
64221	68412	1
64221	68433	1
64221	70746	3
64221	71039	2
64221	71040	1
64221	73198	8
64221	73202	3
64221	73671	2
64221	73970	23
64221	74891	34
64221	74893	1
64221	74897	5
64221	74948	1
64221	75383	1
64221	75385	3
64221	75390	1
64221	75394	2
64221	78898	4
64221	82096	1
64221	82282	3
64221	82677	3
64221	83285	4
64221	83287	3
64221	83291	5
64221	83294	6
64221	85055	2
64221	85221	1
64221	86855	1
64221	88020	1
64221	91205	5
64221	92315	4
64221	93730	2
64221	93869	5
64221	96117	1
64221	96322	1
64221	98159	2
64221	99310	7
64221	99311	2
64221	99313	3
64221	99314	3
64221	100323	14
64221	100324	4
64221	100572	3
64221	104118	2
64221	104803	2
64221	105743	2
64221	109109	3
64221	109111	2
64221	109905	1
64221	110357	14
64221	110359	2
64221	110825	1
64221	111412	4
64221	114069	1
64221	114358	1
64221	116330	6
64221	116655	5
64221	117232	1
64221	117235	1
64221	118646	2
64221	119089	2
64221	122612	4
64221	124212	2
64221	125126	6
64221	125582	5
64221	125584	2
64221	126533	2
64221	126556	3
64221	126613	5
64221	126614	2
64221	126618	3
64221	126621	19
64221	126742	1
64221	128004	1
64221	128011	1
64221	128033	1
64221	128035	1
64221	128036	1
64221	128048	6
64221	128066	6
64221	128071	4
64221	128074	5
64221	128084	5
64221	128087	1
64221	128115	1
64221	128239	3
64221	128241	1
64221	128751	11
64221	128797	47
64221	128804	27
64221	128805	5
64221	128807	19
64221	128810	1
64221	128817	3
64221	128832	3
64221	131373	3
64221	132293	2
64221	133004	4
64221	133030	2
64221	133655	2
64221	133832	4
64221	133861	5
64221	134851	1
64221	135501	5
64221	135730	2
64221	136540	2
64221	136689	2
64221	138619	1
64221	139192	2
64221	139959	4
64221	141840	2
64221	144271	2
64221	145508	3
64221	146643	3
64221	146644	2
64221	148313	1
64221	149773	2
64221	152096	4
64221	152099	1
64221	152101	2
64221	154993	7
64221	155002	6
64221	157133	11
64221	157217	7
64221	159998	4
64221	160378	2
64221	160536	1
64221	160539	1
64221	160542	1
64221	160545	2
64221	160546	2
64221	160547	4
64221	160554	3
64221	160555	6
64221	161120	1
64221	162733	5
64221	163362	1
64221	164208	1
64221	164737	1
64221	165553	4
64221	165677	1
64221	165889	14
64221	166074	3
64221	166580	5
64221	169119	3
64221	170847	7
64221	170849	6
64221	170851	11
64221	170855	1
64221	170860	1
64221	171579	2
64221	172284	3
64221	173204	3
64221	173695	4
64221	174543	23
64221	174544	1
64221	177141	3
64221	177932	3
64221	178463	3
64221	180697	3
64221	182781	2
64221	183217	1
66486	66488	4
66486	66490	12
66486	67217	1
66486	68312	4
66486	68396	36
66486	68398	10
66486	68400	47
66486	68401	9
66486	68404	15
66486	68406	6
66486	68410	14
66486	68412	2
66486	68433	4
66486	70746	8
66486	71039	1
66486	73198	4
66486	73202	3
66486	73671	1
66486	73970	39
66486	74891	51
66486	74893	7
66486	74897	5
66486	74945	2
66486	74948	2
66486	75383	6
66486	75385	19
66486	75390	4
66486	75394	3
66486	78898	11
66486	82282	5
66486	82677	3
66486	83285	5
66486	83287	10
66486	83291	4
66486	83294	5
66486	85055	11
66486	85221	2
66486	86019	3
66486	86312	2
66486	86855	4
66486	88020	3
66486	91205	9
66486	92315	8
66486	93730	2
66486	93869	5
66486	96117	2
66486	96322	1
66486	98159	1
66486	99310	14
66486	99311	4
66486	99313	15
66486	99314	5
66486	100323	30
66486	100324	8
66486	100570	21
66486	100572	6
66486	104118	2
66486	104803	10
66486	105743	8
66486	109109	6
66486	109111	6
66486	110357	17
66486	110359	2
66486	110825	2
66486	111412	2
66486	114069	2
66486	115032	2
66486	116330	10
66486	116655	3
66486	117232	4
66486	117235	2
66486	118646	1
66486	119089	15
66486	120433	1
66486	121313	4
66486	122612	2
66486	123253	2
66486	123507	2
66486	123932	2
66486	124212	3
66486	125126	4
66486	125582	5
66486	125584	5
66486	126526	16
66486	126533	8
66486	126556	2
66486	126613	11
66486	126614	8
66486	126618	6
66486	126621	46
66486	128004	5
66486	128011	3
66486	128033	13
66486	128035	3
66486	128036	3
66486	128048	8
66486	128066	11
66486	128071	14
66486	128074	2
66486	128084	3
66486	128087	3
66486	128115	3
66486	128239	3
66486	128241	2
66486	128751	21
66486	128797	102
66486	128804	59
66486	128805	6
66486	128807	37
66486	128810	5
66486	128817	13
66486	130689	2
66486	131373	5
66486	132293	7
66486	133030	3
66486	133655	2
66486	133832	7
66486	133861	5
66486	134851	7
66486	135501	13
66486	135730	8
66486	136540	2
66486	136689	4
66486	136690	1
66486	138406	5
66486	138619	1
66486	139192	7
66486	139959	4
66486	140876	4
66486	141840	1
66486	142560	1
66486	145508	8
66486	146643	10
66486	146644	4
66486	148313	7
66486	149762	1
66486	149772	2
66486	152096	10
66486	152099	3
66486	152101	5
66486	154993	18
66486	155002	20
66486	155061	2
66486	157133	23
66486	157217	5
66486	159998	19
66486	160378	4
66486	160536	7
66486	160539	5
66486	160542	4
66486	160545	9
66486	160546	2
66486	160547	8
66486	160554	3
66486	160555	5
66486	161120	1
66486	162733	8
66486	163362	3
66486	164208	1
66486	164734	3
66486	164737	3
66486	165553	3
66486	165677	3
66486	165889	11
66486	166074	2
66486	166580	6
66486	169119	3
66486	170847	16
66486	170849	12
66486	170851	19
66486	170855	1
66486	171579	2
66486	172127	2
66486	172284	2
66486	173192	1
66486	173204	3
66486	173695	13
66486	174543	29
66486	174544	2
66486	177141	8
66486	177932	5
66486	178199	1
66486	178463	3
66486	179773	17
66486	180155	3
66486	180697	2
66486	182781	4
66486	183217	3
66488	66490	2
66488	66527	1
66488	67217	1
66488	68312	4
66488	68396	20
66488	68398	4
66488	68400	20
66488	68401	1
66488	68404	9
66488	68406	5
66488	68410	3
66488	68433	2
66488	70746	6
66488	71039	3
66488	71040	2
66488	73198	6
66488	73970	28
66488	74891	40
66488	74893	8
66488	74897	4
66488	74945	2
66488	74948	2
66488	75383	2
66488	75385	3
66488	75390	1
66488	75394	1
66488	78898	2
66488	82096	1
66488	82282	3
66488	82677	4
66488	83285	11
66488	83287	5
66488	83291	6
66488	83294	4
66488	85055	4
66488	85221	2
66488	86019	1
66488	86855	1
66488	88020	1
66488	91205	5
66488	92315	9
66488	93730	2
66488	93869	2
66488	96117	3
66488	98159	3
66488	99310	12
66488	99313	6
66488	99314	2
66488	100323	17
66488	100324	5
66488	100570	10
66488	100572	3
66488	104118	1
66488	104803	6
66488	105743	1
66488	109109	1
66488	109111	1
66488	109905	1
66488	110357	9
66488	110359	3
66488	110825	1
66488	114069	1
66488	115032	2
66488	116330	2
66488	116655	8
66488	117232	2
66488	117235	1
66488	118646	1
66488	119089	5
66488	120433	1
66488	122612	3
66488	123253	8
66488	125126	11
66488	125582	1
66488	125584	3
66488	126526	5
66488	126533	4
66488	126556	2
66488	126613	9
66488	126614	1
66488	126618	1
66488	126621	32
66488	128004	3
66488	128011	4
66488	128033	4
66488	128035	1
66488	128036	1
66488	128048	3
66488	128066	9
66488	128071	6
66488	128074	4
66488	128087	1
66488	128751	8
66488	128797	68
66488	128804	33
66488	128805	4
66488	128807	18
66488	128810	2
66488	128817	5
66488	132293	4
66488	133004	2
66488	133030	2
66488	133832	1
66488	133861	1
66488	134851	5
66488	135501	4
66488	135730	1
66488	136540	2
66488	138406	1
66488	138619	2
66488	139192	4
66488	139959	1
66488	140876	2
66488	141840	1
66488	144271	1
66488	146643	4
66488	148313	1
66488	149762	2
66488	149772	1
66488	152096	5
66488	152099	4
66488	152101	4
66488	154993	4
66488	155002	8
66488	155061	1
66488	157133	9
66488	157217	1
66488	159998	11
66488	160378	2
66488	160536	2
66488	160539	2
66488	160542	3
66488	160545	3
66488	160546	3
66488	160547	1
66488	160555	5
66488	162733	2
66488	163362	4
66488	164737	2
66488	165677	2
66488	165889	5
66488	166074	1
66488	166580	3
66488	169119	2
66488	170847	5
66488	170849	6
66488	170851	11
66488	170855	1
66488	171579	3
66488	172127	2
66488	172284	1
66488	173192	1
66488	173204	1
66488	173695	5
66488	174543	25
66488	174544	1
66488	177141	5
66488	177932	6
66488	178463	2
66488	179773	3
66488	180697	2
66488	182781	1
66488	183217	1
66490	66527	5
66490	67217	4
66490	68312	7
66490	68396	24
66490	68398	9
66490	68400	30
66490	68401	6
66490	68404	13
66490	68406	9
66490	68410	10
66490	68412	1
66490	68433	4
66490	70746	8
66490	71039	2
66490	73198	7
66490	73202	2
66490	73671	1
66490	73970	36
66490	74891	41
66490	74893	11
66490	74897	3
66490	75383	3
66490	75385	7
66490	75390	3
66490	75394	1
66490	78898	7
66490	82096	1
66490	82282	1
66490	82677	2
66490	83285	5
66490	83287	3
66490	83291	1
66490	83294	6
66490	85055	4
66490	85221	4
66490	86019	4
66490	86312	2
66490	86855	3
66490	88020	4
66490	91205	11
66490	92315	3
66490	93730	4
66490	93869	12
66490	96117	1
66490	96322	5
66490	98159	1
66490	99310	24
66490	99311	6
66490	99313	11
66490	99314	1
66490	100323	31
66490	100324	4
66490	100570	5
66490	100572	9
66490	104118	1
66490	104803	4
66490	105743	4
66490	109109	6
66490	109111	4
66490	109905	2
66490	110357	30
66490	110359	3
66490	111412	4
66490	114069	1
66490	115032	5
66490	116330	8
66490	116655	6
66490	117232	6
66490	117235	2
66490	118646	4
66490	119089	5
66490	120433	4
66490	121313	3
66490	122612	5
66490	123932	3
66490	125126	6
66490	125582	3
66490	125584	7
66490	126526	9
66490	126533	5
66490	126556	2
66490	126613	20
66490	126614	3
66490	126618	6
66490	126621	31
66490	126742	1
66490	128004	4
66490	128011	5
66490	128033	3
66490	128035	2
66490	128036	2
66490	128048	1
66490	128066	14
66490	128071	11
66490	128074	6
66490	128084	1
66490	128087	3
66490	128115	5
66490	128239	2
66490	128241	2
66490	128751	13
66490	128797	88
66490	128804	50
66490	128805	8
66490	128807	36
66490	128817	9
66490	128832	3
66490	130689	1
66490	131373	4
66490	132293	4
66490	133004	3
66490	133030	2
66490	133655	2
66490	133832	10
66490	133861	11
66490	134851	6
66490	135501	5
66490	135730	1
66490	136540	2
66490	136689	3
66490	136690	1
66490	138406	2
66490	138619	2
66490	139192	5
66490	139959	1
66490	140876	6
66490	141840	2
66490	142560	1
66490	145508	4
66490	146643	8
66490	146644	2
66490	147535	2
66490	148313	2
66490	149773	1
66490	152096	10
66490	152099	3
66490	152101	4
66490	154993	10
66490	155002	11
66490	155061	3
66490	157133	20
66490	157217	8
66490	159998	13
66490	160378	5
66490	160536	8
66490	160539	4
66490	160542	7
66490	160545	4
66490	160546	1
66490	160547	8
66490	160554	4
66490	160555	7
66490	161120	1
66490	162733	5
66490	163362	6
66490	164208	1
66490	164734	1
66490	164737	1
66490	165553	6
66490	165677	1
66490	165684	1
66490	165889	8
66490	166074	4
66490	166580	6
66490	169119	5
66490	170847	12
66490	170849	6
66490	170851	16
66490	170855	1
66490	170860	1
66490	171579	1
66490	172127	3
66490	172284	1
66490	173192	5
66490	173204	3
66490	173695	4
66490	174543	52
66490	174544	3
66490	177141	12
66490	177932	6
66490	178199	2
66490	178463	1
66490	179773	4
66490	180697	3
66490	182781	2
66490	182898	3
66490	183217	2
66527	67217	5
66527	68312	2
66527	68396	12
66527	68398	3
66527	68400	25
66527	68401	1
66527	68404	3
66527	68410	6
66527	68433	3
66527	70746	2
66527	71039	2
66527	71040	1
66527	73198	3
66527	73202	5
66527	73671	1
66527	73970	15
66527	74891	27
66527	74893	1
66527	74897	4
66527	74945	2
66527	74948	1
66527	75383	3
66527	75385	3
66527	75390	2
66527	75394	5
66527	78898	5
66527	82282	1
66527	82677	2
66527	83287	2
66527	83291	2
66527	83294	3
66527	85055	2
66527	85221	7
66527	86019	3
66527	86312	5
66527	88020	9
66527	91205	2
66527	92315	5
66527	93730	2
66527	93869	6
66527	96117	8
66527	96322	3
66527	99310	11
66527	99311	6
66527	99313	4
66527	99314	7
66527	100323	11
66527	100324	2
66527	100572	3
66527	104803	4
66527	105743	3
66527	109109	1
66527	109111	1
66527	109905	5
66527	110357	26
66527	110359	2
66527	110825	1
66527	114069	3
66527	114358	2
66527	115032	1
66527	116330	15
66527	116655	3
66527	117232	6
66527	117235	7
66527	118646	3
66527	119089	1
66527	120433	3
66527	122612	1
66527	123932	3
66527	124212	3
66527	125126	6
66527	125582	4
66527	125584	4
66527	126526	3
66527	126533	1
66527	126613	7
66527	126614	4
66527	126618	3
66527	126621	21
66527	126742	6
66527	128004	1
66527	128011	3
66527	128035	2
66527	128036	1
66527	128048	2
66527	128066	8
66527	128071	6
66527	128074	2
66527	128084	1
66527	128087	7
66527	128115	5
66527	128239	2
66527	128241	1
66527	128751	12
66527	128797	64
66527	128804	37
66527	128805	4
66527	128807	13
66527	128810	2
66527	128817	10
66527	130689	3
66527	132293	4
66527	133004	2
66527	133030	6
66527	133655	1
66527	133832	11
66527	133861	5
66527	134851	4
66527	135501	2
66527	135730	6
66527	136540	5
66527	136689	5
66527	136690	3
66527	138406	3
66527	138619	1
66527	139192	1
66527	139959	4
66527	140876	1
66527	142560	2
66527	144271	4
66527	145508	2
66527	146643	1
66527	146644	3
66527	147535	1
66527	148313	6
66527	149762	4
66527	149772	1
66527	149773	2
66527	152096	3
66527	152099	4
66527	152101	4
66527	154993	1
66527	155002	4
66527	157133	15
66527	157217	3
66527	159998	7
66527	160378	1
66527	160539	2
66527	160542	2
66527	160545	3
66527	160547	6
66527	160554	1
66527	161120	1
66527	162733	5
66527	163362	1
66527	164208	4
66527	164734	2
66527	164737	2
66527	165553	4
66527	165684	3
66527	165889	2
66527	166074	2
66527	166580	5
66527	169119	6
66527	170847	5
66527	170849	5
66527	170851	11
66527	170855	2
66527	170860	2
66527	171579	4
66527	172127	2
66527	172284	5
66527	173192	3
66527	173204	3
66527	173695	3
66527	174543	16
66527	174544	1
66527	177141	4
66527	177932	13
66527	178463	3
66527	180155	2
66527	180697	6
66527	182898	1
66527	183217	2
67217	68312	4
67217	68396	14
67217	68398	5
67217	68400	18
67217	68401	2
67217	68404	4
67217	68406	5
67217	68410	11
67217	68433	8
67217	70746	2
67217	71039	16
67217	71040	12
67217	73198	3
67217	73202	7
67217	73671	2
67217	73970	10
67217	74891	23
67217	74893	4
67217	74897	6
67217	74945	3
67217	74948	2
67217	75383	3
67217	75390	2
67217	78898	1
67217	82096	1
67217	83285	3
67217	83287	2
67217	83291	3
67217	83294	4
67217	85055	1
67217	85221	15
67217	86019	1
67217	86855	2
67217	88020	3
67217	91205	10
67217	92315	1
67217	93869	12
67217	96117	2
67217	96322	1
67217	98159	6
67217	99310	7
67217	99311	8
67217	99313	2
67217	99314	2
67217	100323	13
67217	100324	6
67217	100570	2
67217	100572	1
67217	104118	1
67217	104803	7
67217	105743	29
67217	109109	6
67217	109111	5
67217	109905	1
67217	110357	12
67217	110359	7
67217	110825	2
67217	111412	5
67217	114069	1
67217	114358	3
67217	115032	3
67217	116330	5
67217	117232	7
67217	117235	9
67217	118646	3
67217	120433	3
67217	121313	1
67217	123507	2
67217	123932	1
67217	124212	1
67217	125126	2
67217	125582	5
67217	125584	2
67217	126526	5
67217	126533	2
67217	126556	1
67217	126613	3
67217	126614	4
67217	126618	16
67217	126621	6
67217	126742	2
67217	128011	2
67217	128036	1
67217	128048	4
67217	128066	7
67217	128071	4
67217	128074	1
67217	128087	3
67217	128115	9
67217	128241	3
67217	128751	4
67217	128797	40
67217	128804	22
67217	128805	2
67217	128807	10
67217	128810	2
67217	128817	1
67217	130689	4
67217	131373	2
67217	132293	1
67217	133004	5
67217	133030	2
67217	133655	3
67217	133832	7
67217	133861	3
67217	134851	2
67217	135501	6
67217	135730	4
67217	136689	1
67217	138406	4
67217	138619	2
67217	139192	5
67217	139959	2
67217	140876	2
67217	142560	3
67217	144271	1
67217	145508	2
67217	146643	13
67217	146644	2
67217	147535	9
67217	148313	1
67217	149762	1
67217	149772	1
67217	149773	2
67217	152096	3
67217	152099	3
67217	152101	2
67217	154993	3
67217	155002	8
67217	155061	11
67217	157133	13
67217	157217	5
67217	159998	7
67217	160536	8
67217	160539	3
67217	160542	7
67217	160545	1
67217	160546	1
67217	160547	1
67217	160554	1
67217	160555	19
67217	161120	2
67217	162733	4
67217	163362	1
67217	164734	2
67217	164737	3
67217	165553	7
67217	165677	1
67217	165684	3
67217	165889	4
67217	166074	2
67217	166580	9
67217	167326	2
67217	169119	3
67217	170847	4
67217	170849	4
67217	170851	5
67217	170855	1
67217	171579	1
67217	172127	3
67217	172284	2
67217	173192	2
67217	173695	6
67217	174543	12
67217	174544	4
67217	177141	4
67217	177932	4
67217	178199	2
67217	178463	3
67217	179773	2
67217	180155	1
67217	180697	2
67217	182781	1
67217	182898	1
67217	183217	3
68312	68396	30
68312	68398	14
68312	68400	52
68312	68401	3
68312	68404	3
68312	68406	8
68312	68410	41
68312	68433	20
68312	70746	8
68312	71039	10
68312	71040	6
68312	73198	5
68312	73202	11
68312	73671	3
68312	73970	25
68312	74891	44
68312	74893	7
68312	74897	13
68312	74945	8
68312	74948	13
68312	75383	4
68312	75385	6
68312	75390	18
68312	75394	7
68312	78898	3
68312	82096	3
68312	82282	4
68312	82677	2
68312	83285	15
68312	83287	4
68312	83291	4
68312	83294	14
68312	85055	5
68312	85221	6
68312	86019	6
68312	86312	7
68312	86855	8
68312	88020	2
68312	91205	30
68312	92315	2
68312	93730	5
68312	93869	19
68312	96117	6
68312	96322	8
68312	98159	8
68312	99310	22
68312	99311	9
68312	99313	27
68312	99314	11
68312	100323	39
68312	100324	2
68312	100570	4
68312	100572	5
68312	104118	6
68312	104803	4
68312	105743	14
68312	109109	4
68312	109111	6
68312	109905	5
68312	110357	75
68312	110359	20
68312	110825	3
68312	111412	7
68312	114069	15
68312	114358	5
68312	115032	7
68312	116330	32
68312	116655	8
68312	117232	17
68312	117235	11
68312	118646	2
68312	119089	11
68312	120433	11
68312	121313	3
68312	122612	4
68312	123253	1
68312	123507	3
68312	123932	7
68312	124212	3
68312	125126	1
68312	125582	7
68312	125584	7
68312	126526	15
68312	126533	13
68312	126613	10
68312	126614	4
68312	126618	7
68312	126621	23
68312	126742	3
68312	128004	3
68312	128011	6
68312	128033	3
68312	128035	1
68312	128048	6
68312	128066	4
68312	128071	7
68312	128074	1
68312	128084	1
68312	128087	4
68312	128115	7
68312	128239	2
68312	128241	7
68312	128751	16
68312	128797	129
68312	128804	87
68312	128805	5
68312	128807	68
68312	128810	8
68312	128817	38
68312	128832	4
68312	130689	4
68312	131373	5
68312	132293	3
68312	133004	5
68312	133030	4
68312	133655	3
68312	133832	41
68312	133861	9
68312	134851	7
68312	135730	1
68312	136540	6
68312	136689	18
68312	136690	15
68312	138406	21
68312	138619	3
68312	139192	4
68312	139959	2
68312	140876	10
68312	142560	7
68312	144271	2
68312	145508	9
68312	146643	9
68312	146644	1
68312	147535	9
68312	148313	12
68312	149762	5
68312	149772	2
68312	149773	4
68312	152096	11
68312	152099	7
68312	152101	5
68312	154993	7
68312	155002	11
68312	155061	1
68312	157133	21
68312	157217	22
68312	159998	8
68312	160378	3
68312	160536	3
68312	160539	5
68312	160542	3
68312	160545	3
68312	160546	3
68312	160547	4
68312	160554	2
68312	160555	25
68312	162733	6
68312	163362	4
68312	164208	3
68312	164734	11
68312	164737	16
68312	165553	10
68312	165677	5
68312	165684	4
68312	165889	8
68312	166074	11
68312	166580	12
68312	167326	5
68312	169119	7
68312	170847	13
68312	170849	15
68312	170851	32
68312	170855	8
68312	170860	1
68312	171579	8
68312	172127	13
68312	172284	3
68312	173192	5
68312	173204	1
68312	173695	7
68312	174543	33
68312	174544	4
68312	177141	31
68312	177932	7
68312	178199	6
68312	178463	8
68312	179773	2
68312	180155	4
68312	180697	5
68312	182781	1
68312	182898	1
68312	183217	12
68396	68398	51
68396	68400	249
68396	68401	32
68396	68404	31
68396	68406	29
68396	68410	82
68396	68412	8
68396	68433	33
68396	70746	32
68396	71039	13
68396	71040	12
68396	73198	33
68396	73202	19
68396	73671	15
68396	73970	148
68396	74891	270
68396	74893	42
68396	74897	27
68396	74945	29
68396	74948	18
68396	75383	22
68396	75385	56
68396	75390	42
68396	75394	37
68396	78898	61
68396	82096	14
68396	82282	23
68396	82677	22
68396	83285	41
68396	83287	38
68396	83291	27
68396	83294	37
68396	85055	17
68396	85221	20
68396	86019	24
68396	86312	14
68396	86855	29
68396	88020	16
68396	91205	52
68396	92315	28
68396	93730	22
68396	93869	52
68396	96117	15
68396	96322	10
68396	98159	28
68396	99310	97
68396	99311	21
68396	99313	63
68396	99314	24
68396	100323	158
68396	100324	22
68396	100570	36
68396	100572	20
68396	104118	3
68396	104803	58
68396	105743	59
68396	109109	24
68396	109111	26
68396	109905	15
68396	110357	149
68396	110359	28
68396	110825	21
68396	111412	17
68396	114069	23
68396	114358	10
68396	115032	16
68396	116330	55
68396	116655	27
68396	117232	26
68396	117235	32
68396	118646	13
68396	119089	9
68396	120433	8
68396	121313	8
68396	122612	20
68396	123253	20
68396	123507	7
68396	123932	17
68396	124212	4
68396	125126	23
68396	125582	32
68396	125584	28
68396	126526	57
68396	126533	31
68396	126556	21
68396	126613	97
68396	126614	27
68396	126618	42
68396	126621	164
68396	126742	9
68396	128004	26
68396	128011	29
68396	128033	21
68396	128035	12
68396	128036	11
68396	128048	27
68396	128066	52
68396	128071	53
68396	128074	20
68396	128084	15
68396	128087	25
68396	128115	39
68396	128239	11
68396	128241	13
68396	128751	93
68396	128797	546
68396	128804	303
68396	128805	29
68396	128807	141
68396	128810	16
68396	128817	69
68396	128832	14
68396	130689	12
68396	131373	32
68396	132293	40
68396	133004	12
68396	133030	18
68396	133655	17
68396	133832	74
68396	133861	25
68396	134851	40
68396	135501	26
68396	135730	27
68396	136540	9
68396	136689	20
68396	136690	19
68396	138406	23
68396	138619	24
68396	139192	23
68396	139959	14
68396	140876	15
68396	141840	10
68396	142560	16
68396	144271	7
68396	145508	28
68396	146643	62
68396	146644	16
68396	147535	14
68396	148313	25
68396	149762	18
68396	149772	9
68396	149773	4
68396	152096	68
68396	152099	42
68396	152101	34
68396	154993	58
68396	155002	49
68396	155061	16
68396	157133	113
68396	157217	40
68396	159998	57
68396	160378	18
68396	160536	29
68396	160539	26
68396	160542	18
68396	160545	23
68396	160546	10
68396	160547	25
68396	160554	19
68396	160555	54
68396	161120	7
68396	162733	37
68396	163362	18
68396	164208	13
68396	164734	12
68396	164737	34
68396	165553	23
68396	165677	11
68396	165684	10
68396	165889	39
68396	166074	16
68396	166580	40
68396	167326	5
68396	169119	22
68396	170847	64
68396	170849	52
68396	170851	91
68396	170855	11
68396	170860	6
68396	171579	14
68396	172127	15
68396	172284	13
68396	173192	23
68396	173204	25
68396	173695	30
68396	174543	136
68396	174544	25
68396	177141	55
68396	177932	36
68396	178199	12
68396	178463	19
68396	179773	36
68396	180155	10
68396	180697	17
68396	182781	14
68396	182898	6
68396	183217	18
68398	68400	35
68398	68401	3
68398	68404	7
68398	68406	9
68398	68410	15
68398	68412	2
68398	68433	15
68398	70746	7
68398	71039	10
68398	71040	9
68398	73198	3
68398	73202	7
68398	73671	2
68398	73970	21
68398	74891	35
68398	74893	11
68398	74897	10
68398	74945	5
68398	74948	5
68398	75383	5
68398	75385	16
68398	75390	15
68398	75394	9
68398	78898	11
68398	82096	1
68398	82282	1
68398	82677	3
68398	83285	7
68398	83287	5
68398	83291	5
68398	83294	10
68398	85055	3
68398	85221	13
68398	86019	5
68398	86312	7
68398	86855	2
68398	88020	4
68398	91205	8
68398	92315	3
68398	93730	3
68398	93869	15
68398	96117	3
68398	96322	3
68398	98159	10
68398	99310	23
68398	99311	11
68398	99313	6
68398	99314	6
68398	100323	33
68398	100324	12
68398	100570	6
68398	100572	3
68398	104118	7
68398	104803	10
68398	105743	21
68398	109109	7
68398	109111	5
68398	109905	7
68398	110357	28
68398	110359	11
68398	110825	9
68398	111412	5
68398	114069	6
68398	114358	4
68398	115032	1
68398	116330	14
68398	116655	4
68398	117232	11
68398	117235	21
68398	118646	8
68398	119089	2
68398	120433	8
68398	121313	2
68398	122612	6
68398	123253	4
68398	123507	4
68398	123932	3
68398	124212	1
68398	125126	2
68398	125582	6
68398	125584	6
68398	126526	10
68398	126533	14
68398	126556	1
68398	126613	17
68398	126614	3
68398	126618	13
68398	126621	20
68398	126742	1
68398	128004	5
68398	128011	4
68398	128033	5
68398	128035	1
68398	128036	1
68398	128048	5
68398	128066	5
68398	128071	16
68398	128074	1
68398	128084	3
68398	128087	2
68398	128115	8
68398	128239	3
68398	128241	7
68398	128751	16
68398	128797	107
68398	128804	55
68398	128805	3
68398	128807	23
68398	128810	4
68398	128817	19
68398	128832	2
68398	130689	2
68398	131373	12
68398	132293	4
68398	133004	5
68398	133030	3
68398	133655	2
68398	133832	17
68398	133861	7
68398	134851	3
68398	135501	1
68398	135730	1
68398	136540	5
68398	136689	8
68398	136690	4
68398	138406	8
68398	138619	5
68398	139192	2
68398	139959	5
68398	140876	5
68398	142560	5
68398	144271	3
68398	145508	4
68398	146643	21
68398	146644	4
68398	147535	8
68398	148313	1
68398	149762	1
68398	149772	2
68398	149773	1
68398	152096	8
68398	152099	8
68398	152101	4
68398	154993	18
68398	155002	12
68398	155061	5
68398	157133	26
68398	157217	4
68398	159998	10
68398	160378	2
68398	160536	12
68398	160539	3
68398	160542	9
68398	160545	4
68398	160546	1
68398	160547	5
68398	160554	2
68398	160555	16
68398	161120	1
68398	162733	4
68398	163362	2
68398	164208	3
68398	164734	3
68398	164737	16
68398	165553	4
68398	165677	2
68398	165684	5
68398	165889	14
68398	166074	2
68398	166580	4
68398	167326	3
68398	169119	6
68398	170847	9
68398	170849	7
68398	170851	16
68398	170855	2
68398	170860	5
68398	171579	4
68398	172127	2
68398	173192	5
68398	173204	2
68398	173695	10
68398	174543	32
68398	174544	6
68398	177141	7
68398	177932	9
68398	178199	4
68398	178463	4
68398	179773	8
68398	180155	1
68398	180697	4
68398	182781	6
68398	182898	4
68398	183217	8
68400	68401	32
68400	68404	37
68400	68406	27
68400	68410	100
68400	68412	11
68400	68433	32
68400	70746	48
68400	71039	19
68400	71040	14
68400	73198	41
68400	73202	18
68400	73671	14
68400	73970	169
68400	74891	306
68400	74893	50
68400	74897	29
68400	74945	14
68400	74948	21
68400	75383	18
68400	75385	45
68400	75390	54
68400	75394	28
68400	78898	67
68400	82096	9
68400	82282	17
68400	82677	15
68400	83285	40
68400	83287	33
68400	83291	28
68400	83294	38
68400	85055	18
68400	85221	23
68400	86019	18
68400	86312	24
68400	86855	31
68400	88020	16
68400	91205	53
68400	92315	24
68400	93730	13
68400	93869	56
68400	96117	17
68400	96322	14
68400	98159	16
68400	99310	112
68400	99311	21
68400	99313	54
68400	99314	26
68400	100323	168
68400	100324	31
68400	100570	43
68400	100572	18
68400	104118	10
68400	104803	49
68400	105743	59
68400	109109	26
68400	109111	24
68400	109905	16
68400	110357	172
68400	110359	34
68400	110825	11
68400	111412	17
68400	114069	21
68400	114358	14
68400	115032	12
68400	116330	81
68400	116655	50
68400	117232	30
68400	117235	33
68400	118646	12
68400	119089	19
68400	120433	13
68400	121313	13
68400	122612	24
68400	123253	10
68400	123507	8
68400	123932	18
68400	124212	11
68400	125126	31
68400	125582	50
68400	125584	52
68400	126526	53
68400	126533	24
68400	126556	22
68400	126613	112
68400	126614	35
68400	126618	43
68400	126621	175
68400	126742	18
68400	128004	23
68400	128011	35
68400	128033	32
68400	128035	18
68400	128036	13
68400	128048	44
68400	128066	63
68400	128071	56
68400	128074	14
68400	128084	18
68400	128087	21
68400	128115	39
68400	128239	23
68400	128241	7
68400	128751	94
68400	128797	616
68400	128804	317
68400	128805	36
68400	128807	157
68400	128810	20
68400	128817	91
68400	128832	13
68400	130689	18
68400	131373	25
68400	132293	35
68400	133004	13
68400	133030	21
68400	133655	18
68400	133832	73
68400	133861	41
68400	134851	29
68400	135501	32
68400	135730	31
68400	136540	17
68400	136689	26
68400	136690	15
68400	138406	27
68400	138619	15
68400	139192	26
68400	139959	23
68400	140876	13
68400	141840	12
68400	142560	26
68400	144271	11
68400	145508	33
68400	146643	58
68400	146644	18
68400	147535	10
68400	148313	38
68400	149762	16
68400	149772	10
68400	149773	3
68400	152096	63
68400	152099	48
68400	152101	47
68400	154993	59
68400	155002	60
68400	155061	13
68400	157133	113
68400	157217	45
68400	159998	83
68400	160378	19
68400	160536	26
68400	160539	25
68400	160542	27
68400	160545	33
68400	160546	14
68400	160547	34
68400	160554	20
68400	160555	65
68400	161120	6
68400	162733	38
68400	163362	18
68400	164208	15
68400	164734	20
68400	164737	28
68400	165553	21
68400	165677	17
68400	165684	12
68400	165889	49
68400	166074	14
68400	166580	34
68400	167326	4
68400	169119	33
68400	170847	79
68400	170849	65
68400	170851	105
68400	170855	9
68400	170860	11
68400	171579	13
68400	172127	22
68400	172284	11
68400	173192	23
68400	173204	23
68400	173695	42
68400	174543	151
68400	174544	30
68400	177141	49
68400	177932	32
68400	178199	14
68400	178463	26
68400	179773	28
68400	180155	9
68400	180697	15
68400	182781	16
68400	182898	10
68400	183217	27
68401	68404	12
68401	68406	7
68401	68410	11
68401	68412	1
68401	70746	3
68401	71039	2
68401	71040	1
68401	73198	4
68401	73202	2
68401	73671	1
68401	73970	32
68401	74891	35
68401	74893	11
68401	74897	3
68401	74945	2
68401	75383	1
68401	75385	9
68401	75390	6
68401	75394	4
68401	78898	8
68401	82282	4
68401	83285	3
68401	83287	7
68401	83291	1
68401	83294	3
68401	85055	6
68401	85221	3
68401	86019	2
68401	86312	2
68401	86855	1
68401	88020	1
68401	91205	7
68401	92315	6
68401	93730	1
68401	93869	5
68401	96322	2
68401	98159	1
68401	99310	14
68401	99311	3
68401	99313	6
68401	99314	1
68401	100323	18
68401	100324	1
68401	100570	9
68401	100572	3
68401	104803	7
68401	105743	5
68401	109111	1
68401	109905	1
68401	110357	17
68401	110359	4
68401	110825	6
68401	111412	3
68401	114069	1
68401	116330	10
68401	116655	3
68401	117232	2
68401	119089	5
68401	120433	1
68401	121313	2
68401	122612	1
68401	123932	1
68401	124212	1
68401	125126	11
68401	125582	4
68401	125584	2
68401	126526	6
68401	126533	7
68401	126556	1
68401	126613	10
68401	126614	3
68401	126618	4
68401	126621	41
68401	128004	8
68401	128011	1
68401	128033	4
68401	128035	4
68401	128036	3
68401	128048	3
68401	128066	10
68401	128071	3
68401	128074	4
68401	128084	1
68401	128115	3
68401	128239	1
68401	128241	1
68401	128751	15
68401	128797	76
68401	128804	34
68401	128805	3
68401	128807	16
68401	128810	1
68401	128817	7
68401	128832	1
68401	130689	2
68401	131373	4
68401	132293	5
68401	133004	3
68401	133655	1
68401	133832	8
68401	133861	3
68401	134851	4
68401	135501	19
68401	135730	6
68401	136689	1
68401	136690	2
68401	138406	2
68401	139192	5
68401	139959	2
68401	140876	1
68401	142560	2
68401	144271	2
68401	145508	3
68401	146643	6
68401	146644	2
68401	148313	6
68401	149762	2
68401	152096	7
68401	152099	7
68401	152101	2
68401	154993	10
68401	155002	9
68401	155061	1
68401	157133	11
68401	157217	5
68401	159998	8
68401	160378	8
68401	160536	4
68401	160539	4
68401	160542	3
68401	160545	2
68401	160546	2
68401	160547	2
68401	160554	1
68401	160555	6
68401	162733	4
68401	163362	1
68401	164734	1
68401	164737	3
68401	165553	4
68401	165889	7
68401	166074	1
68401	166580	3
68401	167326	1
68401	169119	2
68401	170847	6
68401	170849	7
68401	170851	8
68401	170855	3
68401	172127	1
68401	173192	1
68401	173204	1
68401	173695	17
68401	174543	25
68401	174544	2
68401	177141	8
68401	177932	2
68401	178199	2
68401	178463	2
68401	179773	5
68401	183217	3
68404	68406	23
68404	68410	8
68404	68412	3
68404	68433	4
68404	70746	6
68404	71039	4
68404	71040	2
68404	73198	6
68404	73202	5
68404	73671	4
68404	73970	43
68404	74891	46
68404	74893	11
68404	74897	5
68404	74945	1
68404	74948	2
68404	75383	2
68404	75385	5
68404	75390	13
68404	75394	1
68404	78898	9
68404	82096	5
68404	82282	6
68404	82677	3
68404	83285	7
68404	83287	6
68404	83291	8
68404	83294	5
68404	85055	6
68404	85221	5
68404	86019	3
68404	86312	4
68404	86855	5
68404	88020	3
68404	91205	12
68404	92315	12
68404	93730	3
68404	93869	7
68404	96117	2
68404	96322	4
68404	99310	15
68404	99311	5
68404	99313	20
68404	99314	5
68404	100323	30
68404	100324	4
68404	100570	4
68404	100572	5
68404	104118	6
68404	104803	6
68404	105743	5
68404	109109	5
68404	109111	7
68404	109905	1
68404	110357	27
68404	110359	7
68404	110825	1
68404	111412	1
68404	114069	1
68404	114358	2
68404	115032	1
68404	116330	16
68404	116655	2
68404	117232	3
68404	117235	4
68404	118646	4
68404	120433	3
68404	121313	2
68404	122612	1
68404	123253	10
68404	123932	4
68404	125126	14
68404	125582	4
68404	125584	6
68404	126526	11
68404	126533	6
68404	126613	21
68404	126614	6
68404	126618	8
68404	126621	31
68404	126742	1
68404	128004	10
68404	128011	7
68404	128033	1
68404	128035	3
68404	128036	3
68404	128048	7
68404	128066	11
68404	128071	10
68404	128074	6
68404	128084	3
68404	128087	1
68404	128115	7
68404	128239	4
68404	128241	4
68404	128751	13
68404	128797	88
68404	128804	53
68404	128805	9
68404	128807	28
68404	128817	8
68404	130689	4
68404	131373	4
68404	132293	7
68404	133004	2
68404	133030	4
68404	133832	14
68404	133861	5
68404	134851	9
68404	135501	9
68404	135730	3
68404	136540	1
68404	136689	4
68404	138406	4
68404	138619	2
68404	139959	4
68404	140876	4
68404	141840	2
68404	142560	2
68404	144271	1
68404	145508	4
68404	146643	7
68404	146644	8
68404	147535	2
68404	148313	3
68404	149762	2
68404	149772	1
68404	149773	1
68404	152096	8
68404	152099	7
68404	152101	7
68404	154993	6
68404	155002	19
68404	155061	2
68404	157133	16
68404	157217	12
68404	159998	7
68404	160378	5
68404	160536	4
68404	160539	4
68404	160542	3
68404	160545	3
68404	160546	1
68404	160547	4
68404	160554	3
68404	160555	5
68404	161120	1
68404	162733	7
68404	163362	3
68404	164208	2
68404	164734	1
68404	164737	5
68404	165553	6
68404	165684	3
68404	165889	13
68404	166074	3
68404	166580	7
68404	167326	2
68404	169119	4
68404	170847	6
68404	170849	9
68404	170851	15
68404	170855	3
68404	170860	2
68404	171579	1
68404	172127	4
68404	172284	4
68404	173192	4
68404	173695	3
68404	174543	45
68404	174544	7
68404	177141	8
68404	177932	3
68404	178199	2
68404	178463	3
68404	179773	6
68404	180155	2
68404	180697	2
68404	182781	2
68404	182898	1
68404	183217	3
68406	68410	12
68406	68412	2
68406	68433	7
68406	70746	6
68406	71039	3
68406	71040	3
68406	73198	7
68406	73202	7
68406	73671	1
68406	73970	21
68406	74891	30
68406	74893	8
68406	74897	5
68406	74945	4
68406	74948	1
68406	75383	2
68406	75385	5
68406	75390	3
68406	75394	5
68406	78898	8
68406	82096	3
68406	82282	3
68406	82677	2
68406	83285	3
68406	83287	7
68406	83291	3
68406	83294	3
68406	85055	9
68406	85221	3
68406	86019	2
68406	86312	1
68406	86855	4
68406	88020	1
68406	91205	5
68406	92315	10
68406	93869	10
68406	96117	2
68406	96322	1
68406	98159	2
68406	99310	9
68406	99311	2
68406	99313	11
68406	99314	4
68406	100323	21
68406	100324	5
68406	100570	5
68406	100572	5
68406	104118	3
68406	104803	7
68406	105743	9
68406	109109	6
68406	109111	9
68406	109905	1
68406	110357	18
68406	110359	6
68406	110825	2
68406	111412	3
68406	114069	6
68406	114358	1
68406	115032	2
68406	116330	4
68406	116655	3
68406	117232	2
68406	117235	4
68406	118646	3
68406	119089	3
68406	120433	2
68406	123253	2
68406	123932	5
68406	125126	2
68406	125582	3
68406	125584	4
68406	126526	9
68406	126533	3
68406	126556	2
68406	126613	10
68406	126614	7
68406	126618	5
68406	126621	19
68406	128004	6
68406	128011	4
68406	128033	3
68406	128035	4
68406	128036	1
68406	128048	6
68406	128066	10
68406	128071	7
68406	128074	2
68406	128084	1
68406	128087	1
68406	128115	10
68406	128239	2
68406	128241	2
68406	128751	8
68406	128797	66
68406	128804	38
68406	128805	11
68406	128807	22
68406	128810	3
68406	128817	5
68406	130689	3
68406	131373	6
68406	132293	3
68406	133004	1
68406	133030	3
68406	133655	1
68406	133832	5
68406	133861	4
68406	134851	6
68406	135501	2
68406	135730	3
68406	136540	1
68406	136689	1
68406	136690	3
68406	138406	3
68406	138619	2
68406	139192	2
68406	139959	2
68406	140876	1
68406	141840	1
68406	142560	2
68406	144271	1
68406	145508	2
68406	146643	15
68406	146644	5
68406	148313	4
68406	149773	2
68406	152096	10
68406	152099	5
68406	152101	6
68406	154993	9
68406	155002	10
68406	155061	4
68406	157133	15
68406	157217	13
68406	159998	9
68406	160378	4
68406	160536	6
68406	160539	11
68406	160542	6
68406	160545	5
68406	160547	2
68406	160554	2
68406	160555	9
68406	161120	1
68406	162733	4
68406	163362	1
68406	164734	2
68406	164737	3
68406	165553	5
68406	165684	2
68406	165889	9
68406	166074	3
68406	166580	8
68406	167326	2
68406	169119	1
68406	170847	6
68406	170849	11
68406	170851	11
68406	170855	1
68406	171579	2
68406	172127	7
68406	172284	4
68406	173192	4
68406	173695	3
68406	174543	25
68406	174544	1
68406	177141	5
68406	177932	3
68406	178199	2
68406	178463	2
68406	179773	3
68406	180155	1
68406	180697	1
68406	182781	1
68406	183217	5
68410	68412	8
68410	68433	24
68410	70746	14
68410	71039	17
68410	71040	7
68410	73198	8
68410	73202	7
68410	73671	10
68410	73970	49
68410	74891	81
68410	74893	11
68410	74897	12
68410	74945	9
68410	74948	12
68410	75383	5
68410	75385	8
68410	75390	29
68410	75394	14
68410	78898	11
68410	82096	6
68410	82282	1
68410	82677	2
68410	83285	12
68410	83287	10
68410	83291	13
68410	83294	14
68410	85055	8
68410	85221	15
68410	86019	19
68410	86312	25
68410	86855	10
68410	88020	7
68410	91205	35
68410	92315	7
68410	93730	6
68410	93869	39
68410	96117	9
68410	96322	8
68410	98159	12
68410	99310	36
68410	99311	8
68410	99313	30
68410	99314	20
68410	100323	55
68410	100324	16
68410	100570	13
68410	100572	4
68410	104118	4
68410	104803	10
68410	105743	27
68410	109109	8
68410	109111	9
68410	109905	11
68410	110357	99
68410	110359	22
68410	110825	9
68410	111412	11
68410	114069	21
68410	114358	4
68410	115032	11
68410	116330	51
68410	116655	13
68410	117232	23
68410	117235	17
68410	118646	5
68410	119089	13
68410	120433	8
68410	121313	5
68410	122612	2
68410	123253	1
68410	123507	1
68410	123932	9
68410	124212	3
68410	125126	8
68410	125582	17
68410	125584	15
68410	126526	11
68410	126533	10
68410	126556	4
68410	126613	30
68410	126614	7
68410	126618	6
68410	126621	64
68410	126742	11
68410	128004	2
68410	128011	18
68410	128033	4
68410	128035	2
68410	128036	2
68410	128048	8
68410	128066	12
68410	128071	21
68410	128074	1
68410	128084	4
68410	128087	11
68410	128115	23
68410	128239	7
68410	128241	13
68410	128751	23
68410	128797	211
68410	128804	100
68410	128805	5
68410	128807	82
68410	128810	11
68410	128817	62
68410	128832	9
68410	130689	16
68410	131373	11
68410	132293	5
68410	133004	12
68410	133030	4
68410	133655	14
68410	133832	54
68410	133861	9
68410	134851	14
68410	135501	8
68410	135730	17
68410	136540	3
68410	136689	13
68410	136690	14
68410	138406	25
68410	138619	12
68410	139192	12
68410	139959	1
68410	140876	12
68410	141840	2
68410	142560	11
68410	144271	6
68410	145508	11
68410	146643	15
68410	146644	2
68410	147535	9
68410	148313	19
68410	149762	6
68410	149772	10
68410	149773	5
68410	152096	15
68410	152099	18
68410	152101	10
68410	154993	8
68410	155002	17
68410	155061	4
68410	157133	41
68410	157217	19
68410	159998	20
68410	160378	7
68410	160536	6
68410	160539	10
68410	160542	5
68410	160545	7
68410	160546	4
68410	160547	8
68410	160554	1
68410	160555	39
68410	161120	3
68410	162733	8
68410	163362	8
68410	164208	10
68410	164734	15
68410	164737	29
68410	165553	11
68410	165677	9
68410	165684	6
68410	165889	17
68410	166074	10
68410	166580	21
68410	167326	10
68410	169119	9
68410	170847	29
68410	170849	23
68410	170851	46
68410	170855	9
68410	170860	2
68410	171579	2
68410	172127	15
68410	172284	10
68410	173192	7
68410	173204	5
68410	173695	29
68410	174543	60
68410	174544	10
68410	177141	29
68410	177932	9
68410	178199	16
68410	178463	6
68410	179773	4
68410	180155	3
68410	180697	4
68410	182781	7
68410	182898	4
68410	183217	21
68412	68433	4
68412	70746	3
68412	71039	1
68412	71040	1
68412	73198	1
68412	73970	6
68412	74891	18
68412	74893	1
68412	74897	2
68412	74945	4
68412	74948	1
68412	75383	1
68412	75385	1
68412	75390	10
68412	78898	19
68412	82096	1
68412	82677	4
68412	83285	3
68412	83287	1
68412	83291	18
68412	83294	4
68412	85055	1
68412	85221	3
68412	86019	6
68412	86312	3
68412	86855	4
68412	88020	1
68412	91205	2
68412	92315	2
68412	93869	4
68412	98159	1
68412	99310	6
68412	99313	11
68412	99314	2
68412	100323	9
68412	100324	2
68412	100572	1
68412	104118	5
68412	104803	2
68412	105743	3
68412	110357	23
68412	110359	2
68412	111412	2
68412	114069	3
68412	114358	3
68412	116330	14
68412	116655	1
68412	117232	3
68412	117235	1
68412	119089	1
68412	120433	1
68412	121313	1
68412	122612	5
68412	123253	1
68412	123507	2
68412	123932	5
68412	124212	2
68412	125126	1
68412	125582	2
68412	125584	3
68412	126526	1
68412	126556	19
68412	126613	7
68412	126614	2
68412	126618	1
68412	126621	12
68412	128004	3
68412	128033	11
68412	128035	3
68412	128048	15
68412	128066	7
68412	128071	10
68412	128074	2
68412	128084	18
68412	128087	4
68412	128115	9
68412	128239	31
68412	128241	1
68412	128751	5
68412	128797	45
68412	128804	21
68412	128805	1
68412	128807	7
68412	128817	14
68412	128832	1
68412	130689	1
68412	132293	2
68412	133004	1
68412	133655	2
68412	133832	11
68412	133861	2
68412	134851	2
68412	135501	1
68412	136540	1
68412	136689	1
68412	138406	5
68412	139192	1
68412	139959	1
68412	141840	2
68412	142560	5
68412	145508	12
68412	147535	1
68412	148313	7
68412	149762	1
68412	149772	3
68412	149773	1
68412	152096	9
68412	152099	6
68412	152101	5
68412	154993	4
68412	155002	3
68412	155061	2
68412	157133	5
68412	157217	5
68412	159998	2
68412	160536	2
68412	160539	1
68412	160545	7
68412	160547	2
68412	160555	6
68412	161120	2
68412	162733	1
68412	163362	3
68412	164208	2
68412	164734	1
68412	164737	1
68412	165684	3
68412	165889	6
68412	166074	2
68412	166580	1
68412	169119	1
68412	170847	33
68412	170849	6
68412	170851	12
68412	170855	3
68412	170860	2
68412	171579	1
68412	172127	2
68412	172284	2
68412	173192	2
68412	173204	14
68412	174543	8
68412	174544	3
68412	177141	2
68412	177932	1
68412	178199	1
68412	179773	1
68412	180155	2
68412	180697	1
68412	182781	1
68412	182898	2
68412	183217	2
68433	70746	9
68433	71039	16
68433	71040	12
68433	73198	3
68433	73202	7
68433	73671	3
68433	73970	13
68433	74891	30
68433	74893	8
68433	74897	8
68433	74945	17
68433	74948	9
68433	75383	4
68433	75385	4
68433	75390	25
68433	75394	7
68433	78898	4
68433	82096	3
68433	82282	1
68433	83285	5
68433	83287	2
68433	83291	8
68433	83294	13
68433	85055	3
68433	85221	15
68433	86019	20
68433	86312	10
68433	86855	3
68433	88020	2
68433	91205	19
68433	92315	2
68433	93730	2
68433	93869	38
68433	96117	6
68433	96322	9
68433	98159	12
68433	99310	18
68433	99311	2
68433	99313	14
68433	99314	11
68433	100323	33
68433	100324	8
68433	100570	2
68433	100572	2
68433	104118	1
68433	104803	5
68433	105743	19
68433	109109	2
68433	109111	2
68433	109905	7
68433	110357	50
68433	110359	12
68433	110825	5
68433	111412	5
68433	114069	13
68433	114358	4
68433	115032	3
68433	116330	32
68433	116655	9
68433	117232	22
68433	117235	23
68433	118646	6
68433	119089	1
68433	120433	7
68433	121313	3
68433	122612	6
68433	123507	4
68433	123932	6
68433	124212	3
68433	125126	1
68433	125582	8
68433	125584	8
68433	126526	12
68433	126533	3
68433	126556	5
68433	126613	9
68433	126614	1
68433	126618	5
68433	126621	18
68433	126742	6
68433	128004	2
68433	128011	1
68433	128033	2
68433	128035	2
68433	128036	1
68433	128048	4
68433	128066	3
68433	128071	11
68433	128074	2
68433	128084	1
68433	128087	8
68433	128115	23
68433	128239	5
68433	128241	8
68433	128751	15
68433	128797	114
68433	128804	62
68433	128805	5
68433	128807	28
68433	128810	6
68433	128817	37
68433	128832	1
68433	130689	4
68433	131373	6
68433	132293	2
68433	133004	5
68433	133030	8
68433	133655	2
68433	133832	30
68433	133861	7
68433	134851	4
68433	135730	4
68433	136540	1
68433	136689	5
68433	136690	7
68433	138406	15
68433	138619	6
68433	139192	4
68433	139959	3
68433	140876	3
68433	141840	1
68433	142560	3
68433	144271	2
68433	145508	3
68433	146643	8
68433	147535	9
68433	148313	11
68433	149762	2
68433	149772	7
68433	149773	9
68433	152096	10
68433	152099	4
68433	152101	6
68433	154993	4
68433	155002	5
68433	155061	2
68433	157133	25
68433	157217	14
68433	159998	9
68433	160378	1
68433	160536	1
68433	160539	7
68433	160542	4
68433	160545	3
68433	160546	3
68433	160547	4
68433	160554	3
68433	160555	28
68433	161120	8
68433	162733	1
68433	163362	3
68433	164208	3
68433	164734	11
68433	164737	14
68433	165553	3
68433	165677	4
68433	165684	9
68433	165889	6
68433	166074	9
68433	166580	9
68433	167326	5
68433	169119	6
68433	170847	12
68433	170849	10
68433	170851	31
68433	170855	6
68433	170860	4
68433	171579	2
68433	172127	9
68433	172284	2
68433	173192	3
68433	173204	1
68433	173695	3
68433	174543	16
68433	174544	4
68433	177141	19
68433	177932	7
68433	178199	9
68433	178463	4
68433	179773	4
68433	180155	2
68433	180697	3
68433	182781	2
68433	182898	5
68433	183217	15
70746	71039	5
70746	71040	2
70746	73198	9
70746	73202	2
70746	73671	3
70746	73970	38
70746	74891	58
70746	74893	12
70746	74897	8
70746	74945	2
70746	74948	2
70746	75383	5
70746	75385	17
70746	75390	11
70746	75394	7
70746	78898	13
70746	82096	1
70746	82282	13
70746	82677	5
70746	83285	8
70746	83287	8
70746	83291	6
70746	83294	13
70746	85055	4
70746	85221	1
70746	86019	14
70746	86312	7
70746	86855	5
70746	88020	2
70746	91205	10
70746	92315	4
70746	93730	6
70746	93869	23
70746	96117	4
70746	96322	1
70746	98159	3
70746	99310	28
70746	99311	6
70746	99313	13
70746	99314	5
70746	100323	34
70746	100324	5
70746	100570	6
70746	100572	3
70746	104118	1
70746	104803	13
70746	105743	21
70746	109109	9
70746	109111	5
70746	109905	2
70746	110357	42
70746	110359	8
70746	110825	4
70746	111412	1
70746	114069	9
70746	114358	2
70746	115032	6
70746	116330	20
70746	116655	1
70746	117232	6
70746	117235	12
70746	118646	5
70746	119089	5
70746	121313	2
70746	122612	6
70746	123253	5
70746	123932	3
70746	124212	3
70746	125126	9
70746	125582	9
70746	125584	11
70746	126526	10
70746	126533	6
70746	126556	10
70746	126613	17
70746	126614	6
70746	126618	10
70746	126621	39
70746	126742	6
70746	128004	1
70746	128011	6
70746	128033	8
70746	128035	4
70746	128036	2
70746	128048	7
70746	128066	11
70746	128071	13
70746	128074	2
70746	128084	7
70746	128087	3
70746	128115	8
70746	128239	6
70746	128241	6
70746	128751	24
70746	128797	124
70746	128804	86
70746	128805	5
70746	128807	27
70746	128810	3
70746	128817	22
70746	128832	3
70746	130689	5
70746	131373	4
70746	132293	8
70746	133004	5
70746	133030	5
70746	133655	3
70746	133832	15
70746	133861	11
70746	134851	7
70746	135501	4
70746	135730	3
70746	136540	2
70746	136689	8
70746	136690	2
70746	138406	3
70746	138619	3
70746	139192	4
70746	139959	6
70746	140876	4
70746	141840	3
70746	142560	2
70746	144271	4
70746	145508	13
70746	146643	8
70746	146644	4
70746	147535	3
70746	148313	6
70746	149762	8
70746	149772	6
70746	149773	3
70746	152096	13
70746	152099	9
70746	152101	9
70746	154993	18
70746	155002	7
70746	155061	1
70746	157133	42
70746	157217	13
70746	159998	15
70746	160378	7
70746	160536	10
70746	160539	7
70746	160542	9
70746	160545	5
70746	160546	3
70746	160547	1
70746	160554	5
70746	160555	15
70746	161120	1
70746	162733	2
70746	163362	2
70746	164208	4
70746	164734	1
70746	164737	3
70746	165553	2
70746	165677	7
70746	165684	1
70746	165889	5
70746	166074	4
70746	166580	7
70746	167326	1
70746	169119	9
70746	170847	26
70746	170849	20
70746	170851	34
70746	170855	4
70746	170860	2
70746	171579	6
70746	172127	8
70746	172284	2
70746	173192	6
70746	173204	8
70746	173695	2
70746	174543	33
70746	174544	4
70746	177141	14
70746	177932	10
70746	178199	7
70746	178463	9
70746	179773	8
70746	180155	1
70746	180697	7
70746	182781	3
70746	182898	2
70746	183217	4
71039	71040	27
71039	73198	6
71039	73202	2
71039	73671	2
71039	73970	10
71039	74891	23
71039	74893	4
71039	74897	8
71039	74945	6
71039	74948	4
71039	75385	3
71039	75390	13
71039	75394	2
71039	78898	3
71039	82096	1
71039	82677	3
71039	83285	2
71039	83287	1
71039	83291	5
71039	83294	4
71039	85221	16
71039	86019	9
71039	86312	2
71039	86855	3
71039	88020	3
71039	91205	12
71039	92315	2
71039	93730	7
71039	93869	18
71039	96117	1
71039	96322	3
71039	98159	7
71039	99310	9
71039	99311	3
71039	99313	10
71039	99314	5
71039	100323	17
71039	100324	6
71039	100570	2
71039	104118	3
71039	104803	2
71039	105743	37
71039	109109	3
71039	109111	1
71039	109905	11
71039	110357	25
71039	110359	7
71039	110825	4
71039	111412	6
71039	114069	9
71039	114358	2
71039	115032	2
71039	116330	13
71039	116655	3
71039	117232	9
71039	117235	29
71039	118646	6
71039	120433	13
71039	121313	2
71039	122612	1
71039	123507	1
71039	124212	3
71039	125582	7
71039	125584	4
71039	126526	5
71039	126533	2
71039	126556	1
71039	126613	6
71039	126614	2
71039	126618	16
71039	126621	9
71039	126742	4
71039	128004	2
71039	128011	1
71039	128033	1
71039	128035	1
71039	128048	2
71039	128066	4
71039	128071	6
71039	128074	3
71039	128087	3
71039	128115	9
71039	128239	1
71039	128241	6
71039	128751	5
71039	128797	58
71039	128804	24
71039	128805	1
71039	128807	21
71039	128810	3
71039	128817	13
71039	130689	3
71039	131373	2
71039	133004	6
71039	133030	6
71039	133655	5
71039	133832	8
71039	133861	5
71039	134851	3
71039	135501	1
71039	135730	5
71039	136540	1
71039	136689	3
71039	136690	3
71039	138406	11
71039	138619	2
71039	139192	2
71039	139959	2
71039	140876	4
71039	142560	2
71039	144271	3
71039	145508	2
71039	146643	7
71039	146644	1
71039	147535	18
71039	148313	3
71039	149762	4
71039	149772	2
71039	149773	3
71039	152096	4
71039	152101	2
71039	154993	1
71039	155002	8
71039	155061	7
71039	157133	13
71039	157217	5
71039	159998	9
71039	160378	1
71039	160536	5
71039	160539	4
71039	160542	2
71039	160545	1
71039	160546	3
71039	160547	2
71039	160554	1
71039	160555	40
71039	161120	5
71039	162733	4
71039	163362	3
71039	164208	2
71039	164734	11
71039	164737	19
71039	165553	11
71039	165677	3
71039	165684	6
71039	165889	4
71039	166074	1
71039	166580	4
71039	167326	5
71039	169119	3
71039	170847	2
71039	170849	5
71039	170851	6
71039	170855	1
71039	171579	2
71039	172127	4
71039	172284	3
71039	173192	3
71039	173695	6
71039	174543	15
71039	174544	6
71039	177141	9
71039	177932	4
71039	178199	8
71039	178463	2
71039	179773	1
71039	180155	3
71039	180697	6
71039	182781	4
71039	182898	2
71039	183217	16
71040	73198	2
71040	73202	3
71040	73671	3
71040	73970	4
71040	74891	13
71040	74897	4
71040	74945	5
71040	74948	1
71040	75390	11
71040	75394	3
71040	78898	1
71040	82096	2
71040	83285	2
71040	83287	1
71040	83291	3
71040	83294	6
71040	85055	1
71040	85221	18
71040	86019	4
71040	86312	5
71040	86855	1
71040	88020	2
71040	91205	4
71040	93730	4
71040	93869	17
71040	96117	3
71040	96322	2
71040	98159	4
71040	99310	8
71040	99311	4
71040	99313	5
71040	99314	6
71040	100323	16
71040	100324	6
71040	104118	1
71040	104803	2
71040	105743	22
71040	109111	1
71040	109905	5
71040	110357	14
71040	110359	8
71040	110825	8
71040	111412	6
71040	114069	6
71040	114358	1
71040	116330	11
71040	116655	3
71040	117232	8
71040	117235	25
71040	118646	5
71040	119089	1
71040	120433	8
71040	121313	1
71040	122612	1
71040	123507	2
71040	123932	4
71040	124212	1
71040	125582	9
71040	125584	5
71040	126526	5
71040	126613	8
71040	126618	12
71040	126621	3
71040	126742	1
71040	128004	1
71040	128033	1
71040	128035	1
71040	128048	2
71040	128066	3
71040	128071	2
71040	128074	2
71040	128087	2
71040	128115	4
71040	128239	2
71040	128241	6
71040	128751	3
71040	128797	36
71040	128804	14
71040	128805	1
71040	128807	10
71040	128810	4
71040	128817	14
71040	130689	3
71040	131373	1
71040	133004	3
71040	133030	2
71040	133655	4
71040	133832	12
71040	133861	5
71040	134851	1
71040	135730	1
71040	136689	4
71040	136690	6
71040	138406	16
71040	138619	1
71040	139192	1
71040	139959	3
71040	140876	2
71040	142560	3
71040	144271	2
71040	145508	3
71040	146643	11
71040	147535	12
71040	148313	4
71040	149762	1
71040	149772	1
71040	149773	1
71040	152096	2
71040	152099	1
71040	152101	1
71040	154993	1
71040	155002	2
71040	155061	2
71040	157133	10
71040	157217	1
71040	159998	6
71040	160536	3
71040	160539	2
71040	160542	2
71040	160545	3
71040	160546	1
71040	160547	2
71040	160555	26
71040	161120	5
71040	162733	1
71040	163362	1
71040	164208	3
71040	164734	8
71040	164737	18
71040	165553	7
71040	165677	1
71040	165684	6
71040	165889	3
71040	166074	1
71040	166580	2
71040	167326	7
71040	169119	4
71040	170847	1
71040	170849	4
71040	170851	6
71040	170855	1
71040	170860	3
71040	171579	1
71040	172127	5
71040	172284	3
71040	173192	2
71040	173204	1
71040	173695	7
71040	174543	11
71040	174544	4
71040	177141	5
71040	177932	4
71040	178199	4
71040	178463	6
71040	180155	2
71040	180697	2
71040	182781	4
71040	182898	6
71040	183217	11
73198	73202	4
73198	73970	37
73198	74891	66
73198	74893	11
73198	74897	4
73198	74945	2
73198	74948	1
73198	75383	1
73198	75385	6
73198	75390	3
73198	75394	2
73198	78898	16
73198	82096	2
73198	82282	8
73198	82677	14
73198	83285	9
73198	83287	11
73198	83291	9
73198	83294	6
73198	85055	8
73198	85221	4
73198	86019	2
73198	86312	3
73198	86855	14
73198	88020	5
73198	91205	9
73198	92315	3
73198	93730	5
73198	93869	19
73198	96117	4
73198	98159	3
73198	99310	36
73198	99311	1
73198	99313	7
73198	99314	2
73198	100323	34
73198	100324	9
73198	100570	2
73198	100572	4
73198	104803	9
73198	105743	16
73198	109109	4
73198	109111	4
73198	109905	3
73198	110357	29
73198	110359	2
73198	110825	5
73198	111412	8
73198	114069	8
73198	114358	1
73198	115032	4
73198	116330	17
73198	116655	12
73198	117232	6
73198	117235	4
73198	118646	4
73198	119089	4
73198	120433	1
73198	121313	3
73198	122612	4
73198	123253	1
73198	123507	2
73198	123932	3
73198	124212	2
73198	125126	5
73198	125582	13
73198	125584	18
73198	126526	6
73198	126533	2
73198	126556	11
73198	126613	27
73198	126614	2
73198	126618	17
73198	126621	35
73198	126742	3
73198	128004	4
73198	128011	1
73198	128033	12
73198	128035	10
73198	128036	5
73198	128048	7
73198	128066	14
73198	128071	13
73198	128074	14
73198	128084	2
73198	128087	6
73198	128115	5
73198	128239	2
73198	128241	1
73198	128751	21
73198	128797	106
73198	128804	65
73198	128805	18
73198	128807	29
73198	128810	2
73198	128817	17
73198	128832	3
73198	130689	5
73198	131373	6
73198	132293	7
73198	133004	2
73198	133030	2
73198	133655	3
73198	133832	15
73198	133861	9
73198	134851	10
73198	135501	1
73198	135730	2
73198	136540	2
73198	136689	5
73198	136690	2
73198	138619	3
73198	139192	5
73198	139959	8
73198	140876	4
73198	141840	13
73198	142560	5
73198	144271	1
73198	145508	12
73198	146643	9
73198	146644	4
73198	147535	3
73198	148313	6
73198	149762	1
73198	149772	4
73198	149773	2
73198	152096	17
73198	152099	17
73198	152101	12
73198	154993	9
73198	155002	8
73198	157133	39
73198	157217	4
73198	159998	18
73198	160378	4
73198	160536	11
73198	160539	8
73198	160542	15
73198	160545	6
73198	160546	8
73198	160547	9
73198	160554	7
73198	160555	12
73198	161120	1
73198	162733	7
73198	163362	5
73198	164208	3
73198	164734	2
73198	164737	4
73198	165553	1
73198	165677	4
73198	165684	3
73198	165889	10
73198	166074	6
73198	166580	10
73198	169119	9
73198	170847	25
73198	170849	17
73198	170851	19
73198	170860	1
73198	171579	3
73198	172127	1
73198	172284	3
73198	173192	10
73198	173204	10
73198	174543	36
73198	174544	3
73198	177141	5
73198	177932	7
73198	178199	2
73198	178463	8
73198	179773	1
73198	180155	1
73198	180697	2
73198	182781	6
73198	182898	1
73198	183217	2
73202	73671	1
73202	73970	12
73202	74891	19
73202	74893	7
73202	74897	6
73202	74945	5
73202	74948	2
73202	75383	1
73202	75385	2
73202	75390	7
73202	75394	1
73202	78898	5
73202	82096	1
73202	82282	1
73202	82677	1
73202	83285	4
73202	83287	2
73202	83291	7
73202	83294	6
73202	85055	1
73202	85221	3
73202	86019	4
73202	86312	7
73202	86855	5
73202	88020	1
73202	91205	4
73202	92315	1
73202	93730	2
73202	93869	9
73202	96117	2
73202	96322	2
73202	98159	5
73202	99310	8
73202	99311	3
73202	99313	7
73202	99314	3
73202	100323	18
73202	100324	5
73202	104118	1
73202	104803	2
73202	105743	12
73202	109109	5
73202	109111	4
73202	110357	21
73202	110359	8
73202	110825	5
73202	114069	7
73202	114358	12
73202	115032	2
73202	116330	14
73202	116655	2
73202	117232	4
73202	117235	6
73202	120433	4
73202	121313	3
73202	122612	4
73202	123253	1
73202	123932	6
73202	124212	2
73202	125126	2
73202	125582	3
73202	125584	3
73202	126526	3
73202	126533	2
73202	126556	4
73202	126613	9
73202	126618	7
73202	126621	10
73202	126742	3
73202	128004	1
73202	128011	5
73202	128033	1
73202	128048	2
73202	128066	16
73202	128071	8
73202	128074	3
73202	128084	7
73202	128087	2
73202	128115	4
73202	128239	3
73202	128241	4
73202	128751	7
73202	128797	56
73202	128804	29
73202	128805	10
73202	128807	13
73202	128810	2
73202	128817	13
73202	128832	2
73202	130689	2
73202	131373	6
73202	132293	4
73202	133004	5
73202	133030	3
73202	133655	5
73202	133832	21
73202	133861	2
73202	134851	19
73202	135501	1
73202	135730	1
73202	136689	4
73202	136690	3
73202	138406	10
73202	139192	2
73202	140876	2
73202	141840	2
73202	144271	2
73202	145508	3
73202	146643	10
73202	146644	2
73202	147535	1
73202	148313	6
73202	149762	3
73202	149772	2
73202	149773	1
73202	152096	5
73202	152099	3
73202	152101	4
73202	154993	7
73202	155002	8
73202	155061	2
73202	157133	8
73202	157217	6
73202	159998	6
73202	160536	5
73202	160539	4
73202	160542	3
73202	160545	4
73202	160547	1
73202	160554	3
73202	160555	13
73202	161120	3
73202	162733	6
73202	164208	1
73202	164734	3
73202	164737	4
73202	165553	4
73202	165684	1
73202	165889	8
73202	166074	1
73202	166580	10
73202	167326	3
73202	170847	9
73202	170849	7
73202	170851	22
73202	170855	5
73202	170860	4
73202	172127	24
73202	172284	3
73202	173192	8
73202	173204	1
73202	173695	5
73202	174543	13
73202	174544	4
73202	177141	3
73202	177932	2
73202	178199	6
73202	178463	1
73202	180155	3
73202	180697	3
73202	182781	1
73202	182898	4
73202	183217	5
73671	73970	8
73671	74891	18
73671	74893	1
73671	74897	1
73671	74945	3
73671	74948	4
73671	75385	2
73671	75390	4
73671	75394	1
73671	78898	5
73671	82096	4
73671	83285	2
73671	83291	1
73671	83294	6
73671	85221	4
73671	86019	11
73671	86312	8
73671	86855	2
73671	91205	3
73671	92315	3
73671	93869	13
73671	96117	3
73671	96322	1
73671	98159	3
73671	99310	5
73671	99311	4
73671	99313	3
73671	99314	2
73671	100323	10
73671	100324	2
73671	104118	3
73671	104803	3
73671	105743	6
73671	109109	2
73671	109905	1
73671	110357	27
73671	110359	2
73671	110825	3
73671	111412	1
73671	114069	7
73671	114358	1
73671	115032	1
73671	116330	16
73671	116655	3
73671	117232	7
73671	117235	12
73671	118646	2
73671	119089	3
73671	120433	2
73671	121313	3
73671	122612	3
73671	123253	1
73671	123507	1
73671	124212	1
73671	125582	1
73671	125584	4
73671	126526	1
73671	126556	1
73671	126613	4
73671	126614	1
73671	126621	10
73671	126742	2
73671	128004	3
73671	128011	1
73671	128033	2
73671	128048	1
73671	128066	4
73671	128071	4
73671	128074	1
73671	128084	5
73671	128087	5
73671	128115	6
73671	128241	3
73671	128751	6
73671	128797	42
73671	128804	22
73671	128805	1
73671	128807	11
73671	128817	17
73671	130689	1
73671	131373	3
73671	133004	2
73671	133030	4
73671	133832	18
73671	133861	4
73671	134851	1
73671	135501	2
73671	135730	1
73671	136540	2
73671	136689	1
73671	138406	7
73671	139959	1
73671	141840	1
73671	142560	1
73671	145508	1
73671	147535	1
73671	148313	1
73671	149772	2
73671	149773	1
73671	152096	6
73671	152099	6
73671	152101	3
73671	154993	2
73671	155002	3
73671	155061	2
73671	157133	4
73671	157217	2
73671	159998	4
73671	160378	1
73671	160545	2
73671	160546	1
73671	160547	1
73671	160554	2
73671	160555	7
73671	161120	4
73671	164208	2
73671	164734	3
73671	164737	5
73671	165553	1
73671	165677	1
73671	165684	3
73671	165889	4
73671	166580	2
73671	167326	2
73671	170847	6
73671	170849	6
73671	170851	13
73671	170860	1
73671	172284	2
73671	173192	3
73671	173204	3
73671	173695	3
73671	174543	9
73671	174544	3
73671	177141	2
73671	177932	2
73671	178199	1
73671	178463	2
73671	179773	1
73671	180155	1
73671	180697	3
73671	182781	1
73671	182898	3
73671	183217	5
73970	74891	272
73970	74893	35
73970	74897	18
73970	74945	8
73970	74948	16
73970	75383	22
73970	75385	41
73970	75390	37
73970	75394	18
73970	78898	55
73970	82096	10
73970	82282	16
73970	82677	21
73970	83285	33
73970	83287	40
73970	83291	23
73970	83294	33
73970	85055	27
73970	85221	14
73970	86019	21
73970	86312	14
73970	86855	14
73970	88020	10
73970	91205	56
73970	92315	33
73970	93730	17
73970	93869	45
73970	96117	11
73970	96322	13
73970	98159	6
73970	99310	104
73970	99311	15
73970	99313	42
73970	99314	24
73970	100323	153
73970	100324	22
73970	100570	42
73970	100572	19
73970	104118	6
73970	104803	50
73970	105743	28
73970	109109	23
73970	109111	31
73970	109905	11
73970	110357	161
73970	110359	15
73970	110825	14
73970	111412	6
73970	114069	15
73970	114358	5
73970	115032	7
73970	116330	57
73970	116655	40
73970	117232	24
73970	117235	16
73970	118646	11
73970	119089	15
73970	120433	10
73970	121313	7
73970	122612	16
73970	123253	37
73970	123507	3
73970	123932	12
73970	124212	6
73970	125126	54
73970	125582	36
73970	125584	44
73970	126526	46
73970	126533	20
73970	126556	13
73970	126613	79
73970	126614	16
73970	126618	34
73970	126621	245
73970	126742	5
73970	128004	19
73970	128011	28
73970	128033	21
73970	128035	12
73970	128036	17
73970	128048	26
73970	128066	57
73970	128071	57
73970	128074	20
73970	128084	17
73970	128087	15
73970	128115	23
73970	128239	9
73970	128241	7
73970	128751	82
73970	128797	535
73970	128804	318
73970	128805	37
73970	128807	134
73970	128810	12
73970	128817	67
73970	128832	17
73970	130689	13
73970	131373	12
73970	132293	23
73970	133004	12
73970	133030	17
73970	133655	11
73970	133832	69
73970	133861	31
73970	134851	15
73970	135501	33
73970	135730	33
73970	136540	10
73970	136689	16
73970	136690	5
73970	138406	7
73970	138619	10
73970	139192	19
73970	139959	25
73970	140876	10
73970	141840	12
73970	142560	10
73970	144271	9
73970	145508	26
73970	146643	47
73970	146644	17
73970	147535	6
73970	148313	33
73970	149762	7
73970	149772	8
73970	149773	10
73970	152096	45
73970	152099	35
73970	152101	30
73970	154993	38
73970	155002	83
73970	155061	9
73970	157133	111
73970	157217	35
73970	159998	56
73970	160378	24
73970	160536	17
73970	160539	19
73970	160542	19
73970	160545	15
73970	160546	14
73970	160547	22
73970	160554	17
73970	160555	30
73970	161120	6
73970	162733	37
73970	163362	8
73970	164208	11
73970	164734	2
73970	164737	15
73970	165553	47
73970	165677	11
73970	165684	6
73970	165889	43
73970	166074	11
73970	166580	39
73970	167326	2
73970	169119	19
73970	170847	57
73970	170849	52
73970	170851	99
73970	170855	12
73970	170860	6
73970	171579	7
73970	172127	15
73970	172284	14
73970	173192	17
73970	173204	27
73970	173695	41
73970	174543	245
73970	174544	19
73970	177141	50
73970	177932	34
73970	178199	12
73970	178463	18
73970	179773	22
73970	180155	5
73970	180697	19
73970	182781	7
73970	182898	5
73970	183217	18
74891	74893	88
74891	74897	49
74891	74945	25
74891	74948	26
74891	75383	12
74891	75385	54
74891	75390	40
74891	75394	23
74891	78898	108
74891	82096	18
74891	82282	29
74891	82677	46
74891	83285	58
74891	83287	55
74891	83291	67
74891	83294	57
74891	85055	51
74891	85221	29
74891	86019	27
74891	86312	18
74891	86855	47
74891	88020	47
74891	91205	95
74891	92315	78
74891	93730	14
74891	93869	107
74891	96117	42
74891	96322	15
74891	98159	13
74891	99310	205
74891	99311	26
74891	99313	101
74891	99314	34
74891	100323	254
74891	100324	38
74891	100570	48
74891	100572	28
74891	104118	20
74891	104803	69
74891	105743	72
74891	109109	23
74891	109111	27
74891	109905	6
74891	110357	316
74891	110359	33
74891	110825	13
74891	111412	24
74891	114069	41
74891	114358	26
74891	115032	49
74891	116330	165
74891	116655	93
74891	117232	37
74891	117235	51
74891	118646	12
74891	119089	37
74891	120433	13
74891	121313	27
74891	122612	68
74891	123253	33
74891	123507	19
74891	123932	50
74891	124212	26
74891	125126	65
74891	125582	97
74891	125584	105
74891	126526	56
74891	126533	24
74891	126556	42
74891	126613	198
74891	126614	42
74891	126618	63
74891	126621	385
74891	126742	22
74891	128004	36
74891	128011	82
74891	128033	63
74891	128035	42
74891	128036	37
74891	128048	72
74891	128066	116
74891	128071	159
74891	128074	58
74891	128084	44
74891	128087	35
74891	128115	87
74891	128239	48
74891	128241	16
74891	128751	172
74891	128797	1189
74891	128804	640
74891	128805	82
74891	128807	228
74891	128810	27
74891	128817	136
74891	128832	23
74891	130689	31
74891	131373	21
74891	132293	37
74891	133004	26
74891	133030	52
74891	133655	32
74891	133832	168
74891	133861	58
74891	134851	26
74891	135501	56
74891	135730	34
74891	136540	34
74891	136689	37
74891	136690	14
74891	138406	29
74891	138619	2
74891	139192	23
74891	139959	44
74891	140876	39
74891	141840	40
74891	142560	28
74891	144271	30
74891	145508	71
74891	146643	56
74891	146644	25
74891	147535	20
74891	148313	76
74891	149762	23
74891	149772	13
74891	149773	12
74891	152096	147
74891	152099	77
74891	152101	68
74891	154993	79
74891	155002	80
74891	155061	21
74891	157133	213
74891	157217	72
74891	159998	132
74891	160378	29
74891	160536	33
74891	160539	31
74891	160542	31
74891	160545	55
74891	160546	24
74891	160547	56
74891	160554	28
74891	160555	72
74891	161120	18
74891	162733	52
74891	163362	5
74891	164208	27
74891	164734	12
74891	164737	26
74891	165553	42
74891	165677	44
74891	165684	16
74891	165889	95
74891	166074	22
74891	166580	82
74891	167326	7
74891	169119	73
74891	170847	164
74891	170849	172
74891	170851	225
74891	170855	41
74891	170860	11
74891	171579	28
74891	172127	20
74891	172284	24
74891	173192	44
74891	173204	58
74891	173695	53
74891	174543	268
74891	174544	31
74891	177141	78
74891	177932	84
74891	178199	12
74891	178463	47
74891	179773	19
74891	180155	19
74891	180697	33
74891	182781	19
74891	182898	7
74891	183217	29
74893	74897	8
74893	74945	4
74893	74948	5
74893	75383	4
74893	75385	8
74893	75390	12
74893	75394	4
74893	78898	21
74893	82096	1
74893	82282	2
74893	83285	8
74893	83287	5
74893	83291	5
74893	83294	6
74893	85055	6
74893	85221	4
74893	86019	4
74893	86312	6
74893	86855	9
74893	88020	6
74893	91205	14
74893	92315	9
74893	93869	11
74893	96117	5
74893	96322	1
74893	98159	1
74893	99310	28
74893	99311	5
74893	99313	11
74893	99314	6
74893	100323	36
74893	100324	4
74893	100570	3
74893	100572	4
74893	104118	3
74893	104803	9
74893	105743	11
74893	109109	5
74893	109111	4
74893	110357	34
74893	110359	3
74893	110825	2
74893	111412	2
74893	114069	6
74893	114358	2
74893	115032	3
74893	116330	19
74893	116655	7
74893	117232	5
74893	117235	4
74893	118646	3
74893	119089	1
74893	120433	5
74893	122612	8
74893	123253	2
74893	123507	1
74893	123932	5
74893	124212	2
74893	125126	9
74893	125582	17
74893	125584	21
74893	126526	7
74893	126533	3
74893	126556	6
74893	126613	46
74893	126614	7
74893	126618	14
74893	126621	39
74893	126742	1
74893	128004	5
74893	128011	5
74893	128033	8
74893	128035	5
74893	128036	3
74893	128048	8
74893	128066	20
74893	128071	13
74893	128074	4
74893	128084	3
74893	128087	3
74893	128115	12
74893	128239	4
74893	128241	7
74893	128751	24
74893	128797	134
74893	128804	80
74893	128805	5
74893	128807	18
74893	128810	1
74893	128817	12
74893	128832	1
74893	130689	5
74893	131373	8
74893	132293	7
74893	133004	2
74893	133655	6
74893	133832	19
74893	133861	12
74893	134851	9
74893	135501	11
74893	135730	4
74893	136540	3
74893	136689	5
74893	136690	3
74893	138406	3
74893	138619	2
74893	139192	6
74893	139959	11
74893	140876	5
74893	141840	4
74893	142560	5
74893	144271	2
74893	145508	8
74893	146643	10
74893	146644	2
74893	147535	2
74893	148313	6
74893	149762	2
74893	149772	3
74893	149773	4
74893	152096	11
74893	152099	6
74893	152101	7
74893	154993	14
74893	155002	11
74893	155061	4
74893	157133	22
74893	157217	5
74893	159998	37
74893	160378	2
74893	160536	9
74893	160539	5
74893	160542	17
74893	160545	5
74893	160546	9
74893	160547	11
74893	160554	6
74893	160555	7
74893	161120	1
74893	162733	5
74893	163362	3
74893	164208	2
74893	164734	1
74893	164737	4
74893	165553	6
74893	165677	1
74893	165684	4
74893	165889	11
74893	166074	4
74893	166580	4
74893	167326	2
74893	169119	8
74893	170847	25
74893	170849	21
74893	170851	23
74893	170855	8
74893	172127	3
74893	172284	1
74893	173192	9
74893	173204	6
74893	173695	6
74893	174543	32
74893	174544	7
74893	177141	13
74893	177932	10
74893	178199	6
74893	178463	6
74893	179773	5
74893	180155	2
74893	180697	4
74893	182781	3
74893	182898	1
74893	183217	2
74897	74948	12
74897	75383	3
74897	75385	8
74897	75390	9
74897	75394	3
74897	78898	6
74897	82096	5
74897	82677	1
74897	83285	6
74897	83287	8
74897	83291	7
74897	83294	21
74897	85055	10
74897	85221	4
74897	86019	1
74897	86312	2
74897	86855	3
74897	88020	1
74897	91205	20
74897	92315	2
74897	93730	3
74897	93869	15
74897	96117	1
74897	96322	4
74897	98159	1
74897	99310	16
74897	99311	3
74897	99313	17
74897	99314	10
74897	100323	36
74897	100324	8
74897	100570	6
74897	100572	5
74897	104118	2
74897	104803	4
74897	105743	16
74897	109109	3
74897	109111	6
74897	109905	1
74897	110357	43
74897	110359	6
74897	110825	3
74897	111412	3
74897	114069	5
74897	114358	7
74897	115032	2
74897	116330	33
74897	116655	6
74897	117232	3
74897	117235	2
74897	118646	2
74897	119089	2
74897	120433	3
74897	121313	5
74897	122612	3
74897	123253	2
74897	123507	1
74897	123932	4
74897	124212	1
74897	125126	5
74897	125582	8
74897	125584	7
74897	126526	7
74897	126533	4
74897	126556	5
74897	126613	12
74897	126614	2
74897	126618	5
74897	126621	32
74897	126742	4
74897	128004	2
74897	128011	13
74897	128033	2
74897	128035	2
74897	128036	3
74897	128048	9
74897	128066	8
74897	128071	11
74897	128074	2
74897	128084	1
74897	128087	3
74897	128115	10
74897	128239	2
74897	128241	2
74897	128751	12
74897	128797	119
74897	128804	66
74897	128805	9
74897	128807	43
74897	128810	4
74897	128817	21
74897	128832	5
74897	130689	5
74897	131373	2
74897	132293	9
74897	133004	4
74897	133030	3
74897	133655	1
74897	133832	40
74897	133861	8
74897	134851	7
74897	135501	3
74897	135730	6
74897	136540	1
74897	136689	12
74897	136690	3
74897	138406	11
74897	138619	7
74897	139192	3
74897	139959	2
74897	140876	3
74897	141840	5
74897	142560	2
74897	144271	7
74897	145508	6
74897	146643	6
74897	146644	3
74897	147535	5
74897	148313	18
74897	149762	3
74897	149772	2
74897	149773	1
74897	152096	11
74897	152099	9
74897	152101	10
74897	154993	6
74897	155002	10
74897	155061	4
74897	157133	17
74897	157217	19
74897	159998	10
74897	160378	2
74897	160536	2
74897	160539	5
74897	160542	2
74897	160545	2
74897	160546	1
74897	160547	1
74897	160554	5
74897	160555	13
74897	161120	3
74897	162733	8
74897	163362	5
74897	164208	5
74897	164734	6
74897	164737	5
74897	165553	4
74897	165677	2
74897	165684	2
74897	165889	11
74897	166074	10
74897	166580	42
74897	167326	5
74897	169119	9
74897	170847	6
74897	170849	10
74897	170851	38
74897	170855	8
74897	170860	2
74897	171579	4
74897	172127	11
74897	172284	2
74897	173192	6
74897	173695	2
74897	174543	34
74897	174544	7
74897	177141	17
74897	177932	8
74897	178199	2
74897	178463	2
74897	179773	1
74897	180155	7
74897	180697	1
74897	182781	2
74897	182898	2
74897	183217	9
74945	74948	3
74945	75383	2
74945	75385	1
74945	75390	11
74945	75394	2
74945	78898	10
74945	82096	7
74945	82282	1
74945	83285	6
74945	83287	1
74945	83291	3
74945	83294	4
74945	85055	5
74945	85221	5
74945	86019	15
74945	86312	24
74945	86855	2
74945	88020	1
74945	91205	10
74945	92315	4
74945	93869	39
74945	96322	2
74945	98159	8
74945	99310	10
74945	99311	4
74945	99313	14
74945	99314	8
74945	100323	18
74945	100324	2
74945	100570	3
74945	104118	4
74945	104803	3
74945	105743	9
74945	109109	3
74945	109111	3
74945	109905	6
74945	110357	41
74945	110359	6
74945	110825	4
74945	111412	5
74945	114069	10
74945	114358	2
74945	116330	34
74945	116655	5
74945	117232	21
74945	117235	20
74945	118646	2
74945	119089	2
74945	120433	2
74945	121313	3
74945	122612	11
74945	123507	1
74945	123932	4
74945	125582	7
74945	125584	7
74945	126526	5
74945	126533	3
74945	126556	2
74945	126613	19
74945	126614	7
74945	126618	1
74945	126621	14
74945	126742	2
74945	128004	2
74945	128033	7
74945	128036	2
74945	128066	2
74945	128071	9
74945	128074	1
74945	128084	7
74945	128087	5
74945	128115	10
74945	128239	2
74945	128241	3
74945	128751	6
74945	128797	82
74945	128804	40
74945	128805	3
74945	128807	21
74945	128810	2
74945	128817	36
74945	128832	8
74945	130689	4
74945	131373	4
74945	132293	1
74945	133004	2
74945	133030	3
74945	133655	26
74945	133832	20
74945	133861	8
74945	134851	1
74945	136689	3
74945	136690	8
74945	138406	16
74945	138619	2
74945	139192	1
74945	139959	3
74945	141840	3
74945	144271	2
74945	145508	11
74945	146643	2
74945	146644	2
74945	147535	2
74945	148313	9
74945	149762	3
74945	149772	11
74945	149773	7
74945	152096	8
74945	152099	4
74945	152101	5
74945	154993	1
74945	155061	1
74945	157133	14
74945	157217	3
74945	159998	5
74945	160378	1
74945	160536	4
74945	160539	3
74945	160546	2
74945	160547	6
74945	160555	10
74945	161120	3
74945	162733	2
74945	163362	8
74945	164208	1
74945	164734	7
74945	164737	20
74945	165553	18
74945	165677	7
74945	165684	18
74945	165889	8
74945	166074	3
74945	166580	6
74945	167326	5
74945	169119	2
74945	170847	23
74945	170849	12
74945	170851	33
74945	170855	5
74945	170860	7
74945	171579	3
74945	172127	7
74945	173192	3
74945	173204	3
74945	173695	3
74945	174543	16
74945	174544	5
74945	177141	13
74945	177932	3
74945	178199	4
74945	178463	1
74945	180155	5
74945	180697	1
74945	182781	1
74945	182898	11
74945	183217	9
74948	75383	4
74948	75385	4
74948	75390	18
74948	75394	4
74948	78898	6
74948	82096	4
74948	82282	2
74948	82677	4
74948	83285	6
74948	83287	2
74948	83291	4
74948	83294	12
74948	85055	4
74948	85221	5
74948	86019	7
74948	86312	12
74948	86855	5
74948	88020	4
74948	91205	22
74948	92315	3
74948	93730	5
74948	93869	16
74948	96117	2
74948	96322	3
74948	98159	9
74948	99310	9
74948	99311	3
74948	99313	19
74948	99314	13
74948	100323	27
74948	100324	3
74948	100570	5
74948	100572	1
74948	104118	4
74948	104803	2
74948	105743	6
74948	109109	3
74948	109111	2
74948	109905	1
74948	110357	44
74948	110359	6
74948	110825	3
74948	111412	4
74948	114069	10
74948	114358	1
74948	115032	3
74948	116330	39
74948	116655	5
74948	117232	11
74948	117235	8
74948	118646	3
74948	119089	2
74948	120433	6
74948	121313	7
74948	122612	4
74948	123253	2
74948	123507	2
74948	123932	4
74948	124212	2
74948	125126	4
74948	125582	6
74948	125584	3
74948	126526	4
74948	126533	4
74948	126556	2
74948	126613	8
74948	126614	2
74948	126618	3
74948	126621	21
74948	126742	2
74948	128004	3
74948	128011	3
74948	128035	1
74948	128036	2
74948	128048	1
74948	128066	3
74948	128071	9
74948	128074	2
74948	128084	1
74948	128087	4
74948	128115	11
74948	128239	2
74948	128241	5
74948	128751	14
74948	128797	83
74948	128804	44
74948	128805	4
74948	128807	38
74948	128810	3
74948	128817	30
74948	128832	1
74948	130689	2
74948	131373	2
74948	132293	1
74948	133004	2
74948	133030	4
74948	133655	3
74948	133832	28
74948	133861	8
74948	134851	3
74948	135730	4
74948	136540	3
74948	136689	7
74948	136690	4
74948	138406	9
74948	138619	2
74948	139192	3
74948	139959	1
74948	140876	3
74948	144271	1
74948	145508	8
74948	146643	1
74948	146644	2
74948	147535	6
74948	148313	11
74948	149762	1
74948	149772	1
74948	149773	4
74948	152096	6
74948	152099	6
74948	152101	7
74948	154993	1
74948	155002	6
74948	155061	1
74948	157133	10
74948	157217	7
74948	159998	5
74948	160536	1
74948	160539	3
74948	160545	1
74948	160546	1
74948	160547	1
74948	160554	1
74948	160555	4
74948	161120	2
74948	162733	2
74948	163362	3
74948	164208	1
74948	164734	14
74948	164737	14
74948	165553	11
74948	165677	2
74948	165684	5
74948	165889	8
74948	166074	9
74948	166580	13
74948	167326	8
74948	169119	1
74948	170847	12
74948	170849	3
74948	170851	25
74948	170855	3
74948	170860	4
74948	171579	1
74948	172127	2
74948	172284	3
74948	173192	3
74948	173204	2
74948	173695	5
74948	174543	21
74948	174544	6
74948	177141	7
74948	177932	4
74948	178199	3
74948	178463	6
74948	179773	2
74948	180155	4
74948	180697	2
74948	182781	2
74948	182898	6
74948	183217	14
75383	75385	17
75383	75390	6
75383	75394	2
75383	78898	8
75383	82282	1
75383	82677	1
75383	83285	4
75383	83287	8
75383	83294	8
75383	85055	4
75383	86312	2
75383	86855	1
75383	91205	5
75383	93730	1
75383	93869	3
75383	96117	1
75383	96322	2
75383	98159	1
75383	99310	12
75383	99311	4
75383	99313	5
75383	99314	6
75383	100323	21
75383	100324	4
75383	100570	7
75383	100572	4
75383	104803	8
75383	105743	5
75383	109109	5
75383	109111	3
75383	109905	1
75383	110357	11
75383	110359	1
75383	110825	3
75383	111412	1
75383	114069	1
75383	114358	4
75383	116330	6
75383	116655	2
75383	117232	3
75383	117235	1
75383	118646	2
75383	119089	3
75383	120433	1
75383	123507	2
75383	123932	3
75383	125126	5
75383	125582	1
75383	125584	1
75383	126526	9
75383	126533	11
75383	126556	3
75383	126613	6
75383	126614	3
75383	126618	2
75383	126621	15
75383	128011	2
75383	128036	1
75383	128066	3
75383	128071	10
75383	128084	1
75383	128087	5
75383	128115	6
75383	128241	1
75383	128751	7
75383	128797	43
75383	128804	20
75383	128805	3
75383	128807	17
75383	128810	2
75383	128817	7
75383	128832	1
75383	131373	3
75383	132293	2
75383	133004	2
75383	133030	1
75383	133655	1
75383	133832	8
75383	133861	2
75383	134851	2
75383	135501	1
75383	135730	4
75383	136540	2
75383	136689	2
75383	136690	3
75383	138406	2
75383	138619	1
75383	139192	1
75383	139959	1
75383	140876	2
75383	144271	1
75383	145508	3
75383	146643	9
75383	146644	6
75383	148313	3
75383	149773	1
75383	152096	2
75383	152099	5
75383	152101	8
75383	154993	7
75383	155002	6
75383	157133	8
75383	157217	7
75383	159998	2
75383	160536	3
75383	160539	2
75383	160542	3
75383	160545	2
75383	160546	1
75383	160547	1
75383	160554	3
75383	160555	5
75383	161120	1
75383	162733	7
75383	163362	1
75383	164734	4
75383	164737	2
75383	165553	4
75383	165889	7
75383	166074	6
75383	166580	5
75383	167326	4
75383	169119	1
75383	170847	8
75383	170849	5
75383	170851	7
75383	170855	1
75383	170860	1
75383	171579	3
75383	172127	6
75383	172284	2
75383	173192	1
75383	173204	1
75383	174543	12
75383	174544	2
75383	177141	5
75383	177932	2
75383	178199	2
75383	179773	14
75383	180155	1
75383	180697	3
75383	182898	1
75383	183217	2
75385	75390	29
75385	75394	16
75385	78898	28
75385	82096	3
75385	82282	8
75385	83285	7
75385	83287	15
75385	83291	8
75385	83294	17
75385	85055	5
75385	85221	3
75385	86019	1
75385	86312	3
75385	86855	6
75385	88020	3
75385	91205	9
75385	92315	10
75385	93730	5
75385	93869	6
75385	96117	5
75385	96322	3
75385	99310	27
75385	99311	10
75385	99313	11
75385	99314	5
75385	100323	39
75385	100324	13
75385	100570	12
75385	100572	4
75385	104118	1
75385	104803	9
75385	105743	11
75385	109109	8
75385	109111	5
75385	109905	1
75385	110357	22
75385	110359	3
75385	110825	6
75385	111412	4
75385	114069	3
75385	114358	4
75385	115032	3
75385	116330	12
75385	116655	8
75385	117232	5
75385	117235	4
75385	118646	8
75385	119089	3
75385	120433	3
75385	121313	2
75385	122612	2
75385	123253	4
75385	123932	4
75385	124212	2
75385	125126	8
75385	125582	6
75385	125584	5
75385	126526	12
75385	126533	11
75385	126556	3
75385	126613	13
75385	126614	12
75385	126618	13
75385	126621	43
75385	126742	1
75385	128004	4
75385	128011	14
75385	128033	7
75385	128035	1
75385	128036	6
75385	128048	9
75385	128066	12
75385	128071	16
75385	128074	9
75385	128084	2
75385	128087	8
75385	128115	9
75385	128239	3
75385	128241	2
75385	128751	20
75385	128797	141
75385	128804	63
75385	128805	6
75385	128807	32
75385	128810	4
75385	128817	16
75385	128832	3
75385	130689	3
75385	131373	6
75385	132293	9
75385	133004	7
75385	133030	3
75385	133655	6
75385	133832	9
75385	133861	6
75385	134851	4
75385	135501	6
75385	135730	12
75385	136540	3
75385	136689	6
75385	136690	2
75385	138406	2
75385	138619	5
75385	139192	3
75385	139959	5
75385	140876	7
75385	141840	2
75385	142560	2
75385	144271	2
75385	145508	4
75385	146643	20
75385	146644	8
75385	147535	1
75385	148313	5
75385	149762	7
75385	149772	1
75385	149773	4
75385	152096	15
75385	152099	12
75385	152101	17
75385	154993	42
75385	155002	13
75385	155061	3
75385	157133	22
75385	157217	8
75385	159998	17
75385	160378	4
75385	160536	9
75385	160539	8
75385	160542	7
75385	160545	9
75385	160546	7
75385	160547	3
75385	160554	3
75385	160555	13
75385	161120	2
75385	162733	16
75385	164734	4
75385	164737	3
75385	165553	1
75385	165677	1
75385	165684	3
75385	165889	9
75385	166074	4
75385	166580	15
75385	167326	2
75385	169119	2
75385	170847	12
75385	170849	8
75385	170851	25
75385	170855	3
75385	170860	3
75385	171579	1
75385	172127	5
75385	172284	2
75385	173192	6
75385	173204	3
75385	173695	4
75385	174543	25
75385	174544	6
75385	177141	12
75385	177932	7
75385	178199	3
75385	178463	5
75385	179773	24
75385	180697	4
75385	183217	1
75390	75394	14
75390	78898	14
75390	82096	4
75390	82282	5
75390	82677	3
75390	83285	14
75390	83287	7
75390	83291	16
75390	83294	22
75390	85055	3
75390	85221	8
75390	86019	24
75390	86312	33
75390	86855	9
75390	88020	3
75390	91205	28
75390	92315	2
75390	93730	7
75390	93869	28
75390	96117	2
75390	96322	9
75390	98159	8
75390	99310	26
75390	99311	6
75390	99313	26
75390	99314	20
75390	100323	53
75390	100324	15
75390	100570	9
75390	100572	3
75390	104118	2
75390	104803	6
75390	105743	15
75390	109109	2
75390	109111	2
75390	109905	9
75390	110357	74
75390	110359	14
75390	110825	5
75390	111412	6
75390	114069	14
75390	114358	11
75390	115032	4
75390	116330	69
75390	116655	14
75390	117232	21
75390	117235	12
75390	118646	4
75390	119089	4
75390	120433	6
75390	121313	6
75390	122612	7
75390	123253	2
75390	123507	3
75390	123932	7
75390	125126	4
75390	125582	11
75390	125584	7
75390	126526	14
75390	126533	13
75390	126556	9
75390	126613	24
75390	126614	4
75390	126618	7
75390	126621	32
75390	126742	3
75390	128004	4
75390	128011	7
75390	128033	5
75390	128035	2
75390	128036	7
75390	128048	9
75390	128066	9
75390	128071	21
75390	128074	6
75390	128084	5
75390	128087	6
75390	128115	17
75390	128239	13
75390	128241	13
75390	128751	23
75390	128797	159
75390	128804	91
75390	128805	10
75390	128807	54
75390	128810	9
75390	128817	48
75390	128832	5
75390	130689	4
75390	131373	8
75390	132293	9
75390	133004	4
75390	133030	4
75390	133655	12
75390	133832	50
75390	133861	19
75390	134851	5
75390	135501	5
75390	135730	8
75390	136540	3
75390	136689	14
75390	136690	9
75390	138406	25
75390	138619	6
75390	139192	11
75390	139959	2
75390	140876	6
75390	141840	3
75390	142560	8
75390	144271	1
75390	145508	17
75390	146643	17
75390	146644	7
75390	147535	7
75390	148313	10
75390	149762	6
75390	149772	5
75390	149773	9
75390	152096	12
75390	152099	10
75390	152101	13
75390	154993	7
75390	155002	12
75390	155061	1
75390	157133	26
75390	157217	20
75390	159998	9
75390	160378	2
75390	160536	5
75390	160539	13
75390	160542	6
75390	160545	6
75390	160546	5
75390	160547	3
75390	160554	1
75390	160555	29
75390	161120	7
75390	162733	11
75390	163362	2
75390	164208	3
75390	164734	18
75390	164737	20
75390	165553	7
75390	165677	5
75390	165684	7
75390	165889	14
75390	166074	8
75390	166580	14
75390	167326	13
75390	169119	7
75390	170847	29
75390	170849	12
75390	170851	59
75390	170855	7
75390	170860	10
75390	171579	1
75390	172127	13
75390	172284	6
75390	173192	4
75390	173204	6
75390	173695	6
75390	174543	48
75390	174544	8
75390	177141	29
75390	177932	7
75390	178199	11
75390	178463	4
75390	179773	9
75390	180155	6
75390	180697	5
75390	182781	1
75390	182898	9
75390	183217	25
75394	78898	15
75394	82096	4
75394	82282	1
75394	82677	2
75394	83285	6
75394	83287	11
75394	83291	2
75394	83294	4
75394	85055	3
75394	85221	2
75394	86312	1
75394	86855	4
75394	88020	5
75394	91205	7
75394	92315	5
75394	93730	4
75394	93869	13
75394	96117	2
75394	96322	1
75394	98159	7
75394	99310	10
75394	99311	4
75394	99313	6
75394	99314	3
75394	100323	14
75394	100324	13
75394	100570	4
75394	100572	2
75394	104803	7
75394	105743	12
75394	109109	3
75394	109111	1
75394	109905	3
75394	110357	29
75394	110359	4
75394	110825	3
75394	111412	2
75394	114069	4
75394	115032	1
75394	116330	7
75394	116655	6
75394	117232	3
75394	117235	5
75394	119089	1
75394	120433	1
75394	122612	4
75394	123253	2
75394	123507	2
75394	123932	5
75394	124212	2
75394	125126	4
75394	125582	5
75394	125584	4
75394	126526	7
75394	126533	4
75394	126556	5
75394	126613	13
75394	126614	3
75394	126618	4
75394	126621	16
75394	126742	1
75394	128004	6
75394	128011	2
75394	128035	1
75394	128036	1
75394	128048	9
75394	128066	4
75394	128071	8
75394	128074	1
75394	128084	1
75394	128087	7
75394	128115	4
75394	128239	2
75394	128241	3
75394	128751	17
75394	128797	73
75394	128804	36
75394	128805	4
75394	128807	29
75394	128810	4
75394	128817	15
75394	128832	2
75394	131373	1
75394	132293	7
75394	133004	2
75394	133030	1
75394	133655	3
75394	133832	8
75394	133861	3
75394	134851	1
75394	135501	2
75394	135730	7
75394	136540	3
75394	136689	4
75394	136690	2
75394	138406	3
75394	138619	5
75394	139192	3
75394	139959	3
75394	140876	3
75394	142560	3
75394	144271	2
75394	145508	3
75394	146643	5
75394	146644	6
75394	147535	4
75394	148313	3
75394	149762	3
75394	149772	1
75394	149773	1
75394	152096	5
75394	152099	11
75394	152101	11
75394	154993	5
75394	155002	3
75394	155061	2
75394	157133	17
75394	157217	6
75394	159998	2
75394	160378	6
75394	160536	2
75394	160539	5
75394	160542	2
75394	160545	3
75394	160546	3
75394	160554	2
75394	160555	6
75394	161120	2
75394	162733	4
75394	163362	2
75394	164208	1
75394	164734	1
75394	164737	3
75394	165553	1
75394	165677	2
75394	165684	1
75394	165889	6
75394	166074	2
75394	166580	4
75394	167326	1
75394	169119	6
75394	170847	13
75394	170849	10
75394	170851	10
75394	170855	1
75394	170860	1
75394	171579	1
75394	172127	1
75394	172284	4
75394	173192	1
75394	173204	1
75394	173695	5
75394	174543	14
75394	174544	3
75394	177141	5
75394	177932	3
75394	178199	2
75394	178463	2
75394	179773	5
75394	180155	3
75394	180697	1
75394	182781	2
75394	182898	1
75394	183217	1
78898	82096	3
78898	82282	8
78898	82677	13
78898	83285	9
78898	83287	18
78898	83291	18
78898	83294	9
78898	85055	4
78898	85221	4
78898	86019	13
78898	86312	7
78898	86855	13
78898	88020	2
78898	91205	9
78898	92315	7
78898	93730	6
78898	93869	11
78898	96117	1
78898	96322	3
78898	98159	8
78898	99310	28
78898	99311	7
78898	99313	8
78898	99314	8
78898	100323	47
78898	100324	12
78898	100570	5
78898	100572	3
78898	104118	3
78898	104803	15
78898	105743	8
78898	109109	8
78898	109111	7
78898	109905	6
78898	110357	45
78898	110359	2
78898	110825	2
78898	111412	3
78898	114069	8
78898	114358	4
78898	115032	5
78898	116330	41
78898	116655	11
78898	117232	10
78898	117235	9
78898	118646	5
78898	119089	2
78898	120433	5
78898	121313	8
78898	122612	6
78898	123253	4
78898	123507	1
78898	123932	11
78898	125126	10
78898	125582	16
78898	125584	18
78898	126526	15
78898	126533	4
78898	126556	24
78898	126613	38
78898	126614	9
78898	126618	8
78898	126621	54
78898	126742	3
78898	128004	8
78898	128011	18
78898	128033	33
78898	128035	15
78898	128036	8
78898	128048	31
78898	128066	23
78898	128071	35
78898	128074	14
78898	128084	29
78898	128087	16
78898	128115	18
78898	128239	18
78898	128241	1
78898	128751	40
78898	128797	206
78898	128804	102
78898	128805	16
78898	128807	41
78898	128817	27
78898	128832	4
78898	130689	2
78898	131373	3
78898	132293	23
78898	133004	10
78898	133030	2
78898	133655	13
78898	133832	24
78898	133861	7
78898	134851	14
78898	135501	11
78898	135730	8
78898	136540	1
78898	136689	5
78898	136690	1
78898	138406	4
78898	138619	7
78898	139192	3
78898	139959	4
78898	140876	8
78898	141840	12
78898	142560	5
78898	144271	6
78898	145508	25
78898	146643	9
78898	146644	6
78898	147535	3
78898	148313	9
78898	149762	7
78898	149772	9
78898	149773	3
78898	152096	68
78898	152099	48
78898	152101	41
78898	154993	27
78898	155002	25
78898	155061	1
78898	157133	38
78898	157217	6
78898	159998	15
78898	160378	9
78898	160536	6
78898	160539	3
78898	160542	5
78898	160545	7
78898	160546	4
78898	160547	6
78898	160554	3
78898	160555	11
78898	161120	3
78898	162733	13
78898	163362	7
78898	164208	1
78898	164734	2
78898	164737	7
78898	165553	10
78898	165677	7
78898	165684	1
78898	165889	12
78898	166074	5
78898	166580	14
78898	167326	1
78898	169119	7
78898	170847	61
78898	170849	29
78898	170851	43
78898	170855	6
78898	170860	4
78898	172127	5
78898	172284	5
78898	173192	9
78898	173204	32
78898	173695	4
78898	174543	49
78898	174544	15
78898	177141	14
78898	177932	4
78898	178199	6
78898	179773	7
78898	180155	1
78898	180697	1
78898	182781	6
78898	182898	3
78898	183217	5
82096	82282	2
82096	83285	3
82096	83287	2
82096	83291	6
82096	83294	5
82096	85055	2
82096	85221	3
82096	86019	2
82096	86312	2
82096	86855	4
82096	88020	2
82096	91205	6
82096	92315	6
82096	93730	2
82096	93869	10
82096	96322	3
82096	98159	4
82096	99310	9
82096	99311	1
82096	99313	16
82096	99314	7
82096	100323	14
82096	100324	3
82096	100570	1
82096	100572	1
82096	104118	3
82096	104803	2
82096	105743	3
82096	109109	1
82096	109111	1
82096	109905	2
82096	110357	29
82096	110359	3
82096	110825	1
82096	111412	1
82096	114069	5
82096	114358	2
82096	115032	1
82096	116330	11
82096	116655	3
82096	117232	3
82096	117235	4
82096	120433	2
82096	121313	4
82096	122612	4
82096	123507	2
82096	123932	8
82096	124212	2
82096	125582	1
82096	125584	1
82096	126526	3
82096	126533	4
82096	126556	3
82096	126613	4
82096	126614	1
82096	126618	4
82096	126621	14
82096	126742	2
82096	128004	2
82096	128011	5
82096	128033	2
82096	128036	2
82096	128048	3
82096	128066	5
82096	128071	10
82096	128084	3
82096	128087	4
82096	128115	10
82096	128239	2
82096	128241	2
82096	128751	6
82096	128797	52
82096	128804	31
82096	128805	4
82096	128807	13
82096	128810	2
82096	128817	15
82096	128832	1
82096	130689	1
82096	131373	1
82096	133004	6
82096	133030	1
82096	133655	1
82096	133832	16
82096	133861	1
82096	134851	2
82096	135730	4
82096	136540	1
82096	136689	2
82096	136690	4
82096	138406	3
82096	138619	2
82096	139959	1
82096	140876	3
82096	141840	1
82096	142560	2
82096	144271	4
82096	145508	1
82096	146643	1
82096	147535	3
82096	148313	6
82096	149762	1
82096	149772	2
82096	149773	4
82096	152096	5
82096	152099	2
82096	152101	6
82096	154993	1
82096	155002	1
82096	155061	4
82096	157133	6
82096	157217	7
82096	160539	2
82096	160542	3
82096	160545	2
82096	160546	2
82096	160555	6
82096	162733	2
82096	163362	1
82096	164208	2
82096	164734	3
82096	164737	6
82096	165553	1
82096	165677	3
82096	165684	4
82096	165889	2
82096	166074	5
82096	166580	12
82096	167326	2
82096	169119	1
82096	170847	3
82096	170849	7
82096	170851	18
82096	170855	2
82096	172127	3
82096	172284	11
82096	173204	1
82096	173695	3
82096	174543	10
82096	174544	4
82096	177141	11
82096	177932	4
82096	178199	3
82096	178463	2
82096	179773	1
82096	180155	6
82096	180697	2
82096	182781	1
82096	182898	1
82096	183217	6
82282	82677	6
82282	83285	4
82282	83287	5
82282	83291	4
82282	83294	4
82282	85055	1
82282	85221	1
82282	86019	1
82282	86312	1
82282	86855	1
82282	88020	2
82282	91205	5
82282	92315	5
82282	93730	1
82282	93869	6
82282	96117	2
82282	96322	1
82282	99310	7
82282	99311	2
82282	99313	6
82282	99314	2
82282	100323	13
82282	100324	3
82282	100570	2
82282	100572	2
82282	104803	2
82282	105743	1
82282	109109	2
82282	109111	1
82282	110357	16
82282	110359	1
82282	110825	1
82282	114069	5
82282	114358	2
82282	115032	3
82282	116330	12
82282	116655	5
82282	117232	2
82282	117235	2
82282	118646	2
82282	119089	2
82282	120433	1
82282	121313	2
82282	122612	1
82282	123253	3
82282	123932	1
82282	124212	3
82282	125126	5
82282	125582	3
82282	125584	2
82282	126526	6
82282	126533	5
82282	126556	7
82282	126613	9
82282	126614	4
82282	126621	21
82282	126742	1
82282	128004	1
82282	128011	2
82282	128033	6
82282	128035	6
82282	128036	3
82282	128048	6
82282	128066	8
82282	128071	3
82282	128074	5
82282	128087	2
82282	128751	25
82282	128797	72
82282	128804	56
82282	128805	6
82282	128807	21
82282	128810	1
82282	128817	5
82282	130689	1
82282	132293	3
82282	133004	3
82282	133030	4
82282	133655	1
82282	133832	9
82282	133861	1
82282	134851	4
82282	135501	3
82282	135730	3
82282	136540	5
82282	136689	5
82282	136690	3
82282	138619	1
82282	139959	1
82282	140876	4
82282	141840	5
82282	142560	1
82282	144271	2
82282	145508	2
82282	146643	3
82282	146644	1
82282	148313	4
82282	149773	1
82282	152096	9
82282	152099	6
82282	152101	2
82282	154993	8
82282	155002	4
82282	155061	2
82282	157133	29
82282	157217	5
82282	159998	11
82282	160378	2
82282	160536	2
82282	160539	1
82282	160542	1
82282	160545	4
82282	160546	4
82282	160547	2
82282	160554	2
82282	160555	4
82282	162733	2
82282	163362	1
82282	164208	1
82282	164734	1
82282	164737	1
82282	165553	3
82282	165677	1
82282	165684	3
82282	165889	2
82282	166580	5
82282	167326	1
82282	169119	1
82282	170847	4
82282	170849	7
82282	170851	12
82282	170855	2
82282	170860	1
82282	172127	4
82282	172284	2
82282	173192	4
82282	173204	6
82282	173695	1
82282	174543	22
82282	174544	3
82282	177141	10
82282	177932	9
82282	178463	4
82282	179773	4
82282	180155	2
82282	180697	2
82282	182781	4
82282	183217	2
82677	83285	2
82677	83287	8
82677	83291	10
82677	83294	3
82677	85055	6
82677	85221	3
82677	86855	2
82677	88020	1
82677	91205	5
82677	92315	1
82677	93869	4
82677	96322	2
82677	98159	1
82677	99310	13
82677	99311	2
82677	99313	4
82677	100323	20
82677	100324	4
82677	100570	4
82677	100572	4
82677	104118	2
82677	104803	5
82677	105743	6
82677	109109	2
82677	109111	1
82677	109905	1
82677	110357	8
82677	110359	2
82677	111412	2
82677	114069	1
82677	114358	2
82677	116330	5
82677	116655	1
82677	117232	1
82677	119089	2
82677	120433	1
82677	121313	1
82677	122612	2
82677	123507	2
82677	123932	1
82677	124212	2
82677	125126	4
82677	125582	5
82677	125584	2
82677	126526	6
82677	126533	4
82677	126556	9
82677	126613	9
82677	126614	3
82677	126618	2
82677	126621	15
82677	128004	3
82677	128011	3
82677	128033	9
82677	128035	12
82677	128036	5
82677	128048	10
82677	128066	7
82677	128071	10
82677	128074	9
82677	128084	1
82677	128087	2
82677	128115	1
82677	128239	2
82677	128241	2
82677	128751	8
82677	128797	57
82677	128804	30
82677	128805	11
82677	128807	22
82677	128817	5
82677	128832	1
82677	130689	1
82677	132293	2
82677	133004	1
82677	133030	1
82677	133655	1
82677	133832	8
82677	133861	2
82677	134851	7
82677	135501	1
82677	135730	2
82677	136689	2
82677	138406	1
82677	139192	4
82677	139959	2
82677	140876	1
82677	141840	10
82677	142560	2
82677	144271	1
82677	145508	9
82677	146643	2
82677	146644	2
82677	147535	1
82677	148313	1
82677	149772	1
82677	149773	1
82677	152096	16
82677	152099	10
82677	152101	4
82677	154993	6
82677	155002	4
82677	155061	2
82677	157133	19
82677	157217	5
82677	159998	9
82677	160378	4
82677	160536	1
82677	160539	5
82677	160545	6
82677	160547	2
82677	160554	1
82677	160555	4
82677	162733	3
82677	164208	1
82677	164734	2
82677	164737	2
82677	165677	1
82677	165684	1
82677	165889	10
82677	166074	1
82677	166580	8
82677	167326	1
82677	170847	16
82677	170849	6
82677	170851	11
82677	171579	1
82677	172284	4
82677	173192	1
82677	173204	10
82677	173695	2
82677	174543	21
82677	174544	1
82677	177141	5
82677	177932	2
82677	178199	2
82677	179773	1
82677	180155	1
82677	182781	1
82677	183217	2
83285	83287	13
83285	83291	9
83285	83294	15
83285	85055	9
83285	85221	2
83285	86019	5
83285	86312	1
83285	86855	6
83285	88020	4
83285	91205	13
83285	92315	4
83285	93730	6
83285	93869	15
83285	96117	5
83285	96322	4
83285	98159	1
83285	99310	55
83285	99311	9
83285	99313	33
83285	99314	14
83285	100323	42
83285	100324	10
83285	100570	10
83285	100572	4
83285	104118	3
83285	104803	15
83285	105743	13
83285	109109	4
83285	109111	4
83285	109905	1
83285	110357	29
83285	110359	6
83285	110825	3
83285	111412	3
83285	114069	6
83285	114358	2
83285	115032	1
83285	116330	15
83285	116655	9
83285	117232	11
83285	117235	4
83285	118646	2
83285	119089	2
83285	121313	2
83285	122612	7
83285	123253	3
83285	123507	3
83285	123932	3
83285	124212	1
83285	125126	5
83285	125582	15
83285	125584	10
83285	126526	10
83285	126533	3
83285	126556	1
83285	126613	14
83285	126614	5
83285	126618	8
83285	126621	39
83285	126742	2
83285	128004	3
83285	128011	10
83285	128033	3
83285	128035	5
83285	128036	1
83285	128048	7
83285	128066	14
83285	128071	10
83285	128074	2
83285	128084	6
83285	128087	4
83285	128115	6
83285	128239	3
83285	128241	1
83285	128751	15
83285	128797	125
83285	128804	74
83285	128805	4
83285	128807	41
83285	128810	3
83285	128817	14
83285	128832	4
83285	130689	3
83285	131373	5
83285	132293	5
83285	133004	3
83285	133030	5
83285	133655	6
83285	133832	19
83285	133861	12
83285	134851	10
83285	135501	2
83285	135730	6
83285	136540	2
83285	136689	2
83285	136690	3
83285	138406	4
83285	138619	5
83285	139192	4
83285	139959	5
83285	140876	4
83285	142560	6
83285	144271	2
83285	145508	4
83285	146643	6
83285	146644	4
83285	147535	4
83285	148313	2
83285	149762	1
83285	149772	1
83285	149773	1
83285	152096	11
83285	152099	8
83285	152101	8
83285	154993	9
83285	155002	12
83285	155061	3
83285	157133	22
83285	157217	5
83285	159998	19
83285	160378	4
83285	160536	4
83285	160539	2
83285	160542	7
83285	160545	6
83285	160546	3
83285	160547	8
83285	160554	2
83285	160555	13
83285	161120	1
83285	162733	6
83285	163362	3
83285	164208	2
83285	164734	3
83285	164737	6
83285	165553	8
83285	165677	2
83285	165684	4
83285	165889	17
83285	166074	4
83285	166580	5
83285	167326	4
83285	169119	8
83285	170847	14
83285	170849	9
83285	170851	21
83285	170855	2
83285	170860	2
83285	171579	1
83285	172127	4
83285	172284	5
83285	173192	5
83285	173204	3
83285	173695	8
83285	174543	29
83285	174544	2
83285	177141	8
83285	177932	2
83285	178463	4
83285	179773	3
83285	180155	3
83285	180697	5
83285	182781	5
83285	182898	3
83285	183217	6
83287	83291	16
83287	83294	13
83287	85055	7
83287	85221	1
83287	86019	3
83287	86312	1
83287	86855	8
83287	88020	1
83287	91205	12
83287	92315	5
83287	93730	4
83287	93869	13
83287	96117	1
83287	96322	3
83287	98159	2
83287	99310	24
83287	99311	4
83287	99313	14
83287	99314	4
83287	100323	55
83287	100324	24
83287	100570	9
83287	100572	6
83287	104118	1
83287	104803	12
83287	105743	7
83287	109109	8
83287	109111	8
83287	110357	28
83287	110359	5
83287	110825	3
83287	111412	2
83287	114069	7
83287	114358	3
83287	115032	1
83287	116330	13
83287	116655	2
83287	117232	4
83287	117235	3
83287	118646	2
83287	119089	7
83287	120433	1
83287	122612	3
83287	123253	3
83287	123507	1
83287	123932	3
83287	124212	2
83287	125126	10
83287	125582	3
83287	125584	2
83287	126526	14
83287	126533	8
83287	126556	3
83287	126613	12
83287	126614	5
83287	126618	10
83287	126621	38
83287	128004	5
83287	128011	9
83287	128033	12
83287	128035	6
83287	128036	2
83287	128048	9
83287	128066	14
83287	128071	9
83287	128074	5
83287	128084	4
83287	128087	3
83287	128115	8
83287	128239	3
83287	128241	1
83287	128751	15
83287	128797	112
83287	128804	63
83287	128805	11
83287	128807	43
83287	128810	3
83287	128817	8
83287	128832	2
83287	130689	3
83287	131373	3
83287	132293	13
83287	133004	3
83287	133030	2
83287	133655	3
83287	133832	18
83287	133861	5
83287	134851	8
83287	135501	7
83287	135730	12
83287	136540	1
83287	136689	3
83287	136690	2
83287	138406	2
83287	138619	2
83287	139192	7
83287	139959	2
83287	140876	2
83287	141840	6
83287	142560	2
83287	144271	3
83287	145508	8
83287	146643	12
83287	146644	7
83287	147535	3
83287	148313	5
83287	149762	2
83287	149773	3
83287	152096	18
83287	152099	21
83287	152101	20
83287	154993	11
83287	155002	12
83287	155061	3
83287	157133	20
83287	157217	10
83287	159998	5
83287	160378	2
83287	160536	8
83287	160539	8
83287	160542	8
83287	160545	7
83287	160546	2
83287	160547	3
83287	160554	3
83287	160555	9
83287	161120	2
83287	162733	15
83287	163362	2
83287	164734	1
83287	164737	2
83287	165553	4
83287	165677	1
83287	165889	14
83287	166074	7
83287	166580	17
83287	167326	1
83287	170847	12
83287	170849	19
83287	170851	27
83287	170855	1
83287	171579	1
83287	172127	3
83287	172284	2
83287	173192	5
83287	173204	3
83287	173695	6
83287	174543	34
83287	174544	7
83287	177141	12
83287	177932	1
83287	178199	4
83287	178463	2
83287	179773	5
83287	180155	1
83287	182781	4
83287	183217	2
83291	83294	13
83291	85055	3
83291	85221	3
83291	86019	4
83291	86312	4
83291	86855	7
83291	88020	3
83291	91205	15
83291	92315	5
83291	93730	2
83291	93869	17
83291	96117	4
83291	96322	3
83291	98159	1
83291	99310	23
83291	99311	5
83291	99313	15
83291	99314	3
83291	100323	50
83291	100324	9
83291	100570	2
83291	100572	2
83291	104118	14
83291	104803	6
83291	105743	8
83291	109109	4
83291	109111	1
83291	109905	1
83291	110357	41
83291	110359	7
83291	111412	2
83291	114069	7
83291	114358	5
83291	115032	2
83291	116330	35
83291	116655	3
83291	117232	7
83291	117235	6
83291	118646	2
83291	119089	5
83291	120433	4
83291	121313	2
83291	122612	5
83291	123253	6
83291	123507	4
83291	123932	10
83291	124212	3
83291	125126	7
83291	125582	4
83291	125584	5
83291	126526	2
83291	126533	2
83291	126556	17
83291	126613	18
83291	126614	6
83291	126618	5
83291	126621	39
83291	128004	8
83291	128011	7
83291	128033	8
83291	128035	5
83291	128036	4
83291	128048	25
83291	128066	12
83291	128071	19
83291	128074	15
83291	128084	14
83291	128087	5
83291	128115	13
83291	128239	22
83291	128241	9
83291	128751	14
83291	128797	114
83291	128804	76
83291	128805	8
83291	128807	25
83291	128810	2
83291	128817	18
83291	128832	3
83291	130689	4
83291	131373	5
83291	132293	5
83291	133004	6
83291	133030	6
83291	133655	6
83291	133832	30
83291	133861	3
83291	134851	8
83291	135501	3
83291	135730	2
83291	136540	1
83291	136689	2
83291	136690	2
83291	138406	6
83291	138619	5
83291	139192	3
83291	139959	4
83291	140876	4
83291	141840	12
83291	142560	7
83291	144271	4
83291	145508	11
83291	146643	3
83291	146644	4
83291	147535	5
83291	148313	8
83291	149772	1
83291	149773	1
83291	152096	24
83291	152099	18
83291	152101	9
83291	154993	10
83291	155002	7
83291	155061	4
83291	157133	30
83291	157217	20
83291	159998	7
83291	160378	3
83291	160536	1
83291	160539	7
83291	160542	2
83291	160545	12
83291	160546	6
83291	160554	2
83291	160555	8
83291	161120	3
83291	162733	4
83291	163362	7
83291	164208	1
83291	164734	1
83291	164737	4
83291	165553	3
83291	165677	3
83291	165684	5
83291	165889	13
83291	166074	6
83291	166580	19
83291	167326	3
83291	169119	6
83291	170847	29
83291	170849	17
83291	170851	37
83291	170855	9
83291	170860	1
83291	171579	1
83291	172127	10
83291	172284	11
83291	173192	9
83291	173204	11
83291	173695	2
83291	174543	34
83291	174544	6
83291	177141	11
83291	177932	4
83291	178199	3
83291	178463	2
83291	179773	1
83291	180155	8
83291	180697	5
83291	182781	5
83291	182898	3
83291	183217	7
83294	85055	8
83294	85221	8
83294	86019	9
83294	86312	10
83294	86855	9
83294	88020	1
83294	91205	33
83294	92315	2
83294	93730	5
83294	93869	24
83294	96117	3
83294	96322	12
83294	98159	9
83294	99310	22
83294	99311	8
83294	99313	19
83294	99314	15
83294	100323	92
83294	100324	11
83294	100570	6
83294	100572	8
83294	104118	7
83294	104803	10
83294	105743	14
83294	109109	7
83294	109111	7
83294	109905	5
83294	110357	48
83294	110359	15
83294	110825	7
83294	111412	2
83294	114069	7
83294	114358	3
83294	115032	3
83294	116330	38
83294	116655	6
83294	117232	12
83294	117235	9
83294	118646	6
83294	119089	6
83294	120433	6
83294	121313	4
83294	122612	5
83294	123253	4
83294	123507	3
83294	123932	6
83294	124212	2
83294	125126	7
83294	125582	7
83294	125584	5
83294	126526	10
83294	126533	7
83294	126556	8
83294	126613	12
83294	126614	8
83294	126618	8
83294	126621	38
83294	126742	3
83294	128004	5
83294	128011	9
83294	128033	5
83294	128035	2
83294	128036	1
83294	128048	4
83294	128066	8
83294	128071	33
83294	128074	7
83294	128084	7
83294	128087	4
83294	128115	10
83294	128239	12
83294	128241	6
83294	128751	13
83294	128797	123
83294	128804	63
83294	128805	5
83294	128807	56
83294	128810	6
83294	128817	41
83294	128832	4
83294	130689	4
83294	131373	4
83294	132293	5
83294	133004	7
83294	133030	2
83294	133655	5
83294	133832	40
83294	133861	9
83294	134851	10
83294	135501	7
83294	135730	7
83294	136540	2
83294	136689	10
83294	136690	12
83294	138406	6
83294	138619	8
83294	139192	6
83294	139959	2
83294	140876	6
83294	141840	10
83294	142560	2
83294	144271	6
83294	145508	12
83294	146643	9
83294	146644	6
83294	147535	6
83294	148313	9
83294	149762	2
83294	149772	1
83294	149773	3
83294	152096	14
83294	152099	11
83294	152101	11
83294	154993	9
83294	155002	14
83294	155061	3
83294	157133	28
83294	157217	15
83294	159998	4
83294	160378	2
83294	160536	4
83294	160539	7
83294	160542	5
83294	160545	5
83294	160547	6
83294	160554	2
83294	160555	18
83294	161120	6
83294	162733	7
83294	163362	6
83294	164208	2
83294	164734	8
83294	164737	13
83294	165553	9
83294	165677	4
83294	165684	4
83294	165889	15
83294	166074	13
83294	166580	16
83294	167326	5
83294	169119	5
83294	170847	22
83294	170849	17
83294	170851	37
83294	170855	3
83294	170860	2
83294	171579	3
83294	172127	7
83294	172284	2
83294	173192	7
83294	173204	3
83294	173695	6
83294	174543	45
83294	174544	5
83294	177141	21
83294	177932	6
83294	178199	5
83294	178463	1
83294	179773	4
83294	180155	5
83294	180697	2
83294	182781	4
83294	182898	9
83294	183217	13
85055	85221	1
85055	86019	3
85055	86312	4
85055	86855	2
85055	88020	4
85055	91205	18
85055	92315	2
85055	93730	1
85055	93869	9
85055	96322	2
85055	98159	1
85055	99310	10
85055	99311	2
85055	99313	11
85055	99314	3
85055	100323	30
85055	100324	6
85055	100570	8
85055	100572	11
85055	104803	4
85055	105743	5
85055	109109	4
85055	109111	4
85055	110357	32
85055	110359	2
85055	110825	5
85055	111412	2
85055	114069	4
85055	114358	1
85055	115032	6
85055	116330	17
85055	116655	7
85055	117232	1
85055	117235	2
85055	118646	1
85055	119089	10
85055	120433	2
85055	121313	4
85055	122612	2
85055	123253	1
85055	123507	1
85055	123932	3
85055	125126	5
85055	125582	7
85055	125584	6
85055	126526	7
85055	126533	7
85055	126556	1
85055	126613	4
85055	126618	4
85055	126621	33
85055	126742	1
85055	128004	4
85055	128011	9
85055	128033	1
85055	128035	4
85055	128036	1
85055	128048	5
85055	128066	5
85055	128071	14
85055	128074	3
85055	128084	1
85055	128087	2
85055	128115	11
85055	128239	1
85055	128241	1
85055	128751	12
85055	128797	76
85055	128804	40
85055	128805	9
85055	128807	42
85055	128810	2
85055	128817	9
85055	128832	2
85055	130689	2
85055	131373	4
85055	132293	2
85055	133004	1
85055	133030	2
85055	133655	3
85055	133832	13
85055	133861	7
85055	134851	2
85055	135501	5
85055	135730	4
85055	136689	5
85055	136690	3
85055	138406	2
85055	139192	2
85055	139959	2
85055	140876	3
85055	142560	1
85055	144271	1
85055	145508	9
85055	146643	7
85055	146644	9
85055	147535	2
85055	148313	5
85055	149773	1
85055	152096	15
85055	152099	5
85055	152101	6
85055	154993	4
85055	155002	13
85055	155061	1
85055	157133	18
85055	157217	13
85055	159998	8
85055	160378	2
85055	160536	2
85055	160539	9
85055	160542	3
85055	160545	2
85055	160546	2
85055	160547	3
85055	160554	1
85055	160555	7
85055	162733	2
85055	163362	1
85055	164208	1
85055	164734	1
85055	164737	4
85055	165553	6
85055	165677	1
85055	165684	1
85055	165889	16
85055	166074	8
85055	166580	13
85055	167326	3
85055	169119	5
85055	170847	12
85055	170849	10
85055	170851	16
85055	170855	1
85055	171579	2
85055	172127	1
85055	172284	1
85055	173192	1
85055	173204	1
85055	173695	3
85055	174543	29
85055	174544	1
85055	177141	15
85055	177932	1
85055	178199	2
85055	179773	6
85055	182781	2
85055	182898	1
85055	183217	4
85221	86019	11
85221	86312	8
85221	86855	3
85221	88020	7
85221	91205	16
85221	92315	5
85221	93730	2
85221	93869	16
85221	96117	5
85221	96322	1
85221	98159	6
85221	99310	9
85221	99311	6
85221	99313	16
85221	99314	10
85221	100323	17
85221	100324	5
85221	100570	2
85221	104118	5
85221	104803	3
85221	105743	19
85221	109109	2
85221	109905	7
85221	110357	40
85221	110359	2
85221	110825	7
85221	111412	5
85221	114069	9
85221	115032	2
85221	116330	30
85221	116655	10
85221	117232	14
85221	117235	23
85221	118646	1
85221	119089	1
85221	120433	7
85221	121313	3
85221	122612	1
85221	123253	4
85221	123507	3
85221	123932	1
85221	124212	9
85221	125126	6
85221	125582	5
85221	125584	8
85221	126526	6
85221	126533	3
85221	126556	1
85221	126613	12
85221	126614	2
85221	126618	5
85221	126621	18
85221	126742	5
85221	128004	2
85221	128035	1
85221	128036	1
85221	128048	1
85221	128066	7
85221	128071	10
85221	128074	4
85221	128084	2
85221	128087	1
85221	128115	13
85221	128239	2
85221	128751	9
85221	128797	85
85221	128804	46
85221	128807	15
85221	128810	2
85221	128817	25
85221	128832	1
85221	130689	6
85221	131373	1
85221	132293	1
85221	133004	3
85221	133030	6
85221	133655	4
85221	133832	24
85221	133861	4
85221	134851	2
85221	135501	1
85221	135730	5
85221	136540	4
85221	136689	3
85221	136690	4
85221	138406	6
85221	138619	3
85221	139192	1
85221	139959	2
85221	140876	1
85221	141840	1
85221	142560	3
85221	144271	1
85221	145508	6
85221	146643	2
85221	146644	1
85221	147535	12
85221	148313	4
85221	149762	3
85221	149772	4
85221	149773	7
85221	152096	3
85221	152099	1
85221	152101	1
85221	154993	5
85221	155002	5
85221	155061	9
85221	157133	19
85221	157217	3
85221	159998	7
85221	160536	4
85221	160539	2
85221	160542	1
85221	160545	5
85221	160546	1
85221	160547	2
85221	160555	11
85221	161120	5
85221	162733	3
85221	163362	4
85221	164208	6
85221	164734	3
85221	164737	26
85221	165553	7
85221	165677	4
85221	165684	11
85221	165889	9
85221	166580	2
85221	167326	8
85221	169119	3
85221	170847	7
85221	170849	9
85221	170851	20
85221	170855	1
85221	170860	6
85221	171579	6
85221	172127	2
85221	172284	4
85221	173192	3
85221	173204	2
85221	173695	9
85221	174543	20
85221	174544	1
85221	177141	9
85221	177932	16
85221	178199	3
85221	178463	10
85221	179773	2
85221	180155	3
85221	180697	6
85221	182781	3
85221	182898	6
85221	183217	5
86019	86312	28
86019	86855	3
86019	88020	2
86019	91205	13
86019	92315	3
86019	93730	6
86019	93869	26
86019	96117	8
86019	96322	7
86019	98159	11
86019	99310	11
86019	99311	4
86019	99313	24
86019	99314	11
86019	100323	19
86019	100324	1
86019	100570	2
86019	100572	2
86019	104118	2
86019	104803	4
86019	105743	10
86019	109109	1
86019	109111	4
86019	109905	1
86019	110357	44
86019	110359	4
86019	110825	6
86019	111412	2
86019	114069	12
86019	114358	4
86019	115032	5
86019	116330	38
86019	116655	13
86019	117232	17
86019	117235	15
86019	118646	2
86019	119089	2
86019	120433	9
86019	121313	8
86019	122612	7
86019	123507	5
86019	123932	12
86019	124212	2
86019	125126	1
86019	125582	10
86019	125584	15
86019	126526	3
86019	126556	2
86019	126613	11
86019	126614	1
86019	126618	3
86019	126621	24
86019	126742	4
86019	128004	1
86019	128011	2
86019	128033	4
86019	128036	3
86019	128066	9
86019	128071	20
86019	128074	1
86019	128084	5
86019	128087	6
86019	128115	20
86019	128239	3
86019	128241	4
86019	128751	16
86019	128797	104
86019	128804	43
86019	128805	2
86019	128807	24
86019	128817	47
86019	128832	4
86019	130689	3
86019	131373	1
86019	132293	4
86019	133004	3
86019	133030	6
86019	133655	13
86019	133832	36
86019	133861	5
86019	134851	1
86019	135501	2
86019	135730	1
86019	136540	2
86019	136689	2
86019	136690	4
86019	138406	14
86019	139192	1
86019	139959	2
86019	142560	3
86019	145508	15
86019	146643	3
86019	146644	2
86019	147535	6
86019	148313	11
86019	149762	5
86019	149772	9
86019	149773	5
86019	152096	20
86019	152099	7
86019	152101	9
86019	154993	4
86019	155002	4
86019	155061	1
86019	157133	15
86019	157217	9
86019	159998	7
86019	160378	2
86019	160536	2
86019	160539	6
86019	160542	2
86019	160545	2
86019	160547	3
86019	160554	2
86019	160555	16
86019	161120	14
86019	162733	1
86019	163362	2
86019	164208	7
86019	164734	5
86019	164737	24
86019	165553	10
86019	165677	6
86019	165684	8
86019	165889	10
86019	166074	4
86019	166580	3
86019	167326	6
86019	169119	5
86019	170847	22
86019	170849	10
86019	170851	33
86019	170855	2
86019	170860	8
86019	171579	1
86019	172127	4
86019	172284	1
86019	173192	3
86019	173204	5
86019	173695	6
86019	174543	20
86019	174544	3
86019	177141	16
86019	177932	5
86019	178199	5
86019	178463	3
86019	180697	2
86019	182781	1
86019	182898	13
86019	183217	22
86312	86855	7
86312	88020	4
86312	91205	25
86312	92315	8
86312	93730	2
86312	93869	34
86312	96117	5
86312	96322	8
86312	98159	3
86312	99310	14
86312	99313	22
86312	99314	16
86312	100323	22
86312	100324	5
86312	100570	3
86312	104118	1
86312	104803	1
86312	105743	5
86312	109109	1
86312	109905	14
86312	110357	83
86312	110359	8
86312	110825	2
86312	111412	1
86312	114069	17
86312	114358	8
86312	115032	3
86312	116330	80
86312	116655	10
86312	117232	23
86312	117235	11
86312	118646	4
86312	119089	2
86312	120433	5
86312	121313	5
86312	122612	6
86312	123507	6
86312	123932	8
86312	124212	1
86312	125126	2
86312	125582	7
86312	125584	8
86312	126526	7
86312	126556	1
86312	126613	9
86312	126621	23
86312	126742	7
86312	128033	3
86312	128036	3
86312	128048	2
86312	128066	4
86312	128071	19
86312	128084	9
86312	128087	10
86312	128115	20
86312	128239	3
86312	128241	4
86312	128751	9
86312	128797	130
86312	128804	82
86312	128805	2
86312	128807	41
86312	128817	82
86312	128832	6
86312	130689	5
86312	131373	1
86312	132293	1
86312	133004	5
86312	133030	4
86312	133655	16
86312	133832	64
86312	133861	13
86312	134851	2
86312	135501	1
86312	135730	3
86312	136540	1
86312	136689	4
86312	136690	1
86312	138406	19
86312	138619	3
86312	139192	3
86312	139959	1
86312	140876	3
86312	141840	2
86312	142560	4
86312	144271	3
86312	145508	12
86312	146643	2
86312	146644	2
86312	147535	1
86312	148313	23
86312	149762	3
86312	149772	16
86312	149773	14
86312	152096	12
86312	152099	5
86312	152101	7
86312	154993	2
86312	155002	4
86312	157133	14
86312	157217	7
86312	159998	9
86312	160378	4
86312	160536	3
86312	160539	3
86312	160542	2
86312	160545	1
86312	160546	3
86312	160547	4
86312	160554	4
86312	160555	9
86312	161120	7
86312	163362	8
86312	164208	8
86312	164734	12
86312	164737	23
86312	165553	9
86312	165677	9
86312	165684	13
86312	165889	15
86312	166074	6
86312	166580	13
86312	167326	15
86312	169119	5
86312	170847	26
86312	170849	19
86312	170851	67
86312	170855	10
86312	170860	18
86312	171579	6
86312	172127	4
86312	172284	6
86312	173192	8
86312	173204	5
86312	173695	2
86312	174543	30
86312	174544	3
86312	177141	8
86312	177932	4
86312	178199	9
86312	178463	5
86312	179773	1
86312	180155	9
86312	180697	4
86312	182898	8
86312	183217	21
86855	88020	3
86855	91205	6
86855	92315	3
86855	93730	2
86855	93869	9
86855	96117	1
86855	98159	2
86855	99310	18
86855	99311	6
86855	99313	9
86855	99314	4
86855	100323	16
86855	100324	3
86855	100570	3
86855	100572	1
86855	104118	2
86855	104803	9
86855	105743	7
86855	109109	4
86855	109111	2
86855	109905	3
86855	110357	31
86855	110359	6
86855	110825	2
86855	111412	4
86855	114069	3
86855	114358	4
86855	115032	1
86855	116330	15
86855	116655	6
86855	117232	3
86855	117235	8
86855	118646	2
86855	119089	1
86855	120433	4
86855	121313	1
86855	122612	1
86855	123507	3
86855	123932	6
86855	124212	1
86855	125126	1
86855	125582	10
86855	125584	11
86855	126526	7
86855	126533	1
86855	126556	8
86855	126613	16
86855	126614	4
86855	126618	8
86855	126621	22
86855	126742	2
86855	128004	4
86855	128011	7
86855	128033	5
86855	128035	4
86855	128036	1
86855	128048	6
86855	128066	6
86855	128071	8
86855	128074	5
86855	128084	6
86855	128087	7
86855	128115	13
86855	128239	5
86855	128241	4
86855	128751	11
86855	128797	78
86855	128804	45
86855	128805	6
86855	128807	21
86855	128810	1
86855	128817	15
86855	130689	3
86855	131373	1
86855	132293	3
86855	133004	6
86855	133030	2
86855	133655	4
86855	133832	13
86855	133861	4
86855	134851	3
86855	135501	2
86855	135730	3
86855	136540	2
86855	136689	3
86855	136690	3
86855	138406	7
86855	138619	3
86855	139192	1
86855	139959	4
86855	140876	5
86855	141840	5
86855	142560	1
86855	144271	3
86855	145508	6
86855	146643	2
86855	146644	2
86855	147535	4
86855	148313	4
86855	149762	2
86855	149772	1
86855	149773	2
86855	152096	8
86855	152099	10
86855	152101	9
86855	154993	4
86855	155002	2
86855	155061	4
86855	157133	20
86855	157217	4
86855	159998	8
86855	160378	1
86855	160536	4
86855	160539	4
86855	160542	5
86855	160545	7
86855	160546	5
86855	160547	7
86855	160554	4
86855	160555	9
86855	161120	2
86855	162733	1
86855	164208	1
86855	164734	5
86855	164737	6
86855	165553	6
86855	165677	2
86855	165684	2
86855	165889	9
86855	166074	5
86855	166580	8
86855	167326	1
86855	169119	3
86855	170847	14
86855	170849	7
86855	170851	24
86855	170855	3
86855	170860	4
86855	171579	1
86855	172127	4
86855	172284	3
86855	173192	4
86855	173204	6
86855	173695	3
86855	174543	16
86855	174544	7
86855	177141	14
86855	177932	2
86855	178199	6
86855	178463	2
86855	179773	2
86855	180155	3
86855	180697	1
86855	182781	4
86855	182898	3
86855	183217	5
88020	91205	11
88020	92315	12
88020	93730	3
88020	93869	5
88020	96117	7
88020	99310	4
88020	99311	1
88020	99313	9
88020	100323	21
88020	100324	2
88020	100572	1
88020	104803	4
88020	105743	7
88020	109905	1
88020	110357	23
88020	110359	1
88020	110825	1
88020	111412	5
88020	114069	9
88020	114358	1
88020	115032	9
88020	116330	13
88020	116655	5
88020	117232	3
88020	117235	6
88020	118646	1
88020	120433	2
88020	121313	5
88020	122612	1
88020	123253	2
88020	123932	3
88020	124212	8
88020	125126	2
88020	125582	10
88020	125584	13
88020	126526	1
88020	126533	2
88020	126556	2
88020	126613	13
88020	126614	6
88020	126618	5
88020	126621	37
88020	126742	3
88020	128004	2
88020	128011	3
88020	128033	1
88020	128035	1
88020	128036	1
88020	128048	3
88020	128066	10
88020	128071	12
88020	128074	2
88020	128087	7
88020	128115	5
88020	128239	4
88020	128751	12
88020	128797	83
88020	128804	43
88020	128805	4
88020	128807	18
88020	128810	4
88020	128817	13
88020	130689	6
88020	133030	20
88020	133655	1
88020	133832	14
88020	135501	6
88020	135730	5
88020	136540	19
88020	136689	2
88020	138406	1
88020	139959	7
88020	140876	5
88020	142560	4
88020	145508	3
88020	146643	4
88020	146644	2
88020	147535	2
88020	148313	14
88020	149762	3
88020	149772	1
88020	149773	1
88020	152096	6
88020	152101	1
88020	154993	3
88020	155002	4
88020	155061	8
88020	157133	26
88020	157217	11
88020	159998	20
88020	160378	4
88020	160536	5
88020	160539	1
88020	160542	3
88020	160545	6
88020	160546	3
88020	160547	8
88020	160554	1
88020	160555	4
88020	161120	3
88020	162733	4
88020	163362	1
88020	164208	5
88020	164734	4
88020	164737	4
88020	165553	5
88020	165677	3
88020	165684	2
88020	165889	1
88020	166580	7
88020	169119	11
88020	170847	10
88020	170849	11
88020	170851	14
88020	170855	3
88020	170860	2
88020	171579	13
88020	172127	1
88020	172284	5
88020	173192	4
88020	173204	2
88020	173695	4
88020	174543	13
88020	174544	4
88020	177141	5
88020	177932	26
88020	178463	30
88020	179773	1
88020	180155	3
88020	180697	8
88020	182781	2
88020	183217	2
91205	92315	14
91205	93730	10
91205	93869	44
91205	96117	6
91205	96322	14
91205	98159	7
91205	99310	45
91205	99311	5
91205	99313	54
91205	99314	31
91205	100323	80
91205	100324	10
91205	100570	8
91205	100572	9
91205	104118	11
91205	104803	12
91205	105743	21
91205	109109	7
91205	109111	13
91205	109905	6
91205	110357	159
91205	110359	11
91205	110825	4
91205	111412	10
91205	114069	25
91205	114358	4
91205	115032	7
91205	116330	92
91205	116655	12
91205	117232	22
91205	117235	10
91205	119089	15
91205	120433	4
91205	121313	6
91205	122612	9
91205	123253	4
91205	123507	1
91205	123932	9
91205	124212	10
91205	125126	12
91205	125582	15
91205	125584	13
91205	126526	19
91205	126533	12
91205	126556	7
91205	126613	24
91205	126614	8
91205	126618	4
91205	126621	80
91205	126742	7
91205	128004	9
91205	128011	4
91205	128033	2
91205	128035	2
91205	128036	2
91205	128048	4
91205	128066	13
91205	128071	26
91205	128074	10
91205	128084	3
91205	128087	17
91205	128115	16
91205	128239	7
91205	128241	9
91205	128751	37
91205	128797	273
91205	128804	178
91205	128805	17
91205	128807	159
91205	128810	4
91205	128817	73
91205	128832	12
91205	130689	10
91205	131373	2
91205	132293	7
91205	133004	4
91205	133030	8
91205	133655	12
91205	133832	109
91205	133861	16
91205	134851	7
91205	135501	7
91205	135730	11
91205	136540	3
91205	136689	14
91205	136690	8
91205	138406	15
91205	138619	8
91205	139192	8
91205	139959	4
91205	140876	15
91205	141840	2
91205	142560	7
91205	144271	5
91205	145508	22
91205	146643	12
91205	146644	9
91205	147535	8
91205	148313	28
91205	149762	11
91205	149772	7
91205	149773	10
91205	152096	22
91205	152099	10
91205	152101	10
91205	154993	8
91205	155002	15
91205	155061	5
91205	157133	41
91205	157217	67
91205	159998	11
91205	160378	8
91205	160536	4
91205	160539	11
91205	160542	3
91205	160545	8
91205	160546	5
91205	160547	5
91205	160554	4
91205	160555	18
91205	161120	6
91205	162733	5
91205	163362	10
91205	164208	4
91205	164734	7
91205	164737	22
91205	165553	21
91205	165677	4
91205	165684	11
91205	165889	31
91205	166074	37
91205	166580	36
91205	167326	6
91205	169119	8
91205	170847	37
91205	170849	38
91205	170851	86
91205	170855	10
91205	170860	6
91205	171579	6
91205	172127	8
91205	172284	11
91205	173192	12
91205	173204	6
91205	173695	13
91205	174543	94
91205	174544	13
91205	177141	66
91205	177932	16
91205	178199	8
91205	178463	7
91205	179773	6
91205	180155	9
91205	180697	14
91205	182781	7
91205	182898	4
91205	183217	14
92315	93730	1
92315	93869	8
92315	96117	7
92315	96322	1
92315	99310	13
92315	99311	1
92315	99313	13
92315	100323	22
92315	100324	2
92315	100570	4
92315	100572	5
92315	104118	2
92315	104803	5
92315	105743	9
92315	109111	6
92315	110357	41
92315	110359	3
92315	110825	1
92315	114069	8
92315	114358	2
92315	115032	3
92315	116330	12
92315	116655	10
92315	117232	1
92315	117235	3
92315	118646	1
92315	119089	1
92315	120433	1
92315	121313	4
92315	123253	14
92315	123507	6
92315	123932	6
92315	124212	13
92315	125126	14
92315	125582	9
92315	125584	13
92315	126526	8
92315	126533	1
92315	126613	16
92315	126614	5
92315	126618	4
92315	126621	74
92315	126742	2
92315	128004	6
92315	128011	4
92315	128033	3
92315	128035	3
92315	128036	3
92315	128048	5
92315	128066	18
92315	128071	14
92315	128074	3
92315	128084	4
92315	128087	3
92315	128115	9
92315	128239	4
92315	128241	1
92315	128751	23
92315	128797	146
92315	128804	77
92315	128805	11
92315	128807	22
92315	128810	3
92315	128817	18
92315	128832	2
92315	130689	7
92315	131373	1
92315	132293	1
92315	133030	17
92315	133655	1
92315	133832	15
92315	133861	4
92315	135501	11
92315	135730	8
92315	136540	14
92315	136689	3
92315	139192	4
92315	139959	5
92315	140876	2
92315	141840	2
92315	142560	1
92315	144271	3
92315	145508	1
92315	146643	5
92315	146644	1
92315	147535	2
92315	148313	15
92315	149762	3
92315	149772	1
92315	149773	2
92315	152096	9
92315	152099	1
92315	152101	1
92315	154993	10
92315	155002	10
92315	155061	7
92315	157133	26
92315	157217	15
92315	159998	19
92315	160378	8
92315	160536	5
92315	160539	2
92315	160542	2
92315	160545	4
92315	160546	3
92315	160547	9
92315	160554	1
92315	160555	3
92315	161120	2
92315	162733	1
92315	163362	1
92315	164208	1
92315	165553	2
92315	165677	3
92315	165684	2
92315	165889	4
92315	166580	9
92315	169119	8
92315	170847	10
92315	170849	26
92315	170851	26
92315	170855	9
92315	170860	3
92315	171579	11
92315	172284	7
92315	173192	4
92315	173204	2
92315	173695	8
92315	174543	43
92315	174544	5
92315	177141	10
92315	177932	37
92315	178463	10
92315	179773	2
92315	180155	2
92315	180697	4
92315	182781	1
92315	183217	2
93730	93869	6
93730	96117	2
93730	96322	1
93730	98159	7
93730	99310	14
93730	99313	10
93730	99314	7
93730	100323	15
93730	100324	3
93730	100572	1
93730	104118	2
93730	104803	9
93730	105743	6
93730	109109	3
93730	109111	2
93730	109905	5
93730	110357	20
93730	110359	5
93730	110825	3
93730	114069	4
93730	115032	4
93730	116330	11
93730	116655	4
93730	117232	2
93730	117235	3
93730	118646	2
93730	119089	1
93730	120433	2
93730	121313	2
93730	122612	1
93730	123253	1
93730	123932	4
93730	124212	3
93730	125582	3
93730	125584	5
93730	126526	4
93730	126533	8
93730	126613	8
93730	126614	2
93730	126618	4
93730	126621	8
93730	128004	2
93730	128011	3
93730	128035	1
93730	128036	5
93730	128048	2
93730	128066	3
93730	128071	2
93730	128074	1
93730	128087	3
93730	128115	2
93730	128241	2
93730	128751	9
93730	128797	52
93730	128804	28
93730	128805	1
93730	128807	13
93730	128810	1
93730	128817	14
93730	128832	4
93730	130689	1
93730	131373	4
93730	132293	3
93730	133004	1
93730	133030	1
93730	133655	2
93730	133832	14
93730	133861	4
93730	134851	2
93730	135730	1
93730	136689	3
93730	138406	5
93730	138619	5
93730	139959	1
93730	140876	1
93730	142560	1
93730	145508	4
93730	146643	5
93730	146644	1
93730	147535	2
93730	148313	3
93730	149762	2
93730	149772	1
93730	149773	2
93730	152096	4
93730	152099	3
93730	152101	1
93730	154993	4
93730	155002	6
93730	155061	4
93730	157133	17
93730	157217	3
93730	159998	3
93730	160378	2
93730	160536	3
93730	160539	3
93730	160542	2
93730	160545	2
93730	160546	1
93730	160547	3
93730	160554	1
93730	160555	10
93730	161120	2
93730	162733	3
93730	164208	1
93730	164734	4
93730	164737	3
93730	165553	5
93730	165677	8
93730	165684	1
93730	165889	2
93730	166074	1
93730	166580	5
93730	167326	1
93730	169119	4
93730	170847	6
93730	170849	5
93730	170851	12
93730	170855	3
93730	171579	1
93730	172127	1
93730	172284	3
93730	173192	2
93730	173695	2
93730	174543	9
93730	174544	3
93730	177141	6
93730	177932	5
93730	178199	2
93730	178463	1
93730	179773	4
93730	180155	3
93730	180697	1
93730	182781	2
93730	182898	1
93730	183217	3
93869	96117	7
93869	96322	8
93869	98159	12
93869	99310	35
93869	99311	6
93869	99313	50
93869	99314	23
93869	100323	65
93869	100324	4
93869	100570	3
93869	100572	4
93869	104118	8
93869	104803	15
93869	105743	31
93869	109109	5
93869	109111	5
93869	109905	11
93869	110357	131
93869	110359	17
93869	110825	16
93869	111412	14
93869	114069	30
93869	114358	9
93869	115032	12
93869	116330	72
93869	116655	25
93869	117232	43
93869	117235	31
93869	118646	4
93869	119089	7
93869	120433	5
93869	121313	7
93869	122612	8
93869	123253	2
93869	123507	7
93869	123932	14
93869	124212	1
93869	125126	3
93869	125582	15
93869	125584	16
93869	126526	14
93869	126533	7
93869	126556	7
93869	126613	25
93869	126614	9
93869	126618	15
93869	126621	61
93869	126742	9
93869	128004	1
93869	128011	12
93869	128033	5
93869	128035	2
93869	128036	3
93869	128048	7
93869	128066	15
93869	128071	40
93869	128074	5
93869	128084	5
93869	128087	12
93869	128115	22
93869	128239	3
93869	128241	11
93869	128751	34
93869	128797	261
93869	128804	123
93869	128805	11
93869	128807	65
93869	128810	6
93869	128817	88
93869	128832	4
93869	130689	11
93869	131373	8
93869	132293	6
93869	133004	9
93869	133030	11
93869	133655	16
93869	133832	84
93869	133861	19
93869	134851	4
93869	135501	3
93869	135730	8
93869	136540	3
93869	136689	12
93869	136690	6
93869	138406	21
93869	138619	8
93869	139192	7
93869	139959	5
93869	140876	11
93869	141840	5
93869	142560	10
93869	144271	4
93869	145508	14
93869	146643	10
93869	146644	5
93869	147535	13
93869	148313	29
93869	149762	3
93869	149772	11
93869	149773	12
93869	152096	24
93869	152099	8
93869	152101	16
93869	154993	1
93869	155002	11
93869	155061	8
93869	157133	62
93869	157217	31
93869	159998	17
93869	160378	7
93869	160536	6
93869	160539	8
93869	160542	7
93869	160545	8
93869	160546	5
93869	160547	6
93869	160554	6
93869	160555	43
93869	161120	10
93869	162733	9
93869	163362	6
93869	164208	7
93869	164734	14
93869	164737	30
93869	165553	16
93869	165677	16
93869	165684	24
93869	165889	25
93869	166074	13
93869	166580	32
93869	167326	7
93869	169119	17
93869	170847	39
93869	170849	43
93869	170851	82
93869	170855	7
93869	170860	5
93869	171579	7
93869	172127	8
93869	172284	10
93869	173192	7
93869	173204	7
93869	173695	4
93869	174543	66
93869	174544	15
93869	177141	29
93869	177932	13
93869	178199	12
93869	178463	4
93869	179773	1
93869	180155	11
93869	180697	6
93869	182781	6
93869	182898	11
93869	183217	26
96117	99310	9
96117	99311	4
96117	99313	11
96117	99314	10
96117	100323	10
96117	100570	2
96117	104118	2
96117	104803	1
96117	105743	3
96117	109109	2
96117	109111	1
96117	109905	2
96117	110357	29
96117	110359	3
96117	110825	2
96117	111412	3
96117	114069	9
96117	114358	1
96117	115032	9
96117	116330	11
96117	116655	9
96117	117232	6
96117	117235	8
96117	118646	1
96117	119089	1
96117	120433	1
96117	122612	1
96117	123253	6
96117	123507	1
96117	123932	3
96117	124212	1
96117	125126	3
96117	125582	32
96117	125584	15
96117	126526	1
96117	126556	2
96117	126613	12
96117	126614	3
96117	126618	1
96117	126621	22
96117	126742	6
96117	128004	1
96117	128011	3
96117	128033	2
96117	128035	1
96117	128036	1
96117	128048	1
96117	128066	6
96117	128071	6
96117	128074	2
96117	128087	3
96117	128115	5
96117	128239	3
96117	128751	10
96117	128797	74
96117	128804	33
96117	128805	4
96117	128807	13
96117	128810	3
96117	128817	14
96117	128832	3
96117	130689	5
96117	133004	1
96117	133030	19
96117	133832	15
96117	133861	2
96117	134851	2
96117	135730	2
96117	136540	10
96117	136689	1
96117	138619	1
96117	139192	1
96117	139959	11
96117	140876	1
96117	142560	2
96117	144271	1
96117	145508	2
96117	146643	1
96117	147535	3
96117	148313	10
96117	149762	2
96117	149772	2
96117	149773	1
96117	152096	3
96117	152101	4
96117	154993	9
96117	155002	3
96117	155061	1
96117	157133	19
96117	157217	4
96117	159998	19
96117	160536	1
96117	160542	3
96117	160545	2
96117	160546	3
96117	160547	13
96117	160554	1
96117	160555	6
96117	161120	3
96117	162733	4
96117	164208	5
96117	164734	1
96117	164737	6
96117	165553	3
96117	165677	1
96117	165684	5
96117	166580	2
96117	167326	2
96117	169119	10
96117	170847	7
96117	170849	4
96117	170851	10
96117	170855	4
96117	170860	2
96117	171579	9
96117	172127	3
96117	172284	2
96117	173192	12
96117	173204	1
96117	173695	8
96117	174543	16
96117	174544	3
96117	177141	2
96117	177932	16
96117	178199	1
96117	178463	14
96117	180155	3
96117	180697	18
96117	182781	2
96117	182898	2
96117	183217	5
96322	98159	8
96322	99310	8
96322	99311	3
96322	99313	5
96322	99314	9
96322	100323	28
96322	100324	5
96322	100570	3
96322	100572	1
96322	104118	3
96322	104803	2
96322	105743	7
96322	109109	5
96322	109111	3
96322	109905	1
96322	110357	19
96322	110359	4
96322	110825	5
96322	111412	1
96322	114069	5
96322	114358	3
96322	115032	1
96322	116330	21
96322	116655	2
96322	117232	10
96322	117235	5
96322	118646	2
96322	119089	2
96322	120433	5
96322	121313	1
96322	122612	2
96322	123253	1
96322	123507	2
96322	123932	5
96322	124212	1
96322	125126	3
96322	125582	3
96322	125584	4
96322	126526	2
96322	126533	2
96322	126556	1
96322	126613	6
96322	126614	2
96322	126618	1
96322	126621	11
96322	126742	1
96322	128004	1
96322	128011	1
96322	128033	1
96322	128036	3
96322	128066	1
96322	128071	6
96322	128087	2
96322	128115	4
96322	128239	3
96322	128241	4
96322	128751	9
96322	128797	49
96322	128804	22
96322	128805	5
96322	128807	20
96322	128810	1
96322	128817	20
96322	128832	1
96322	131373	3
96322	132293	2
96322	133004	5
96322	133030	2
96322	133655	2
96322	133832	17
96322	133861	2
96322	134851	1
96322	136540	2
96322	136690	2
96322	138406	8
96322	139192	1
96322	140876	1
96322	142560	3
96322	144271	5
96322	145508	5
96322	147535	3
96322	148313	4
96322	149762	1
96322	149772	3
96322	149773	5
96322	152096	10
96322	152099	5
96322	152101	4
96322	154993	2
96322	155002	1
96322	157133	6
96322	157217	5
96322	159998	3
96322	160378	1
96322	160539	3
96322	160542	5
96322	160546	4
96322	160555	7
96322	161120	1
96322	164208	1
96322	164734	3
96322	164737	7
96322	165553	9
96322	165677	3
96322	165684	5
96322	165889	7
96322	166074	4
96322	166580	9
96322	169119	2
96322	170847	5
96322	170849	4
96322	170851	10
96322	170855	1
96322	170860	2
96322	172127	5
96322	173192	3
96322	173695	4
96322	174543	16
96322	174544	2
96322	177141	8
96322	177932	1
96322	178199	4
96322	179773	2
96322	180155	1
96322	180697	3
96322	182781	1
96322	182898	3
96322	183217	7
98159	99310	10
98159	99311	6
98159	99313	6
98159	99314	4
98159	100323	11
98159	100324	4
98159	104118	1
98159	104803	5
98159	105743	14
98159	109109	5
98159	109111	2
98159	109905	9
98159	110357	9
98159	110359	14
98159	110825	18
98159	111412	4
98159	114069	1
98159	115032	4
98159	116330	7
98159	116655	4
98159	117232	9
98159	117235	8
98159	118646	1
98159	120433	7
98159	121313	1
98159	122612	4
98159	123253	1
98159	123932	3
98159	125584	5
98159	126526	8
98159	126533	5
98159	126556	1
98159	126613	4
98159	126614	1
98159	126618	3
98159	126621	1
98159	126742	3
98159	128033	1
98159	128035	1
98159	128048	1
98159	128071	5
98159	128084	1
98159	128087	3
98159	128115	4
98159	128241	4
98159	128751	3
98159	128797	39
98159	128804	11
98159	128805	1
98159	128807	14
98159	128810	2
98159	128817	3
98159	131373	12
98159	132293	1
98159	133004	5
98159	133030	1
98159	133655	7
98159	133832	7
98159	133861	3
98159	134851	1
98159	135730	1
98159	136689	1
98159	136690	2
98159	138406	12
98159	138619	5
98159	139192	2
98159	139959	1
98159	140876	1
98159	142560	3
98159	145508	2
98159	146643	3
98159	146644	3
98159	147535	8
98159	148313	1
98159	149772	2
98159	149773	3
98159	152096	5
98159	152099	4
98159	152101	2
98159	154993	4
98159	155002	4
98159	155061	4
98159	157133	7
98159	157217	4
98159	159998	4
98159	160536	5
98159	160539	5
98159	160542	4
98159	160546	1
98159	160547	2
98159	160554	1
98159	160555	11
98159	161120	2
98159	162733	4
98159	163362	3
98159	164208	2
98159	164734	11
98159	164737	17
98159	165553	4
98159	165677	7
98159	165684	3
98159	165889	10
98159	166074	3
98159	166580	2
98159	169119	1
98159	170847	5
98159	170849	3
98159	170851	2
98159	170860	1
98159	171579	2
98159	172127	5
98159	173192	1
98159	173204	2
98159	173695	4
98159	174543	10
98159	174544	5
98159	177141	3
98159	178199	6
98159	179773	1
98159	182898	4
98159	183217	7
99310	99311	20
99310	99313	45
99310	99314	31
99310	100323	113
99310	100324	16
99310	100570	18
99310	100572	7
99310	104118	8
99310	104803	37
99310	105743	35
99310	109109	15
99310	109111	5
99310	109905	1
99310	110357	104
99310	110359	8
99310	110825	12
99310	111412	9
99310	114069	18
99310	114358	7
99310	115032	12
99310	116330	57
99310	116655	28
99310	117232	24
99310	117235	20
99310	118646	7
99310	119089	13
99310	120433	9
99310	121313	4
99310	122612	13
99310	123253	5
99310	123507	7
99310	123932	16
99310	124212	3
99310	125126	17
99310	125582	28
99310	125584	26
99310	126526	34
99310	126533	17
99310	126556	15
99310	126613	56
99310	126614	22
99310	126618	21
99310	126621	115
99310	126742	7
99310	128004	14
99310	128011	23
99310	128033	17
99310	128035	11
99310	128036	9
99310	128048	13
99310	128066	35
99310	128071	37
99310	128074	11
99310	128084	12
99310	128087	14
99310	128115	31
99310	128239	12
99310	128241	4
99310	128751	56
99310	128797	379
99310	128804	218
99310	128805	21
99310	128807	107
99310	128810	5
99310	128817	60
99310	128832	8
99310	130689	5
99310	131373	12
99310	132293	20
99310	133004	9
99310	133030	6
99310	133655	16
99310	133832	61
99310	133861	29
99310	134851	15
99310	135501	14
99310	135730	10
99310	136540	8
99310	136689	8
99310	136690	6
99310	138406	11
99310	138619	6
99310	139192	5
99310	139959	9
99310	140876	10
99310	141840	16
99310	142560	9
99310	144271	4
99310	145508	19
99310	146643	15
99310	146644	5
99310	147535	10
99310	148313	15
99310	149762	19
99310	149772	7
99310	149773	6
99310	152096	33
99310	152099	33
99310	152101	26
99310	154993	22
99310	155002	28
99310	155061	12
99310	157133	85
99310	157217	28
99310	159998	40
99310	160378	11
99310	160536	12
99310	160539	15
99310	160542	22
99310	160545	16
99310	160546	11
99310	160547	20
99310	160554	11
99310	160555	33
99310	161120	7
99310	162733	12
99310	163362	10
99310	164208	8
99310	164734	10
99310	164737	15
99310	165553	11
99310	165677	8
99310	165684	16
99310	165889	45
99310	166074	11
99310	166580	29
99310	167326	3
99310	169119	12
99310	170847	44
99310	170849	42
99310	170851	73
99310	170855	9
99310	170860	5
99310	171579	5
99310	172127	14
99310	172284	8
99310	173192	17
99310	173204	17
99310	173695	16
99310	174543	87
99310	174544	17
99310	177141	23
99310	177932	13
99310	178199	6
99310	178463	8
99310	179773	12
99310	180155	6
99310	180697	7
99310	182781	11
99310	182898	9
99310	183217	11
99311	99313	10
99311	99314	4
99311	100323	21
99311	100324	6
99311	100570	2
99311	100572	3
99311	104118	2
99311	104803	5
99311	105743	10
99311	109109	7
99311	109111	4
99311	109905	2
99311	110357	20
99311	110359	3
99311	110825	6
99311	111412	3
99311	114069	4
99311	114358	3
99311	115032	1
99311	116330	6
99311	116655	4
99311	117232	6
99311	117235	5
99311	118646	4
99311	119089	2
99311	120433	4
99311	121313	2
99311	123253	1
99311	123507	1
99311	123932	1
99311	124212	2
99311	125126	3
99311	125582	5
99311	125584	3
99311	126526	9
99311	126533	2
99311	126613	8
99311	126614	2
99311	126618	4
99311	126621	22
99311	126742	1
99311	128004	4
99311	128011	4
99311	128035	2
99311	128036	1
99311	128048	3
99311	128066	6
99311	128071	10
99311	128084	1
99311	128087	2
99311	128115	5
99311	128239	2
99311	128751	8
99311	128797	58
99311	128804	28
99311	128805	5
99311	128807	18
99311	128810	2
99311	128817	7
99311	130689	1
99311	131373	2
99311	132293	4
99311	133004	4
99311	133030	3
99311	133655	2
99311	133832	10
99311	133861	8
99311	134851	2
99311	135501	4
99311	136540	1
99311	136689	3
99311	136690	1
99311	138406	2
99311	138619	2
99311	139192	1
99311	140876	3
99311	142560	3
99311	145508	3
99311	146643	7
99311	146644	4
99311	147535	4
99311	148313	2
99311	152096	7
99311	152099	8
99311	152101	5
99311	154993	7
99311	155002	8
99311	155061	3
99311	157133	13
99311	157217	6
99311	159998	3
99311	160536	5
99311	160539	1
99311	160542	2
99311	160545	2
99311	160547	2
99311	160554	2
99311	160555	7
99311	161120	2
99311	162733	6
99311	164208	1
99311	164737	4
99311	165553	4
99311	165684	2
99311	165889	6
99311	166074	2
99311	166580	5
99311	167326	2
99311	170847	6
99311	170849	3
99311	170851	8
99311	170855	3
99311	170860	4
99311	172127	5
99311	172284	4
99311	173192	1
99311	173204	1
99311	173695	5
99311	174543	13
99311	174544	5
99311	177141	4
99311	177932	4
99311	178199	3
99311	178463	2
99311	179773	5
99311	180155	1
99311	180697	3
99311	182781	4
99311	182898	3
99313	99314	50
99313	100323	61
99313	100324	7
99313	100570	10
99313	100572	2
99313	104118	7
99313	104803	7
99313	105743	16
99313	109109	2
99313	109111	4
99313	109905	5
99313	110357	144
99313	110359	16
99313	110825	6
99313	111412	8
99313	114069	26
99313	114358	5
99313	115032	5
99313	116330	75
99313	116655	19
99313	117232	27
99313	117235	13
99313	118646	2
99313	119089	9
99313	120433	11
99313	121313	3
99313	122612	16
99313	123253	3
99313	123507	9
99313	123932	20
99313	124212	4
99313	125126	8
99313	125582	21
99313	125584	24
99313	126526	15
99313	126533	7
99313	126556	3
99313	126613	27
99313	126614	15
99313	126618	10
99313	126621	68
99313	126742	13
99313	128004	6
99313	128011	8
99313	128033	4
99313	128035	3
99313	128036	5
99313	128048	6
99313	128066	19
99313	128071	42
99313	128074	4
99313	128084	8
99313	128087	12
99313	128115	30
99313	128239	8
99313	128241	5
99313	128751	27
99313	128797	271
99313	128804	150
99313	128805	10
99313	128807	91
99313	128810	7
99313	128817	69
99313	128832	12
99313	130689	10
99313	131373	5
99313	132293	5
99313	133004	11
99313	133030	9
99313	133655	13
99313	133832	63
99313	133861	9
99313	134851	4
99313	135501	7
99313	135730	18
99313	136540	4
99313	136689	13
99313	136690	11
99313	138406	17
99313	138619	6
99313	139192	5
99313	139959	4
99313	140876	7
99313	141840	5
99313	142560	12
99313	144271	2
99313	145508	26
99313	146643	7
99313	146644	5
99313	147535	9
99313	148313	21
99313	149762	7
99313	149772	6
99313	149773	8
99313	152096	39
99313	152099	5
99313	152101	9
99313	154993	7
99313	155002	5
99313	155061	8
99313	157133	32
99313	157217	44
99313	159998	21
99313	160378	6
99313	160536	5
99313	160539	9
99313	160542	3
99313	160545	9
99313	160546	5
99313	160547	11
99313	160554	6
99313	160555	23
99313	161120	5
99313	162733	6
99313	163362	10
99313	164208	11
99313	164734	11
99313	164737	26
99313	165553	18
99313	165677	6
99313	165684	14
99313	165889	20
99313	166074	9
99313	166580	28
99313	167326	13
99313	169119	8
99313	170847	50
99313	170849	48
99313	170851	80
99313	170855	14
99313	170860	5
99313	171579	12
99313	172127	9
99313	172284	9
99313	173192	8
99313	173204	7
99313	173695	14
99313	174543	59
99313	174544	9
99313	177141	33
99313	177932	7
99313	178199	7
99313	178463	10
99313	179773	3
99313	180155	12
99313	180697	12
99313	182781	2
99313	182898	6
99313	183217	21
99314	100323	39
99314	100324	7
99314	100570	4
99314	100572	1
99314	104118	4
99314	104803	5
99314	105743	11
99314	109109	2
99314	109111	2
99314	109905	4
99314	110357	63
99314	110359	9
99314	110825	4
99314	111412	5
99314	114069	13
99314	114358	9
99314	115032	5
99314	116330	46
99314	116655	10
99314	117232	17
99314	117235	11
99314	118646	4
99314	119089	5
99314	120433	8
99314	121313	4
99314	122612	4
99314	123253	1
99314	123507	3
99314	123932	10
99314	124212	3
99314	125126	1
99314	125582	11
99314	125584	5
99314	126526	5
99314	126533	8
99314	126556	3
99314	126613	17
99314	126614	5
99314	126618	4
99314	126621	32
99314	126742	10
99314	128004	2
99314	128011	4
99314	128033	2
99314	128035	1
99314	128036	3
99314	128048	1
99314	128066	10
99314	128071	18
99314	128074	3
99314	128084	2
99314	128087	7
99314	128115	12
99314	128239	3
99314	128241	1
99314	128751	14
99314	128797	132
99314	128804	79
99314	128805	7
99314	128807	53
99314	128810	3
99314	128817	41
99314	128832	7
99314	130689	2
99314	131373	1
99314	132293	1
99314	133004	4
99314	133030	1
99314	133655	11
99314	133832	43
99314	133861	8
99314	134851	2
99314	135501	1
99314	135730	7
99314	136689	5
99314	136690	6
99314	138406	12
99314	138619	5
99314	139192	2
99314	139959	4
99314	141840	1
99314	142560	3
99314	144271	2
99314	145508	11
99314	146643	7
99314	146644	1
99314	147535	11
99314	148313	11
99314	149762	5
99314	149772	9
99314	149773	5
99314	152096	7
99314	152099	5
99314	152101	5
99314	154993	5
99314	155002	5
99314	155061	2
99314	157133	18
99314	157217	17
99314	159998	6
99314	160378	1
99314	160536	1
99314	160539	4
99314	160542	1
99314	160545	2
99314	160546	5
99314	160547	5
99314	160554	3
99314	160555	16
99314	161120	7
99314	162733	2
99314	163362	6
99314	164208	4
99314	164734	7
99314	164737	20
99314	165553	9
99314	165677	9
99314	165684	9
99314	165889	11
99314	166074	10
99314	166580	11
99314	167326	7
99314	169119	10
99314	170847	20
99314	170849	15
99314	170851	40
99314	170855	7
99314	170860	4
99314	171579	7
99314	172127	4
99314	172284	7
99314	173192	3
99314	173204	2
99314	173695	5
99314	174543	25
99314	174544	4
99314	177141	11
99314	177932	4
99314	178199	4
99314	178463	4
99314	179773	3
99314	180155	8
99314	180697	6
99314	182781	5
99314	182898	10
99314	183217	13
100323	100324	40
100323	100570	21
100323	100572	21
100323	104118	18
100323	104803	39
100323	105743	37
100323	109109	24
100323	109111	20
100323	109905	9
100323	110357	197
100323	110359	26
100323	110825	8
100323	111412	12
100323	114069	32
100323	114358	17
100323	115032	12
100323	116330	113
100323	116655	30
100323	117232	30
100323	117235	27
100323	118646	18
100323	119089	21
100323	120433	6
100323	121313	13
100323	122612	23
100323	123253	17
100323	123507	9
100323	123932	22
100323	124212	11
100323	125126	25
100323	125582	26
100323	125584	33
100323	126526	44
100323	126533	27
100323	126556	15
100323	126613	70
100323	126614	23
100323	126618	31
100323	126621	164
100323	126742	6
100323	128004	29
100323	128011	35
100323	128033	23
100323	128035	15
100323	128036	16
100323	128048	25
100323	128066	68
100323	128071	133
100323	128074	27
100323	128084	12
100323	128087	25
100323	128115	44
100323	128239	24
100323	128241	21
100323	128751	78
100323	128797	530
100323	128804	317
100323	128805	43
100323	128807	172
100323	128810	17
100323	128817	117
100323	128832	14
100323	130689	17
100323	131373	18
100323	132293	29
100323	133004	20
100323	133030	13
100323	133655	13
100323	133832	129
100323	133861	32
100323	134851	37
100323	135501	21
100323	135730	19
100323	136540	9
100323	136689	30
100323	136690	19
100323	138406	23
100323	138619	14
100323	139192	20
100323	139959	10
100323	140876	23
100323	141840	23
100323	142560	9
100323	144271	18
100323	145508	31
100323	146643	41
100323	146644	19
100323	147535	22
100323	148313	55
100323	149762	13
100323	149772	9
100323	149773	12
100323	152096	66
100323	152099	50
100323	152101	41
100323	154993	42
100323	155002	56
100323	155061	6
100323	157133	106
100323	157217	60
100323	159998	50
100323	160378	15
100323	160536	12
100323	160539	21
100323	160542	18
100323	160545	22
100323	160546	14
100323	160547	15
100323	160554	11
100323	160555	60
100323	161120	6
100323	162733	31
100323	163362	12
100323	164208	9
100323	164734	19
100323	164737	23
100323	165553	26
100323	165677	16
100323	165684	15
100323	165889	64
100323	166074	27
100323	166580	67
100323	167326	13
100323	169119	20
100323	170847	77
100323	170849	68
100323	170851	153
100323	170855	18
100323	170860	6
100323	171579	8
100323	172127	29
100323	172284	16
100323	173192	26
100323	173204	20
100323	173695	28
100323	174543	149
100323	174544	16
100323	177141	74
100323	177932	20
100323	178199	14
100323	178463	17
100323	179773	19
100323	180155	14
100323	180697	18
100323	182781	14
100323	182898	12
100323	183217	30
100324	100570	4
100324	100572	5
100324	104118	3
100324	104803	6
100324	105743	11
100324	109109	6
100324	109111	3
100324	109905	3
100324	110357	22
100324	110359	5
100324	110825	3
100324	111412	6
100324	114069	3
100324	114358	1
100324	115032	2
100324	116330	9
100324	116655	3
100324	117232	10
100324	117235	2
100324	118646	7
100324	119089	7
100324	120433	2
100324	121313	1
100324	122612	4
100324	123253	1
100324	123932	2
100324	124212	1
100324	125126	9
100324	125582	3
100324	125584	1
100324	126526	11
100324	126533	3
100324	126556	2
100324	126613	10
100324	126614	5
100324	126618	6
100324	126621	19
100324	126742	2
100324	128004	4
100324	128011	8
100324	128033	4
100324	128035	5
100324	128036	2
100324	128048	5
100324	128066	8
100324	128071	12
100324	128074	4
100324	128084	4
100324	128087	9
100324	128115	5
100324	128239	3
100324	128241	5
100324	128751	14
100324	128797	78
100324	128804	40
100324	128805	8
100324	128807	39
100324	128810	5
100324	128817	12
100324	128832	4
100324	130689	3
100324	131373	7
100324	132293	6
100324	133004	5
100324	133030	2
100324	133655	4
100324	133832	15
100324	133861	12
100324	134851	5
100324	135501	5
100324	135730	9
100324	136540	1
100324	136689	5
100324	136690	4
100324	138406	5
100324	138619	4
100324	139192	1
100324	139959	1
100324	140876	6
100324	141840	1
100324	144271	3
100324	145508	3
100324	146643	7
100324	146644	6
100324	148313	4
100324	149762	2
100324	149772	3
100324	149773	3
100324	152096	15
100324	152099	13
100324	152101	18
100324	154993	10
100324	155002	15
100324	155061	3
100324	157133	6
100324	157217	9
100324	159998	1
100324	160378	3
100324	160536	4
100324	160539	9
100324	160542	6
100324	160545	3
100324	160546	5
100324	160547	1
100324	160554	2
100324	160555	13
100324	161120	1
100324	162733	6
100324	163362	3
100324	164208	1
100324	164734	5
100324	164737	6
100324	165553	2
100324	165677	1
100324	165684	6
100324	165889	17
100324	166074	12
100324	166580	8
100324	167326	1
100324	169119	2
100324	170847	7
100324	170849	8
100324	170851	14
100324	170855	2
100324	170860	2
100324	172127	5
100324	172284	2
100324	173192	5
100324	173204	1
100324	173695	8
100324	174543	24
100324	174544	4
100324	177141	9
100324	178199	2
100324	179773	10
100324	180155	5
100324	180697	1
100324	182781	9
100324	182898	2
100324	183217	2
100570	100572	6
100570	104803	15
100570	105743	11
100570	109109	4
100570	109111	6
100570	110357	24
100570	110359	2
100570	111412	2
100570	114069	2
100570	115032	1
100570	116330	12
100570	116655	8
100570	117232	4
100570	117235	1
100570	118646	1
100570	119089	7
100570	121313	1
100570	122612	2
100570	123253	6
100570	123932	1
100570	124212	2
100570	125126	10
100570	125582	3
100570	125584	4
100570	126526	15
100570	126533	8
100570	126556	2
100570	126613	12
100570	126614	8
100570	126618	12
100570	126621	38
100570	128004	4
100570	128011	3
100570	128033	9
100570	128035	1
100570	128036	6
100570	128048	4
100570	128066	7
100570	128071	8
100570	128074	1
100570	128084	1
100570	128087	1
100570	128115	6
100570	128241	1
100570	128751	9
100570	128797	81
100570	128804	45
100570	128805	5
100570	128807	21
100570	128810	3
100570	128817	9
100570	128832	5
100570	130689	1
100570	131373	4
100570	132293	7
100570	133004	2
100570	133030	3
100570	133655	4
100570	133832	12
100570	133861	2
100570	134851	7
100570	135501	11
100570	135730	6
100570	136689	2
100570	136690	1
100570	138406	3
100570	139192	10
100570	139959	2
100570	140876	1
100570	142560	2
100570	145508	5
100570	146643	22
100570	146644	2
100570	147535	2
100570	148313	7
100570	149762	1
100570	152096	13
100570	152099	8
100570	152101	8
100570	154993	14
100570	155002	16
100570	155061	1
100570	157133	7
100570	157217	4
100570	159998	14
100570	160378	3
100570	160536	14
100570	160539	5
100570	160542	7
100570	160545	5
100570	160546	2
100570	160547	7
100570	160554	1
100570	160555	4
100570	161120	1
100570	162733	8
100570	163362	1
100570	164208	1
100570	164737	1
100570	165553	7
100570	165677	1
100570	165684	1
100570	165889	7
100570	166074	2
100570	166580	6
100570	167326	3
100570	169119	2
100570	170847	8
100570	170849	7
100570	170851	15
100570	170855	2
100570	170860	1
100570	172127	1
100570	172284	1
100570	173192	3
100570	173204	1
100570	173695	8
100570	174543	26
100570	174544	3
100570	177141	9
100570	177932	1
100570	179773	13
100570	180155	2
100570	182781	1
100570	183217	2
100572	104803	3
100572	105743	2
100572	109109	2
100572	109111	3
100572	110357	12
100572	110359	1
100572	111412	1
100572	114069	1
100572	115032	1
100572	116330	2
100572	116655	7
100572	117232	1
100572	118646	1
100572	119089	5
100572	121313	1
100572	122612	2
100572	123253	3
100572	125126	5
100572	125582	2
100572	125584	4
100572	126526	9
100572	126533	2
100572	126556	1
100572	126613	9
100572	126614	2
100572	126618	4
100572	126621	23
100572	128004	5
100572	128011	4
100572	128033	2
100572	128035	1
100572	128036	1
100572	128048	2
100572	128066	9
100572	128071	10
100572	128074	2
100572	128087	1
100572	128115	3
100572	128751	8
100572	128797	51
100572	128804	30
100572	128805	4
100572	128807	19
100572	128810	1
100572	131373	1
100572	132293	4
100572	133004	3
100572	133030	1
100572	133832	8
100572	133861	11
100572	134851	1
100572	135501	3
100572	135730	3
100572	136540	1
100572	136689	2
100572	136690	1
100572	139192	3
100572	139959	2
100572	140876	1
100572	142560	2
100572	144271	2
100572	145508	5
100572	146643	6
100572	146644	3
100572	148313	2
100572	152096	7
100572	152099	5
100572	152101	5
100572	154993	3
100572	155002	7
100572	157133	9
100572	157217	10
100572	159998	7
100572	160378	3
100572	160536	2
100572	160539	5
100572	160545	2
100572	160547	6
100572	160554	3
100572	160555	2
100572	162733	5
100572	165553	3
100572	165889	4
100572	166074	9
100572	166580	7
100572	169119	2
100572	170847	7
100572	170849	4
100572	170851	4
100572	172284	2
100572	173192	2
100572	173204	3
100572	173695	3
100572	174543	23
100572	174544	1
100572	177141	3
100572	177932	3
100572	178463	1
100572	179773	4
100572	182781	1
104118	104803	1
104118	105743	7
104118	109109	1
104118	110357	26
104118	110359	4
104118	110825	2
104118	111412	2
104118	114069	3
104118	114358	1
104118	115032	1
104118	116330	7
104118	116655	3
104118	117232	7
104118	117235	3
104118	118646	4
104118	120433	5
104118	121313	3
104118	122612	4
104118	123932	3
104118	124212	6
104118	125582	1
104118	125584	3
104118	126533	2
104118	126556	4
104118	126613	4
104118	126618	1
104118	126621	10
104118	126742	1
104118	128004	1
104118	128011	2
104118	128033	1
104118	128035	2
104118	128048	1
104118	128066	2
104118	128071	6
104118	128115	6
104118	128239	7
104118	128241	7
104118	128751	5
104118	128797	37
104118	128804	26
104118	128805	2
104118	128807	14
104118	128817	14
104118	128832	1
104118	130689	1
104118	131373	2
104118	132293	1
104118	133004	3
104118	133030	2
104118	133655	1
104118	133832	13
104118	133861	1
104118	134851	1
104118	135730	1
104118	136540	1
104118	136689	4
104118	138406	4
104118	138619	1
104118	139192	1
104118	139959	3
104118	141840	1
104118	142560	1
104118	146644	1
104118	147535	5
104118	148313	2
104118	149772	1
104118	152096	4
104118	152099	2
104118	154993	1
104118	155002	1
104118	155061	6
104118	157133	10
104118	157217	4
104118	159998	3
104118	160536	2
104118	160539	1
104118	160545	6
104118	160546	1
104118	160547	1
104118	160554	1
104118	160555	7
104118	161120	2
104118	164208	1
104118	164734	2
104118	164737	2
104118	165677	3
104118	165684	3
104118	165889	10
104118	166580	2
104118	167326	1
104118	169119	3
104118	170847	4
104118	170849	6
104118	170851	11
104118	171579	1
104118	172127	1
104118	172284	5
104118	173192	1
104118	173204	3
104118	173695	2
104118	174543	14
104118	174544	2
104118	177141	5
104118	177932	4
104118	178199	2
104118	178463	2
104118	179773	1
104118	180697	3
104118	182781	2
104118	182898	3
104118	183217	4
104803	105743	14
104803	109109	18
104803	109111	6
104803	109905	2
104803	110357	28
104803	110359	1
104803	110825	4
104803	111412	3
104803	114069	2
104803	114358	1
104803	115032	2
104803	116330	5
104803	116655	11
104803	117232	6
104803	117235	10
104803	118646	8
104803	119089	2
104803	120433	6
104803	121313	1
104803	122612	2
104803	123253	3
104803	123507	1
104803	123932	2
104803	124212	3
104803	125126	11
104803	125582	5
104803	125584	8
104803	126526	18
104803	126533	7
104803	126556	4
104803	126613	16
104803	126614	8
104803	126618	10
104803	126621	48
104803	128004	5
104803	128011	4
104803	128033	5
104803	128035	4
104803	128036	1
104803	128048	9
104803	128066	16
104803	128071	9
104803	128074	3
104803	128084	2
104803	128087	3
104803	128115	4
104803	128239	1
104803	128751	27
104803	128797	127
104803	128804	72
104803	128805	8
104803	128807	29
104803	128810	2
104803	128817	9
104803	128832	6
104803	130689	7
104803	131373	11
104803	132293	6
104803	133004	2
104803	133030	6
104803	133655	7
104803	133832	15
104803	133861	5
104803	134851	8
104803	135501	8
104803	135730	7
104803	136540	4
104803	136690	2
104803	138406	4
104803	138619	5
104803	139959	8
104803	140876	3
104803	141840	7
104803	142560	1
104803	145508	2
104803	146643	19
104803	146644	2
104803	147535	3
104803	148313	2
104803	149762	3
104803	149772	1
104803	152096	7
104803	152099	7
104803	152101	9
104803	154993	19
104803	155002	18
104803	155061	4
104803	157133	40
104803	157217	3
104803	159998	10
104803	160378	2
104803	160536	10
104803	160539	8
104803	160542	10
104803	160545	8
104803	160546	5
104803	160547	4
104803	160554	4
104803	160555	10
104803	161120	2
104803	162733	10
104803	163362	2
104803	164734	1
104803	164737	3
104803	165553	6
104803	165677	4
104803	165684	5
104803	165889	7
104803	166074	2
104803	166580	10
104803	167326	3
104803	169119	6
104803	170847	11
104803	170849	11
104803	170851	20
104803	170855	1
104803	170860	1
104803	172127	4
104803	172284	3
104803	173192	4
104803	173204	4
104803	173695	8
104803	174543	29
104803	174544	3
104803	177141	5
104803	177932	5
104803	178199	2
104803	178463	2
104803	179773	6
104803	180697	4
104803	182781	2
104803	182898	3
104803	183217	2
105743	109109	10
105743	109111	8
105743	109905	3
105743	110357	26
105743	110359	10
105743	110825	12
105743	111412	6
105743	114069	5
105743	114358	4
105743	115032	2
105743	116330	15
105743	116655	8
105743	117232	20
105743	117235	28
105743	118646	16
105743	119089	5
105743	120433	8
105743	121313	1
105743	122612	8
105743	123253	2
105743	123507	2
105743	123932	3
105743	124212	6
105743	125126	1
105743	125582	12
105743	125584	13
105743	126526	13
105743	126533	6
105743	126556	7
105743	126613	17
105743	126614	7
105743	126618	28
105743	126621	32
105743	126742	6
105743	128004	5
105743	128011	9
105743	128033	2
105743	128035	4
105743	128036	1
105743	128048	8
105743	128066	10
105743	128071	11
105743	128074	5
105743	128087	6
105743	128115	14
105743	128239	2
105743	128241	8
105743	128751	12
105743	128797	135
105743	128804	70
105743	128805	8
105743	128807	39
105743	128810	4
105743	128817	20
105743	130689	5
105743	131373	13
105743	132293	6
105743	133004	10
105743	133030	7
105743	133655	8
105743	133832	17
105743	133861	7
105743	134851	13
105743	135501	6
105743	135730	4
105743	136540	4
105743	136689	4
105743	136690	2
105743	138406	13
105743	138619	9
105743	139192	8
105743	139959	6
105743	140876	5
105743	141840	3
105743	142560	7
105743	144271	5
105743	145508	6
105743	146643	30
105743	146644	6
105743	147535	11
105743	148313	6
105743	149762	3
105743	149772	1
105743	149773	5
105743	152096	11
105743	152099	7
105743	152101	7
105743	154993	19
105743	155002	9
105743	155061	20
105743	157133	32
105743	157217	14
105743	159998	17
105743	160378	4
105743	160536	18
105743	160539	9
105743	160542	22
105743	160545	8
105743	160546	5
105743	160547	5
105743	160554	4
105743	160555	66
105743	161120	6
105743	162733	14
105743	163362	3
105743	164208	2
105743	164734	9
105743	164737	16
105743	165553	6
105743	165677	1
105743	165684	10
105743	165889	14
105743	166074	6
105743	166580	12
105743	167326	4
105743	169119	13
105743	170847	20
105743	170849	12
105743	170851	22
105743	170855	2
105743	170860	2
105743	171579	3
105743	172127	11
105743	172284	3
105743	173192	6
105743	173204	6
105743	173695	12
105743	174543	33
105743	174544	6
105743	177141	10
105743	177932	7
105743	178199	8
105743	178463	9
105743	179773	7
105743	180155	2
105743	180697	3
105743	182781	6
105743	182898	5
105743	183217	13
109109	109111	13
109109	110357	14
109109	110359	2
109109	110825	1
109109	111412	4
109109	114069	1
109109	114358	1
109109	115032	1
109109	116330	7
109109	116655	1
109109	117232	6
109109	117235	6
109109	118646	2
109109	120433	1
109109	121313	1
109109	122612	5
109109	123253	1
109109	123507	2
109109	123932	1
109109	124212	1
109109	125126	5
109109	125582	4
109109	125584	3
109109	126526	12
109109	126533	5
109109	126613	14
109109	126614	4
109109	126618	4
109109	126621	12
109109	128004	2
109109	128011	1
109109	128033	2
109109	128035	3
109109	128036	3
109109	128048	2
109109	128066	11
109109	128071	8
109109	128084	2
109109	128087	2
109109	128115	2
109109	128239	1
109109	128751	11
109109	128797	50
109109	128804	31
109109	128805	3
109109	128807	16
109109	128817	5
109109	130689	3
109109	131373	5
109109	132293	3
109109	133004	2
109109	133030	1
109109	133655	2
109109	133832	4
109109	133861	3
109109	134851	5
109109	135501	1
109109	135730	1
109109	136540	1
109109	136689	2
109109	138406	1
109109	138619	2
109109	139192	1
109109	139959	4
109109	140876	3
109109	142560	1
109109	145508	3
109109	146643	16
109109	146644	3
109109	147535	4
109109	148313	3
109109	149762	1
109109	149772	1
109109	149773	1
109109	152096	4
109109	152099	5
109109	152101	5
109109	154993	12
109109	155002	21
109109	155061	3
109109	157133	18
109109	157217	7
109109	159998	8
109109	160378	1
109109	160536	6
109109	160539	3
109109	160542	8
109109	160545	2
109109	160546	3
109109	160547	2
109109	160554	1
109109	160555	8
109109	162733	8
109109	164208	2
109109	164734	1
109109	164737	1
109109	165553	10
109109	165684	1
109109	165889	9
109109	166074	4
109109	166580	6
109109	167326	1
109109	169119	2
109109	170847	6
109109	170849	4
109109	170851	10
109109	170855	1
109109	170860	1
109109	172127	5
109109	173192	3
109109	173204	4
109109	173695	1
109109	174543	24
109109	174544	3
109109	177141	1
109109	177932	5
109109	178199	1
109109	178463	2
109109	179773	5
109109	180697	4
109109	182898	1
109109	183217	2
109111	110357	17
109111	110359	2
109111	110825	1
109111	111412	2
109111	114069	1
109111	115032	3
109111	116330	5
109111	116655	4
109111	117232	6
109111	117235	2
109111	118646	2
109111	119089	1
109111	120433	2
109111	121313	1
109111	122612	1
109111	123253	3
109111	123932	4
109111	124212	1
109111	125126	7
109111	125582	4
109111	125584	1
109111	126526	9
109111	126533	2
109111	126556	1
109111	126613	9
109111	126614	1
109111	126618	7
109111	126621	14
109111	128004	1
109111	128011	3
109111	128033	4
109111	128036	3
109111	128048	1
109111	128066	8
109111	128071	6
109111	128074	1
109111	128084	2
109111	128087	1
109111	128115	6
109111	128751	8
109111	128797	55
109111	128804	25
109111	128805	5
109111	128807	19
109111	128817	6
109111	128832	2
109111	130689	2
109111	131373	4
109111	132293	4
109111	133004	1
109111	133030	1
109111	133655	1
109111	133832	6
109111	133861	2
109111	134851	4
109111	135501	3
109111	135730	2
109111	136689	2
109111	136690	3
109111	138406	1
109111	138619	3
109111	139192	2
109111	139959	3
109111	140876	1
109111	142560	1
109111	144271	1
109111	145508	4
109111	146643	17
109111	146644	2
109111	147535	1
109111	148313	2
109111	149762	1
109111	149773	2
109111	152096	4
109111	152099	4
109111	152101	4
109111	154993	6
109111	155002	15
109111	155061	2
109111	157133	14
109111	157217	5
109111	159998	7
109111	160378	3
109111	160536	7
109111	160539	6
109111	160542	4
109111	160545	2
109111	160546	1
109111	160547	1
109111	160554	2
109111	160555	3
109111	162733	14
109111	164734	1
109111	165553	5
109111	165677	2
109111	165684	2
109111	165889	7
109111	166074	6
109111	166580	2
109111	170847	7
109111	170849	2
109111	170851	12
109111	170855	1
109111	171579	1
109111	172127	5
109111	172284	1
109111	173192	6
109111	173204	1
109111	173695	4
109111	174543	22
109111	174544	6
109111	177141	4
109111	177932	7
109111	178463	1
109111	179773	1
109111	180697	1
109111	182898	1
109111	183217	3
109905	110357	27
109905	110359	7
109905	110825	1
109905	111412	2
109905	114069	5
109905	114358	1
109905	115032	2
109905	116330	19
109905	116655	1
109905	117232	5
109905	117235	7
109905	118646	2
109905	119089	1
109905	120433	4
109905	121313	2
109905	122612	2
109905	123932	7
109905	125582	1
109905	125584	2
109905	126526	2
109905	126533	1
109905	126613	7
109905	126614	2
109905	126618	2
109905	126621	9
109905	126742	8
109905	128004	1
109905	128035	1
109905	128036	2
109905	128048	1
109905	128066	4
109905	128071	9
109905	128074	2
109905	128084	3
109905	128087	10
109905	128115	6
109905	128239	1
109905	128241	3
109905	128751	9
109905	128797	56
109905	128804	31
109905	128805	2
109905	128807	20
109905	128817	28
109905	128832	2
109905	130689	1
109905	131373	1
109905	133004	2
109905	133030	2
109905	133655	2
109905	133832	19
109905	134851	1
109905	135730	1
109905	136540	1
109905	136690	4
109905	138406	3
109905	138619	14
109905	139192	1
109905	139959	1
109905	140876	1
109905	141840	1
109905	144271	1
109905	145508	6
109905	146643	2
109905	146644	1
109905	147535	3
109905	148313	8
109905	149762	1
109905	149772	6
109905	149773	4
109905	152096	9
109905	152099	3
109905	152101	4
109905	154993	2
109905	155002	2
109905	157133	12
109905	157217	1
109905	159998	4
109905	160378	1
109905	160536	1
109905	160539	2
109905	160542	1
109905	160546	1
109905	160555	11
109905	161120	1
109905	163362	19
109905	164208	6
109905	164734	8
109905	164737	10
109905	165553	1
109905	165677	7
109905	165684	3
109905	165889	4
109905	166074	2
109905	166580	8
109905	167326	5
109905	169119	2
109905	170847	10
109905	170849	5
109905	170851	15
109905	170855	2
109905	170860	4
109905	172127	3
109905	172284	3
109905	173192	1
109905	173204	1
109905	173695	2
109905	174543	9
109905	174544	7
109905	177141	7
109905	177932	1
109905	178199	6
109905	178463	1
109905	179773	2
109905	180155	3
109905	180697	1
109905	182781	2
109905	183217	9
110357	110359	48
110357	110825	9
110357	111412	15
110357	114069	95
110357	114358	35
110357	115032	34
110357	116330	269
110357	116655	56
110357	117232	66
110357	117235	40
110357	118646	3
110357	119089	15
110357	120433	24
110357	121313	21
110357	122612	39
110357	123253	13
110357	123507	20
110357	123932	50
110357	124212	20
110357	125126	21
110357	125582	53
110357	125584	46
110357	126526	39
110357	126533	23
110357	126556	18
110357	126613	92
110357	126614	18
110357	126618	11
110357	126621	200
110357	126742	27
110357	128004	19
110357	128011	30
110357	128033	13
110357	128035	9
110357	128036	13
110357	128048	19
110357	128066	58
110357	128071	105
110357	128074	15
110357	128084	28
110357	128087	31
110357	128115	75
110357	128239	17
110357	128241	21
110357	128751	130
110357	128797	894
110357	128804	517
110357	128805	36
110357	128807	274
110357	128810	15
110357	128817	294
110357	128832	38
110357	130689	29
110357	131373	3
110357	132293	18
110357	133004	23
110357	133030	31
110357	133655	40
110357	133832	284
110357	133861	43
110357	134851	20
110357	135501	12
110357	135730	24
110357	136540	12
110357	136689	50
110357	136690	32
110357	138406	43
110357	138619	24
110357	139192	16
110357	139959	18
110357	140876	38
110357	141840	9
110357	142560	19
110357	144271	14
110357	145508	50
110357	146643	13
110357	146644	10
110357	147535	24
110357	148313	109
110357	149762	24
110357	149772	29
110357	149773	24
110357	152096	81
110357	152099	33
110357	152101	47
110357	154993	27
110357	155002	41
110357	155061	12
110357	157133	119
110357	157217	99
110357	159998	49
110357	160378	17
110357	160536	9
110357	160539	19
110357	160542	10
110357	160545	23
110357	160546	7
110357	160547	29
110357	160554	13
110357	160555	51
110357	161120	19
110357	162733	21
110357	163362	28
110357	164208	21
110357	164734	26
110357	164737	58
110357	165553	53
110357	165677	29
110357	165684	33
110357	165889	58
110357	166074	32
110357	166580	81
110357	167326	25
110357	169119	35
110357	170847	101
110357	170849	125
110357	170851	301
110357	170855	52
110357	170860	26
110357	171579	26
110357	172127	32
110357	172284	33
110357	173192	35
110357	173204	19
110357	173695	37
110357	174543	188
110357	174544	33
110357	177141	120
110357	177932	69
110357	178199	14
110357	178463	38
110357	179773	13
110357	180155	30
110357	180697	43
110357	182781	10
110357	182898	13
110357	183217	47
110359	110825	4
110359	111412	2
110359	114069	9
110359	114358	12
110359	115032	4
110359	116330	31
110359	116655	2
110359	117232	6
110359	117235	7
110359	118646	4
110359	119089	5
110359	120433	8
110359	121313	2
110359	122612	7
110359	123253	2
110359	123507	7
110359	123932	15
110359	124212	4
110359	125582	7
110359	125584	4
110359	126526	8
110359	126533	4
110359	126556	3
110359	126613	12
110359	126614	4
110359	126618	6
110359	126621	16
110359	126742	5
110359	128004	1
110359	128011	7
110359	128033	4
110359	128035	1
110359	128066	4
110359	128071	13
110359	128074	1
110359	128084	2
110359	128087	6
110359	128115	9
110359	128239	2
110359	128241	13
110359	128751	7
110359	128797	83
110359	128804	51
110359	128805	7
110359	128807	35
110359	128810	2
110359	128817	35
110359	128832	1
110359	130689	4
110359	131373	6
110359	132293	8
110359	133004	9
110359	133030	2
110359	133655	4
110359	133832	39
110359	133861	3
110359	134851	6
110359	136540	1
110359	136689	7
110359	136690	10
110359	138406	15
110359	138619	4
110359	139192	1
110359	139959	2
110359	140876	5
110359	142560	4
110359	144271	1
110359	145508	8
110359	146643	5
110359	146644	2
110359	147535	6
110359	148313	13
110359	149762	2
110359	149772	2
110359	149773	3
110359	152096	14
110359	152099	8
110359	152101	9
110359	154993	7
110359	155002	10
110359	155061	1
110359	157133	12
110359	157217	10
110359	159998	10
110359	160378	3
110359	160536	2
110359	160539	11
110359	160542	3
110359	160545	5
110359	160546	2
110359	160547	1
110359	160554	2
110359	160555	17
110359	161120	3
110359	162733	4
110359	163362	4
110359	164208	4
110359	164734	9
110359	164737	13
110359	165553	8
110359	165677	2
110359	165684	2
110359	165889	11
110359	166074	6
110359	166580	17
110359	167326	4
110359	169119	6
110359	170847	9
110359	170849	12
110359	170851	32
110359	170855	9
110359	170860	2
110359	171579	3
110359	172127	11
110359	172284	3
110359	173192	5
110359	173204	1
110359	173695	2
110359	174543	24
110359	174544	4
110359	177141	16
110359	177932	1
110359	178199	11
110359	178463	1
110359	179773	3
110359	180155	2
110359	180697	2
110359	182781	1
110359	182898	4
110359	183217	12
110825	111412	4
110825	114069	3
110825	114358	2
110825	115032	1
110825	116330	7
110825	116655	3
110825	117232	8
110825	117235	12
110825	118646	3
110825	119089	1
110825	120433	6
110825	121313	3
110825	122612	2
110825	123932	3
110825	125126	2
110825	125582	2
110825	125584	4
110825	126526	7
110825	126533	3
110825	126613	7
110825	126614	2
110825	126618	8
110825	126621	8
110825	126742	2
110825	128004	4
110825	128011	1
110825	128033	1
110825	128066	2
110825	128071	2
110825	128074	1
110825	128084	2
110825	128087	2
110825	128115	4
110825	128239	1
110825	128751	6
110825	128797	29
110825	128804	14
110825	128805	2
110825	128807	12
110825	128810	1
110825	128817	6
110825	130689	1
110825	131373	10
110825	133004	5
110825	133030	1
110825	133655	2
110825	133832	9
110825	133861	1
110825	135730	5
110825	136540	2
110825	136689	1
110825	136690	2
110825	138406	6
110825	138619	2
110825	140876	1
110825	144271	2
110825	145508	2
110825	146643	3
110825	147535	2
110825	148313	1
110825	149772	2
110825	152096	5
110825	152099	4
110825	152101	1
110825	154993	3
110825	155061	5
110825	157133	7
110825	157217	1
110825	159998	4
110825	160536	1
110825	160545	1
110825	160547	1
110825	160554	1
110825	160555	18
110825	162733	1
110825	163362	1
110825	164208	1
110825	164734	5
110825	164737	9
110825	165553	3
110825	165677	3
110825	165684	6
110825	165889	6
110825	166580	3
110825	167326	3
110825	169119	2
110825	170847	3
110825	170849	4
110825	170851	3
110825	170855	1
110825	170860	4
110825	171579	1
110825	172127	2
110825	173192	2
110825	173204	1
110825	173695	6
110825	174543	12
110825	174544	7
110825	177141	4
110825	177932	3
110825	178199	5
110825	178463	3
110825	179773	4
110825	180155	1
110825	180697	1
110825	182781	4
110825	182898	4
110825	183217	5
111412	114069	1
111412	115032	3
111412	116330	13
111412	116655	1
111412	117232	5
111412	117235	6
111412	120433	6
111412	121313	6
111412	122612	3
111412	123932	1
111412	124212	1
111412	125582	6
111412	125584	3
111412	126526	6
111412	126533	3
111412	126556	1
111412	126613	9
111412	126614	1
111412	126618	2
111412	126621	12
111412	126742	2
111412	128004	2
111412	128011	2
111412	128036	2
111412	128048	2
111412	128066	2
111412	128071	7
111412	128087	5
111412	128115	2
111412	128239	1
111412	128751	6
111412	128797	45
111412	128804	20
111412	128805	2
111412	128807	15
111412	128810	3
111412	128817	8
111412	128832	3
111412	130689	1
111412	131373	4
111412	133004	2
111412	133030	1
111412	133655	3
111412	133832	12
111412	133861	7
111412	135501	3
111412	136540	5
111412	136689	9
111412	136690	2
111412	138406	4
111412	138619	5
111412	139192	3
111412	139959	3
111412	140876	1
111412	142560	1
111412	145508	3
111412	146643	3
111412	146644	1
111412	147535	8
111412	148313	2
111412	149772	2
111412	149773	2
111412	152096	4
111412	152101	3
111412	154993	4
111412	155002	3
111412	157133	7
111412	157217	4
111412	159998	5
111412	160378	1
111412	160542	2
111412	160546	1
111412	160547	1
111412	160555	10
111412	161120	3
111412	162733	4
111412	163362	4
111412	164734	7
111412	164737	9
111412	165684	6
111412	165889	2
111412	166074	4
111412	166580	2
111412	169119	5
111412	170847	6
111412	170849	2
111412	170851	11
111412	170855	1
111412	170860	1
111412	171579	2
111412	172127	1
111412	172284	1
111412	173192	1
111412	173695	2
111412	174543	10
111412	174544	5
111412	177141	3
111412	177932	5
111412	178199	2
111412	178463	6
111412	180155	1
111412	180697	2
111412	182781	8
111412	182898	3
111412	183217	2
114069	114358	5
114069	115032	6
114069	116330	61
114069	116655	6
114069	117232	16
114069	117235	10
114069	118646	2
114069	119089	3
114069	120433	3
114069	121313	2
114069	122612	4
114069	123253	1
114069	123507	6
114069	123932	11
114069	124212	6
114069	125126	2
114069	125582	8
114069	125584	12
114069	126526	5
114069	126533	5
114069	126556	3
114069	126613	9
114069	126614	1
114069	126618	4
114069	126621	38
114069	126742	2
114069	128004	1
114069	128011	4
114069	128033	3
114069	128035	1
114069	128036	4
114069	128048	3
114069	128066	14
114069	128071	16
114069	128074	3
114069	128084	2
114069	128087	4
114069	128115	15
114069	128241	6
114069	128751	22
114069	128797	139
114069	128804	85
114069	128805	5
114069	128807	30
114069	128810	3
114069	128817	73
114069	128832	4
114069	130689	7
114069	131373	1
114069	132293	1
114069	133004	5
114069	133030	12
114069	133655	4
114069	133832	73
114069	133861	5
114069	134851	4
114069	135501	1
114069	135730	4
114069	136540	7
114069	136689	8
114069	136690	3
114069	138406	11
114069	138619	1
114069	139192	4
114069	139959	5
114069	140876	4
114069	141840	3
114069	142560	4
114069	144271	3
114069	145508	11
114069	146643	5
114069	146644	1
114069	147535	6
114069	148313	40
114069	149762	6
114069	149772	4
114069	149773	5
114069	152096	11
114069	152099	4
114069	152101	2
114069	154993	4
114069	155002	4
114069	155061	1
114069	157133	21
114069	157217	19
114069	159998	7
114069	160378	5
114069	160536	1
114069	160539	1
114069	160542	1
114069	160545	1
114069	160546	2
114069	160547	6
114069	160554	1
114069	160555	11
114069	161120	3
114069	162733	3
114069	163362	5
114069	164208	6
114069	164734	6
114069	164737	11
114069	165553	6
114069	165677	3
114069	165684	6
114069	165889	5
114069	166074	2
114069	166580	15
114069	167326	5
114069	169119	6
114069	170847	21
114069	170849	29
114069	170851	62
114069	170855	13
114069	170860	5
114069	171579	11
114069	172127	12
114069	172284	8
114069	173192	3
114069	173204	2
114069	173695	2
114069	174543	28
114069	174544	3
114069	177141	25
114069	177932	15
114069	178199	3
114069	178463	12
114069	179773	2
114069	180155	13
114069	180697	7
114069	182781	2
114069	183217	5
114358	115032	4
114358	116330	29
114358	116655	1
114358	117232	1
114358	117235	3
114358	118646	1
114358	120433	2
114358	121313	4
114358	122612	4
114358	123507	2
114358	123932	7
114358	124212	3
114358	125582	4
114358	125584	3
114358	126526	2
114358	126533	3
114358	126556	4
114358	126613	10
114358	126614	2
114358	126618	3
114358	126621	13
114358	126742	3
114358	128004	1
114358	128011	3
114358	128048	1
114358	128066	10
114358	128071	8
114358	128074	2
114358	128084	2
114358	128087	3
114358	128115	6
114358	128239	4
114358	128241	6
114358	128751	7
114358	128797	56
114358	128804	36
114358	128805	5
114358	128807	13
114358	128810	2
114358	128817	20
114358	128832	2
114358	130689	6
114358	131373	2
114358	132293	1
114358	133004	4
114358	133030	1
114358	133655	4
114358	133832	37
114358	133861	2
114358	134851	7
114358	135730	3
114358	136540	4
114358	136689	5
114358	136690	5
114358	138406	6
114358	138619	1
114358	139959	1
114358	140876	1
114358	141840	2
114358	144271	4
114358	145508	7
114358	146643	3
114358	147535	1
114358	148313	14
114358	149762	4
114358	149772	1
114358	149773	4
114358	152096	4
114358	152099	2
114358	152101	5
114358	154993	4
114358	155002	2
114358	157133	12
114358	157217	16
114358	159998	7
114358	160378	1
114358	160536	1
114358	160539	1
114358	160542	1
114358	160545	1
114358	160547	1
114358	160554	2
114358	160555	4
114358	161120	1
114358	162733	4
114358	163362	2
114358	164208	1
114358	164734	3
114358	164737	5
114358	165553	2
114358	165677	1
114358	165889	5
114358	166074	2
114358	166580	13
114358	167326	6
114358	169119	1
114358	170847	8
114358	170849	9
114358	170851	39
114358	170855	18
114358	170860	1
114358	171579	3
114358	172127	10
114358	172284	7
114358	173192	4
114358	173204	1
114358	174543	14
114358	174544	3
114358	177141	4
114358	177932	5
114358	178199	8
114358	178463	1
114358	179773	1
114358	180155	3
114358	180697	2
114358	182781	1
114358	182898	2
114358	183217	5
115032	116330	16
115032	116655	3
115032	117232	3
115032	117235	4
115032	118646	1
115032	119089	2
115032	120433	1
115032	121313	2
115032	122612	3
115032	123253	2
115032	123932	5
115032	124212	1
115032	125582	8
115032	125584	8
115032	126526	2
115032	126533	2
115032	126556	2
115032	126613	10
115032	126614	3
115032	126618	4
115032	126621	25
115032	126742	4
115032	128004	1
115032	128011	5
115032	128035	1
115032	128048	2
115032	128066	3
115032	128071	10
115032	128084	3
115032	128087	2
115032	128115	5
115032	128239	1
115032	128241	1
115032	128751	10
115032	128797	74
115032	128804	38
115032	128805	3
115032	128807	20
115032	128810	7
115032	128817	20
115032	128832	2
115032	130689	3
115032	133004	2
115032	133030	8
115032	133832	17
115032	133861	2
115032	134851	1
115032	135501	2
115032	135730	1
115032	136540	7
115032	136689	2
115032	138406	2
115032	138619	4
115032	139959	6
115032	140876	3
115032	142560	2
115032	145508	2
115032	146643	7
115032	146644	1
115032	147535	2
115032	148313	11
115032	149762	3
115032	149772	2
115032	149773	1
115032	152096	6
115032	152099	1
115032	152101	2
115032	154993	8
115032	155002	4
115032	155061	2
115032	157133	22
115032	157217	5
115032	159998	15
115032	160536	1
115032	160539	2
115032	160542	4
115032	160545	3
115032	160546	2
115032	160547	9
115032	160554	3
115032	160555	2
115032	161120	2
115032	162733	7
115032	163362	8
115032	164208	7
115032	164734	3
115032	164737	1
115032	165553	2
115032	165677	17
115032	165684	4
115032	165889	3
115032	166580	12
115032	169119	11
115032	170847	4
115032	170849	11
115032	170851	19
115032	170855	7
115032	171579	6
115032	172127	3
115032	172284	1
115032	173192	5
115032	173695	4
115032	174543	8
115032	174544	1
115032	177141	6
115032	177932	8
115032	178199	2
115032	178463	10
115032	179773	1
115032	180155	2
115032	180697	5
115032	182781	4
115032	182898	2
116330	116655	22
116330	117232	48
116330	117235	26
116330	118646	5
116330	119089	12
116330	120433	13
116330	121313	22
116330	122612	22
116330	123253	5
116330	123507	17
116330	123932	50
116330	124212	10
116330	125126	10
116330	125582	26
116330	125584	33
116330	126526	16
116330	126533	13
116330	126556	8
116330	126613	47
116330	126614	7
116330	126618	8
116330	126621	115
116330	126742	17
116330	128004	15
116330	128011	31
116330	128033	10
116330	128035	6
116330	128036	15
116330	128048	13
116330	128066	27
116330	128071	94
116330	128074	14
116330	128084	21
116330	128087	19
116330	128115	58
116330	128239	21
116330	128241	17
116330	128751	64
116330	128797	471
116330	128804	286
116330	128805	14
116330	128807	118
116330	128810	8
116330	128817	209
116330	128832	19
116330	130689	13
116330	131373	4
116330	132293	13
116330	133004	17
116330	133030	21
116330	133655	22
116330	133832	226
116330	133861	21
116330	134851	11
116330	135501	7
116330	135730	17
116330	136540	4
116330	136689	25
116330	136690	15
116330	138406	46
116330	138619	14
116330	139192	12
116330	139959	9
116330	140876	12
116330	141840	8
116330	142560	7
116330	144271	12
116330	145508	48
116330	146643	9
116330	146644	4
116330	147535	9
116330	148313	88
116330	149762	11
116330	149772	18
116330	149773	12
116330	152096	60
116330	152099	27
116330	152101	31
116330	154993	20
116330	155002	24
116330	155061	1
116330	157133	40
116330	157217	54
116330	159998	26
116330	160378	8
116330	160536	5
116330	160539	11
116330	160542	5
116330	160545	9
116330	160546	7
116330	160547	8
116330	160554	10
116330	160555	24
116330	161120	20
116330	162733	2
116330	163362	20
116330	164208	16
116330	164734	21
116330	164737	26
116330	165553	32
116330	165677	17
116330	165684	19
116330	165889	31
116330	166074	19
116330	166580	55
116330	167326	20
116330	169119	16
116330	170847	80
116330	170849	79
116330	170851	261
116330	170855	65
116330	170860	20
116330	171579	12
116330	172127	20
116330	172284	18
116330	173192	20
116330	173204	14
116330	173695	10
116330	174543	90
116330	174544	30
116330	177141	46
116330	177932	29
116330	178199	13
116330	178463	13
116330	179773	5
116330	180155	23
116330	180697	27
116330	182781	8
116330	182898	14
116330	183217	32
116655	117232	5
116655	117235	11
116655	118646	5
116655	119089	8
116655	120433	2
116655	121313	2
116655	122612	9
116655	123253	1
116655	123507	3
116655	123932	1
116655	124212	4
116655	125126	11
116655	125582	13
116655	125584	26
116655	126526	10
116655	126533	2
116655	126556	2
116655	126613	16
116655	126614	6
116655	126618	6
116655	126621	61
116655	126742	4
116655	128004	5
116655	128011	2
116655	128033	4
116655	128035	4
116655	128036	6
116655	128048	3
116655	128066	9
116655	128071	20
116655	128074	6
116655	128084	2
116655	128087	7
116655	128115	11
116655	128239	3
116655	128241	3
116655	128751	34
116655	128797	161
116655	128804	71
116655	128805	4
116655	128807	29
116655	128810	1
116655	128817	36
116655	128832	2
116655	130689	8
116655	131373	1
116655	132293	4
116655	133004	3
116655	133030	5
116655	133655	10
116655	133832	19
116655	133861	8
116655	134851	1
116655	135501	11
116655	135730	8
116655	136540	7
116655	136689	4
116655	138406	3
116655	139192	2
116655	139959	14
116655	140876	1
116655	141840	1
116655	142560	11
116655	144271	3
116655	145508	5
116655	146643	9
116655	146644	2
116655	147535	1
116655	148313	12
116655	149762	2
116655	149772	3
116655	149773	5
116655	152096	9
116655	152099	8
116655	152101	6
116655	154993	11
116655	155002	13
116655	155061	1
116655	157133	28
116655	157217	10
116655	159998	22
116655	160378	9
116655	160536	3
116655	160539	3
116655	160542	2
116655	160545	6
116655	160546	3
116655	160547	10
116655	160554	7
116655	160555	10
116655	161120	5
116655	162733	7
116655	164208	9
116655	164734	2
116655	164737	7
116655	165553	10
116655	165677	4
116655	165684	4
116655	165889	12
116655	166074	4
116655	166580	15
116655	167326	4
116655	169119	15
116655	170847	16
116655	170849	20
116655	170851	28
116655	170860	6
116655	171579	2
116655	172127	2
116655	172284	5
116655	173192	2
116655	173204	4
116655	173695	13
116655	174543	43
116655	174544	6
116655	177141	16
116655	177932	8
116655	178463	3
116655	179773	1
116655	180155	1
116655	180697	5
116655	182781	1
116655	182898	4
116655	183217	6
117232	117235	44
117232	118646	7
117232	119089	4
117232	120433	7
117232	121313	1
117232	122612	7
117232	123253	2
117232	123507	6
117232	123932	8
117232	124212	1
117232	125126	3
117232	125582	9
117232	125584	12
117232	126526	11
117232	126533	8
117232	126556	1
117232	126613	11
117232	126614	2
117232	126618	4
117232	126621	31
117232	126742	4
117232	128004	1
117232	128011	3
117232	128033	4
117232	128035	3
117232	128036	4
117232	128066	5
117232	128071	14
117232	128084	3
117232	128087	11
117232	128115	17
117232	128239	2
117232	128241	6
117232	128751	12
117232	128797	132
117232	128804	68
117232	128805	7
117232	128807	36
117232	128810	4
117232	128817	47
117232	128832	5
117232	130689	4
117232	131373	3
117232	133004	5
117232	133030	5
117232	133655	9
117232	133832	41
117232	133861	5
117232	134851	2
117232	135501	4
117232	135730	6
117232	136540	1
117232	136689	6
117232	136690	8
117232	138406	9
117232	138619	4
117232	139192	6
117232	139959	2
117232	140876	3
117232	141840	1
117232	142560	2
117232	144271	4
117232	145508	12
117232	146643	8
117232	146644	1
117232	147535	6
117232	148313	16
117232	149762	7
117232	149772	7
117232	149773	9
117232	152096	15
117232	152099	2
117232	152101	4
117232	154993	3
117232	155002	12
117232	155061	2
117232	157133	17
117232	157217	10
117232	159998	6
117232	160378	1
117232	160536	1
117232	160539	4
117232	160542	2
117232	160545	3
117232	160546	2
117232	160547	2
117232	160554	3
117232	160555	20
117232	161120	7
117232	162733	3
117232	163362	5
117232	164208	4
117232	164734	8
117232	164737	21
117232	165553	10
117232	165677	5
117232	165684	17
117232	165889	14
117232	166074	8
117232	166580	9
117232	167326	6
117232	169119	6
117232	170847	19
117232	170849	8
117232	170851	39
117232	170855	4
117232	170860	4
117232	171579	2
117232	172127	6
117232	172284	4
117232	173192	2
117232	173204	3
117232	173695	7
117232	174543	32
117232	174544	3
117232	177141	12
117232	177932	4
117232	178199	3
117232	178463	5
117232	179773	4
117232	180155	6
117232	180697	4
117232	182781	3
117232	182898	15
117232	183217	9
117235	118646	12
117235	119089	1
117235	120433	13
117235	121313	6
117235	122612	5
117235	123253	1
117235	123507	3
117235	123932	6
117235	124212	4
117235	125582	10
117235	125584	9
117235	126526	9
117235	126533	7
117235	126556	1
117235	126613	9
117235	126614	5
117235	126618	10
117235	126621	24
117235	126742	8
117235	128004	2
117235	128011	4
117235	128033	4
117235	128035	1
117235	128036	4
117235	128048	3
117235	128066	4
117235	128071	13
117235	128074	4
117235	128084	5
117235	128087	11
117235	128115	22
117235	128241	2
117235	128751	17
117235	128797	117
117235	128804	56
117235	128805	3
117235	128807	24
117235	128810	5
117235	128817	32
117235	128832	5
117235	130689	4
117235	131373	3
117235	132293	2
117235	133004	5
117235	133030	7
117235	133655	12
117235	133832	22
117235	133861	4
117235	134851	2
117235	135501	1
117235	136540	3
117235	136689	5
117235	136690	5
117235	138406	2
117235	138619	1
117235	139192	3
117235	139959	5
117235	140876	7
117235	141840	1
117235	142560	4
117235	144271	5
117235	145508	8
117235	146643	8
117235	146644	2
117235	147535	20
117235	148313	7
117235	149762	5
117235	149772	11
117235	149773	6
117235	152096	14
117235	152099	4
117235	152101	3
117235	154993	6
117235	155002	9
117235	155061	7
117235	157133	27
117235	157217	4
117235	159998	11
117235	160378	1
117235	160536	8
117235	160539	2
117235	160542	3
117235	160545	4
117235	160546	4
117235	160547	6
117235	160554	3
117235	160555	37
117235	161120	7
117235	162733	6
117235	163362	4
117235	164208	4
117235	164734	2
117235	164737	18
117235	165553	18
117235	165677	3
117235	165684	14
117235	165889	5
117235	166074	3
117235	166580	7
117235	167326	3
117235	169119	2
117235	170847	17
117235	170849	12
117235	170851	25
117235	170855	5
117235	170860	6
117235	171579	6
117235	172127	7
117235	172284	5
117235	173192	3
117235	173204	3
117235	173695	8
117235	174543	29
117235	174544	4
117235	177141	17
117235	177932	14
117235	178199	7
117235	178463	10
117235	179773	2
117235	180155	7
117235	180697	6
117235	182781	6
117235	182898	10
117235	183217	11
118646	120433	3
118646	121313	1
118646	124212	1
118646	125584	4
118646	126526	6
118646	126533	1
118646	126556	1
118646	126613	4
118646	126614	2
118646	126618	3
118646	126621	9
118646	126742	1
118646	128004	1
118646	128011	1
118646	128048	1
118646	128066	1
118646	128071	2
118646	128115	5
118646	128241	1
118646	128751	6
118646	128797	42
118646	128804	17
118646	128805	2
118646	128807	8
118646	128810	2
118646	128817	11
118646	130689	2
118646	131373	6
118646	132293	2
118646	133004	4
118646	133030	1
118646	133655	2
118646	133832	4
118646	135730	1
118646	136689	2
118646	138406	1
118646	138619	1
118646	139192	1
118646	140876	3
118646	144271	1
118646	145508	1
118646	146643	6
118646	146644	4
118646	147535	1
118646	149772	2
118646	149773	1
118646	152096	4
118646	152099	7
118646	152101	1
118646	154993	7
118646	155002	2
118646	155061	2
118646	157133	13
118646	159998	1
118646	160378	1
118646	160536	4
118646	160539	4
118646	160542	2
118646	160545	1
118646	160547	1
118646	160554	3
118646	160555	14
118646	162733	4
118646	163362	2
118646	164208	1
118646	164737	2
118646	165553	4
118646	165684	6
118646	165889	2
118646	166074	1
118646	166580	3
118646	169119	1
118646	170847	2
118646	170849	2
118646	170851	1
118646	170860	2
118646	171579	1
118646	172284	3
118646	173192	3
118646	173204	1
118646	173695	4
118646	174543	12
118646	174544	3
118646	177141	2
118646	177932	1
118646	178199	1
118646	178463	3
118646	179773	3
118646	180697	4
118646	182781	3
118646	182898	5
118646	183217	3
119089	120433	1
119089	121313	2
119089	122612	2
119089	123253	1
119089	123932	2
119089	125126	4
119089	125582	4
119089	125584	2
119089	126526	3
119089	126533	6
119089	126556	1
119089	126613	8
119089	126614	4
119089	126618	3
119089	126621	24
119089	128004	2
119089	128011	6
119089	128035	1
119089	128036	2
119089	128048	1
119089	128066	5
119089	128071	7
119089	128074	1
119089	128084	3
119089	128087	1
119089	128115	5
119089	128239	1
119089	128241	1
119089	128751	9
119089	128797	54
119089	128804	37
119089	128805	5
119089	128807	27
119089	128810	2
119089	128817	7
119089	128832	1
119089	130689	2
119089	131373	2
119089	132293	2
119089	133004	1
119089	133655	2
119089	133832	11
119089	133861	2
119089	134851	4
119089	135501	6
119089	135730	8
119089	136689	2
119089	136690	4
119089	138406	5
119089	138619	1
119089	139192	6
119089	139959	1
119089	140876	3
119089	142560	1
119089	144271	1
119089	145508	5
119089	146643	4
119089	146644	1
119089	147535	1
119089	148313	3
119089	149762	1
119089	149773	1
119089	152096	4
119089	152099	3
119089	152101	4
119089	154993	3
119089	155002	3
119089	155061	1
119089	157133	7
119089	157217	11
119089	159998	4
119089	160378	4
119089	160539	6
119089	160542	2
119089	160545	2
119089	160547	1
119089	160554	2
119089	160555	2
119089	162733	2
119089	163362	1
119089	164208	1
119089	164734	2
119089	164737	3
119089	165553	6
119089	165677	1
119089	165889	11
119089	166074	5
119089	166580	10
119089	167326	1
119089	169119	1
119089	170847	9
119089	170849	10
119089	170851	15
119089	170855	3
119089	170860	1
119089	172127	2
119089	172284	2
119089	173192	4
119089	173204	1
119089	173695	8
119089	174543	26
119089	174544	1
119089	177141	11
119089	177932	2
119089	178199	1
119089	178463	2
119089	179773	3
119089	182781	2
119089	182898	2
119089	183217	1
120433	122612	2
120433	123253	1
120433	123932	5
120433	124212	1
120433	125126	2
120433	125582	3
120433	125584	2
120433	126526	2
120433	126556	2
120433	126613	8
120433	126614	2
120433	126618	5
120433	126621	6
120433	126742	2
120433	128004	2
120433	128036	1
120433	128066	1
120433	128071	8
120433	128074	1
120433	128084	2
120433	128087	3
120433	128115	9
120433	128241	2
120433	128751	6
120433	128797	44
120433	128804	26
120433	128805	2
120433	128807	17
120433	128810	1
120433	128817	17
120433	128832	1
120433	130689	4
120433	131373	2
120433	133004	3
120433	133030	1
120433	133655	3
120433	133832	15
120433	133861	2
120433	135501	1
120433	135730	1
120433	136540	1
120433	136689	1
120433	136690	3
120433	138406	9
120433	138619	1
120433	139192	1
120433	139959	2
120433	140876	3
120433	142560	1
120433	144271	2
120433	145508	2
120433	146643	7
120433	147535	8
120433	148313	3
120433	149762	1
120433	149772	3
120433	149773	2
120433	152096	3
120433	152099	2
120433	152101	5
120433	155002	6
120433	155061	1
120433	157133	8
120433	157217	5
120433	159998	1
120433	160536	1
120433	160539	4
120433	160542	1
120433	160555	9
120433	161120	1
120433	162733	3
120433	163362	1
120433	164734	4
120433	164737	17
120433	165553	8
120433	165677	2
120433	165684	2
120433	165889	3
120433	166074	2
120433	166580	4
120433	167326	2
120433	169119	2
120433	170847	2
120433	170849	5
120433	170851	9
120433	170855	1
120433	170860	2
120433	172127	5
120433	172284	1
120433	173192	2
120433	173204	1
120433	173695	3
120433	174543	11
120433	174544	5
120433	177141	8
120433	177932	3
120433	178199	8
120433	178463	1
120433	179773	3
120433	180155	4
120433	180697	4
120433	182781	5
120433	182898	2
120433	183217	10
121313	122612	2
121313	123253	1
121313	123932	2
121313	124212	2
121313	125126	1
121313	125582	2
121313	125584	3
121313	126526	5
121313	126533	2
121313	126556	2
121313	126613	12
121313	126614	2
121313	126618	5
121313	126621	20
121313	126742	2
121313	128004	2
121313	128033	1
121313	128035	1
121313	128036	1
121313	128048	2
121313	128066	2
121313	128071	4
121313	128074	1
121313	128084	3
121313	128087	2
121313	128115	6
121313	128239	2
121313	128241	1
121313	128751	7
121313	128797	52
121313	128804	27
121313	128805	2
121313	128807	10
121313	128810	1
121313	128817	22
121313	128832	5
121313	130689	2
121313	131373	1
121313	132293	3
121313	133004	3
121313	133030	5
121313	133655	5
121313	133832	15
121313	133861	2
121313	135501	1
121313	136540	5
121313	136689	2
121313	136690	1
121313	138406	3
121313	138619	1
121313	139959	2
121313	142560	2
121313	144271	2
121313	145508	4
121313	146643	3
121313	147535	2
121313	148313	5
121313	149762	2
121313	149773	4
121313	152096	7
121313	152099	2
121313	152101	4
121313	154993	1
121313	155002	4
121313	155061	1
121313	157133	10
121313	157217	4
121313	159998	5
121313	160378	1
121313	160545	2
121313	160547	1
121313	160555	5
121313	161120	3
121313	162733	1
121313	163362	1
121313	164208	3
121313	164734	4
121313	164737	8
121313	165553	8
121313	165677	6
121313	165684	3
121313	165889	1
121313	166074	1
121313	166580	1
121313	167326	4
121313	169119	3
121313	170847	6
121313	170849	9
121313	170851	16
121313	170855	2
121313	171579	1
121313	172284	3
121313	173192	4
121313	173204	1
121313	174543	13
121313	174544	2
121313	177141	3
121313	177932	8
121313	178199	1
121313	178463	6
121313	180155	1
121313	180697	2
121313	182781	2
121313	182898	3
121313	183217	3
122612	123253	2
122612	123507	4
122612	123932	12
122612	124212	1
122612	125126	2
122612	125582	4
122612	125584	2
122612	126526	2
122612	126533	2
122612	126556	3
122612	126613	12
122612	126614	3
122612	126618	6
122612	126621	25
122612	126742	4
122612	128004	4
122612	128011	5
122612	128033	6
122612	128035	2
122612	128036	4
122612	128048	2
122612	128066	7
122612	128071	17
122612	128074	3
122612	128084	7
122612	128087	6
122612	128115	15
122612	128239	5
122612	128241	3
122612	128751	14
122612	128797	90
122612	128804	45
122612	128805	3
122612	128807	22
122612	128810	1
122612	128817	23
122612	128832	1
122612	130689	2
122612	131373	2
122612	132293	3
122612	133004	5
122612	133030	1
122612	133655	3
122612	133832	18
122612	133861	2
122612	134851	6
122612	135501	8
122612	135730	3
122612	136540	1
122612	136689	5
122612	136690	1
122612	138406	5
122612	139192	2
122612	139959	4
122612	140876	4
122612	141840	1
122612	142560	1
122612	144271	3
122612	145508	8
122612	146643	2
122612	146644	2
122612	148313	9
122612	149762	1
122612	149772	7
122612	149773	2
122612	152096	22
122612	152099	6
122612	152101	7
122612	154993	7
122612	155002	5
122612	155061	2
122612	157133	9
122612	157217	5
122612	159998	8
122612	160378	4
122612	160536	1
122612	160539	4
122612	160542	1
122612	160545	5
122612	160546	2
122612	160547	4
122612	160554	2
122612	160555	5
122612	161120	2
122612	163362	1
122612	164208	3
122612	164734	1
122612	164737	4
122612	165553	5
122612	165677	1
122612	165889	10
122612	166074	3
122612	166580	1
122612	167326	1
122612	169119	3
122612	170847	20
122612	170849	11
122612	170851	21
122612	170855	3
122612	170860	1
122612	171579	1
122612	172127	3
122612	173192	5
122612	173204	8
122612	173695	2
122612	174543	17
122612	174544	2
122612	177141	7
122612	177932	2
122612	178199	2
122612	178463	2
122612	180697	1
122612	182898	3
122612	183217	7
123253	123507	1
123253	123932	2
123253	125126	16
123253	125582	4
123253	125584	4
123253	126526	3
123253	126533	2
123253	126613	9
123253	126614	1
123253	126618	1
123253	126621	34
123253	126742	2
123253	128004	5
123253	128011	5
123253	128033	2
123253	128035	1
123253	128036	2
123253	128048	2
123253	128066	9
123253	128071	8
123253	128074	2
123253	128084	1
123253	128087	1
123253	128115	4
123253	128751	16
123253	128797	66
123253	128804	37
123253	128805	3
123253	128807	6
123253	128817	8
123253	128832	1
123253	130689	2
123253	132293	3
123253	133004	3
123253	133030	6
123253	133655	2
123253	133832	6
123253	133861	2
123253	134851	2
123253	135501	3
123253	135730	1
123253	136540	2
123253	136689	1
123253	138406	1
123253	139192	2
123253	139959	1
123253	140876	3
123253	142560	1
123253	144271	1
123253	146643	4
123253	146644	1
123253	147535	2
123253	148313	7
123253	149762	1
123253	152096	3
123253	152099	4
123253	152101	4
123253	154993	5
123253	155002	6
123253	157133	10
123253	157217	2
123253	159998	7
123253	160378	3
123253	160536	2
123253	160539	1
123253	160542	2
123253	160546	2
123253	160547	1
123253	160555	3
123253	161120	1
123253	162733	5
123253	164208	2
123253	164737	1
123253	165553	1
123253	165677	1
123253	165684	1
123253	165889	4
123253	166074	1
123253	166580	5
123253	169119	2
123253	170847	2
123253	170849	9
123253	170851	13
123253	170855	2
123253	170860	1
123253	171579	2
123253	172127	1
123253	172284	1
123253	173192	2
123253	173204	1
123253	173695	2
123253	174543	27
123253	177141	6
123253	177932	11
123253	178463	4
123253	179773	3
123253	180155	2
123253	180697	4
123507	123932	14
123507	124212	6
123507	125582	2
123507	125584	3
123507	126526	2
123507	126556	3
123507	126613	5
123507	126614	1
123507	126621	8
123507	126742	1
123507	128004	6
123507	128033	3
123507	128048	4
123507	128066	7
123507	128071	32
123507	128084	5
123507	128087	6
123507	128115	17
123507	128239	2
123507	128241	2
123507	128751	4
123507	128797	41
123507	128804	29
123507	128805	1
123507	128807	6
123507	128810	2
123507	128817	28
123507	128832	2
123507	130689	1
123507	132293	3
123507	133004	4
123507	133030	1
123507	133655	3
123507	133832	13
123507	133861	1
123507	135730	1
123507	136540	2
123507	136689	1
123507	136690	2
123507	138406	2
123507	139959	1
123507	140876	1
123507	144271	1
123507	145508	8
123507	146644	3
123507	148313	3
123507	149762	2
123507	149772	3
123507	149773	7
123507	152096	21
123507	152099	4
123507	152101	7
123507	155002	2
123507	155061	1
123507	157133	4
123507	157217	5
123507	159998	4
123507	160545	2
123507	160546	1
123507	160547	1
123507	160555	4
123507	161120	9
123507	162733	1
123507	163362	1
123507	164208	5
123507	164734	1
123507	164737	2
123507	165553	4
123507	165677	4
123507	165684	5
123507	165889	3
123507	166074	2
123507	167326	3
123507	170847	13
123507	170849	11
123507	170851	21
123507	170855	3
123507	170860	9
123507	171579	5
123507	172127	1
123507	172284	3
123507	173192	4
123507	173204	4
123507	173695	2
123507	174543	4
123507	174544	1
123507	177141	1
123507	177932	3
123507	178199	1
123507	178463	1
123507	180155	1
123507	182898	2
123507	183217	7
123932	124212	4
123932	125126	1
123932	125582	6
123932	125584	10
123932	126526	1
123932	126533	1
123932	126556	8
123932	126613	13
123932	126614	1
123932	126618	5
123932	126621	24
123932	126742	3
123932	128004	7
123932	128011	17
123932	128033	2
123932	128035	2
123932	128036	3
123932	128048	9
123932	128066	19
123932	128071	59
123932	128074	3
123932	128084	14
123932	128087	12
123932	128115	27
123932	128239	6
123932	128241	7
123932	128751	14
123932	128797	99
123932	128804	42
123932	128805	5
123932	128807	24
123932	128810	1
123932	128817	24
123932	128832	1
123932	130689	1
123932	131373	2
123932	132293	2
123932	133004	15
123932	133030	1
123932	133655	1
123932	133832	27
123932	134851	8
123932	135501	4
123932	135730	2
123932	136689	4
123932	136690	5
123932	138406	11
123932	138619	8
123932	139959	4
123932	140876	4
123932	141840	2
123932	142560	1
123932	144271	16
123932	145508	9
123932	146643	3
123932	147535	1
123932	148313	16
123932	149772	8
123932	149773	3
123932	152096	41
123932	152099	7
123932	152101	17
123932	154993	12
123932	155002	3
123932	155061	1
123932	157133	6
123932	157217	9
123932	159998	8
123932	160378	1
123932	160536	4
123932	160539	9
123932	160542	3
123932	160545	4
123932	160546	1
123932	160547	2
123932	160554	2
123932	160555	7
123932	161120	3
123932	162733	3
123932	163362	6
123932	164208	6
123932	164734	4
123932	164737	9
123932	165553	7
123932	165677	5
123932	165684	5
123932	165889	13
123932	166074	7
123932	166580	15
123932	167326	3
123932	169119	3
123932	170847	13
123932	170849	15
123932	170851	51
123932	170855	13
123932	170860	5
123932	171579	1
123932	172127	9
123932	172284	5
123932	173192	6
123932	173204	5
123932	174543	15
123932	174544	3
123932	177141	7
123932	177932	4
123932	178199	9
123932	178463	1
123932	179773	2
123932	180155	5
123932	180697	1
123932	182781	1
123932	182898	5
123932	183217	7
124212	125126	1
124212	125582	2
124212	125584	1
124212	126533	2
124212	126556	3
124212	126613	4
124212	126618	3
124212	126621	13
124212	128004	2
124212	128033	1
124212	128035	2
124212	128036	1
124212	128048	3
124212	128066	13
124212	128087	4
124212	128115	5
124212	128239	4
124212	128241	1
124212	128751	8
124212	128797	53
124212	128804	38
124212	128805	1
124212	128807	7
124212	128817	17
124212	128832	2
124212	130689	3
124212	132293	1
124212	133004	1
124212	133030	7
124212	133832	11
124212	133861	3
124212	134851	2
124212	135501	1
124212	135730	1
124212	136540	8
124212	136689	1
124212	139959	4
124212	140876	2
124212	142560	1
124212	146643	1
124212	147535	2
124212	148313	5
124212	149762	1
124212	149773	3
124212	152096	1
124212	154993	11
124212	155002	3
124212	155061	7
124212	157133	14
124212	157217	3
124212	159998	7
124212	160378	3
124212	160536	1
124212	160545	8
124212	160547	2
124212	160555	3
124212	162733	1
124212	163362	1
124212	164208	2
124212	164737	1
124212	165677	1
124212	165684	3
124212	165889	2
124212	166580	2
124212	167326	2
124212	169119	1
124212	170847	1
124212	170849	9
124212	170851	14
124212	170855	1
124212	170860	1
124212	171579	8
124212	172284	9
124212	173192	2
124212	173204	1
124212	173695	1
124212	174543	12
124212	174544	2
124212	177141	4
124212	177932	13
124212	178199	1
124212	178463	10
124212	180155	3
124212	180697	8
124212	183217	1
125126	125582	6
125126	125584	9
125126	126526	8
125126	126533	3
125126	126556	3
125126	126613	10
125126	126614	5
125126	126618	7
125126	126621	68
125126	126742	1
125126	128004	9
125126	128011	3
125126	128033	3
125126	128035	2
125126	128036	4
125126	128048	5
125126	128066	15
125126	128071	13
125126	128074	6
125126	128084	6
125126	128087	1
125126	128115	6
125126	128239	2
125126	128751	27
125126	128797	94
125126	128804	55
125126	128805	11
125126	128807	24
125126	128810	1
125126	128817	8
125126	128832	1
125126	130689	2
125126	131373	2
125126	132293	6
125126	133004	1
125126	133030	3
125126	133655	2
125126	133832	9
125126	133861	3
125126	135501	11
125126	135730	9
125126	136540	1
125126	136689	4
125126	138406	1
125126	139192	3
125126	139959	5
125126	140876	4
125126	142560	1
125126	144271	5
125126	145508	5
125126	146643	4
125126	146644	3
125126	148313	6
125126	149762	3
125126	149773	2
125126	152096	13
125126	152099	9
125126	152101	4
125126	154993	10
125126	155002	17
125126	157133	16
125126	157217	8
125126	159998	12
125126	160378	8
125126	160536	2
125126	160539	5
125126	160542	4
125126	160545	4
125126	160546	4
125126	160547	5
125126	160554	1
125126	160555	3
125126	162733	4
125126	163362	3
125126	164208	3
125126	164737	3
125126	165553	7
125126	165677	1
125126	165889	7
125126	166074	4
125126	166580	9
125126	167326	3
125126	169119	2
125126	170847	14
125126	170849	10
125126	170851	16
125126	172127	2
125126	173192	2
125126	173204	2
125126	173695	8
125126	174543	48
125126	174544	2
125126	177141	7
125126	177932	7
125126	178463	3
125126	179773	5
125126	180155	1
125126	180697	2
125126	182781	1
125126	182898	1
125126	183217	1
125582	125584	47
125582	126526	12
125582	126533	2
125582	126556	6
125582	126613	40
125582	126614	5
125582	126618	14
125582	126621	47
125582	126742	6
125582	128004	1
125582	128011	9
125582	128033	5
125582	128035	2
125582	128036	2
125582	128048	6
125582	128066	12
125582	128071	18
125582	128074	4
125582	128084	8
125582	128087	2
125582	128115	9
125582	128239	2
125582	128751	20
125582	128797	159
125582	128804	81
125582	128805	9
125582	128807	36
125582	128810	2
125582	128817	29
125582	128832	2
125582	130689	10
125582	131373	4
125582	132293	4
125582	133004	3
125582	133030	16
125582	133655	3
125582	133832	25
125582	133861	11
125582	134851	3
125582	135501	7
125582	136540	8
125582	136689	8
125582	136690	4
125582	138406	3
125582	138619	1
125582	139192	5
125582	139959	34
125582	140876	4
125582	141840	2
125582	142560	13
125582	144271	6
125582	145508	7
125582	146643	4
125582	146644	2
125582	147535	6
125582	148313	11
125582	149762	6
125582	149772	4
125582	149773	2
125582	152096	9
125582	152099	5
125582	152101	7
125582	154993	13
125582	155002	11
125582	155061	1
125582	157133	39
125582	157217	5
125582	159998	55
125582	160378	3
125582	160536	8
125582	160539	1
125582	160542	16
125582	160545	8
125582	160546	9
125582	160547	26
125582	160554	8
125582	160555	20
125582	161120	6
125582	162733	5
125582	163362	6
125582	164208	17
125582	164734	5
125582	164737	8
125582	165553	5
125582	165677	9
125582	165684	7
125582	165889	11
125582	166074	4
125582	166580	7
125582	167326	4
125582	169119	34
125582	170847	15
125582	170849	19
125582	170851	29
125582	170855	6
125582	170860	4
125582	171579	8
125582	172127	4
125582	172284	2
125582	173192	11
125582	173204	3
125582	173695	5
125582	174543	41
125582	174544	6
125582	177141	10
125582	177932	16
125582	178199	4
125582	178463	11
125582	179773	1
125582	180155	3
125582	180697	8
125582	182781	1
125582	182898	1
125582	183217	9
125584	126526	12
125584	126533	2
125584	126556	8
125584	126613	39
125584	126614	3
125584	126618	8
125584	126621	44
125584	126742	13
125584	128004	6
125584	128011	7
125584	128033	6
125584	128035	2
125584	128036	3
125584	128048	4
125584	128066	10
125584	128071	23
125584	128074	4
125584	128084	4
125584	128087	5
125584	128115	15
125584	128239	7
125584	128241	1
125584	128751	23
125584	128797	156
125584	128804	78
125584	128805	8
125584	128807	35
125584	128810	3
125584	128817	33
125584	128832	4
125584	130689	8
125584	131373	2
125584	132293	2
125584	133004	2
125584	133030	13
125584	133655	6
125584	133832	31
125584	133861	10
125584	134851	2
125584	135501	4
125584	135730	2
125584	136540	12
125584	136689	7
125584	136690	3
125584	138406	5
125584	138619	1
125584	139192	2
125584	139959	24
125584	140876	2
125584	141840	5
125584	142560	12
125584	144271	7
125584	145508	3
125584	146643	5
125584	147535	10
125584	148313	13
125584	149762	2
125584	149772	2
125584	149773	1
125584	152096	20
125584	152099	9
125584	152101	8
125584	154993	8
125584	155002	6
125584	155061	4
125584	157133	36
125584	157217	8
125584	159998	48
125584	160536	6
125584	160539	3
125584	160542	8
125584	160545	5
125584	160546	8
125584	160547	19
125584	160554	19
125584	160555	17
125584	161120	5
125584	162733	3
125584	163362	4
125584	164208	17
125584	164734	2
125584	164737	8
125584	165553	7
125584	165677	9
125584	165684	6
125584	165889	10
125584	166074	1
125584	166580	10
125584	167326	3
125584	169119	40
125584	170847	18
125584	170849	18
125584	170851	26
125584	170855	3
125584	170860	2
125584	171579	2
125584	172127	4
125584	172284	2
125584	173192	10
125584	173204	5
125584	173695	5
125584	174543	33
125584	174544	8
125584	177141	12
125584	177932	10
125584	178199	6
125584	178463	14
125584	179773	2
125584	180155	2
125584	180697	4
125584	182781	1
125584	182898	4
125584	183217	3
126526	126533	7
126526	126556	2
126526	126613	17
126526	126614	9
126526	126618	10
126526	126621	46
126526	126742	2
126526	128004	5
126526	128011	6
126526	128033	5
126526	128035	3
126526	128048	9
126526	128066	11
126526	128071	13
126526	128074	1
126526	128084	2
126526	128087	2
126526	128115	9
126526	128239	2
126526	128241	1
126526	128751	21
126526	128797	135
126526	128804	85
126526	128805	5
126526	128807	45
126526	128810	6
126526	128817	16
126526	128832	4
126526	130689	3
126526	131373	5
126526	132293	5
126526	133004	1
126526	133030	4
126526	133655	7
126526	133832	21
126526	133861	10
126526	134851	7
126526	135501	8
126526	135730	8
126526	136689	7
126526	136690	6
126526	138406	12
126526	138619	3
126526	139192	2
126526	139959	2
126526	140876	4
126526	141840	2
126526	142560	2
126526	144271	4
126526	145508	4
126526	146643	21
126526	146644	5
126526	147535	7
126526	148313	7
126526	149762	3
126526	149773	5
126526	152096	9
126526	152099	7
126526	152101	6
126526	154993	13
126526	155002	14
126526	155061	1
126526	157133	25
126526	157217	11
126526	159998	14
126526	160378	4
126526	160536	9
126526	160539	13
126526	160542	7
126526	160545	7
126526	160546	2
126526	160547	9
126526	160554	5
126526	160555	13
126526	161120	1
126526	162733	6
126526	163362	1
126526	164208	3
126526	164734	11
126526	164737	6
126526	165553	8
126526	165677	1
126526	165684	2
126526	165889	11
126526	166074	4
126526	166580	10
126526	167326	4
126526	169119	5
126526	170847	9
126526	170849	10
126526	170851	22
126526	170855	3
126526	170860	1
126526	172127	7
126526	172284	2
126526	173192	4
126526	173204	2
126526	173695	8
126526	174543	42
126526	174544	4
126526	177141	13
126526	177932	7
126526	178199	4
126526	178463	4
126526	179773	14
126526	180155	1
126526	180697	2
126526	182781	4
126526	182898	2
126526	183217	7
126533	126613	9
126533	126614	2
126533	126618	3
126533	126621	23
126533	128004	1
126533	128011	2
126533	128033	2
126533	128035	2
126533	128036	5
126533	128048	2
126533	128066	4
126533	128071	8
126533	128084	1
126533	128239	1
126533	128241	1
126533	128751	14
126533	128797	81
126533	128804	52
126533	128805	8
126533	128807	39
126533	128810	4
126533	128817	11
126533	130689	1
126533	131373	7
126533	132293	3
126533	133004	2
126533	133655	2
126533	133832	11
126533	133861	4
126533	134851	3
126533	135501	4
126533	135730	2
126533	136540	1
126533	136689	11
126533	136690	7
126533	138406	4
126533	138619	1
126533	139192	8
126533	140876	7
126533	141840	1
126533	142560	1
126533	144271	2
126533	145508	5
126533	146643	9
126533	146644	1
126533	148313	5
126533	149762	3
126533	149772	2
126533	152096	3
126533	152101	6
126533	154993	11
126533	155002	11
126533	155061	1
126533	157133	6
126533	157217	5
126533	159998	1
126533	160378	2
126533	160536	8
126533	160539	4
126533	160542	3
126533	160545	3
126533	160546	2
126533	160547	2
126533	160554	1
126533	160555	7
126533	161120	2
126533	162733	9
126533	163362	2
126533	164734	2
126533	164737	3
126533	165553	1
126533	165677	2
126533	165684	1
126533	165889	10
126533	166074	2
126533	166580	8
126533	167326	2
126533	169119	1
126533	170847	4
126533	170849	3
126533	170851	12
126533	170855	2
126533	170860	1
126533	171579	2
126533	172127	6
126533	172284	2
126533	173192	1
126533	173695	3
126533	174543	16
126533	174544	2
126533	177141	15
126533	177932	2
126533	178199	2
126533	178463	2
126533	179773	12
126533	180697	2
126533	182898	1
126556	126613	13
126556	126614	1
126556	126618	3
126556	126621	15
126556	126742	1
126556	128004	2
126556	128011	1
126556	128033	18
126556	128035	15
126556	128036	2
126556	128048	22
126556	128066	11
126556	128071	13
126556	128074	12
126556	128084	21
126556	128087	3
126556	128115	5
126556	128239	20
126556	128241	2
126556	128751	8
126556	128797	67
126556	128804	40
126556	128805	11
126556	128807	14
126556	128817	11
126556	132293	8
126556	133004	3
126556	133030	1
126556	133655	3
126556	133832	12
126556	133861	2
126556	134851	6
126556	135501	1
126556	135730	2
126556	136540	1
126556	136689	1
126556	138406	2
126556	138619	1
126556	139192	2
126556	139959	2
126556	140876	3
126556	141840	10
126556	142560	5
126556	144271	1
126556	145508	15
126556	146643	3
126556	147535	2
126556	148313	3
126556	149762	1
126556	149772	2
126556	152096	17
126556	152099	14
126556	152101	8
126556	154993	8
126556	155002	1
126556	157133	23
126556	157217	6
126556	159998	9
126556	160536	1
126556	160539	7
126556	160542	3
126556	160545	10
126556	160546	2
126556	160547	4
126556	160554	2
126556	160555	5
126556	162733	3
126556	163362	5
126556	164208	2
126556	164737	2
126556	165553	1
126556	165677	1
126556	165684	1
126556	165889	7
126556	166074	4
126556	166580	5
126556	169119	2
126556	170847	37
126556	170849	16
126556	170851	16
126556	170855	3
126556	170860	3
126556	172127	3
126556	172284	3
126556	173192	8
126556	173204	26
126556	174543	17
126556	174544	2
126556	177141	8
126556	177932	3
126556	178199	1
126556	178463	2
126556	180155	2
126556	182781	3
126556	182898	3
126556	183217	2
126613	126614	19
126613	126618	26
126613	126621	91
126613	126742	7
126613	128004	9
126613	128011	12
126613	128033	14
126613	128035	10
126613	128036	10
126613	128048	23
126613	128066	21
126613	128071	33
126613	128074	5
126613	128084	13
126613	128087	12
126613	128115	23
126613	128239	12
126613	128241	4
126613	128751	34
126613	128797	271
126613	128804	161
126613	128805	12
126613	128807	57
126613	128810	9
126613	128817	33
126613	128832	6
126613	130689	9
126613	131373	12
126613	132293	18
126613	133004	6
126613	133030	12
126613	133655	10
126613	133832	39
126613	133861	13
126613	134851	8
126613	135501	11
126613	135730	7
126613	136540	8
126613	136689	10
126613	136690	3
126613	138406	9
126613	138619	4
126613	139192	9
126613	139959	20
126613	140876	8
126613	141840	8
126613	142560	11
126613	144271	3
126613	145508	19
126613	146643	14
126613	146644	5
126613	147535	8
126613	148313	15
126613	149762	8
126613	149772	10
126613	149773	3
126613	152096	42
126613	152099	32
126613	152101	24
126613	154993	15
126613	155002	22
126613	155061	4
126613	157133	63
126613	157217	15
126613	159998	61
126613	160378	4
126613	160536	16
126613	160539	13
126613	160542	20
126613	160545	19
126613	160546	10
126613	160547	24
126613	160554	16
126613	160555	26
126613	161120	6
126613	162733	13
126613	163362	6
126613	164208	7
126613	164734	5
126613	164737	12
126613	165553	13
126613	165677	15
126613	165684	10
126613	165889	19
126613	166074	3
126613	166580	17
126613	167326	2
126613	169119	29
126613	170847	44
126613	170849	33
126613	170851	50
126613	170855	6
126613	170860	4
126613	171579	5
126613	172127	7
126613	172284	6
126613	173192	22
126613	173204	17
126613	173695	11
126613	174543	78
126613	174544	29
126613	177141	19
126613	177932	17
126613	178199	9
126613	178463	9
126613	179773	8
126613	180155	7
126613	180697	7
126613	182781	10
126613	182898	8
126613	183217	8
126614	126618	5
126614	126621	33
126614	128004	6
126614	128011	2
126614	128033	3
126614	128035	3
126614	128036	1
126614	128048	3
126614	128066	5
126614	128071	6
126614	128074	2
126614	128084	2
126614	128087	5
126614	128115	6
126614	128239	3
126614	128241	1
126614	128751	13
126614	128797	65
126614	128804	44
126614	128805	2
126614	128807	15
126614	128810	3
126614	128817	9
126614	128832	2
126614	130689	4
126614	131373	3
126614	132293	4
126614	133030	4
126614	133655	4
126614	133832	9
126614	133861	1
126614	134851	2
126614	135501	5
126614	135730	4
126614	136540	2
126614	136689	2
126614	136690	3
126614	138406	3
126614	138619	2
126614	139192	3
126614	139959	5
126614	140876	3
126614	141840	2
126614	142560	1
126614	144271	1
126614	145508	3
126614	146643	9
126614	146644	2
126614	148313	7
126614	149762	1
126614	149772	1
126614	149773	1
126614	152096	11
126614	152099	3
126614	154993	10
126614	155002	10
126614	155061	2
126614	157133	18
126614	157217	5
126614	159998	11
126614	160378	2
126614	160536	3
126614	160539	7
126614	160542	5
126614	160545	7
126614	160546	1
126614	160547	6
126614	160554	2
126614	160555	5
126614	161120	4
126614	162733	1
126614	163362	3
126614	164208	2
126614	164737	3
126614	165553	5
126614	165677	3
126614	165684	1
126614	165889	6
126614	166580	6
126614	167326	2
126614	169119	4
126614	170847	5
126614	170849	6
126614	170851	15
126614	170855	6
126614	171579	2
126614	172127	2
126614	172284	2
126614	173192	3
126614	173204	3
126614	173695	3
126614	174543	25
126614	174544	2
126614	177141	9
126614	177932	6
126614	178199	2
126614	178463	5
126614	179773	3
126614	180155	4
126614	180697	2
126614	182781	1
126614	183217	3
126618	126621	31
126618	128004	4
126618	128011	4
126618	128033	7
126618	128035	1
126618	128036	2
126618	128048	9
126618	128066	21
126618	128071	12
126618	128074	5
126618	128084	4
126618	128087	7
126618	128115	9
126618	128239	4
126618	128241	2
126618	128751	12
126618	128797	97
126618	128804	54
126618	128805	7
126618	128807	29
126618	128810	3
126618	128817	10
126618	128832	2
126618	130689	2
126618	131373	5
126618	132293	7
126618	133004	2
126618	133030	3
126618	133655	4
126618	133832	7
126618	133861	5
126618	134851	13
126618	135501	6
126618	135730	6
126618	136540	3
126618	136689	4
126618	136690	1
126618	138406	8
126618	139192	4
126618	139959	9
126618	140876	4
126618	141840	3
126618	142560	5
126618	144271	6
126618	145508	3
126618	146643	30
126618	146644	3
126618	147535	5
126618	148313	4
126618	149762	1
126618	149772	1
126618	149773	3
126618	152096	12
126618	152099	7
126618	152101	9
126618	154993	20
126618	155002	15
126618	155061	6
126618	157133	20
126618	157217	2
126618	159998	21
126618	160378	1
126618	160536	15
126618	160539	8
126618	160542	21
126618	160545	9
126618	160546	8
126618	160547	11
126618	160554	10
126618	160555	21
126618	161120	2
126618	162733	13
126618	164208	3
126618	164734	5
126618	164737	6
126618	165553	10
126618	165677	4
126618	165684	2
126618	165889	12
126618	166074	1
126618	166580	6
126618	167326	1
126618	169119	7
126618	170847	10
126618	170849	6
126618	170851	16
126618	171579	1
126618	172127	4
126618	172284	1
126618	173192	6
126618	173204	3
126618	173695	4
126618	174543	17
126618	174544	8
126618	177141	6
126618	177932	5
126618	178199	4
126618	178463	4
126618	179773	6
126618	180155	2
126618	180697	4
126618	182781	4
126618	183217	3
126621	126742	14
126621	128004	31
126621	128011	47
126621	128033	35
126621	128035	19
126621	128036	20
126621	128048	36
126621	128066	89
126621	128071	88
126621	128074	27
126621	128084	31
126621	128087	22
126621	128115	55
126621	128239	10
126621	128241	8
126621	128751	111
126621	128797	759
126621	128804	428
126621	128805	53
126621	128807	155
126621	128810	23
126621	128817	118
126621	128832	20
126621	130689	18
126621	131373	9
126621	132293	19
126621	133004	13
126621	133030	43
126621	133655	16
126621	133832	130
126621	133861	34
126621	134851	15
126621	135501	59
126621	135730	43
126621	136540	25
126621	136689	15
126621	136690	5
126621	138406	9
126621	138619	9
126621	139192	15
126621	139959	16
126621	140876	18
126621	141840	14
126621	142560	11
126621	144271	14
126621	145508	45
126621	146643	33
126621	146644	23
126621	147535	7
126621	148313	95
126621	149762	15
126621	149772	8
126621	149773	6
126621	152096	82
126621	152099	40
126621	152101	43
126621	154993	56
126621	155002	66
126621	155061	7
126621	157133	133
126621	157217	57
126621	159998	75
126621	160378	41
126621	160536	13
126621	160539	15
126621	160542	14
126621	160545	21
126621	160546	16
126621	160547	44
126621	160554	19
126621	160555	25
126621	161120	11
126621	162733	37
126621	163362	16
126621	164208	21
126621	164734	6
126621	164737	15
126621	165553	53
126621	165677	15
126621	165684	13
126621	165889	50
126621	166074	18
126621	166580	80
126621	167326	10
126621	169119	28
126621	170847	94
126621	170849	97
126621	170851	174
126621	170855	25
126621	170860	11
126621	171579	21
126621	172127	9
126621	172284	16
126621	173192	18
126621	173204	28
126621	173695	46
126621	174543	251
126621	174544	20
126621	177141	55
126621	177932	63
126621	178199	5
126621	178463	41
126621	179773	16
126621	180155	16
126621	180697	23
126621	182781	12
126621	182898	4
126621	183217	17
126742	128011	2
126742	128036	1
126742	128048	1
126742	128066	2
126742	128071	8
126742	128074	1
126742	128084	1
126742	128087	6
126742	128115	7
126742	128241	2
126742	128751	8
126742	128797	58
126742	128804	26
126742	128805	2
126742	128807	22
126742	128817	22
126742	128832	2
126742	130689	4
126742	131373	1
126742	133004	3
126742	133030	7
126742	133832	16
126742	133861	8
126742	135501	1
126742	135730	1
126742	136540	1
126742	136689	1
126742	136690	2
126742	138406	3
126742	138619	4
126742	139959	2
126742	141840	1
126742	142560	4
126742	144271	4
126742	145508	3
126742	146643	1
126742	146644	2
126742	147535	1
126742	148313	3
126742	149762	2
126742	149772	2
126742	149773	2
126742	152096	5
126742	152099	1
126742	152101	2
126742	154993	2
126742	155002	2
126742	157133	11
126742	157217	3
126742	159998	5
126742	160378	2
126742	160536	1
126742	160539	1
126742	160545	1
126742	160546	1
126742	160547	6
126742	160555	9
126742	161120	2
126742	162733	1
126742	163362	8
126742	164208	10
126742	164734	4
126742	164737	4
126742	165553	4
126742	165677	3
126742	165684	3
126742	165889	4
126742	166074	4
126742	166580	3
126742	167326	5
126742	169119	4
126742	170847	3
126742	170849	5
126742	170851	10
126742	170855	2
126742	170860	2
126742	171579	2
126742	172127	4
126742	172284	2
126742	173192	6
126742	173695	2
126742	174543	7
126742	174544	3
126742	177141	5
126742	177932	4
126742	178199	2
126742	178463	3
126742	180155	3
126742	180697	7
126742	182781	2
126742	182898	4
126742	183217	7
128004	128011	1
128004	128033	4
128004	128035	4
128004	128048	10
128004	128066	9
128004	128071	13
128004	128074	3
128004	128084	1
128004	128087	6
128004	128115	7
128004	128239	2
128004	128241	1
128004	128751	13
128004	128797	76
128004	128804	45
128004	128805	6
128004	128807	20
128004	128810	1
128004	128817	9
128004	128832	1
128004	130689	3
128004	131373	1
128004	132293	7
128004	133004	4
128004	133030	4
128004	133832	11
128004	133861	7
128004	134851	3
128004	135501	6
128004	135730	2
128004	136540	2
128004	138406	1
128004	138619	3
128004	139192	1
128004	139959	1
128004	144271	3
128004	145508	6
128004	146643	7
128004	146644	3
128004	148313	2
128004	149762	1
128004	149772	3
128004	149773	3
128004	152096	16
128004	152099	6
128004	152101	5
128004	154993	4
128004	155002	7
128004	155061	5
128004	157133	15
128004	157217	7
128004	159998	10
128004	160378	6
128004	160536	1
128004	160539	5
128004	160545	1
128004	160547	3
128004	160554	2
128004	160555	5
128004	161120	2
128004	162733	3
128004	163362	5
128004	164208	2
128004	164734	2
128004	165553	1
128004	165677	1
128004	165684	3
128004	165889	4
128004	166074	1
128004	166580	9
128004	167326	1
128004	169119	2
128004	170847	4
128004	170849	9
128004	170851	12
128004	170855	1
128004	170860	3
128004	171579	1
128004	172127	1
128004	172284	4
128004	173192	1
128004	173204	3
128004	173695	6
128004	174543	19
128004	174544	3
128004	177141	7
128004	177932	5
128004	178199	2
128004	178463	1
128004	179773	1
128004	180155	3
128004	180697	1
128004	182781	2
128004	182898	1
128004	183217	2
128011	128033	9
128011	128035	4
128011	128036	4
128011	128048	11
128011	128066	8
128011	128071	25
128011	128074	4
128011	128084	8
128011	128087	6
128011	128239	4
128011	128241	1
128011	128751	17
128011	128797	124
128011	128804	69
128011	128805	9
128011	128807	34
128011	128810	2
128011	128817	7
128011	128832	1
128011	130689	2
128011	131373	2
128011	132293	5
128011	133004	11
128011	133030	1
128011	133655	6
128011	133832	29
128011	133861	4
128011	134851	9
128011	135501	12
128011	135730	12
128011	136540	2
128011	136689	8
128011	136690	2
128011	138406	1
128011	138619	3
128011	139192	2
128011	139959	2
128011	140876	9
128011	141840	4
128011	144271	10
128011	145508	9
128011	146643	5
128011	146644	4
128011	148313	16
128011	149762	2
128011	149772	1
128011	152096	28
128011	152099	16
128011	152101	16
128011	154993	14
128011	155002	8
128011	155061	3
128011	157133	20
128011	157217	11
128011	159998	8
128011	160378	3
128011	160536	1
128011	160539	1
128011	160542	5
128011	160545	3
128011	160546	2
128011	160547	2
128011	160554	2
128011	160555	10
128011	161120	1
128011	162733	6
128011	163362	6
128011	164208	1
128011	165553	5
128011	165677	3
128011	165889	12
128011	166074	3
128011	166580	15
128011	169119	7
128011	170847	18
128011	170849	13
128011	170851	36
128011	170855	9
128011	172127	4
128011	172284	3
128011	173192	5
128011	173204	5
128011	173695	4
128011	174543	38
128011	174544	3
128011	177141	10
128011	177932	4
128011	178199	1
128011	178463	2
128011	179773	2
128011	180697	1
128011	182781	1
128011	182898	1
128033	128035	12
128033	128036	10
128033	128048	23
128033	128066	16
128033	128071	13
128033	128074	13
128033	128084	22
128033	128087	2
128033	128115	8
128033	128239	9
128033	128751	18
128033	128797	90
128033	128804	39
128033	128805	10
128033	128807	10
128033	128810	1
128033	128817	9
128033	130689	1
128033	131373	1
128033	132293	7
128033	133004	2
128033	133655	4
128033	133832	12
128033	133861	2
128033	134851	4
128033	135501	12
128033	136540	1
128033	136689	2
128033	139192	1
128033	139959	4
128033	140876	1
128033	141840	10
128033	142560	1
128033	144271	2
128033	145508	21
128033	146643	6
128033	146644	1
128033	148313	6
128033	149762	2
128033	149772	1
128033	149773	2
128033	152096	40
128033	152099	22
128033	152101	10
128033	154993	15
128033	155002	11
128033	155061	1
128033	157133	19
128033	157217	3
128033	159998	13
128033	160378	2
128033	160536	3
128033	160539	4
128033	160542	3
128033	160545	10
128033	160546	3
128033	160547	9
128033	160555	2
128033	161120	1
128033	162733	5
128033	163362	4
128033	164737	1
128033	165553	3
128033	165677	2
128033	165684	1
128033	165889	8
128033	166074	3
128033	166580	4
128033	167326	1
128033	169119	2
128033	170847	45
128033	170849	26
128033	170851	15
128033	170855	2
128033	170860	2
128033	172127	1
128033	173192	3
128033	173204	39
128033	173695	2
128033	174543	20
128033	174544	1
128033	177141	3
128033	177932	1
128033	178463	1
128033	179773	6
128033	180155	2
128033	182781	1
128033	182898	1
128035	128036	4
128035	128048	23
128035	128066	9
128035	128071	8
128035	128074	11
128035	128084	4
128035	128087	1
128035	128115	3
128035	128239	6
128035	128751	13
128035	128797	56
128035	128804	29
128035	128805	11
128035	128807	12
128035	128817	4
128035	130689	1
128035	132293	3
128035	133030	1
128035	133655	1
128035	133832	3
128035	133861	3
128035	134851	6
128035	135501	5
128035	135730	3
128035	136540	1
128035	136689	3
128035	136690	2
128035	138406	1
128035	139192	2
128035	139959	2
128035	140876	2
128035	141840	9
128035	145508	9
128035	146643	5
128035	146644	2
128035	152096	18
128035	152099	12
128035	152101	7
128035	154993	8
128035	155002	7
128035	155061	3
128035	157133	19
128035	157217	1
128035	159998	1
128035	160378	2
128035	160536	1
128035	160539	3
128035	160542	2
128035	160545	9
128035	160547	2
128035	160555	3
128035	162733	3
128035	163362	1
128035	164208	1
128035	164734	1
128035	164737	2
128035	165677	1
128035	165889	6
128035	166074	1
128035	166580	4
128035	167326	1
128035	169119	3
128035	170847	17
128035	170849	8
128035	170851	5
128035	170855	1
128035	171579	1
128035	172127	1
128035	172284	1
128035	173192	1
128035	173204	13
128035	173695	2
128035	174543	13
128035	174544	2
128035	177141	3
128035	177932	1
128035	179773	2
128035	182781	1
128035	183217	1
128036	128048	11
128036	128066	12
128036	128071	12
128036	128074	2
128036	128087	2
128036	128115	3
128036	128751	14
128036	128797	60
128036	128804	30
128036	128805	8
128036	128807	6
128036	128810	1
128036	128817	12
128036	128832	2
128036	132293	1
128036	133004	1
128036	133655	2
128036	133832	11
128036	133861	2
128036	134851	3
128036	135501	7
128036	135730	7
128036	136540	1
128036	136689	6
128036	136690	1
128036	138406	2
128036	139192	2
128036	139959	2
128036	140876	1
128036	141840	3
128036	142560	1
128036	144271	2
128036	145508	6
128036	146643	5
128036	146644	2
128036	148313	2
128036	149762	3
128036	149772	2
128036	152096	12
128036	152099	6
128036	152101	4
128036	154993	9
128036	155002	5
128036	155061	1
128036	157133	8
128036	157217	2
128036	159998	5
128036	160378	1
128036	160536	1
128036	160545	4
128036	160546	3
128036	160547	2
128036	161120	1
128036	162733	2
128036	164208	1
128036	164734	1
128036	164737	1
128036	165553	1
128036	165677	3
128036	165684	2
128036	165889	2
128036	166074	1
128036	166580	8
128036	169119	1
128036	170847	11
128036	170849	5
128036	170851	20
128036	170855	2
128036	171579	1
128036	172127	2
128036	172284	2
128036	173192	3
128036	173204	8
128036	173695	3
128036	174543	14
128036	174544	3
128036	177141	2
128036	177932	1
128036	179773	4
128036	180155	3
128036	182898	1
128048	128066	26
128048	128071	25
128048	128074	10
128048	128084	14
128048	128115	3
128048	128239	21
128048	128241	2
128048	128751	22
128048	128797	117
128048	128804	61
128048	128805	10
128048	128807	22
128048	128810	2
128048	128817	12
128048	128832	1
128048	130689	1
128048	131373	1
128048	132293	8
128048	133004	5
128048	133030	2
128048	133655	1
128048	133832	12
128048	133861	3
128048	134851	6
128048	135501	14
128048	135730	2
128048	136540	1
128048	136689	5
128048	136690	1
128048	138406	3
128048	138619	2
128048	139959	2
128048	140876	2
128048	141840	5
128048	142560	6
128048	144271	3
128048	145508	9
128048	146643	8
128048	146644	2
128048	148313	1
128048	149762	2
128048	149772	4
128048	149773	1
128048	152096	28
128048	152099	11
128048	152101	10
128048	154993	25
128048	155002	12
128048	155061	6
128048	157133	20
128048	157217	5
128048	159998	16
128048	160378	1
128048	160536	5
128048	160539	5
128048	160542	7
128048	160545	22
128048	160546	4
128048	160547	5
128048	160555	7
128048	161120	1
128048	162733	9
128048	163362	9
128048	164208	2
128048	164734	1
128048	164737	2
128048	165553	2
128048	165677	3
128048	165889	7
128048	166074	1
128048	166580	8
128048	167326	1
128048	169119	5
128048	170847	29
128048	170849	16
128048	170851	17
128048	170855	1
128048	170860	2
128048	171579	2
128048	172127	5
128048	172284	10
128048	173192	4
128048	173204	21
128048	173695	5
128048	174543	29
128048	174544	6
128048	177141	3
128048	177932	3
128048	178463	2
128048	179773	7
128048	180155	5
128048	182781	3
128048	182898	2
128048	183217	2
128066	128071	37
128066	128074	15
128066	128084	14
128066	128087	9
128066	128115	21
128066	128239	8
128066	128241	2
128066	128751	42
128066	128797	227
128066	128804	128
128066	128805	34
128066	128807	48
128066	128810	3
128066	128817	23
128066	128832	4
128066	130689	4
128066	131373	3
128066	132293	7
128066	133004	6
128066	133030	9
128066	133655	5
128066	133832	36
128066	133861	9
128066	134851	27
128066	135501	14
128066	135730	6
128066	136540	9
128066	136689	12
128066	136690	3
128066	138406	6
128066	138619	4
128066	139192	5
128066	139959	4
128066	140876	5
128066	141840	4
128066	142560	3
128066	144271	4
128066	145508	7
128066	146643	17
128066	146644	6
128066	147535	1
128066	148313	19
128066	149762	7
128066	149772	4
128066	149773	2
128066	152096	41
128066	152099	14
128066	152101	13
128066	154993	42
128066	155002	34
128066	155061	3
128066	157133	40
128066	157217	12
128066	159998	21
128066	160378	11
128066	160536	8
128066	160539	10
128066	160542	8
128066	160545	9
128066	160546	5
128066	160547	8
128066	160554	4
128066	160555	13
128066	161120	2
128066	162733	23
128066	163362	5
128066	164208	6
128066	164734	1
128066	164737	2
128066	165553	9
128066	165677	7
128066	165684	2
128066	165889	22
128066	166074	4
128066	166580	17
128066	169119	3
128066	170847	22
128066	170849	20
128066	170851	51
128066	170855	8
128066	170860	1
128066	171579	9
128066	172127	14
128066	172284	7
128066	173192	12
128066	173204	13
128066	173695	12
128066	174543	51
128066	174544	6
128066	177141	13
128066	177932	23
128066	178199	4
128066	178463	13
128066	179773	8
128066	180155	5
128066	180697	14
128066	182781	6
128066	182898	1
128066	183217	2
128071	128074	20
128071	128084	18
128071	128087	17
128071	128115	57
128071	128239	10
128071	128241	7
128071	128751	33
128071	128797	283
128071	128804	147
128071	128805	15
128071	128807	57
128071	128810	9
128071	128817	76
128071	128832	10
128071	130689	8
128071	131373	4
128071	132293	12
128071	133004	21
128071	133030	7
128071	133655	8
128071	133832	81
128071	133861	10
128071	134851	12
128071	135501	15
128071	135730	7
128071	136540	5
128071	136689	12
128071	136690	6
128071	138406	7
128071	138619	6
128071	139192	6
128071	139959	11
128071	140876	6
128071	141840	6
128071	142560	6
128071	144271	15
128071	145508	23
128071	146643	12
128071	146644	9
128071	147535	10
128071	148313	30
128071	149762	7
128071	149772	12
128071	149773	8
128071	152096	87
128071	152099	29
128071	152101	34
128071	154993	27
128071	155002	21
128071	155061	6
128071	157133	35
128071	157217	20
128071	159998	20
128071	160378	5
128071	160536	7
128071	160539	6
128071	160542	5
128071	160545	11
128071	160546	2
128071	160547	10
128071	160554	7
128071	160555	14
128071	161120	11
128071	162733	8
128071	163362	10
128071	164208	11
128071	164734	5
128071	164737	8
128071	165553	15
128071	165677	15
128071	165684	6
128071	165889	21
128071	166074	7
128071	166580	27
128071	167326	1
128071	169119	15
128071	170847	46
128071	170849	54
128071	170851	117
128071	170855	18
128071	170860	9
128071	171579	7
128071	172127	14
128071	172284	5
128071	173192	11
128071	173204	15
128071	173695	6
128071	174543	51
128071	174544	15
128071	177141	21
128071	177932	8
128071	178199	9
128071	178463	9
128071	179773	5
128071	180155	4
128071	180697	14
128071	182781	5
128071	182898	6
128071	183217	8
128074	128084	8
128074	128087	3
128074	128115	11
128074	128239	6
128074	128241	4
128074	128751	6
128074	128797	71
128074	128804	46
128074	128805	8
128074	128807	11
128074	128810	1
128074	128817	6
128074	130689	1
128074	131373	1
128074	132293	4
128074	133004	4
128074	133655	1
128074	133832	16
128074	133861	3
128074	134851	6
128074	135501	6
128074	135730	1
128074	138619	2
128074	139192	2
128074	139959	1
128074	140876	1
128074	141840	15
128074	144271	3
128074	145508	9
128074	146643	3
128074	146644	1
128074	147535	2
128074	148313	7
128074	149762	2
128074	152096	23
128074	152099	13
128074	152101	6
128074	154993	4
128074	155002	13
128074	155061	2
128074	157133	18
128074	157217	1
128074	159998	5
128074	160378	1
128074	160539	4
128074	160542	2
128074	160545	5
128074	160547	2
128074	160554	1
128074	160555	1
128074	161120	1
128074	162733	5
128074	163362	2
128074	164737	1
128074	165553	2
128074	165677	1
128074	165889	8
128074	166074	2
128074	166580	4
128074	169119	4
128074	170847	18
128074	170849	13
128074	170851	23
128074	170855	6
128074	171579	1
128074	172127	3
128074	172284	2
128074	173192	2
128074	173204	8
128074	173695	1
128074	174543	22
128074	174544	1
128074	177141	4
128074	178463	1
128074	179773	1
128074	180155	2
128074	180697	1
128074	182781	3
128084	128087	8
128084	128115	12
128084	128239	16
128084	128241	1
128084	128751	8
128084	128797	79
128084	128804	36
128084	128805	6
128084	128807	10
128084	128817	18
128084	128832	1
128084	130689	2
128084	131373	1
128084	132293	5
128084	133004	8
128084	133655	3
128084	133832	16
128084	133861	2
128084	134851	2
128084	135501	4
128084	135730	2
128084	136689	1
128084	138406	4
128084	138619	2
128084	139959	2
128084	140876	3
128084	141840	5
128084	142560	3
128084	144271	2
128084	145508	19
128084	146643	2
128084	147535	2
128084	148313	8
128084	149762	1
128084	149772	5
128084	149773	1
128084	152096	25
128084	152099	19
128084	152101	10
128084	154993	8
128084	155002	7
128084	155061	1
128084	157133	10
128084	157217	4
128084	159998	4
128084	160539	1
128084	160542	2
128084	160545	6
128084	160546	2
128084	160547	4
128084	160555	2
128084	161120	2
128084	162733	2
128084	163362	2
128084	164208	2
128084	164737	3
128084	165553	3
128084	165684	3
128084	165889	13
128084	166074	4
128084	166580	3
128084	167326	1
128084	170847	40
128084	170849	19
128084	170851	31
128084	170855	7
128084	170860	6
128084	172127	3
128084	172284	1
128084	173192	2
128084	173204	26
128084	173695	2
128084	174543	16
128084	174544	1
128084	177141	4
128084	177932	1
128084	178199	2
128084	179773	1
128084	180155	2
128084	180697	1
128084	182781	1
128084	182898	3
128084	183217	5
128087	128115	17
128087	128239	2
128087	128241	1
128087	128751	11
128087	128797	71
128087	128804	43
128087	128805	2
128087	128807	21
128087	128817	27
128087	128832	1
128087	130689	2
128087	131373	1
128087	132293	5
128087	133004	6
128087	133030	5
128087	133655	11
128087	133832	22
128087	133861	8
128087	134851	2
128087	135501	3
128087	135730	2
128087	136540	3
128087	136689	2
128087	138406	4
128087	138619	3
128087	139192	3
128087	139959	1
128087	140876	6
128087	141840	2
128087	142560	3
128087	144271	5
128087	145508	6
128087	146643	5
128087	146644	4
128087	147535	3
128087	148313	8
128087	149762	3
128087	149772	11
128087	149773	5
128087	152096	28
128087	152099	13
128087	152101	16
128087	154993	4
128087	155002	7
128087	157133	8
128087	157217	5
128087	159998	3
128087	160378	1
128087	160536	2
128087	160539	2
128087	160542	2
128087	160545	3
128087	160546	3
128087	160554	1
128087	160555	6
128087	161120	5
128087	162733	4
128087	163362	8
128087	164208	2
128087	164734	5
128087	164737	11
128087	165553	7
128087	165677	6
128087	165684	3
128087	165889	5
128087	166074	10
128087	166580	10
128087	167326	2
128087	169119	1
128087	170847	16
128087	170849	10
128087	170851	24
128087	170855	4
128087	170860	3
128087	171579	1
128087	172127	2
128087	172284	2
128087	173192	1
128087	173204	6
128087	174543	16
128087	174544	9
128087	177141	7
128087	177932	7
128087	178199	5
128087	178463	6
128087	179773	2
128087	180155	1
128087	180697	2
128087	182781	6
128087	182898	2
128087	183217	14
128115	128239	4
128115	128241	6
128115	128751	22
128115	128797	174
128115	128804	88
128115	128805	9
128115	128807	31
128115	128810	3
128115	128817	65
128115	128832	10
128115	130689	5
128115	131373	5
128115	132293	3
128115	133004	11
128115	133030	9
128115	133655	7
128115	133832	52
128115	133861	7
128115	134851	6
128115	135501	3
128115	135730	7
128115	136540	4
128115	136689	3
128115	136690	3
128115	138406	6
128115	138619	3
128115	139192	3
128115	139959	5
128115	140876	5
128115	141840	3
128115	142560	5
128115	144271	8
128115	145508	9
128115	146643	7
128115	146644	5
128115	147535	14
128115	148313	29
128115	149762	5
128115	149772	13
128115	149773	8
128115	152096	45
128115	152099	18
128115	152101	20
128115	154993	8
128115	155002	10
128115	155061	7
128115	157133	28
128115	157217	18
128115	159998	11
128115	160378	4
128115	160536	3
128115	160539	5
128115	160542	4
128115	160545	4
128115	160546	6
128115	160547	6
128115	160554	2
128115	160555	17
128115	161120	6
128115	162733	5
128115	163362	7
128115	164208	9
128115	164734	8
128115	164737	8
128115	165553	14
128115	165677	10
128115	165684	7
128115	165889	11
128115	166074	11
128115	166580	18
128115	167326	9
128115	169119	7
128115	170847	25
128115	170849	23
128115	170851	71
128115	170855	10
128115	170860	6
128115	171579	4
128115	172127	10
128115	172284	7
128115	173192	5
128115	173204	7
128115	173695	8
128115	174543	32
128115	174544	10
128115	177141	15
128115	177932	9
128115	178199	8
128115	178463	4
128115	179773	4
128115	180155	4
128115	180697	9
128115	182781	3
128115	182898	6
128115	183217	16
128239	128241	7
128239	128751	8
128239	128797	74
128239	128804	30
128239	128805	4
128239	128807	11
128239	128810	1
128239	128817	12
128239	130689	2
128239	131373	2
128239	132293	6
128239	133004	2
128239	133030	3
128239	133655	3
128239	133832	14
128239	133861	1
128239	134851	6
128239	135501	1
128239	136540	5
128239	136689	2
128239	138406	4
128239	138619	1
128239	140876	2
128239	141840	7
128239	142560	5
128239	144271	1
128239	145508	16
128239	146643	2
128239	146644	1
128239	147535	1
128239	148313	2
128239	149762	2
128239	149772	2
128239	149773	1
128239	152096	11
128239	152099	7
128239	152101	4
128239	154993	6
128239	155002	2
128239	155061	2
128239	157133	15
128239	157217	4
128239	159998	3
128239	160536	1
128239	160539	1
128239	160545	13
128239	160546	1
128239	160547	2
128239	160555	8
128239	161120	2
128239	162733	3
128239	163362	1
128239	164208	2
128239	164737	2
128239	165553	1
128239	165677	2
128239	165684	1
128239	165889	8
128239	166074	3
128239	166580	2
128239	167326	2
128239	169119	1
128239	170847	41
128239	170849	14
128239	170851	20
128239	170855	3
128239	170860	1
128239	171579	3
128239	172127	5
128239	172284	3
128239	173192	5
128239	173204	10
128239	173695	1
128239	174543	15
128239	174544	3
128239	177141	4
128239	177932	5
128239	178199	3
128239	178463	3
128239	179773	1
128239	180155	1
128239	180697	3
128239	182781	1
128239	182898	3
128239	183217	4
128241	128751	4
128241	128797	32
128241	128804	17
128241	128805	3
128241	128807	12
128241	128810	2
128241	128817	16
128241	128832	2
128241	130689	1
128241	131373	1
128241	133004	6
128241	133655	1
128241	133832	14
128241	133861	2
128241	134851	6
128241	136689	1
128241	136690	2
128241	138406	10
128241	138619	3
128241	139192	3
128241	140876	2
128241	141840	3
128241	144271	2
128241	145508	6
128241	146643	3
128241	148313	4
128241	149772	1
128241	149773	3
128241	152096	1
128241	152099	4
128241	152101	4
128241	155002	3
128241	157133	4
128241	157217	6
128241	159998	3
128241	160536	1
128241	160539	7
128241	160542	1
128241	160545	4
128241	160546	1
128241	160555	8
128241	161120	1
128241	162733	1
128241	164208	1
128241	164734	1
128241	164737	8
128241	165553	3
128241	165684	1
128241	165889	5
128241	166074	5
128241	166580	5
128241	167326	2
128241	170847	9
128241	170849	6
128241	170851	16
128241	170855	2
128241	170860	2
128241	172127	4
128241	172284	3
128241	173192	1
128241	173204	1
128241	173695	1
128241	174543	16
128241	174544	2
128241	177141	12
128241	177932	2
128241	178199	10
128241	179773	2
128241	180155	6
128241	182781	1
128241	182898	2
128241	183217	6
128751	128797	370
128751	128804	215
128751	128805	20
128751	128807	85
128751	128810	4
128751	128817	65
128751	128832	11
128751	130689	15
128751	131373	8
128751	132293	14
128751	133004	11
128751	133030	17
128751	133655	9
128751	133832	48
128751	133861	16
128751	134851	8
128751	135501	17
128751	135730	23
128751	136540	11
128751	136689	15
128751	136690	3
128751	138406	8
128751	138619	8
128751	139192	5
128751	139959	6
128751	140876	13
128751	141840	3
128751	142560	5
128751	144271	5
128751	145508	15
128751	146643	18
128751	146644	4
128751	147535	4
128751	148313	32
128751	149762	18
128751	149772	6
128751	149773	8
128751	152096	37
128751	152099	16
128751	152101	20
128751	154993	35
128751	155002	30
128751	155061	2
128751	157133	80
128751	157217	26
128751	159998	35
128751	160378	14
128751	160536	8
128751	160539	9
128751	160542	3
128751	160545	12
128751	160546	3
128751	160547	10
128751	160554	1
128751	160555	17
128751	161120	5
128751	162733	9
128751	163362	11
128751	164208	8
128751	164734	2
128751	164737	8
128751	165553	18
128751	165677	5
128751	165684	4
128751	165889	19
128751	166074	9
128751	166580	24
128751	167326	3
128751	169119	11
128751	170847	36
128751	170849	39
128751	170851	79
128751	170855	8
128751	170860	4
128751	171579	4
128751	172127	11
128751	172284	14
128751	173192	20
128751	173204	12
128751	173695	22
128751	174543	86
128751	174544	7
128751	177141	27
128751	177932	32
128751	178199	4
128751	178463	15
128751	179773	15
128751	180155	8
128751	180697	12
128751	182781	4
128751	182898	4
128751	183217	6
128797	128804	1469
128797	128805	126
128797	128807	598
128797	128810	55
128797	128817	501
128797	128832	67
128797	130689	64
128797	131373	37
128797	132293	76
128797	133004	56
128797	133030	105
128797	133655	83
128797	133832	449
128797	133861	111
128797	134851	68
128797	135501	94
128797	135730	83
128797	136540	62
128797	136689	89
128797	136690	49
128797	138406	73
128797	138619	53
128797	139192	48
128797	139959	76
128797	140876	74
128797	141840	48
128797	142560	57
128797	144271	41
128797	145508	137
128797	146643	109
128797	146644	43
128797	147535	62
128797	148313	185
128797	149762	58
128797	149772	49
128797	149773	41
128797	152096	247
128797	152099	133
128797	152101	110
128797	154993	173
128797	155002	149
128797	155061	44
128797	157133	464
128797	157217	170
128797	159998	220
128797	160378	60
128797	160536	57
128797	160539	62
128797	160542	61
128797	160545	86
128797	160546	49
128797	160547	102
128797	160554	62
128797	160555	150
128797	161120	39
128797	162733	93
128797	163362	70
128797	164208	59
128797	164734	40
128797	164737	98
128797	165553	102
128797	165677	69
128797	165684	72
128797	165889	177
128797	166074	55
128797	166580	177
128797	167326	40
128797	169119	106
128797	170847	310
128797	170849	343
128797	170851	566
128797	170855	87
128797	170860	50
128797	171579	68
128797	172127	60
128797	172284	65
128797	173192	91
128797	173204	83
128797	173695	106
128797	174543	548
128797	174544	74
128797	177141	222
128797	177932	162
128797	178199	38
128797	178463	102
128797	179773	54
128797	180155	49
128797	180697	98
128797	182781	44
128797	182898	40
128797	183217	91
128804	128805	90
128804	128807	375
128804	128810	34
128804	128817	283
128804	128832	47
128804	130689	40
128804	131373	18
128804	132293	43
128804	133004	17
128804	133030	57
128804	133655	41
128804	133832	308
128804	133861	63
128804	134851	44
128804	135501	44
128804	135730	50
128804	136540	39
128804	136689	60
128804	136690	33
128804	138406	42
128804	138619	31
128804	139192	33
128804	139959	38
128804	140876	46
128804	141840	25
128804	142560	32
128804	144271	22
128804	145508	72
128804	146643	56
128804	146644	24
128804	147535	26
128804	148313	133
128804	149762	33
128804	149772	28
128804	149773	24
128804	152096	123
128804	152099	67
128804	152101	72
128804	154993	76
128804	155002	81
128804	155061	22
128804	157133	252
128804	157217	108
128804	159998	114
128804	160378	33
128804	160536	27
128804	160539	29
128804	160542	27
128804	160545	60
128804	160546	27
128804	160547	52
128804	160554	31
128804	160555	58
128804	161120	19
128804	162733	50
128804	163362	35
128804	164208	37
128804	164734	27
128804	164737	54
128804	165553	65
128804	165677	36
128804	165684	35
128804	165889	103
128804	166074	33
128804	166580	108
128804	167326	22
128804	169119	54
128804	170847	170
128804	170849	188
128804	170851	339
128804	170855	52
128804	170860	32
128804	171579	34
128804	172127	27
128804	172284	43
128804	173192	54
128804	173204	53
128804	173695	58
128804	174543	344
128804	174544	39
128804	177141	152
128804	177932	99
128804	178199	16
128804	178463	69
128804	179773	34
128804	180155	36
128804	180697	53
128804	182781	21
128804	182898	22
128804	183217	47
128805	128807	47
128805	128810	5
128805	128817	13
128805	128832	6
128805	130689	3
128805	131373	4
128805	132293	5
128805	133004	1
128805	133030	5
128805	133655	4
128805	133832	19
128805	133861	6
128805	134851	13
128805	135501	7
128805	135730	7
128805	136540	1
128805	136689	6
128805	136690	3
128805	138406	2
128805	138619	1
128805	139192	4
128805	139959	4
128805	140876	7
128805	141840	9
128805	142560	1
128805	144271	7
128805	145508	11
128805	146643	5
128805	146644	7
128805	148313	11
128805	149762	3
128805	149772	1
128805	149773	2
128805	152096	24
128805	152099	12
128805	152101	12
128805	154993	15
128805	155002	16
128805	155061	1
128805	157133	33
128805	157217	21
128805	159998	10
128805	160378	9
128805	160536	4
128805	160539	7
128805	160542	6
128805	160545	9
128805	160546	3
128805	160547	5
128805	160554	6
128805	160555	5
128805	161120	1
128805	162733	10
128805	163362	2
128805	164208	1
128805	164734	2
128805	164737	4
128805	165553	5
128805	165677	2
128805	165684	2
128805	165889	18
128805	166074	5
128805	166580	29
128805	167326	1
128805	169119	4
128805	170847	25
128805	170849	19
128805	170851	36
128805	170855	6
128805	170860	1
128805	171579	1
128805	172127	7
128805	172284	2
128805	173192	6
128805	173204	10
128805	173695	3
128805	174543	46
128805	174544	2
128805	177141	15
128805	177932	8
128805	178199	4
128805	178463	3
128805	179773	1
128805	180155	2
128805	180697	1
128805	182781	5
128805	182898	1
128805	183217	4
128807	128810	15
128807	128817	119
128807	128832	20
128807	130689	10
128807	131373	11
128807	132293	20
128807	133004	15
128807	133030	11
128807	133655	20
128807	133832	139
128807	133861	35
128807	134851	20
128807	135501	14
128807	135730	23
128807	136540	5
128807	136689	41
128807	136690	29
128807	138406	33
128807	138619	23
128807	139192	19
128807	139959	12
128807	140876	31
128807	141840	12
128807	142560	8
128807	144271	14
128807	145508	31
128807	146643	28
128807	146644	23
128807	147535	11
128807	148313	40
128807	149762	16
128807	149772	10
128807	149773	12
128807	152096	44
128807	152099	38
128807	152101	33
128807	154993	25
128807	155002	41
128807	155061	12
128807	157133	98
128807	157217	100
128807	159998	38
128807	160378	22
128807	160536	10
128807	160539	29
128807	160542	12
128807	160545	23
128807	160546	15
128807	160547	24
128807	160554	13
128807	160555	42
128807	161120	1
128807	162733	17
128807	163362	25
128807	164208	9
128807	164734	28
128807	164737	40
128807	165553	27
128807	165677	10
128807	165684	12
128807	165889	86
128807	166074	37
128807	166580	73
128807	167326	19
128807	169119	25
128807	170847	71
128807	170849	64
128807	170851	140
128807	170855	25
128807	170860	9
128807	171579	8
128807	172127	24
128807	172284	14
128807	173192	27
128807	173204	17
128807	173695	31
128807	174543	162
128807	174544	17
128807	177141	117
128807	177932	17
128807	178199	15
128807	178463	16
128807	179773	25
128807	180155	9
128807	180697	15
128807	182781	14
128807	182898	15
128807	183217	27
128810	128817	14
128810	128832	2
128810	130689	5
128810	131373	3
128810	132293	1
128810	133004	2
128810	133030	6
128810	133655	2
128810	133832	12
128810	133861	4
128810	135501	2
128810	135730	3
128810	136540	6
128810	136689	4
128810	136690	4
128810	138406	7
128810	138619	5
128810	139192	1
128810	140876	5
128810	141840	1
128810	142560	1
128810	144271	2
128810	146643	4
128810	146644	1
128810	147535	3
128810	148313	19
128810	149762	4
128810	149772	1
128810	149773	2
128810	152096	4
128810	152099	3
128810	152101	3
128810	154993	2
128810	155002	2
128810	157133	12
128810	157217	7
128810	159998	3
128810	160536	2
128810	160539	3
128810	160545	1
128810	160547	5
128810	160554	2
128810	160555	7
128810	162733	6
128810	163362	1
128810	164208	1
128810	164734	3
128810	164737	6
128810	165553	2
128810	165677	4
128810	165684	4
128810	165889	4
128810	166074	1
128810	166580	3
128810	167326	2
128810	169119	1
128810	170847	3
128810	170849	4
128810	170851	10
128810	170860	1
128810	171579	6
128810	172127	5
128810	172284	1
128810	173192	1
128810	173695	5
128810	174543	9
128810	174544	1
128810	177141	7
128810	177932	6
128810	178199	2
128810	178463	9
128810	179773	2
128810	180155	2
128810	180697	5
128810	182898	1
128810	183217	3
128817	128832	24
128817	130689	20
128817	131373	3
128817	132293	10
128817	133004	14
128817	133030	30
128817	133655	23
128817	133832	165
128817	133861	28
128817	134851	6
128817	135501	5
128817	135730	11
128817	136540	10
128817	136689	31
128817	136690	25
128817	138406	44
128817	138619	12
128817	139192	10
128817	139959	18
128817	140876	9
128817	141840	3
128817	142560	12
128817	144271	18
128817	145508	45
128817	146643	5
128817	146644	3
128817	147535	16
128817	148313	66
128817	149762	31
128817	149772	32
128817	149773	26
128817	152096	57
128817	152099	27
128817	152101	27
128817	154993	18
128817	155002	20
128817	155061	1
128817	157133	76
128817	157217	42
128817	159998	25
128817	160378	12
128817	160536	3
128817	160539	3
128817	160542	6
128817	160545	8
128817	160546	6
128817	160547	22
128817	160554	6
128817	160555	37
128817	161120	20
128817	162733	12
128817	163362	19
128817	164208	19
128817	164734	24
128817	164737	43
128817	165553	37
128817	165677	24
128817	165684	21
128817	165889	31
128817	166074	19
128817	166580	32
128817	167326	26
128817	169119	17
128817	170847	75
128817	170849	78
128817	170851	182
128817	170855	24
128817	170860	25
128817	171579	22
128817	172127	16
128817	172284	24
128817	173192	20
128817	173204	13
128817	173695	20
128817	174543	85
128817	174544	25
128817	177141	56
128817	177932	35
128817	178199	14
128817	178463	26
128817	179773	11
128817	180155	31
128817	180697	35
128817	182781	9
128817	182898	18
128817	183217	44
128832	130689	2
128832	132293	1
128832	133004	1
128832	133030	3
128832	133655	5
128832	133832	9
128832	133861	1
128832	135501	2
128832	135730	2
128832	136540	1
128832	136689	1
128832	136690	3
128832	138406	3
128832	138619	1
128832	139959	2
128832	140876	1
128832	141840	1
128832	142560	2
128832	145508	6
128832	146644	2
128832	147535	1
128832	148313	4
128832	149762	2
128832	149772	1
128832	152096	6
128832	152099	1
128832	152101	8
128832	154993	2
128832	155002	2
128832	155061	1
128832	157133	9
128832	157217	4
128832	159998	3
128832	160378	1
128832	160536	1
128832	160539	3
128832	160542	1
128832	160545	2
128832	160546	1
128832	160547	1
128832	160555	2
128832	161120	1
128832	162733	3
128832	163362	3
128832	164208	1
128832	164734	1
128832	164737	5
128832	165553	4
128832	165677	5
128832	165684	2
128832	165889	1
128832	166074	1
128832	166580	4
128832	167326	1
128832	169119	1
128832	170847	3
128832	170849	6
128832	170851	20
128832	170855	3
128832	170860	2
128832	171579	4
128832	172127	1
128832	172284	4
128832	173192	5
128832	173695	5
128832	174543	20
128832	174544	6
128832	177141	6
128832	177932	7
128832	178199	2
128832	178463	2
128832	180155	5
128832	180697	2
128832	182781	2
128832	182898	2
130689	133004	6
130689	133030	6
130689	133655	4
130689	133832	20
130689	133861	1
130689	134851	1
130689	135501	4
130689	135730	6
130689	136540	3
130689	136689	3
130689	136690	2
130689	138406	4
130689	138619	1
130689	139192	3
130689	139959	2
130689	140876	2
130689	141840	1
130689	142560	4
130689	144271	2
130689	145508	1
130689	147535	2
130689	148313	9
130689	149772	1
130689	149773	1
130689	152096	7
130689	152099	2
130689	152101	1
130689	154993	3
130689	155002	9
130689	155061	3
130689	157133	13
130689	157217	8
130689	159998	9
130689	160536	1
130689	160539	1
130689	160542	1
130689	160546	1
130689	160547	4
130689	160555	6
130689	161120	3
130689	162733	4
130689	163362	2
130689	164208	5
130689	164734	2
130689	164737	5
130689	165553	5
130689	165677	2
130689	165684	3
130689	165889	3
130689	166074	2
130689	166580	7
130689	167326	2
130689	169119	4
130689	170847	6
130689	170849	6
130689	170851	17
130689	170855	4
130689	170860	1
130689	171579	1
130689	172127	2
130689	172284	4
130689	173192	11
130689	173695	2
130689	174543	16
130689	174544	3
130689	177141	5
130689	177932	9
130689	178199	1
130689	178463	5
130689	180155	3
130689	180697	4
130689	182781	1
130689	182898	1
130689	183217	5
131373	132293	1
131373	133004	2
131373	133030	1
131373	133655	2
131373	133832	6
131373	133861	1
131373	134851	8
131373	135501	3
131373	135730	1
131373	136689	5
131373	136690	2
131373	138406	5
131373	138619	6
131373	139192	5
131373	139959	3
131373	140876	1
131373	141840	1
131373	142560	1
131373	144271	1
131373	145508	2
131373	146643	14
131373	146644	6
131373	147535	3
131373	148313	1
131373	149772	2
131373	152099	1
131373	152101	1
131373	154993	7
131373	155002	6
131373	157133	11
131373	157217	2
131373	159998	4
131373	160536	12
131373	160539	4
131373	160542	7
131373	160545	2
131373	160546	1
131373	160547	3
131373	160554	5
131373	160555	15
131373	162733	3
131373	163362	2
131373	164208	1
131373	164734	3
131373	164737	3
131373	165553	2
131373	165684	2
131373	165889	2
131373	166074	1
131373	166580	4
131373	169119	1
131373	170847	4
131373	170849	2
131373	170851	3
131373	170855	1
131373	172127	6
131373	173192	4
131373	173204	1
131373	173695	8
131373	174543	7
131373	174544	4
131373	177141	4
131373	178199	3
131373	179773	3
131373	180697	1
131373	182898	2
131373	183217	1
132293	133004	3
132293	133030	2
132293	133655	3
132293	133832	6
132293	133861	2
132293	134851	8
132293	135501	8
132293	135730	3
132293	136689	4
132293	138406	1
132293	138619	3
132293	139192	2
132293	139959	2
132293	140876	2
132293	141840	5
132293	142560	1
132293	144271	2
132293	145508	5
132293	146643	3
132293	146644	4
132293	148313	5
132293	149762	3
132293	149772	3
132293	152096	31
132293	152099	22
132293	152101	16
132293	154993	13
132293	155002	11
132293	155061	1
132293	157133	17
132293	157217	3
132293	159998	8
132293	160378	3
132293	160536	5
132293	160539	5
132293	160542	5
132293	160545	4
132293	160546	3
132293	160547	2
132293	160554	2
132293	160555	6
132293	162733	7
132293	163362	2
132293	164208	2
132293	164734	1
132293	164737	1
132293	165889	10
132293	166580	9
132293	167326	1
132293	169119	3
132293	170847	9
132293	170849	6
132293	170851	13
132293	170855	2
132293	170860	2
132293	172127	3
132293	172284	1
132293	173192	5
132293	173204	3
132293	173695	5
132293	174543	16
132293	174544	8
132293	177141	4
132293	177932	1
132293	178199	1
132293	179773	2
132293	180697	1
132293	182781	2
132293	183217	4
133004	133030	4
133004	133655	1
133004	133832	12
133004	133861	1
133004	134851	2
133004	135501	1
133004	135730	3
133004	136540	2
133004	136689	3
133004	136690	1
133004	138406	4
133004	138619	1
133004	139192	2
133004	140876	3
133004	142560	1
133004	144271	9
133004	145508	3
133004	146643	4
133004	147535	2
133004	148313	7
133004	149772	4
133004	149773	2
133004	152096	19
133004	152099	13
133004	152101	11
133004	154993	7
133004	155002	4
133004	155061	4
133004	157133	6
133004	157217	7
133004	159998	4
133004	160542	1
133004	160546	1
133004	160555	10
133004	161120	1
133004	162733	2
133004	163362	1
133004	164208	2
133004	164734	1
133004	164737	4
133004	165553	5
133004	165684	1
133004	165889	4
133004	166074	2
133004	166580	4
133004	167326	2
133004	170847	10
133004	170849	8
133004	170851	17
133004	170855	7
133004	170860	3
133004	171579	1
133004	172127	4
133004	172284	5
133004	173192	6
133004	173204	4
133004	173695	5
133004	174543	15
133004	174544	4
133004	177141	5
133004	177932	1
133004	178199	4
133004	180155	5
133004	180697	4
133004	182781	2
133004	182898	1
133004	183217	3
133030	133655	2
133030	133832	13
133030	133861	1
133030	134851	2
133030	135501	1
133030	135730	9
133030	136540	19
133030	136689	2
133030	139192	1
133030	139959	9
133030	140876	1
133030	142560	3
133030	144271	2
133030	145508	1
133030	147535	6
133030	148313	18
133030	149762	3
133030	149772	3
133030	149773	1
133030	152096	5
133030	152101	1
133030	154993	9
133030	155002	6
133030	155061	2
133030	157133	26
133030	157217	6
133030	159998	23
133030	160378	3
133030	160536	3
133030	160545	2
133030	160546	4
133030	160547	9
133030	160554	2
133030	160555	6
133030	161120	8
133030	162733	5
133030	163362	1
133030	164208	7
133030	164734	2
133030	164737	2
133030	165553	5
133030	165677	1
133030	165684	5
133030	166074	1
133030	166580	3
133030	167326	2
133030	169119	9
133030	170847	2
133030	170849	8
133030	170851	23
133030	170855	5
133030	170860	1
133030	171579	13
133030	172127	5
133030	172284	3
133030	173192	3
133030	173204	1
133030	173695	5
133030	174543	23
133030	174544	3
133030	177141	5
133030	177932	38
133030	178199	2
133030	178463	30
133030	180155	8
133030	180697	22
133030	182898	2
133030	183217	7
133655	133832	21
133655	133861	2
133655	134851	2
133655	135501	1
133655	135730	4
133655	136540	1
133655	136689	2
133655	136690	2
133655	138406	6
133655	139959	1
133655	140876	7
133655	141840	2
133655	144271	1
133655	145508	2
133655	146644	2
133655	147535	3
133655	148313	12
133655	149762	3
133655	149772	2
133655	149773	3
133655	152096	12
133655	152099	5
133655	152101	7
133655	154993	2
133655	155002	5
133655	155061	2
133655	157133	22
133655	157217	6
133655	159998	6
133655	160378	1
133655	160536	2
133655	160539	4
133655	160542	2
133655	160546	2
133655	160547	3
133655	160555	8
133655	161120	1
133655	162733	5
133655	163362	4
133655	164208	4
133655	164734	4
133655	164737	9
133655	165553	11
133655	165677	5
133655	165684	6
133655	165889	7
133655	166074	3
133655	166580	6
133655	167326	5
133655	169119	3
133655	170847	11
133655	170849	9
133655	170851	20
133655	170855	2
133655	170860	4
133655	171579	2
133655	172127	4
133655	172284	1
133655	173204	6
133655	173695	4
133655	174543	20
133655	174544	4
133655	177141	7
133655	177932	3
133655	178463	1
133655	179773	1
133655	180155	3
133655	180697	1
133655	182781	2
133655	182898	5
133655	183217	4
133832	133861	30
133832	134851	13
133832	135501	13
133832	135730	16
133832	136540	14
133832	136689	26
133832	136690	20
133832	138406	38
133832	138619	11
133832	139192	11
133832	139959	12
133832	140876	17
133832	141840	5
133832	142560	9
133832	144271	10
133832	145508	38
133832	146643	13
133832	146644	6
133832	147535	15
133832	148313	100
133832	149762	14
133832	149772	10
133832	149773	17
133832	152096	43
133832	152099	23
133832	152101	25
133832	154993	12
133832	155002	18
133832	155061	4
133832	157133	65
133832	157217	60
133832	159998	32
133832	160378	9
133832	160536	4
133832	160539	12
133832	160542	7
133832	160545	13
133832	160546	3
133832	160547	8
133832	160554	6
133832	160555	29
133832	161120	14
133832	162733	12
133832	163362	14
133832	164208	19
133832	164734	23
133832	164737	37
133832	165553	30
133832	165677	12
133832	165684	14
133832	165889	40
133832	166074	26
133832	166580	65
133832	167326	25
133832	169119	18
133832	170847	71
133832	170849	75
133832	170851	229
133832	170855	53
133832	170860	19
133832	171579	14
133832	172127	30
133832	172284	19
133832	173192	22
133832	173204	11
133832	173695	7
133832	174543	103
133832	174544	21
133832	177141	74
133832	177932	21
133832	178199	14
133832	178463	16
133832	179773	3
133832	180155	20
133832	180697	13
133832	182781	8
133832	182898	11
133832	183217	29
133861	134851	1
133861	135501	4
133861	135730	11
133861	136540	2
133861	136689	5
133861	136690	2
133861	138406	5
133861	138619	4
133861	139192	3
133861	139959	5
133861	140876	6
133861	141840	1
133861	142560	1
133861	144271	2
133861	145508	5
133861	146643	8
133861	146644	7
133861	147535	1
133861	148313	6
133861	149762	10
133861	149772	5
133861	149773	4
133861	152096	8
133861	152099	6
133861	152101	5
133861	154993	9
133861	155002	7
133861	155061	1
133861	157133	9
133861	157217	13
133861	159998	11
133861	160378	1
133861	160536	3
133861	160539	2
133861	160542	7
133861	160545	2
133861	160546	1
133861	160547	4
133861	160554	5
133861	160555	11
133861	161120	3
133861	162733	6
133861	163362	4
133861	164208	1
133861	164734	4
133861	164737	6
133861	165553	13
133861	165677	3
133861	165684	1
133861	165889	12
133861	166074	11
133861	166580	15
133861	167326	1
133861	169119	4
133861	170847	10
133861	170849	14
133861	170851	24
133861	170855	2
133861	170860	3
133861	171579	2
133861	172127	3
133861	172284	1
133861	173192	6
133861	173204	3
133861	173695	4
133861	174543	35
133861	174544	6
133861	177141	13
133861	177932	5
133861	178199	2
133861	179773	3
133861	180155	1
133861	180697	2
133861	182781	9
133861	182898	4
133861	183217	4
134851	135501	3
134851	135730	3
134851	136689	4
134851	136690	4
134851	138406	3
134851	138619	6
134851	139192	5
134851	139959	1
134851	140876	3
134851	141840	5
134851	142560	1
134851	144271	1
134851	145508	6
134851	146643	13
134851	146644	3
134851	147535	2
134851	148313	7
134851	149762	2
134851	152096	11
134851	152099	7
134851	152101	8
134851	154993	8
134851	155002	13
134851	155061	2
134851	157133	27
134851	157217	5
134851	159998	7
134851	160378	2
134851	160536	6
134851	160539	8
134851	160542	9
134851	160545	6
134851	160547	3
134851	160554	3
134851	160555	12
134851	162733	8
134851	163362	1
134851	164734	3
134851	165553	1
134851	165677	1
134851	165889	10
134851	166074	2
134851	166580	10
134851	169119	1
134851	170847	11
134851	170849	7
134851	170851	22
134851	170855	5
134851	170860	2
134851	172127	20
134851	172284	4
134851	173192	9
134851	173204	4
134851	173695	2
134851	174543	20
134851	174544	2
134851	177141	6
134851	177932	4
134851	178199	8
134851	178463	1
134851	180155	1
134851	180697	2
134851	182781	4
134851	183217	3
135501	135730	11
135501	136540	1
135501	136689	1
135501	139192	4
135501	139959	3
135501	140876	2
135501	141840	1
135501	142560	2
135501	144271	1
135501	145508	5
135501	146643	7
135501	146644	1
135501	148313	10
135501	149762	2
135501	152096	17
135501	152099	10
135501	152101	8
135501	154993	17
135501	155002	16
135501	155061	2
135501	157133	22
135501	157217	2
135501	159998	10
135501	160378	5
135501	160536	2
135501	160539	2
135501	160542	1
135501	160545	6
135501	160546	1
135501	160547	10
135501	160554	1
135501	160555	2
135501	161120	1
135501	162733	5
135501	163362	2
135501	164208	3
135501	165553	4
135501	165889	7
135501	166580	3
135501	169119	7
135501	170847	11
135501	170849	11
135501	170851	16
135501	170855	2
135501	170860	1
135501	172127	1
135501	172284	1
135501	173192	3
135501	173204	6
135501	173695	8
135501	174543	33
135501	174544	5
135501	177141	5
135501	177932	3
135501	178463	3
135501	179773	2
135501	180155	1
135501	182781	2
135730	136540	1
135730	136689	4
135730	136690	2
135730	138406	2
135730	138619	2
135730	139192	2
135730	139959	2
135730	140876	6
135730	141840	1
135730	142560	1
135730	144271	1
135730	145508	5
135730	146643	6
135730	146644	3
135730	147535	4
135730	148313	8
135730	149762	5
135730	152096	7
135730	152099	1
135730	152101	4
135730	154993	5
135730	155002	5
135730	155061	3
135730	157133	20
135730	157217	13
135730	159998	5
135730	160378	7
135730	160536	3
135730	160539	3
135730	160542	1
135730	160545	1
135730	160546	2
135730	160547	3
135730	160554	1
135730	160555	4
135730	161120	1
135730	162733	3
135730	163362	2
135730	164208	2
135730	164734	2
135730	164737	2
135730	165553	6
135730	165684	1
135730	165889	9
135730	166074	1
135730	166580	14
135730	167326	1
135730	169119	2
135730	170847	8
135730	170849	15
135730	170851	27
135730	170855	3
135730	172127	2
135730	172284	8
135730	173192	3
135730	173204	1
135730	173695	10
135730	174543	39
135730	174544	3
135730	177141	10
135730	177932	7
135730	178199	2
135730	178463	4
135730	179773	3
135730	180155	1
135730	180697	1
135730	182781	3
135730	183217	4
136540	136689	5
136540	139959	5
136540	140876	1
136540	142560	1
136540	144271	1
136540	145508	1
136540	146643	1
136540	147535	2
136540	148313	11
136540	149762	2
136540	149772	1
136540	149773	2
136540	152099	1
136540	154993	4
136540	155002	1
136540	155061	1
136540	157133	20
136540	157217	4
136540	159998	12
136540	160378	2
136540	160536	1
136540	160542	2
136540	160545	3
136540	160546	2
136540	160547	6
136540	160554	1
136540	160555	3
136540	161120	1
136540	162733	5
136540	164208	5
136540	165553	2
136540	165677	4
136540	165889	2
136540	166074	1
136540	169119	6
136540	170847	4
136540	170849	4
136540	170851	11
136540	170855	2
136540	170860	2
136540	171579	12
136540	172284	4
136540	173192	4
136540	173204	1
136540	173695	6
136540	174543	14
136540	174544	2
136540	177141	3
136540	177932	28
136540	178199	1
136540	178463	22
136540	180155	1
136540	180697	12
136540	182898	1
136540	183217	1
136689	136690	30
136689	138406	9
136689	138619	3
136689	139192	4
136689	139959	3
136689	140876	20
136689	141840	1
136689	142560	2
136689	144271	4
136689	145508	8
136689	146643	2
136689	146644	2
136689	147535	6
136689	148313	13
136689	149762	2
136689	149772	2
136689	149773	4
136689	152096	7
136689	152099	4
136689	152101	6
136689	154993	2
136689	155002	5
136689	157133	12
136689	157217	14
136689	159998	5
136689	160536	1
136689	160539	2
136689	160542	3
136689	160545	2
136689	160546	2
136689	160547	4
136689	160555	10
136689	161120	5
136689	162733	3
136689	163362	1
136689	164208	1
136689	164734	3
136689	164737	8
136689	165553	3
136689	165677	3
136689	165889	4
136689	166074	4
136689	166580	12
136689	167326	3
136689	169119	6
136689	170847	11
136689	170849	6
136689	170851	28
136689	170855	4
136689	171579	3
136689	172127	8
136689	172284	3
136689	173192	4
136689	173204	1
136689	173695	3
136689	174543	22
136689	174544	3
136689	177141	28
136689	177932	4
136689	178463	4
136689	179773	5
136689	180155	2
136689	180697	2
136689	182781	1
136689	182898	3
136689	183217	2
136690	138406	15
136690	138619	5
136690	139192	5
136690	140876	7
136690	144271	2
136690	145508	6
136690	146643	2
136690	146644	1
136690	147535	8
136690	149762	4
136690	149772	1
136690	149773	2
136690	152096	2
136690	152099	4
136690	152101	5
136690	154993	1
136690	155002	2
136690	157133	5
136690	157217	5
136690	159998	4
136690	160536	2
136690	160539	5
136690	160542	1
136690	160545	1
136690	160555	8
136690	161120	4
136690	162733	1
136690	164208	1
136690	164734	10
136690	164737	15
136690	165553	2
136690	165677	1
136690	165684	2
136690	165889	5
136690	166074	5
136690	166580	6
136690	167326	3
136690	169119	1
136690	170847	6
136690	170849	1
136690	170851	5
136690	170855	2
136690	172127	5
136690	172284	1
136690	173192	2
136690	173695	3
136690	174543	11
136690	174544	3
136690	177141	14
136690	178199	1
136690	178463	1
136690	179773	4
136690	180155	1
136690	182781	2
136690	182898	5
136690	183217	3
138406	138619	4
138406	139192	2
138406	139959	1
138406	140876	3
138406	141840	1
138406	142560	2
138406	144271	2
138406	145508	4
138406	146643	6
138406	146644	3
138406	147535	6
138406	148313	8
138406	149762	1
138406	149772	5
138406	149773	6
138406	152096	7
138406	152099	4
138406	152101	1
138406	155002	7
138406	155061	2
138406	157133	4
138406	157217	13
138406	159998	2
138406	160539	10
138406	160545	1
138406	160547	1
138406	160555	23
138406	161120	2
138406	162733	4
138406	164208	3
138406	164734	42
138406	164737	29
138406	165553	4
138406	165677	6
138406	165684	1
138406	165889	15
138406	166074	5
138406	166580	14
138406	167326	12
138406	169119	1
138406	170847	10
138406	170849	8
138406	170851	29
138406	170855	5
138406	170860	4
138406	171579	1
138406	172127	18
138406	172284	1
138406	173192	3
138406	173695	2
138406	174543	15
138406	174544	3
138406	177141	13
138406	177932	1
138406	178199	12
138406	179773	2
138406	180155	5
138406	180697	1
138406	182781	1
138406	182898	10
138406	183217	20
138619	140876	4
138619	141840	1
138619	145508	3
138619	146643	5
138619	146644	2
138619	147535	1
138619	148313	7
138619	149772	1
138619	152096	6
138619	152099	1
138619	152101	2
138619	154993	2
138619	155002	3
138619	155061	1
138619	157133	9
138619	157217	5
138619	159998	2
138619	160536	2
138619	160539	2
138619	160542	3
138619	160545	1
138619	160547	2
138619	160554	1
138619	160555	6
138619	162733	2
138619	163362	20
138619	164734	5
138619	164737	5
138619	165553	2
138619	165677	2
138619	165684	1
138619	165889	3
138619	166074	2
138619	166580	3
138619	167326	1
138619	169119	4
138619	170847	6
138619	170849	6
138619	170851	13
138619	170855	2
138619	172127	5
138619	172284	2
138619	173192	2
138619	173204	1
138619	173695	4
138619	174543	10
138619	174544	2
138619	177141	4
138619	178199	4
138619	179773	2
138619	180697	1
138619	182781	5
138619	182898	1
138619	183217	1
139192	141840	1
139192	142560	1
139192	144271	1
139192	145508	5
139192	146643	6
139192	146644	1
139192	147535	1
139192	148313	5
139192	152096	2
139192	152099	2
139192	152101	5
139192	154993	4
139192	155002	7
139192	155061	1
139192	157133	10
139192	157217	4
139192	159998	6
139192	160378	2
139192	160536	7
139192	160539	5
139192	160542	2
139192	160545	5
139192	160547	1
139192	160555	8
139192	161120	1
139192	162733	3
139192	163362	3
139192	164734	1
139192	164737	2
139192	165553	2
139192	165684	2
139192	165889	5
139192	166074	1
139192	166580	2
139192	167326	2
139192	169119	2
139192	170847	7
139192	170849	5
139192	170851	14
139192	170855	3
139192	171579	1
139192	172127	1
139192	173192	1
139192	173204	3
139192	173695	6
139192	174543	19
139192	174544	3
139192	177141	9
139192	177932	4
139192	178199	1
139192	178463	2
139192	179773	1
139192	180155	1
139192	182781	1
139192	182898	1
139192	183217	3
139959	140876	1
139959	141840	1
139959	142560	8
139959	144271	3
139959	145508	3
139959	146643	3
139959	146644	1
139959	147535	1
139959	148313	3
139959	149762	3
139959	149772	1
139959	149773	1
139959	152096	4
139959	152099	1
139959	152101	2
139959	154993	7
139959	155002	4
139959	157133	20
139959	157217	2
139959	159998	24
139959	160378	2
139959	160536	5
139959	160539	2
139959	160542	5
139959	160545	6
139959	160546	7
139959	160547	12
139959	160554	5
139959	160555	2
139959	161120	4
139959	162733	3
139959	164208	6
139959	164734	1
139959	164737	2
139959	165553	2
139959	165677	4
139959	165684	4
139959	165889	6
139959	166580	2
139959	167326	1
139959	169119	26
139959	170847	9
139959	170849	14
139959	170851	12
139959	170855	3
139959	170860	1
139959	171579	5
139959	172127	1
139959	173192	3
139959	173204	2
139959	174543	15
139959	174544	1
139959	177141	5
139959	177932	13
139959	178199	1
139959	178463	9
139959	180155	2
139959	180697	8
139959	183217	2
140876	141840	3
140876	142560	1
140876	144271	2
140876	145508	7
140876	146643	3
140876	146644	2
140876	147535	3
140876	148313	7
140876	149762	3
140876	149773	1
140876	152096	6
140876	152099	4
140876	152101	4
140876	154993	5
140876	155002	7
140876	155061	1
140876	157133	12
140876	157217	8
140876	159998	7
140876	160536	3
140876	160539	3
140876	160542	4
140876	160545	1
140876	160546	1
140876	160547	5
140876	160555	6
140876	161120	1
140876	162733	3
140876	163362	3
140876	164734	3
140876	164737	2
140876	165553	6
140876	165684	2
140876	165889	9
140876	166074	5
140876	166580	10
140876	167326	1
140876	169119	1
140876	170847	12
140876	170849	9
140876	170851	21
140876	170855	2
140876	170860	1
140876	171579	2
140876	172127	9
140876	172284	1
140876	173192	3
140876	173204	3
140876	174543	19
140876	174544	1
140876	177141	38
140876	177932	6
140876	178199	4
140876	178463	2
140876	179773	3
140876	180697	2
140876	182781	1
140876	182898	1
140876	183217	3
141840	144271	2
141840	145508	10
141840	146644	1
141840	148313	2
141840	149762	1
141840	149773	1
141840	152096	16
141840	152099	15
141840	152101	8
141840	155002	1
141840	157133	17
141840	157217	3
141840	159998	2
141840	160539	2
141840	160542	1
141840	160545	5
141840	160546	1
141840	160547	3
141840	160554	2
141840	160555	3
141840	161120	2
141840	162733	1
141840	163362	1
141840	164734	1
141840	165889	3
141840	166580	8
141840	167326	1
141840	169119	1
141840	170847	20
141840	170849	16
141840	170851	16
141840	170855	4
141840	170860	1
141840	172127	3
141840	172284	1
141840	173192	1
141840	173204	7
141840	174543	17
141840	174544	1
141840	177141	4
141840	178199	1
141840	178463	1
141840	180155	3
141840	182781	1
141840	183217	2
142560	146643	4
142560	147535	2
142560	148313	3
142560	152096	5
142560	152099	3
142560	152101	1
142560	154993	4
142560	155002	1
142560	155061	2
142560	157133	13
142560	157217	3
142560	159998	10
142560	160378	3
142560	160536	3
142560	160539	1
142560	160542	3
142560	160545	8
142560	160546	5
142560	160547	4
142560	160554	2
142560	160555	7
142560	164208	3
142560	164734	2
142560	164737	3
142560	165553	2
142560	165677	2
142560	165684	4
142560	165889	4
142560	166074	3
142560	169119	9
142560	170847	6
142560	170849	4
142560	170851	8
142560	170855	2
142560	171579	1
142560	173192	2
142560	173204	3
142560	173695	3
142560	174543	13
142560	174544	4
142560	177141	4
142560	177932	2
142560	178463	2
142560	179773	1
142560	180697	1
142560	182781	1
142560	183217	2
144271	145508	2
144271	146643	2
144271	146644	1
144271	147535	2
144271	148313	7
144271	149762	1
144271	149772	1
144271	149773	2
144271	152096	13
144271	152099	10
144271	152101	8
144271	154993	4
144271	155002	2
144271	157133	6
144271	157217	6
144271	159998	7
144271	160536	2
144271	160539	2
144271	160542	1
144271	160546	4
144271	160547	3
144271	160554	2
144271	160555	6
144271	161120	2
144271	162733	2
144271	164208	1
144271	164734	3
144271	164737	2
144271	165553	4
144271	165677	1
144271	165889	4
144271	166074	6
144271	166580	5
144271	167326	2
144271	169119	4
144271	170847	9
144271	170849	8
144271	170851	14
144271	170855	3
144271	170860	1
144271	171579	1
144271	172127	5
144271	172284	2
144271	173192	1
144271	173204	1
144271	173695	3
144271	174543	14
144271	177141	6
144271	177932	2
144271	178199	1
144271	178463	1
144271	180155	1
144271	180697	1
144271	182781	1
144271	182898	1
144271	183217	2
145508	146643	6
145508	146644	1
145508	147535	1
145508	148313	15
145508	149762	4
145508	149772	1
145508	149773	5
145508	152096	26
145508	152099	9
145508	152101	15
145508	154993	8
145508	155002	7
145508	155061	1
145508	157133	25
145508	157217	13
145508	159998	7
145508	160378	2
145508	160536	4
145508	160539	8
145508	160542	5
145508	160545	8
145508	160546	2
145508	160547	1
145508	160554	3
145508	160555	6
145508	161120	5
145508	162733	2
145508	163362	2
145508	164208	2
145508	164734	4
145508	164737	6
145508	165553	9
145508	165677	3
145508	165684	2
145508	165889	12
145508	166074	11
145508	166580	16
145508	167326	9
145508	169119	4
145508	170847	130
145508	170849	78
145508	170851	50
145508	170855	14
145508	170860	10
145508	172127	3
145508	172284	1
145508	173192	5
145508	173204	35
145508	173695	5
145508	174543	35
145508	174544	7
145508	177141	13
145508	177932	5
145508	178199	3
145508	178463	3
145508	179773	1
145508	180155	4
145508	180697	6
145508	182781	3
145508	182898	3
145508	183217	9
146643	146644	6
146643	147535	2
146643	148313	5
146643	149762	3
146643	149772	2
146643	152096	6
146643	152099	7
146643	152101	5
146643	154993	22
146643	155002	23
146643	155061	2
146643	157133	24
146643	157217	6
146643	159998	11
146643	160378	1
146643	160536	24
146643	160539	10
146643	160542	14
146643	160545	11
146643	160546	2
146643	160547	9
146643	160554	4
146643	160555	18
146643	161120	1
146643	162733	23
146643	163362	2
146643	164208	1
146643	164734	4
146643	164737	6
146643	165553	7
146643	165677	3
146643	165889	12
146643	166074	6
146643	166580	10
146643	167326	1
146643	169119	8
146643	170847	11
146643	170849	7
146643	170851	16
146643	170855	2
146643	172127	9
146643	172284	1
146643	173192	3
146643	173204	2
146643	173695	7
146643	174543	32
146643	174544	1
146643	177141	7
146643	177932	2
146643	178199	4
146643	178463	2
146643	179773	16
146643	180697	1
146643	182781	1
146643	182898	1
146643	183217	7
146644	147535	1
146644	148313	1
146644	149773	2
146644	152096	8
146644	152099	5
146644	152101	5
146644	155002	7
146644	157133	10
146644	157217	2
146644	159998	1
146644	160378	6
146644	160536	5
146644	160539	3
146644	160542	3
146644	160545	1
146644	160546	1
146644	160547	3
146644	160554	1
146644	160555	5
146644	162733	2
146644	163362	1
146644	164208	1
146644	164734	4
146644	164737	2
146644	165553	2
146644	165889	8
146644	166074	1
146644	166580	17
146644	167326	2
146644	169119	4
146644	170847	10
146644	170849	6
146644	170851	7
146644	170860	2
146644	172127	5
146644	172284	1
146644	173192	1
146644	173204	1
146644	173695	3
146644	174543	16
146644	174544	1
146644	177141	6
146644	177932	1
146644	179773	3
146644	182781	3
146644	182898	1
146644	183217	2
147535	148313	4
147535	149762	2
147535	152096	2
147535	152099	2
147535	154993	1
147535	155002	3
147535	155061	1
147535	157133	13
147535	157217	6
147535	159998	7
147535	160536	1
147535	160545	1
147535	160546	1
147535	160547	1
147535	160554	2
147535	160555	17
147535	161120	3
147535	162733	5
147535	164208	2
147535	164734	4
147535	164737	15
147535	165553	3
147535	165677	3
147535	165684	6
147535	165889	3
147535	166580	5
147535	167326	1
147535	169119	4
147535	170847	3
147535	170849	4
147535	170851	7
147535	170860	1
147535	171579	2
147535	172127	1
147535	172284	1
147535	173192	3
147535	173204	1
147535	173695	2
147535	174543	16
147535	174544	3
147535	177141	10
147535	177932	6
147535	178199	1
147535	178463	7
147535	180697	11
147535	182781	2
147535	182898	1
147535	183217	5
148313	149762	6
148313	149772	5
148313	149773	5
148313	152096	20
148313	152099	6
148313	152101	10
148313	154993	7
148313	155002	14
148313	155061	2
148313	157133	22
148313	157217	25
148313	159998	11
148313	160378	4
148313	160536	2
148313	160539	2
148313	160542	2
148313	160545	3
148313	160546	2
148313	160547	11
148313	160554	2
148313	160555	10
148313	161120	5
148313	162733	6
148313	163362	5
148313	164208	7
148313	164734	3
148313	164737	9
148313	165553	10
148313	165677	2
148313	165684	6
148313	165889	14
148313	166074	7
148313	166580	35
148313	167326	3
148313	169119	13
148313	170847	28
148313	170849	35
148313	170851	96
148313	170855	27
148313	170860	6
148313	171579	9
148313	172127	14
148313	172284	8
148313	173192	5
148313	173204	5
148313	173695	10
148313	174543	58
148313	174544	3
148313	177141	21
148313	177932	20
148313	178199	6
148313	178463	15
148313	179773	1
148313	180155	10
148313	180697	12
148313	182781	3
148313	182898	3
148313	183217	8
149762	149772	9
149762	149773	7
149762	152096	6
149762	152099	2
149762	152101	6
149762	154993	4
149762	155002	3
149762	155061	1
149762	157133	10
149762	157217	4
149762	159998	3
149762	160378	2
149762	160536	1
149762	160545	1
149762	160546	3
149762	160547	5
149762	160555	7
149762	161120	2
149762	162733	1
149762	163362	1
149762	164208	1
149762	164734	1
149762	164737	7
149762	165553	2
149762	165677	2
149762	165684	3
149762	165889	10
149762	166074	4
149762	166580	3
149762	167326	1
149762	170847	12
149762	170849	11
149762	170851	18
149762	170855	3
149762	170860	3
149762	171579	3
149762	172127	1
149762	173192	7
149762	173204	3
149762	174543	11
149762	174544	3
149762	177141	3
149762	177932	6
149762	178199	1
149762	178463	5
149762	179773	3
149762	180155	4
149762	180697	3
149762	182898	1
149772	149773	11
149772	152096	16
149772	152099	4
149772	152101	4
149772	154993	4
149772	155002	1
149772	157133	1
149772	157217	4
149772	159998	3
149772	160378	1
149772	160536	3
149772	160539	1
149772	160545	2
149772	160554	1
149772	160555	5
149772	161120	5
149772	163362	1
149772	164208	3
149772	164734	3
149772	164737	10
149772	165553	4
149772	165677	2
149772	165684	3
149772	165889	8
149772	166074	4
149772	166580	6
149772	167326	2
149772	169119	1
149772	170847	7
149772	170849	5
149772	170851	21
149772	170855	4
149772	170860	5
149772	171579	1
149772	172284	2
149772	173192	2
149772	173204	2
149772	173695	1
149772	174543	8
149772	174544	6
149772	177141	1
149772	178199	3
149772	179773	2
149772	180155	5
149772	180697	1
149772	182781	2
149772	182898	7
149772	183217	10
149773	152096	7
149773	152099	1
149773	152101	6
149773	154993	1
149773	155002	3
149773	155061	1
149773	157133	4
149773	157217	7
149773	159998	1
149773	160536	1
149773	160539	2
149773	160542	2
149773	160546	1
149773	160555	6
149773	161120	2
149773	163362	2
149773	164208	1
149773	164734	8
149773	164737	10
149773	165553	7
149773	165677	1
149773	165684	5
149773	165889	5
149773	166074	7
149773	166580	7
149773	167326	5
149773	170847	7
149773	170849	9
149773	170851	23
149773	170855	1
149773	170860	2
149773	171579	5
149773	172127	2
149773	172284	4
149773	173204	1
149773	173695	1
149773	174543	14
149773	174544	2
149773	177141	7
149773	177932	1
149773	178199	5
149773	178463	1
149773	179773	2
149773	180155	3
149773	182898	4
149773	183217	7
152096	152099	55
152096	152101	37
152096	154993	25
152096	155002	27
152096	155061	2
152096	157133	32
152096	157217	18
152096	159998	23
152096	160378	9
152096	160536	3
152096	160539	7
152096	160542	3
152096	160545	13
152096	160546	3
152096	160547	9
152096	160554	3
152096	160555	11
152096	161120	5
152096	162733	7
152096	163362	6
152096	164208	11
152096	164734	3
152096	164737	13
152096	165553	17
152096	165677	7
152096	165684	6
152096	165889	21
152096	166074	10
152096	166580	21
152096	167326	2
152096	169119	6
152096	170847	54
152096	170849	36
152096	170851	67
152096	170855	12
152096	170860	6
152096	171579	1
152096	172127	7
152096	172284	1
152096	173192	6
152096	173204	28
152096	173695	8
152096	174543	51
152096	174544	15
152096	177141	11
152096	177932	9
152096	178199	8
152096	178463	5
152096	179773	7
152096	180155	5
152096	180697	4
152096	182781	4
152096	182898	4
152096	183217	7
152099	152101	45
152099	154993	16
152099	155002	11
152099	157133	27
152099	157217	12
152099	159998	10
152099	160378	3
152099	160536	4
152099	160539	7
152099	160542	3
152099	160545	5
152099	160546	3
152099	160547	1
152099	160554	2
152099	160555	8
152099	162733	10
152099	163362	2
152099	164208	2
152099	164734	2
152099	164737	1
152099	165553	6
152099	165677	2
152099	165684	1
152099	165889	13
152099	166074	7
152099	166580	7
152099	167326	2
152099	169119	2
152099	170847	36
152099	170849	13
152099	170851	25
152099	170855	5
152099	170860	2
152099	172127	5
152099	173192	5
152099	173204	22
152099	173695	5
152099	174543	36
152099	174544	13
152099	177141	6
152099	177932	3
152099	178199	3
152099	179773	5
152099	180155	4
152099	182781	5
152099	182898	1
152099	183217	2
152101	154993	13
152101	155002	9
152101	157133	15
152101	157217	10
152101	159998	7
152101	160378	4
152101	160536	2
152101	160539	7
152101	160542	3
152101	160545	4
152101	160546	2
152101	160547	4
152101	160554	1
152101	160555	12
152101	161120	6
152101	162733	8
152101	163362	2
152101	164208	4
152101	164734	4
152101	164737	6
152101	165553	7
152101	165677	6
152101	165684	1
152101	165889	14
152101	166074	10
152101	166580	16
152101	167326	3
152101	169119	3
152101	170847	27
152101	170849	12
152101	170851	39
152101	170855	4
152101	170860	1
152101	172127	6
152101	172284	3
152101	173192	6
152101	173204	9
152101	173695	3
152101	174543	31
152101	174544	18
152101	177141	9
152101	177932	1
152101	178199	5
152101	178463	1
152101	179773	4
152101	180155	1
152101	180697	2
152101	182781	3
152101	182898	2
152101	183217	6
154993	155002	22
154993	155061	5
154993	157133	33
154993	157217	5
154993	159998	25
154993	160378	2
154993	160536	14
154993	160539	4
154993	160542	10
154993	160545	14
154993	160546	7
154993	160547	7
154993	160554	2
154993	160555	13
154993	161120	2
154993	162733	24
154993	163362	2
154993	164208	2
154993	164734	1
154993	165553	3
154993	165677	1
154993	165889	7
154993	166074	2
154993	166580	10
154993	167326	2
154993	169119	5
154993	170847	15
154993	170849	8
154993	170851	16
154993	170855	6
154993	170860	6
154993	171579	9
154993	172127	1
154993	172284	4
154993	173192	11
154993	173204	7
154993	173695	5
154993	174543	31
154993	174544	5
154993	177141	8
154993	177932	16
154993	178463	10
154993	179773	17
154993	180155	2
154993	180697	12
154993	182781	5
154993	182898	2
154993	183217	3
155002	155061	2
155002	157133	28
155002	157217	8
155002	159998	23
155002	160378	6
155002	160536	6
155002	160539	9
155002	160542	11
155002	160545	6
155002	160546	2
155002	160547	8
155002	160554	4
155002	160555	15
155002	161120	3
155002	162733	15
155002	164208	3
155002	164737	4
155002	165553	26
155002	165677	1
155002	165684	3
155002	165889	21
155002	166074	7
155002	166580	9
155002	167326	2
155002	169119	6
155002	170847	14
155002	170849	9
155002	170851	28
155002	170855	3
155002	170860	1
155002	171579	2
155002	172127	10
155002	173192	6
155002	173204	7
155002	173695	11
155002	174543	71
155002	174544	6
155002	177141	10
155002	177932	9
155002	178199	2
155002	178463	1
155002	179773	11
155002	180155	2
155002	180697	6
155002	182781	3
155002	182898	3
155002	183217	10
155061	157133	14
155061	157217	4
155061	159998	5
155061	160536	4
155061	160539	1
155061	160542	1
155061	160545	5
155061	160547	1
155061	160554	1
155061	160555	2
155061	162733	1
155061	164734	1
155061	165553	1
155061	165677	1
155061	165684	2
155061	165889	4
155061	166580	4
155061	169119	3
155061	170847	4
155061	170849	3
155061	170851	6
155061	171579	1
155061	172127	2
155061	172284	2
155061	173192	1
155061	173695	4
155061	174543	9
155061	174544	3
155061	177141	3
155061	177932	6
155061	178463	4
155061	179773	2
155061	180155	2
155061	180697	1
155061	182781	1
155061	182898	1
157133	157217	42
157133	159998	45
157133	160378	15
157133	160536	21
157133	160539	14
157133	160542	18
157133	160545	17
157133	160546	16
157133	160547	24
157133	160554	9
157133	160555	34
157133	161120	7
157133	162733	18
157133	163362	7
157133	164208	9
157133	164734	3
157133	164737	7
157133	165553	18
157133	165677	14
157133	165684	12
157133	165889	29
157133	166074	6
157133	166580	31
157133	167326	8
157133	169119	35
157133	170847	50
157133	170849	54
157133	170851	69
157133	170855	8
157133	170860	6
157133	171579	13
157133	172127	12
157133	172284	14
157133	173192	22
157133	173204	24
157133	173695	12
157133	174543	115
157133	174544	19
157133	177141	26
157133	177932	45
157133	178199	5
157133	178463	33
157133	179773	8
157133	180155	4
157133	180697	28
157133	182781	13
157133	182898	5
157133	183217	9
157217	159998	5
157217	160378	5
157217	160536	1
157217	160539	10
157217	160542	3
157217	160545	3
157217	160546	1
157217	160547	2
157217	160554	3
157217	160555	13
157217	161120	4
157217	162733	2
157217	163362	4
157217	164208	2
157217	164734	5
157217	164737	7
157217	165553	13
157217	165677	4
157217	165684	1
157217	165889	15
157217	166074	16
157217	166580	39
157217	167326	7
157217	169119	8
157217	170847	23
157217	170849	27
157217	170851	64
157217	170855	14
157217	170860	3
157217	171579	7
157217	172127	7
157217	172284	5
157217	173192	3
157217	173204	4
157217	173695	8
157217	174543	56
157217	174544	6
157217	177141	43
157217	177932	14
157217	178199	5
157217	178463	3
157217	179773	5
157217	180155	7
157217	180697	5
157217	182781	3
157217	182898	2
157217	183217	8
159998	160378	5
159998	160536	10
159998	160539	7
159998	160542	19
159998	160545	15
159998	160546	14
159998	160547	36
159998	160554	14
159998	160555	16
159998	161120	3
159998	162733	12
159998	163362	5
159998	164208	20
159998	164734	2
159998	164737	4
159998	165553	5
159998	165677	9
159998	165684	5
159998	165889	17
159998	166074	2
159998	166580	11
159998	167326	1
159998	169119	33
159998	170847	15
159998	170849	23
159998	170851	35
159998	170855	10
159998	170860	2
159998	171579	7
159998	172127	5
159998	172284	6
159998	173192	19
159998	173204	7
159998	173695	13
159998	174543	44
159998	174544	4
159998	177141	10
159998	177932	28
159998	178199	3
159998	178463	22
159998	179773	10
159998	180155	4
159998	180697	12
159998	182781	3
159998	182898	2
159998	183217	5
160378	160536	1
160378	160539	2
160378	160542	1
160378	160545	3
160378	160546	2
160378	160547	1
160378	160554	1
160378	160555	3
160378	161120	1
160378	162733	3
160378	163362	1
160378	164208	1
160378	165553	3
160378	165677	1
160378	165889	8
160378	166074	1
160378	166580	6
160378	169119	3
160378	170847	5
160378	170849	6
160378	170851	13
160378	170855	1
160378	171579	2
160378	172127	1
160378	172284	1
160378	173192	4
160378	173204	1
160378	173695	6
160378	174543	20
160378	174544	1
160378	177141	5
160378	177932	4
160378	178463	1
160378	179773	2
160378	180155	1
160378	182781	2
160378	183217	1
160536	160539	7
160536	160542	13
160536	160545	5
160536	160546	4
160536	160547	4
160536	160554	5
160536	160555	26
160536	161120	2
160536	162733	9
160536	163362	2
160536	164208	1
160536	164734	2
160536	164737	2
160536	165553	3
160536	165677	2
160536	165684	1
160536	165889	2
160536	166074	1
160536	166580	7
160536	167326	1
160536	169119	6
160536	170847	3
160536	170849	2
160536	170851	6
160536	170855	1
160536	170860	1
160536	171579	2
160536	172127	4
160536	173192	6
160536	173204	2
160536	173695	3
160536	174543	14
160536	174544	3
160536	177141	4
160536	177932	4
160536	178199	1
160536	178463	1
160536	179773	8
160536	180697	1
160536	182781	2
160536	182898	1
160536	183217	1
160539	160542	5
160539	160545	4
160539	160547	3
160539	160554	5
160539	160555	10
160539	162733	2
160539	163362	1
160539	164734	3
160539	164737	8
160539	165553	2
160539	165677	1
160539	165684	1
160539	165889	15
160539	166074	8
160539	166580	7
160539	167326	1
160539	169119	2
160539	170847	8
160539	170849	7
160539	170851	14
160539	170855	2
160539	172127	6
160539	173192	3
160539	173204	3
160539	173695	2
160539	174543	18
160539	174544	1
160539	177141	10
160539	178199	4
160539	179773	5
160539	180155	1
160539	180697	1
160539	182781	2
160539	182898	1
160539	183217	4
160542	160545	4
160542	160546	7
160542	160547	9
160542	160554	7
160542	160555	14
160542	161120	2
160542	162733	6
160542	163362	2
160542	164734	2
160542	164737	2
160542	165553	1
160542	165677	1
160542	165684	2
160542	165889	8
160542	166074	2
160542	166580	3
160542	169119	9
160542	170847	9
160542	170849	4
160542	170851	8
160542	170855	1
160542	170860	1
160542	171579	1
160542	172127	6
160542	173192	4
160542	173204	1
160542	173695	3
160542	174543	10
160542	174544	3
160542	177141	2
160542	177932	2
160542	179773	3
160542	180155	1
160542	182781	1
160542	182898	1
160542	183217	4
160545	160546	4
160545	160547	6
160545	160554	2
160545	160555	6
160545	162733	4
160545	163362	2
160545	164208	1
160545	164734	1
160545	164737	2
160545	165677	5
160545	165684	2
160545	165889	5
160545	166074	1
160545	166580	5
160545	167326	2
160545	169119	6
160545	170847	19
160545	170849	14
160545	170851	9
160545	170855	1
160545	171579	1
160545	172284	4
160545	173192	5
160545	173204	7
160545	173695	2
160545	174543	16
160545	174544	2
160545	177141	7
160545	177932	13
160545	178199	2
160545	178463	2
160545	179773	4
160545	180155	1
160545	180697	2
160545	182781	2
160545	182898	2
160545	183217	4
160546	160547	5
160546	160554	3
160546	160555	1
160546	161120	1
160546	162733	3
160546	164208	1
160546	164734	2
160546	164737	1
160546	165553	1
160546	165677	3
160546	165684	6
160546	165889	5
160546	166074	1
160546	166580	3
160546	169119	9
160546	170847	7
160546	170849	5
160546	170851	7
160546	170855	1
160546	171579	3
160546	172127	2
160546	172284	2
160546	173192	5
160546	173204	1
160546	173695	2
160546	174543	9
160546	177141	2
160546	177932	4
160546	178199	1
160546	178463	4
160546	179773	2
160546	180697	5
160546	182781	1
160546	182898	1
160546	183217	5
160547	160554	6
160547	160555	4
160547	162733	4
160547	163362	1
160547	164208	12
160547	164734	3
160547	164737	4
160547	165553	4
160547	165677	3
160547	165684	7
160547	165889	8
160547	166074	1
160547	166580	2
160547	167326	3
160547	169119	16
160547	170847	9
160547	170849	16
160547	170851	18
160547	170855	1
160547	170860	2
160547	171579	7
160547	172127	3
160547	172284	3
160547	173192	10
160547	173204	7
160547	173695	10
160547	174543	16
160547	174544	5
160547	177141	6
160547	177932	8
160547	178199	2
160547	178463	13
160547	179773	2
160547	180155	7
160547	180697	12
160547	182781	2
160547	182898	1
160547	183217	5
160554	160555	8
160554	161120	1
160554	162733	4
160554	163362	2
160554	164208	2
160554	164734	1
160554	164737	2
160554	165553	1
160554	165677	3
160554	165684	5
160554	165889	7
160554	166074	2
160554	166580	4
160554	167326	1
160554	169119	7
160554	170847	6
160554	170849	9
160554	170851	6
160554	170855	2
160554	170860	1
160554	172127	2
160554	173192	6
160554	173695	2
160554	174543	10
160554	174544	4
160554	177141	4
160554	177932	2
160554	178463	2
160554	179773	2
160554	180697	3
160554	182781	1
160554	182898	2
160554	183217	3
160555	161120	7
160555	162733	12
160555	163362	5
160555	164208	6
160555	164734	9
160555	164737	20
160555	165553	11
160555	165677	2
160555	165684	15
160555	165889	14
160555	166074	5
160555	166580	14
160555	167326	5
160555	169119	10
160555	170847	15
160555	170849	11
160555	170851	20
160555	170855	2
160555	170860	3
160555	171579	3
160555	172127	11
160555	172284	2
160555	173192	7
160555	173204	1
160555	173695	13
160555	174543	42
160555	174544	12
160555	177141	17
160555	177932	6
160555	178199	7
160555	178463	5
160555	179773	6
160555	180155	5
160555	180697	6
160555	182781	7
160555	182898	11
160555	183217	19
161120	162733	1
161120	163362	1
161120	164208	1
161120	164734	1
161120	164737	3
161120	165553	3
161120	165677	2
161120	165684	2
161120	165889	1
161120	166074	5
161120	166580	4
161120	167326	1
161120	169119	2
161120	170847	7
161120	170849	5
161120	170851	18
161120	170855	2
161120	170860	2
161120	171579	2
161120	172127	1
161120	173192	1
161120	173695	2
161120	174543	9
161120	174544	4
161120	177141	4
161120	177932	4
161120	178199	1
161120	178463	3
161120	180155	4
161120	180697	3
161120	182781	1
161120	182898	4
161120	183217	9
162733	164208	4
162733	164734	1
162733	164737	4
162733	165553	6
162733	165677	2
162733	165684	3
162733	165889	10
162733	166074	2
162733	166580	8
162733	167326	1
162733	169119	1
162733	170847	6
162733	170849	4
162733	170851	9
162733	170855	1
162733	170860	3
162733	171579	6
162733	172127	7
162733	172284	1
162733	173192	3
162733	173204	4
162733	173695	6
162733	174543	26
162733	174544	2
162733	177141	4
162733	177932	9
162733	178463	6
162733	179773	8
162733	180697	8
162733	182781	2
162733	182898	1
162733	183217	4
163362	164208	1
163362	164734	1
163362	164737	4
163362	165553	2
163362	165677	7
163362	165684	1
163362	165889	1
163362	166074	4
163362	166580	4
163362	167326	2
163362	169119	3
163362	170847	10
163362	170849	8
163362	170851	14
163362	170855	5
163362	170860	1
163362	171579	2
163362	172127	3
163362	172284	4
163362	173192	4
163362	173204	2
163362	173695	1
163362	174543	13
163362	174544	4
163362	177141	7
163362	177932	2
163362	178199	1
163362	182781	5
163362	182898	1
163362	183217	5
164208	164737	5
164208	165553	5
164208	165677	7
164208	165684	9
164208	165889	6
164208	166074	1
164208	166580	4
164208	167326	2
164208	169119	9
164208	170847	1
164208	170849	5
164208	170851	18
164208	170855	2
164208	170860	6
164208	171579	2
164208	172127	3
164208	173192	5
164208	173204	1
164208	173695	4
164208	174543	5
164208	174544	2
164208	177141	4
164208	177932	6
164208	178199	3
164208	178463	6
164208	180697	1
164208	182781	1
164208	182898	5
164208	183217	5
164734	164737	20
164734	165553	4
164734	165677	3
164734	165684	2
164734	165889	6
164734	166074	6
164734	166580	6
164734	167326	16
164734	169119	2
164734	170847	4
164734	170849	2
164734	170851	10
164734	170855	4
164734	170860	2
164734	172127	8
164734	173192	1
164734	173695	1
164734	174543	7
164734	174544	3
164734	177141	6
164734	177932	1
164734	178199	6
164734	178463	4
164734	179773	2
164734	180155	3
164734	182781	2
164734	182898	5
164734	183217	20
164737	165553	10
164737	165677	3
164737	165684	12
164737	165889	11
164737	166074	6
164737	166580	6
164737	167326	12
164737	169119	3
164737	170847	7
164737	170849	6
164737	170851	27
164737	170855	2
164737	170860	6
164737	171579	2
164737	172127	4
164737	173192	2
164737	173204	3
164737	173695	7
164737	174543	24
164737	174544	9
164737	177141	12
164737	177932	2
164737	178199	9
164737	178463	4
164737	179773	1
164737	180155	2
164737	180697	3
164737	182781	3
164737	182898	13
164737	183217	23
165553	165677	4
165553	165684	10
165553	165889	11
165553	166074	7
165553	166580	7
165553	167326	3
165553	169119	3
165553	170847	13
165553	170849	15
165553	170851	26
165553	170855	6
165553	170860	3
165553	171579	2
165553	172127	4
165553	172284	4
165553	173192	5
165553	173204	2
165553	173695	9
165553	174543	54
165553	174544	4
165553	177141	13
165553	177932	10
165553	178199	2
165553	178463	2
165553	179773	2
165553	180155	3
165553	180697	7
165553	182781	1
165553	182898	6
165553	183217	12
165677	165684	4
165677	165889	5
165677	166074	3
165677	166580	5
165677	167326	2
165677	169119	11
165677	170847	6
165677	170849	7
165677	170851	17
165677	170855	3
165677	171579	1
165677	172127	3
165677	172284	3
165677	173192	5
165677	173204	2
165677	173695	2
165677	174543	14
165677	174544	4
165677	177141	2
165677	177932	7
165677	178199	1
165677	178463	4
165677	179773	2
165677	180155	3
165677	180697	5
165677	182898	1
165677	183217	2
165684	165889	3
165684	166074	2
165684	166580	2
165684	167326	1
165684	169119	6
165684	170847	7
165684	170849	11
165684	170851	17
165684	170855	4
165684	170860	4
165684	171579	1
165684	172284	5
165684	173192	4
165684	173204	4
165684	173695	3
165684	174543	11
165684	174544	4
165684	177141	3
165684	177932	7
165684	178463	3
165684	180155	6
165684	180697	9
165684	182898	5
165684	183217	4
165889	166074	11
165889	166580	23
165889	167326	3
165889	169119	9
165889	170847	27
165889	170849	20
165889	170851	41
165889	170855	5
165889	170860	2
165889	171579	1
165889	172127	8
165889	172284	7
165889	173192	13
165889	173204	7
165889	173695	7
165889	174543	53
165889	174544	4
165889	177141	16
165889	177932	6
165889	178199	4
165889	178463	1
165889	179773	8
165889	180155	2
165889	180697	1
165889	182781	2
165889	182898	11
165889	183217	10
166074	166580	15
166074	167326	3
166074	169119	1
166074	170847	14
166074	170849	4
166074	170851	17
166074	170855	3
166074	170860	2
166074	171579	1
166074	172127	3
166074	172284	1
166074	173192	1
166074	173204	1
166074	173695	2
166074	174543	23
166074	174544	1
166074	177141	15
166074	177932	6
166074	178199	5
166074	179773	2
166074	180155	2
166074	180697	2
166074	182781	4
166074	182898	1
166074	183217	11
166580	167326	3
166580	169119	9
166580	170847	26
166580	170849	34
166580	170851	83
166580	170855	18
166580	170860	1
166580	171579	3
166580	172127	17
166580	172284	7
166580	173192	10
166580	173204	4
166580	173695	4
166580	174543	56
166580	174544	7
166580	177141	35
166580	177932	9
166580	178199	4
166580	178463	3
166580	179773	4
166580	180155	5
166580	180697	2
166580	182781	5
166580	182898	2
166580	183217	15
167326	169119	1
167326	170847	5
167326	170849	3
167326	170851	18
167326	170855	2
167326	170860	3
167326	172127	3
167326	174543	11
167326	174544	1
167326	177141	3
167326	177932	1
167326	178199	2
167326	179773	4
167326	180155	2
167326	180697	1
167326	182781	2
167326	182898	3
167326	183217	14
169119	170847	12
169119	170849	16
169119	170851	15
169119	170855	1
169119	171579	2
169119	172127	1
169119	172284	1
169119	173192	4
169119	173204	3
169119	173695	3
169119	174543	28
169119	174544	5
169119	177141	3
169119	177932	9
169119	178199	2
169119	178463	6
169119	179773	1
169119	180155	2
169119	180697	6
169119	182781	3
169119	182898	1
169119	183217	3
170847	170849	150
170847	170851	105
170847	170855	17
170847	170860	27
170847	171579	7
170847	172127	6
170847	172284	6
170847	173192	12
170847	173204	56
170847	173695	13
170847	174543	73
170847	174544	8
170847	177141	26
170847	177932	8
170847	178199	6
170847	178463	7
170847	179773	3
170847	180155	7
170847	180697	6
170847	182781	3
170847	182898	4
170847	183217	12
170849	170851	141
170849	170855	27
170849	170860	15
170849	171579	11
170849	172127	5
170849	172284	9
170849	173192	15
170849	173204	26
170849	173695	10
170849	174543	66
170849	174544	11
170849	177141	28
170849	177932	17
170849	178199	4
170849	178463	8
170849	179773	2
170849	180155	13
170849	180697	18
170849	182781	8
170849	182898	1
170849	183217	9
170851	170855	70
170851	170860	24
170851	171579	15
170851	172127	31
170851	172284	24
170851	173192	22
170851	173204	17
170851	173695	14
170851	174543	128
170851	174544	23
170851	177141	74
170851	177932	32
170851	178199	17
170851	178463	14
170851	179773	8
170851	180155	25
170851	180697	17
170851	182781	7
170851	182898	7
170851	183217	37
170855	170860	4
170855	171579	5
170855	172127	5
170855	172284	4
170855	173192	6
170855	173204	4
170855	174543	16
170855	174544	3
170855	177141	11
170855	177932	8
170855	178199	4
170855	180155	9
170855	180697	3
170855	182781	3
170855	183217	4
170860	171579	2
170860	172127	1
170860	172284	3
170860	173192	3
170860	173204	7
170860	173695	2
170860	174543	7
170860	174544	2
170860	177141	5
170860	177932	4
170860	178199	1
170860	178463	2
170860	180155	3
170860	180697	1
170860	182781	2
170860	182898	3
170860	183217	7
171579	172127	1
171579	172284	6
171579	173192	3
171579	173695	5
171579	174543	10
171579	174544	2
171579	177141	9
171579	177932	16
171579	178463	22
171579	180155	4
171579	180697	13
171579	182781	1
171579	183217	4
172127	172284	4
172127	173192	7
172127	173204	2
172127	173695	1
172127	174543	16
172127	174544	2
172127	177141	14
172127	178199	18
172127	179773	1
172127	180155	1
172127	180697	2
172127	182781	2
172127	182898	1
172127	183217	9
172284	173192	5
172284	173204	2
172284	173695	2
172284	174543	25
172284	174544	2
172284	177141	13
172284	177932	12
172284	178199	5
172284	178463	10
172284	179773	3
172284	180155	10
172284	180697	6
172284	182781	3
172284	182898	1
172284	183217	3
173192	173204	3
173192	173695	3
173192	174543	15
173192	174544	5
173192	177141	6
173192	177932	8
173192	178199	1
173192	178463	5
173192	180155	2
173192	180697	12
173192	182781	4
173192	182898	1
173192	183217	6
173204	173695	2
173204	174543	26
173204	174544	2
173204	177141	5
173204	177932	4
173204	178463	1
173204	180155	4
173204	180697	1
173204	182781	1
173204	182898	2
173204	183217	3
173695	174543	35
173695	174544	2
173695	177141	13
173695	177932	10
173695	178199	1
173695	178463	4
173695	179773	5
173695	180155	1
173695	180697	3
173695	182781	1
173695	182898	2
173695	183217	4
174543	174544	15
174543	177141	62
174543	177932	40
174543	178199	9
174543	178463	21
174543	179773	16
174543	180155	16
174543	180697	17
174543	182781	14
174543	182898	13
174543	183217	18
174544	177141	4
174544	177932	6
174544	178199	3
174544	178463	3
174544	179773	1
174544	180155	3
174544	180697	4
174544	182781	5
174544	182898	3
174544	183217	3
177141	177932	8
177141	178199	6
177141	178463	3
177141	179773	7
177141	180155	6
177141	180697	7
177141	182781	5
177141	182898	4
177141	183217	14
177932	178199	2
177932	178463	38
177932	179773	1
177932	180155	8
177932	180697	19
177932	182781	2
177932	183217	13
178199	178463	1
178199	179773	2
178199	180155	1
178199	180697	1
178199	182781	1
178199	182898	2
178199	183217	14
178463	179773	1
178463	180155	4
178463	180697	25
178463	182781	3
178463	183217	3
179773	180155	3
179773	180697	1
179773	182781	1
179773	182898	2
179773	183217	1
180155	180697	4
180155	182781	1
180155	183217	9
180697	182781	3
180697	182898	2
180697	183217	5
182781	182898	1
182781	183217	2
182898	183217	4
