1	2	13
1	3	15
1	4	12
1	5	4
1	6	8
1	7	9
1	8	10
1	9	8
1	10	8
1	11	9
1	12	10
1	13	12
1	14	9
1	15	5
1	16	13
1	17	9
1	18	6
1	19	13
1	20	5
1	21	9
1	22	11
1	23	8
1	24	13
1	25	8
1	26	10
1	27	9
1	28	8
1	29	8
1	30	9
1	31	11
1	32	11
1	33	6
1	34	11
1	35	14
1	36	12
1	37	7
1	38	9
1	39	7
1	40	13
1	41	9
1	42	9
1	43	12
1	44	11
1	45	8
1	46	7
1	47	8
1	48	11
1	49	10
1	50	11
1	51	10
1	52	9
1	53	10
1	54	1
1	55	10
1	56	10
1	57	7
1	58	6
1	59	6
1	60	8
1	61	8
1	62	12
1	63	11
1	64	8
1	65	8
1	66	8
1	67	1
1	68	3
1	69	8
1	70	3
1	71	10
1	72	10
1	73	7
1	74	9
1	75	5
1	76	8
1	77	4
1	78	5
1	79	3
1	80	10
1	81	11
1	82	9
1	83	10
1	84	8
1	85	8
1	86	2
1	87	12
1	88	5
1	89	8
1	90	6
1	91	3
1	92	1
1	93	7
1	94	9
1	95	4
1	96	5
1	97	11
1	98	6
1	99	5
1	100	7
1	101	14
1	102	5
1	103	6
1	104	10
1	105	8
1	106	5
1	107	9
1	108	7
1	109	8
1	110	9
1	111	4
1	112	10
1	113	12
1	114	9
1	115	6
1	116	6
1	117	9
1	118	15
1	119	9
1	120	5
1	121	8
1	122	5
1	123	3
1	124	8
1	125	10
1	126	3
1	127	7
1	128	7
1	129	14
1	130	11
1	131	6
1	132	7
1	133	4
1	134	7
1	135	9
1	136	4
1	137	8
1	138	11
1	139	4
1	140	6
1	141	8
1	142	14
1	143	6
1	144	11
1	146	7
1	147	9
1	148	12
1	149	4
1	150	7
1	152	5
1	153	8
1	154	14
1	155	2
1	156	5
1	157	8
1	158	9
1	159	10
1	160	6
1	161	12
1	162	6
1	163	6
1	164	4
1	165	5
1	166	4
1	167	8
1	168	7
1	169	5
1	170	6
1	171	6
1	172	8
1	173	7
1	174	8
1	175	1
1	176	9
1	177	7
1	178	7
1	179	7
1	180	8
1	181	13
1	182	8
1	183	5
1	184	11
1	185	9
1	186	1
1	187	10
1	188	4
1	189	10
1	190	4
1	191	2
1	192	6
1	193	11
1	194	8
1	195	7
1	196	1
1	197	9
1	198	7
1	200	5
1	201	5
1	202	3
1	203	7
1	204	9
1	205	10
1	206	7
1	207	1
1	208	5
1	209	1
1	210	3
1	211	4
1	212	7
1	213	4
1	214	5
1	215	7
1	216	6
1	217	1
1	218	6
1	219	5
1	220	4
1	221	3
1	222	4
1	223	4
1	224	4
1	225	4
1	226	3
1	227	9
1	228	3
1	230	5
1	231	4
1	232	5
1	233	5
1	234	7
1	235	1
1	236	6
1	237	7
1	238	10
1	240	6
1	241	7
1	242	8
1	243	1
1	244	5
1	245	4
1	246	6
1	247	6
1	248	8
1	249	4
1	250	4
1	251	6
1	253	8
1	254	8
1	255	5
1	256	8
1	257	3
1	258	5
1	259	11
1	260	4
1	261	2
1	262	9
1	263	9
1	264	7
1	267	3
1	268	8
1	269	7
1	272	5
1	273	7
1	274	10
1	275	6
1	276	6
1	277	4
1	278	8
1	279	6
1	281	4
1	282	7
1	283	3
1	284	9
1	285	8
1	286	7
1	287	4
1	288	5
1	289	3
1	290	3
1	292	6
1	293	5
1	294	5
1	295	8
1	296	8
1	297	8
1	298	8
1	299	4
1	300	4
1	302	7
1	303	4
1	304	1
1	305	4
1	306	7
1	307	6
1	308	5
1	309	6
1	310	6
1	311	5
1	312	7
1	313	2
1	314	3
1	315	1
1	317	8
1	318	2
1	320	7
1	321	2
1	322	6
1	324	4
1	325	1
1	326	3
1	328	1
1	329	7
1	330	5
1	331	5
1	332	6
1	333	7
1	334	8
1	335	3
1	336	6
1	337	7
1	338	9
1	339	7
1	340	1
1	341	5
1	342	6
1	344	5
1	346	6
1	347	6
1	348	3
1	349	1
1	350	5
1	351	7
1	352	4
1	353	9
1	355	1
1	357	8
1	358	9
1	359	6
1	360	6
2	3	13
2	4	15
2	5	4
2	6	7
2	7	13
2	8	9
2	9	6
2	10	10
2	11	9
2	12	9
2	13	10
2	14	7
2	15	7
2	16	9
2	17	7
2	18	7
2	19	8
2	20	11
2	21	8
2	22	10
2	23	7
2	24	7
2	25	14
2	26	30
2	27	7
2	28	11
2	29	8
2	30	11
2	31	9
2	32	23
2	33	7
2	34	9
2	35	14
2	36	10
2	37	6
2	38	9
2	39	7
2	40	7
2	41	13
2	42	23
2	43	12
2	44	32
2	45	11
2	46	8
2	47	6
2	48	7
2	49	13
2	50	9
2	51	8
2	52	19
2	53	10
2	54	2
2	55	8
2	56	7
2	57	7
2	58	9
2	59	6
2	60	11
2	61	8
2	62	10
2	63	11
2	64	14
2	65	7
2	66	10
2	67	1
2	68	3
2	69	10
2	70	4
2	71	9
2	72	15
2	73	11
2	74	13
2	75	7
2	76	7
2	77	7
2	78	6
2	79	4
2	80	8
2	81	9
2	82	10
2	83	11
2	84	11
2	85	11
2	86	1
2	87	13
2	88	7
2	89	9
2	90	6
2	91	3
2	92	1
2	93	10
2	94	11
2	95	7
2	96	7
2	97	11
2	98	9
2	99	5
2	100	6
2	101	13
2	102	5
2	103	7
2	104	12
2	105	11
2	106	6
2	107	6
2	108	9
2	109	8
2	110	9
2	111	5
2	112	8
2	113	13
2	114	7
2	115	6
2	116	7
2	117	8
2	118	13
2	119	7
2	120	7
2	121	5
2	122	7
2	123	3
2	124	9
2	125	9
2	126	5
2	127	8
2	128	6
2	129	13
2	130	9
2	131	4
2	132	10
2	133	4
2	134	7
2	135	8
2	136	5
2	137	7
2	138	11
2	139	6
2	140	6
2	141	7
2	142	10
2	143	6
2	144	10
2	146	6
2	147	7
2	148	11
2	149	3
2	150	5
2	152	5
2	153	8
2	154	10
2	155	2
2	156	8
2	157	9
2	158	11
2	159	9
2	160	7
2	161	15
2	162	5
2	163	6
2	164	4
2	165	6
2	166	4
2	167	8
2	168	7
2	169	8
2	170	8
2	171	8
2	172	9
2	173	7
2	174	5
2	175	3
2	176	8
2	177	12
2	178	7
2	179	6
2	180	7
2	181	14
2	182	8
2	183	8
2	184	8
2	185	8
2	186	1
2	187	10
2	188	4
2	189	7
2	190	5
2	191	2
2	192	8
2	193	7
2	194	7
2	195	6
2	196	1
2	197	12
2	198	8
2	200	4
2	201	6
2	202	4
2	203	8
2	204	6
2	205	9
2	206	6
2	208	10
2	209	1
2	210	3
2	211	8
2	212	7
2	213	4
2	214	11
2	215	7
2	216	5
2	217	2
2	218	7
2	219	4
2	220	4
2	221	4
2	222	6
2	223	4
2	224	5
2	225	3
2	226	4
2	227	8
2	228	7
2	229	2
2	230	5
2	231	4
2	232	6
2	233	5
2	234	10
2	235	3
2	236	5
2	237	6
2	238	8
2	240	7
2	241	6
2	242	6
2	243	1
2	244	4
2	245	5
2	246	4
2	247	5
2	248	7
2	249	4
2	250	8
2	251	5
2	253	7
2	254	6
2	255	4
2	256	8
2	257	5
2	258	7
2	259	9
2	260	11
2	261	3
2	262	6
2	263	6
2	264	7
2	267	3
2	268	6
2	269	8
2	272	5
2	273	12
2	274	8
2	275	8
2	276	5
2	277	4
2	278	8
2	279	7
2	281	4
2	282	8
2	283	4
2	284	9
2	285	7
2	286	9
2	287	6
2	288	4
2	289	3
2	290	3
2	292	5
2	293	4
2	294	6
2	295	4
2	296	8
2	297	5
2	298	10
2	299	6
2	300	5
2	302	8
2	303	7
2	304	2
2	305	6
2	306	5
2	307	6
2	308	6
2	309	6
2	310	7
2	311	5
2	312	10
2	313	2
2	314	4
2	315	1
2	317	4
2	318	3
2	320	5
2	321	3
2	322	6
2	324	4
2	326	4
2	328	2
2	329	6
2	330	5
2	331	5
2	332	8
2	333	9
2	334	6
2	335	3
2	336	7
2	337	6
2	338	7
2	339	9
2	340	1
2	341	4
2	342	6
2	344	7
2	346	7
2	347	5
2	348	5
2	349	1
2	350	6
2	351	6
2	352	4
2	353	7
2	355	1
2	357	8
2	358	7
2	359	6
2	360	5
3	4	13
3	5	4
3	6	6
3	7	8
3	8	12
3	9	10
3	10	12
3	11	9
3	12	12
3	13	13
3	14	11
3	15	5
3	16	13
3	17	9
3	18	9
3	19	10
3	20	8
3	21	15
3	22	12
3	23	8
3	24	17
3	25	9
3	26	10
3	27	15
3	28	10
3	29	13
3	30	8
3	31	14
3	32	10
3	33	6
3	34	12
3	35	11
3	36	14
3	37	8
3	38	8
3	39	8
3	40	9
3	41	14
3	42	7
3	43	13
3	44	13
3	45	12
3	46	8
3	47	9
3	48	16
3	49	12
3	50	16
3	51	10
3	52	8
3	53	10
3	54	1
3	55	8
3	56	10
3	57	10
3	58	7
3	59	8
3	60	18
3	61	6
3	62	9
3	63	11
3	64	10
3	65	10
3	66	11
3	67	1
3	68	5
3	69	10
3	70	6
3	71	9
3	72	7
3	73	5
3	74	14
3	75	6
3	76	8
3	77	6
3	78	7
3	79	4
3	80	11
3	81	10
3	82	9
3	83	11
3	84	8
3	85	6
3	86	1
3	87	12
3	88	4
3	89	11
3	90	5
3	91	3
3	92	1
3	93	6
3	94	11
3	95	8
3	96	7
3	97	13
3	98	7
3	99	5
3	100	5
3	101	13
3	102	4
3	103	6
3	104	10
3	105	7
3	106	7
3	107	9
3	108	7
3	109	9
3	110	9
3	111	5
3	112	9
3	113	13
3	114	8
3	115	7
3	116	7
3	117	12
3	118	15
3	119	12
3	120	5
3	121	7
3	122	9
3	123	5
3	124	10
3	125	11
3	126	6
3	127	10
3	128	5
3	129	17
3	130	9
3	131	8
3	132	5
3	133	5
3	134	8
3	135	11
3	136	6
3	137	8
3	138	19
3	139	7
3	140	10
3	141	9
3	142	20
3	143	6
3	144	9
3	146	6
3	147	6
3	148	13
3	149	5
3	150	4
3	151	1
3	152	7
3	153	9
3	154	11
3	155	4
3	156	6
3	157	8
3	158	10
3	159	12
3	160	10
3	161	14
3	162	5
3	163	7
3	164	4
3	165	6
3	166	6
3	167	11
3	168	8
3	169	7
3	170	8
3	171	7
3	172	10
3	173	7
3	174	7
3	175	4
3	176	11
3	177	6
3	178	8
3	179	9
3	180	9
3	181	12
3	182	10
3	183	7
3	184	10
3	185	8
3	186	1
3	187	12
3	188	7
3	189	10
3	190	6
3	191	3
3	192	8
3	193	7
3	194	7
3	195	12
3	196	2
3	197	14
3	198	8
3	200	4
3	201	6
3	202	5
3	203	5
3	204	6
3	205	9
3	206	6
3	208	8
3	209	1
3	210	4
3	211	6
3	212	9
3	213	5
3	214	7
3	215	6
3	216	5
3	217	1
3	218	9
3	219	5
3	220	4
3	221	5
3	222	10
3	223	9
3	224	4
3	225	8
3	226	4
3	227	10
3	228	4
3	229	2
3	230	5
3	231	5
3	232	5
3	233	5
3	234	12
3	235	2
3	236	6
3	237	10
3	238	9
3	240	7
3	241	7
3	242	8
3	243	2
3	244	5
3	245	5
3	246	4
3	247	5
3	248	10
3	249	5
3	250	8
3	251	6
3	253	8
3	254	8
3	255	3
3	256	10
3	257	4
3	258	6
3	259	10
3	260	5
3	261	4
3	262	12
3	263	10
3	264	5
3	267	3
3	268	4
3	269	8
3	270	1
3	272	4
3	273	7
3	274	10
3	275	6
3	276	5
3	277	4
3	278	5
3	279	6
3	281	4
3	282	9
3	283	4
3	284	14
3	285	9
3	286	10
3	287	7
3	288	4
3	289	5
3	290	4
3	292	7
3	293	6
3	294	4
3	295	5
3	296	9
3	297	7
3	298	11
3	299	8
3	300	4
3	302	10
3	303	8
3	304	4
3	305	4
3	306	9
3	307	6
3	308	4
3	309	8
3	310	7
3	311	6
3	312	12
3	313	2
3	314	3
3	315	3
3	317	7
3	318	5
3	320	6
3	321	3
3	322	6
3	324	5
3	326	4
3	328	3
3	329	7
3	330	6
3	331	7
3	332	10
3	333	10
3	334	6
3	335	2
3	336	6
3	337	4
3	338	8
3	339	9
3	340	1
3	341	4
3	342	6
3	344	8
3	346	7
3	347	6
3	348	4
3	350	6
3	351	8
3	352	5
3	353	4
3	354	3
3	355	1
3	357	9
3	358	13
3	359	7
3	360	4
4	5	5
4	6	6
4	7	10
4	8	9
4	9	8
4	10	9
4	11	7
4	12	9
4	13	9
4	14	9
4	15	4
4	16	13
4	17	8
4	18	9
4	19	11
4	20	9
4	21	11
4	22	9
4	23	8
4	24	11
4	25	6
4	26	14
4	27	11
4	28	7
4	29	8
4	30	12
4	31	9
4	32	14
4	33	5
4	34	9
4	35	9
4	36	6
4	37	8
4	38	7
4	39	7
4	40	9
4	41	11
4	42	7
4	43	10
4	44	12
4	45	8
4	46	7
4	47	7
4	48	8
4	49	14
4	50	10
4	51	10
4	52	11
4	53	9
4	54	1
4	55	10
4	56	9
4	57	7
4	58	7
4	59	5
4	60	14
4	61	8
4	62	10
4	63	11
4	64	8
4	65	9
4	66	9
4	67	2
4	68	4
4	69	10
4	70	4
4	71	7
4	72	13
4	73	4
4	74	12
4	75	6
4	76	7
4	77	5
4	78	7
4	79	6
4	80	10
4	81	9
4	82	10
4	83	8
4	84	9
4	85	9
4	86	1
4	87	12
4	88	7
4	89	8
4	90	7
4	91	3
4	92	2
4	93	7
4	94	11
4	95	9
4	96	7
4	97	14
4	98	8
4	99	5
4	100	6
4	101	11
4	102	6
4	103	6
4	104	11
4	105	10
4	106	6
4	107	7
4	108	8
4	109	9
4	110	10
4	111	4
4	112	8
4	113	7
4	114	8
4	115	6
4	116	7
4	117	7
4	118	12
4	119	7
4	120	5
4	121	6
4	122	8
4	123	4
4	124	7
4	125	10
4	126	7
4	127	7
4	128	6
4	129	13
4	130	6
4	131	6
4	132	7
4	133	4
4	134	5
4	135	10
4	136	7
4	137	9
4	138	13
4	139	6
4	140	8
4	141	7
4	142	12
4	143	7
4	144	8
4	146	5
4	147	6
4	148	11
4	149	4
4	150	5
4	152	5
4	153	7
4	154	9
4	155	3
4	156	5
4	157	8
4	158	8
4	159	11
4	160	6
4	161	14
4	162	5
4	163	7
4	164	3
4	165	6
4	166	6
4	167	8
4	168	7
4	169	5
4	170	5
4	171	6
4	172	7
4	173	8
4	174	8
4	175	2
4	176	10
4	177	7
4	178	7
4	179	9
4	180	8
4	181	11
4	182	8
4	183	7
4	184	8
4	185	7
4	186	1
4	187	9
4	188	4
4	189	10
4	190	5
4	191	3
4	192	6
4	193	9
4	194	8
4	195	7
4	196	1
4	197	10
4	198	6
4	200	3
4	201	7
4	202	3
4	203	7
4	204	6
4	205	8
4	206	6
4	208	9
4	209	1
4	210	3
4	211	6
4	212	7
4	213	4
4	214	7
4	215	6
4	216	7
4	217	2
4	218	7
4	219	5
4	220	5
4	221	4
4	222	7
4	223	7
4	224	5
4	225	4
4	226	3
4	227	6
4	228	6
4	229	1
4	230	6
4	231	4
4	232	5
4	233	6
4	234	8
4	235	2
4	236	7
4	237	8
4	238	10
4	240	5
4	241	5
4	242	8
4	243	1
4	244	3
4	245	4
4	246	5
4	247	5
4	248	6
4	249	6
4	250	7
4	251	5
4	253	8
4	254	7
4	255	4
4	256	7
4	257	5
4	258	7
4	259	8
4	260	6
4	261	3
4	262	11
4	263	6
4	264	7
4	265	1
4	267	4
4	268	6
4	269	7
4	272	6
4	273	6
4	274	9
4	275	7
4	276	5
4	277	4
4	278	7
4	279	9
4	281	4
4	282	5
4	283	4
4	284	9
4	285	7
4	286	7
4	287	6
4	288	5
4	289	4
4	290	5
4	291	1
4	292	6
4	293	4
4	294	5
4	295	6
4	296	11
4	297	7
4	298	9
4	299	6
4	300	6
4	302	7
4	303	5
4	304	1
4	305	5
4	306	6
4	307	5
4	308	5
4	309	5
4	310	8
4	311	7
4	312	6
4	313	2
4	314	5
4	315	1
4	317	5
4	318	2
4	320	6
4	321	2
4	322	6
4	324	5
4	326	5
4	329	7
4	330	4
4	331	7
4	332	6
4	333	6
4	334	6
4	335	3
4	336	6
4	337	3
4	338	8
4	339	11
4	340	1
4	341	5
4	342	6
4	344	5
4	346	6
4	347	6
4	348	4
4	350	7
4	351	7
4	352	4
4	353	5
4	354	1
4	355	2
4	357	10
4	358	7
4	359	6
4	360	5
5	6	4
5	7	6
5	8	5
5	9	7
5	10	3
5	11	3
5	12	2
5	13	5
5	14	3
5	15	2
5	16	5
5	17	3
5	18	6
5	19	4
5	20	3
5	21	3
5	22	4
5	23	5
5	24	6
5	25	2
5	26	3
5	27	4
5	28	2
5	29	3
5	30	2
5	31	3
5	32	3
5	33	3
5	34	3
5	35	4
5	36	4
5	37	2
5	38	2
5	39	4
5	40	2
5	41	5
5	42	2
5	43	4
5	44	4
5	45	4
5	46	6
5	47	3
5	48	5
5	49	4
5	50	4
5	51	5
5	52	2
5	53	6
5	54	2
5	55	4
5	56	3
5	57	2
5	58	2
5	59	3
5	60	6
5	61	3
5	62	3
5	63	4
5	64	3
5	65	5
5	66	1
5	68	1
5	69	4
5	70	2
5	71	2
5	72	4
5	73	3
5	74	4
5	75	1
5	76	5
5	77	3
5	78	2
5	79	1
5	80	3
5	81	2
5	82	4
5	83	2
5	84	1
5	85	5
5	87	5
5	88	1
5	89	5
5	90	3
5	91	1
5	93	4
5	94	4
5	95	2
5	96	1
5	97	7
5	98	1
5	99	2
5	100	3
5	101	4
5	102	3
5	103	2
5	104	3
5	105	3
5	106	2
5	107	2
5	108	3
5	109	3
5	110	3
5	111	2
5	112	2
5	113	2
5	114	4
5	115	2
5	116	3
5	117	2
5	118	6
5	119	3
5	120	2
5	121	2
5	122	3
5	124	5
5	125	5
5	126	2
5	127	3
5	128	2
5	129	5
5	130	4
5	131	2
5	132	2
5	133	2
5	134	3
5	135	6
5	137	4
5	138	3
5	139	4
5	140	3
5	141	2
5	142	5
5	143	3
5	144	4
5	145	1
5	146	2
5	147	2
5	148	4
5	149	3
5	150	3
5	152	2
5	153	3
5	154	4
5	155	1
5	156	1
5	157	4
5	158	3
5	159	6
5	160	1
5	161	6
5	162	3
5	163	2
5	164	1
5	165	2
5	166	1
5	167	4
5	168	4
5	169	2
5	170	3
5	171	2
5	172	3
5	173	4
5	174	2
5	175	1
5	176	3
5	177	3
5	178	2
5	179	4
5	180	4
5	181	3
5	182	3
5	183	2
5	184	3
5	185	2
5	187	3
5	188	2
5	189	3
5	190	3
5	191	2
5	192	2
5	193	3
5	194	2
5	195	2
5	197	4
5	198	2
5	200	1
5	201	2
5	202	1
5	203	1
5	204	3
5	205	4
5	206	3
5	207	1
5	208	2
5	209	1
5	210	1
5	211	3
5	212	2
5	213	2
5	214	2
5	215	1
5	216	3
5	217	2
5	218	5
5	219	4
5	220	2
5	221	1
5	222	2
5	223	6
5	224	3
5	225	1
5	227	3
5	228	2
5	229	1
5	230	5
5	231	2
5	232	4
5	233	1
5	234	2
5	235	1
5	236	3
5	237	2
5	238	3
5	239	1
5	241	2
5	242	1
5	244	1
5	245	4
5	246	2
5	247	4
5	248	2
5	249	2
5	250	1
5	251	2
5	253	2
5	254	2
5	255	2
5	256	4
5	257	1
5	258	3
5	259	3
5	260	2
5	261	1
5	262	2
5	263	1
5	264	3
5	268	4
5	269	2
5	272	3
5	273	3
5	274	4
5	275	4
5	276	2
5	277	1
5	278	3
5	279	4
5	281	1
5	282	3
5	283	2
5	284	2
5	285	2
5	286	1
5	287	3
5	289	1
5	290	1
5	292	2
5	293	2
5	294	2
5	295	1
5	296	6
5	297	2
5	298	3
5	299	2
5	300	4
5	302	3
5	303	3
5	304	1
5	305	3
5	307	1
5	308	3
5	309	1
5	310	3
5	311	3
5	312	2
5	314	3
5	318	1
5	320	2
5	321	2
5	322	2
5	324	2
5	326	2
5	327	1
5	329	3
5	330	1
5	331	2
5	332	4
5	333	2
5	334	2
5	335	3
5	336	3
5	337	2
5	338	2
5	339	3
5	341	1
5	342	4
5	344	3
5	346	2
5	347	2
5	348	2
5	350	3
5	351	2
5	352	1
5	353	2
5	354	1
5	355	2
5	357	6
5	358	1
5	359	2
5	360	4
6	7	7
6	8	8
6	9	9
6	10	6
6	11	13
6	12	12
6	13	9
6	14	6
6	15	10
6	16	10
6	17	11
6	18	7
6	19	13
6	20	7
6	21	9
6	22	8
6	23	14
6	24	9
6	25	9
6	26	6
6	27	9
6	28	10
6	29	9
6	30	8
6	31	8
6	32	9
6	33	7
6	34	8
6	35	7
6	36	10
6	37	7
6	38	5
6	39	12
6	40	9
6	41	8
6	42	8
6	43	7
6	44	10
6	45	9
6	46	9
6	47	9
6	48	9
6	49	7
6	50	13
6	51	9
6	52	10
6	53	9
6	54	2
6	55	11
6	56	9
6	57	9
6	58	11
6	59	15
6	60	5
6	61	8
6	62	6
6	63	12
6	64	12
6	65	7
6	66	11
6	67	1
6	68	8
6	69	8
6	70	7
6	71	5
6	72	10
6	73	7
6	74	5
6	75	13
6	76	7
6	77	8
6	78	7
6	79	7
6	80	12
6	81	11
6	82	6
6	83	7
6	84	5
6	85	9
6	86	1
6	87	6
6	88	6
6	89	7
6	90	9
6	91	6
6	92	1
6	93	9
6	94	6
6	95	8
6	96	5
6	97	9
6	98	10
6	99	7
6	100	13
6	101	9
6	102	10
6	103	7
6	104	6
6	105	15
6	106	9
6	107	7
6	108	7
6	109	7
6	110	13
6	111	7
6	112	10
6	113	10
6	114	12
6	115	11
6	116	5
6	117	9
6	118	13
6	119	6
6	120	6
6	121	10
6	122	6
6	123	7
6	124	6
6	125	10
6	126	10
6	127	9
6	128	9
6	129	14
6	130	12
6	131	7
6	132	7
6	133	8
6	134	13
6	135	8
6	136	10
6	137	8
6	138	9
6	139	7
6	140	8
6	141	9
6	142	10
6	143	8
6	144	11
6	146	9
6	147	9
6	148	11
6	149	4
6	150	5
6	152	10
6	153	10
6	154	7
6	155	11
6	156	5
6	157	9
6	158	10
6	159	7
6	160	7
6	161	6
6	162	9
6	163	7
6	164	9
6	165	9
6	166	11
6	167	11
6	168	7
6	169	8
6	170	6
6	171	7
6	172	12
6	173	7
6	174	7
6	175	1
6	176	9
6	177	7
6	178	9
6	179	7
6	180	8
6	181	12
6	182	7
6	183	8
6	184	7
6	185	12
6	186	1
6	187	12
6	188	11
6	189	10
6	190	6
6	191	3
6	192	9
6	193	8
6	194	8
6	195	8
6	196	1
6	197	7
6	198	8
6	200	5
6	201	6
6	202	7
6	203	8
6	204	7
6	205	10
6	206	8
6	207	1
6	208	7
6	209	1
6	210	3
6	211	6
6	212	4
6	213	11
6	214	4
6	215	8
6	216	7
6	217	1
6	218	11
6	219	7
6	220	6
6	221	6
6	222	8
6	223	8
6	224	5
6	225	6
6	226	4
6	227	9
6	228	5
6	229	1
6	230	6
6	231	8
6	232	6
6	233	4
6	234	7
6	235	1
6	236	7
6	237	7
6	238	9
6	240	9
6	241	3
6	242	7
6	243	1
6	244	7
6	245	9
6	246	8
6	247	9
6	248	7
6	249	6
6	250	10
6	251	7
6	253	11
6	254	7
6	255	9
6	256	9
6	257	4
6	258	5
6	259	9
6	260	6
6	261	3
6	262	4
6	263	6
6	264	8
6	266	1
6	267	5
6	268	8
6	269	8
6	270	2
6	272	8
6	273	10
6	274	10
6	275	8
6	276	8
6	277	6
6	278	10
6	279	6
6	281	6
6	282	9
6	283	3
6	284	6
6	285	6
6	286	5
6	287	5
6	288	5
6	289	7
6	290	4
6	292	7
6	293	7
6	294	7
6	295	6
6	296	6
6	297	8
6	298	9
6	299	8
6	300	6
6	302	6
6	303	4
6	304	1
6	305	6
6	306	7
6	307	9
6	308	8
6	309	5
6	310	6
6	311	5
6	312	10
6	313	4
6	314	3
6	315	1
6	317	4
6	318	3
6	320	4
6	321	4
6	322	10
6	324	6
6	326	7
6	327	1
6	328	2
6	329	7
6	330	7
6	331	6
6	332	8
6	333	5
6	334	3
6	335	3
6	336	8
6	337	4
6	338	4
6	339	8
6	340	1
6	341	4
6	342	8
6	344	7
6	346	6
6	347	7
6	348	3
6	349	3
6	350	5
6	351	4
6	352	7
6	353	6
6	354	5
6	355	1
6	357	11
6	358	8
6	359	4
6	360	6
7	8	11
7	9	10
7	10	7
7	11	6
7	12	7
7	13	8
7	14	9
7	15	5
7	16	12
7	17	6
7	18	8
7	19	8
7	20	9
7	21	4
7	22	8
7	23	7
7	24	10
7	25	8
7	26	14
7	27	8
7	28	6
7	29	8
7	30	7
7	31	10
7	32	12
7	33	6
7	34	9
7	35	7
7	36	9
7	37	5
7	38	9
7	39	9
7	40	8
7	41	7
7	42	8
7	43	8
7	44	12
7	45	9
7	46	10
7	47	9
7	48	11
7	49	7
7	50	12
7	51	9
7	52	7
7	53	10
7	54	3
7	55	9
7	56	9
7	57	6
7	58	8
7	59	5
7	60	8
7	61	7
7	62	10
7	63	9
7	64	8
7	65	10
7	66	8
7	67	1
7	68	5
7	69	9
7	70	5
7	71	6
7	72	9
7	73	6
7	74	9
7	75	7
7	76	8
7	77	7
7	78	7
7	79	5
7	80	9
7	81	8
7	82	10
7	83	6
7	84	5
7	85	10
7	86	2
7	87	9
7	88	6
7	89	9
7	90	6
7	91	3
7	92	1
7	93	8
7	94	10
7	95	8
7	96	6
7	97	10
7	98	6
7	99	6
7	100	7
7	101	10
7	102	6
7	103	6
7	104	9
7	105	8
7	106	5
7	107	7
7	108	9
7	109	9
7	110	8
7	111	7
7	112	7
7	113	8
7	114	10
7	115	6
7	116	7
7	117	8
7	118	11
7	119	8
7	120	6
7	121	6
7	122	6
7	123	4
7	124	8
7	125	10
7	126	5
7	127	11
7	128	7
7	129	11
7	130	9
7	131	4
7	132	8
7	133	5
7	134	8
7	135	9
7	136	3
7	137	6
7	138	9
7	139	7
7	140	6
7	141	9
7	142	9
7	143	6
7	144	10
7	146	6
7	147	8
7	148	10
7	149	5
7	150	6
7	151	1
7	152	6
7	153	6
7	154	8
7	155	4
7	156	7
7	157	8
7	158	9
7	159	8
7	160	6
7	161	9
7	162	7
7	163	7
7	164	4
7	165	9
7	166	5
7	167	10
7	168	6
7	169	6
7	170	4
7	171	6
7	172	10
7	173	8
7	174	8
7	175	2
7	176	7
7	177	6
7	178	8
7	179	7
7	180	7
7	181	9
7	182	8
7	183	6
7	184	9
7	185	7
7	187	8
7	188	5
7	189	9
7	190	6
7	191	3
7	192	6
7	193	8
7	194	7
7	195	4
7	197	9
7	198	6
7	200	5
7	201	5
7	202	5
7	203	6
7	204	6
7	205	9
7	206	7
7	207	2
7	208	7
7	209	2
7	210	4
7	211	6
7	212	6
7	213	6
7	214	6
7	215	6
7	216	8
7	217	2
7	218	6
7	219	7
7	220	6
7	221	4
7	222	6
7	223	6
7	224	6
7	225	4
7	226	4
7	227	6
7	228	5
7	229	2
7	230	6
7	231	5
7	232	6
7	233	3
7	234	7
7	235	2
7	236	4
7	237	6
7	238	7
7	239	1
7	240	4
7	241	6
7	242	5
7	243	1
7	244	5
7	245	5
7	246	5
7	247	7
7	248	6
7	249	5
7	250	5
7	251	6
7	253	7
7	254	7
7	255	5
7	256	7
7	257	3
7	258	5
7	259	7
7	260	6
7	261	3
7	262	6
7	263	5
7	264	5
7	265	1
7	266	1
7	267	4
7	268	7
7	269	6
7	270	1
7	272	7
7	273	7
7	274	10
7	275	7
7	276	4
7	277	5
7	278	7
7	279	7
7	281	6
7	282	9
7	283	5
7	284	6
7	285	6
7	286	5
7	287	6
7	288	3
7	289	5
7	290	5
7	291	1
7	292	5
7	293	6
7	294	3
7	295	5
7	296	8
7	297	5
7	298	7
7	299	5
7	300	8
7	302	8
7	303	7
7	304	1
7	305	5
7	306	5
7	307	5
7	308	6
7	309	5
7	310	8
7	311	6
7	312	7
7	313	4
7	314	4
7	315	1
7	317	6
7	318	2
7	320	7
7	321	4
7	322	6
7	324	3
7	326	6
7	328	2
7	329	9
7	330	6
7	331	5
7	332	8
7	333	5
7	334	5
7	335	3
7	336	8
7	337	7
7	338	6
7	339	7
7	340	1
7	341	4
7	342	8
7	344	7
7	346	7
7	347	6
7	348	4
7	349	3
7	350	6
7	351	6
7	352	5
7	353	5
7	354	2
7	355	2
7	357	11
7	358	7
7	359	7
7	360	7
8	9	10
8	10	11
8	11	8
8	12	10
8	13	9
8	14	7
8	15	5
8	16	13
8	17	9
8	18	8
8	19	9
8	20	11
8	21	7
8	22	13
8	23	9
8	24	12
8	25	11
8	26	8
8	27	7
8	28	9
8	29	9
8	30	7
8	31	12
8	32	8
8	33	7
8	34	10
8	35	6
8	36	10
8	37	6
8	38	8
8	39	10
8	40	11
8	41	9
8	42	6
8	43	13
8	44	10
8	45	10
8	46	11
8	47	9
8	48	13
8	49	7
8	50	12
8	51	8
8	52	5
8	53	9
8	54	2
8	55	10
8	56	10
8	57	9
8	58	5
8	59	9
8	60	8
8	61	6
8	62	10
8	63	9
8	64	9
8	65	9
8	66	8
8	67	1
8	68	9
8	69	9
8	70	6
8	71	11
8	72	6
8	73	8
8	74	8
8	75	6
8	76	14
8	77	8
8	78	9
8	79	5
8	80	8
8	81	9
8	82	9
8	83	10
8	84	6
8	85	8
8	86	1
8	87	11
8	88	5
8	89	10
8	90	10
8	91	4
8	92	2
8	93	8
8	94	9
8	95	6
8	96	6
8	97	11
8	98	7
8	99	6
8	100	10
8	101	11
8	102	7
8	103	7
8	104	11
8	105	9
8	106	6
8	107	9
8	108	9
8	109	9
8	110	7
8	111	7
8	112	10
8	113	12
8	114	10
8	115	8
8	116	7
8	117	10
8	118	14
8	119	8
8	120	4
8	121	7
8	122	6
8	123	5
8	124	12
8	125	9
8	126	6
8	127	10
8	128	7
8	129	16
8	130	9
8	131	6
8	132	6
8	133	8
8	134	8
8	135	8
8	136	6
8	137	8
8	138	10
8	139	7
8	140	7
8	141	6
8	142	15
8	143	11
8	144	14
8	146	10
8	147	9
8	148	12
8	149	4
8	150	7
8	152	5
8	153	10
8	154	10
8	155	6
8	156	8
8	157	8
8	158	11
8	159	11
8	160	9
8	161	9
8	162	8
8	163	7
8	164	8
8	165	8
8	166	7
8	167	10
8	168	6
8	169	8
8	170	6
8	171	9
8	172	9
8	173	9
8	174	7
8	175	2
8	176	6
8	177	8
8	178	10
8	179	11
8	180	9
8	181	13
8	182	10
8	183	8
8	184	9
8	185	11
8	187	13
8	188	9
8	189	12
8	190	7
8	191	5
8	192	9
8	193	8
8	194	9
8	195	7
8	197	11
8	198	7
8	200	6
8	201	9
8	202	5
8	203	5
8	204	5
8	205	8
8	206	7
8	207	1
8	208	6
8	209	2
8	210	4
8	211	7
8	212	5
8	213	6
8	214	7
8	215	7
8	216	6
8	217	2
8	218	9
8	219	7
8	220	5
8	221	4
8	222	8
8	223	8
8	224	5
8	225	4
8	226	2
8	227	9
8	228	5
8	229	2
8	230	6
8	231	6
8	232	6
8	233	3
8	234	11
8	235	2
8	236	4
8	237	7
8	238	8
8	239	1
8	240	8
8	241	9
8	242	7
8	243	2
8	244	6
8	245	7
8	246	5
8	247	7
8	248	8
8	249	6
8	250	11
8	251	8
8	253	10
8	254	7
8	255	5
8	256	7
8	257	3
8	258	5
8	259	10
8	260	6
8	261	3
8	262	8
8	263	9
8	264	6
8	267	3
8	268	9
8	269	7
8	272	8
8	273	10
8	274	8
8	275	7
8	276	9
8	277	4
8	278	8
8	279	9
8	281	6
8	282	8
8	283	4
8	284	9
8	285	4
8	286	7
8	287	7
8	288	3
8	289	4
8	290	4
8	292	8
8	293	6
8	294	4
8	295	3
8	296	9
8	297	7
8	298	11
8	299	4
8	300	6
8	302	9
8	303	8
8	304	2
8	305	5
8	306	8
8	307	6
8	308	8
8	309	5
8	310	9
8	311	5
8	312	8
8	313	3
8	314	5
8	315	1
8	317	8
8	318	3
8	319	1
8	320	7
8	321	3
8	322	7
8	324	3
8	326	7
8	328	2
8	329	8
8	330	8
8	331	6
8	332	11
8	333	7
8	334	7
8	335	3
8	336	6
8	337	4
8	338	7
8	339	6
8	340	1
8	341	5
8	342	7
8	344	7
8	346	9
8	347	8
8	348	4
8	349	1
8	350	5
8	351	8
8	352	5
8	353	7
8	354	1
8	355	2
8	357	10
8	358	11
8	359	9
8	360	5
9	10	7
9	11	9
9	12	11
9	13	9
9	14	6
9	15	7
9	16	10
9	17	7
9	18	10
9	19	11
9	20	8
9	21	6
9	22	6
9	23	13
9	24	10
9	25	9
9	26	8
9	27	10
9	28	11
9	29	12
9	30	7
9	31	8
9	32	11
9	33	7
9	34	8
9	35	10
9	36	7
9	37	7
9	38	8
9	39	12
9	40	11
9	41	10
9	42	8
9	43	8
9	44	8
9	45	11
9	46	11
9	47	9
9	48	8
9	49	11
9	50	12
9	51	10
9	52	10
9	53	11
9	54	6
9	55	12
9	56	9
9	57	8
9	58	8
9	59	7
9	60	14
9	61	6
9	62	7
9	63	9
9	64	11
9	65	12
9	66	11
9	67	1
9	68	6
9	69	11
9	70	7
9	71	7
9	72	7
9	73	8
9	74	8
9	75	7
9	76	12
9	77	6
9	78	9
9	79	6
9	80	12
9	81	10
9	82	6
9	83	8
9	84	7
9	85	11
9	86	2
9	87	9
9	88	5
9	89	12
9	90	6
9	91	5
9	92	1
9	93	9
9	94	9
9	95	9
9	96	8
9	97	12
9	98	10
9	99	7
9	100	9
9	101	7
9	102	7
9	103	6
9	104	9
9	105	7
9	106	4
9	107	7
9	108	10
9	109	5
9	110	14
9	111	8
9	112	7
9	113	10
9	114	9
9	115	7
9	116	10
9	117	10
9	118	19
9	119	7
9	120	9
9	121	6
9	122	6
9	123	5
9	124	9
9	125	12
9	126	5
9	127	12
9	128	7
9	129	17
9	130	12
9	131	7
9	132	9
9	133	6
9	134	10
9	135	10
9	136	5
9	137	6
9	138	11
9	139	8
9	140	7
9	141	9
9	142	12
9	143	7
9	144	9
9	145	1
9	146	8
9	147	6
9	148	7
9	149	8
9	150	6
9	152	6
9	153	12
9	154	7
9	155	6
9	156	7
9	157	9
9	158	10
9	159	14
9	160	6
9	161	14
9	162	8
9	163	8
9	164	5
9	165	7
9	166	7
9	167	10
9	168	7
9	169	8
9	170	8
9	171	5
9	172	9
9	173	8
9	174	7
9	175	3
9	176	7
9	177	9
9	178	9
9	179	7
9	180	6
9	181	9
9	182	11
9	183	7
9	184	8
9	185	9
9	186	1
9	187	12
9	188	6
9	189	10
9	190	9
9	191	4
9	192	7
9	193	6
9	194	6
9	195	6
9	197	6
9	198	9
9	200	6
9	201	4
9	202	8
9	203	6
9	204	7
9	205	9
9	206	12
9	207	2
9	208	6
9	209	3
9	210	3
9	211	8
9	212	7
9	213	7
9	214	8
9	215	5
9	216	7
9	217	2
9	218	11
9	219	11
9	220	7
9	221	7
9	222	6
9	223	12
9	224	5
9	225	8
9	226	3
9	227	9
9	228	5
9	229	3
9	230	11
9	231	6
9	232	7
9	233	3
9	234	8
9	235	2
9	236	7
9	237	10
9	238	12
9	239	1
9	240	8
9	241	7
9	242	6
9	243	1
9	244	6
9	245	5
9	246	6
9	247	9
9	248	8
9	249	8
9	250	8
9	251	8
9	252	1
9	253	7
9	254	9
9	255	6
9	256	8
9	257	5
9	258	7
9	259	7
9	260	5
9	261	5
9	262	11
9	263	5
9	264	6
9	266	1
9	267	6
9	268	6
9	269	6
9	270	2
9	272	7
9	273	8
9	274	11
9	275	7
9	276	5
9	277	6
9	278	8
9	279	11
9	281	6
9	282	9
9	283	5
9	284	8
9	285	7
9	286	7
9	287	5
9	288	5
9	289	6
9	290	5
9	292	8
9	293	7
9	294	6
9	295	6
9	296	11
9	297	6
9	298	7
9	299	6
9	300	7
9	302	11
9	303	7
9	304	2
9	305	7
9	306	6
9	307	6
9	308	6
9	309	6
9	310	6
9	311	8
9	312	10
9	313	4
9	314	3
9	315	1
9	317	4
9	318	2
9	320	8
9	321	5
9	322	7
9	324	5
9	326	6
9	328	3
9	329	8
9	330	7
9	331	6
9	332	10
9	333	4
9	334	6
9	335	2
9	336	7
9	337	6
9	338	7
9	339	8
9	340	1
9	341	4
9	342	9
9	344	8
9	346	6
9	347	4
9	348	3
9	349	3
9	350	6
9	351	6
9	352	5
9	353	7
9	354	4
9	355	1
9	357	14
9	358	10
9	359	6
9	360	7
10	11	6
10	12	8
10	13	10
10	14	11
10	15	8
10	16	10
10	17	6
10	18	6
10	19	7
10	20	10
10	21	10
10	22	10
10	23	5
10	24	9
10	25	8
10	26	9
10	27	6
10	28	6
10	29	8
10	30	7
10	31	8
10	32	10
10	33	6
10	34	9
10	35	9
10	36	8
10	37	9
10	38	7
10	39	9
10	40	8
10	41	11
10	42	8
10	43	7
10	44	9
10	45	10
10	46	6
10	47	6
10	48	11
10	49	10
10	50	7
10	51	7
10	52	9
10	53	12
10	55	10
10	56	9
10	57	9
10	58	6
10	59	6
10	60	9
10	61	7
10	62	8
10	63	6
10	64	8
10	65	8
10	66	9
10	67	1
10	68	5
10	69	12
10	70	5
10	71	7
10	72	8
10	73	5
10	74	12
10	75	6
10	76	5
10	77	6
10	78	7
10	79	6
10	80	8
10	81	8
10	82	7
10	83	7
10	84	11
10	85	7
10	86	2
10	87	12
10	88	5
10	89	6
10	90	5
10	91	4
10	92	3
10	93	6
10	94	9
10	95	9
10	96	7
10	97	12
10	98	9
10	99	5
10	100	4
10	101	12
10	102	6
10	103	8
10	104	11
10	105	7
10	106	5
10	107	7
10	108	7
10	109	8
10	110	10
10	111	5
10	112	8
10	113	12
10	114	7
10	115	5
10	116	9
10	117	8
10	118	12
10	119	4
10	120	8
10	121	6
10	122	7
10	123	4
10	124	8
10	125	9
10	126	9
10	127	9
10	128	7
10	129	10
10	130	6
10	131	4
10	132	4
10	133	6
10	134	6
10	135	8
10	136	7
10	137	8
10	138	11
10	139	6
10	140	7
10	141	7
10	142	8
10	143	7
10	144	11
10	145	1
10	146	5
10	147	7
10	148	8
10	149	3
10	150	6
10	152	6
10	153	6
10	154	10
10	155	3
10	156	8
10	157	5
10	158	11
10	159	8
10	160	7
10	161	10
10	162	5
10	163	7
10	164	4
10	165	4
10	166	5
10	167	8
10	168	10
10	169	7
10	170	6
10	171	7
10	172	7
10	173	9
10	174	4
10	175	2
10	176	8
10	177	6
10	178	5
10	179	8
10	180	8
10	181	13
10	182	6
10	183	8
10	184	6
10	185	6
10	186	1
10	187	7
10	188	4
10	189	8
10	190	5
10	191	5
10	192	7
10	193	8
10	194	7
10	195	5
10	196	1
10	197	12
10	198	7
10	200	4
10	201	6
10	202	4
10	203	6
10	204	6
10	205	9
10	206	9
10	208	7
10	209	1
10	210	4
10	211	5
10	212	7
10	213	4
10	214	7
10	215	6
10	216	7
10	217	1
10	218	5
10	219	6
10	220	6
10	221	5
10	222	6
10	223	6
10	224	3
10	225	3
10	226	3
10	227	7
10	228	5
10	229	1
10	230	7
10	231	4
10	232	7
10	233	6
10	234	11
10	235	3
10	236	5
10	237	10
10	238	9
10	240	3
10	241	8
10	242	7
10	243	2
10	244	4
10	245	7
10	246	5
10	247	4
10	248	4
10	249	6
10	250	6
10	251	4
10	253	9
10	254	7
10	255	5
10	256	7
10	257	4
10	258	7
10	259	9
10	260	5
10	261	3
10	262	8
10	263	7
10	264	5
10	267	5
10	268	7
10	269	7
10	272	6
10	273	5
10	274	8
10	275	9
10	276	6
10	277	5
10	278	6
10	279	6
10	281	3
10	282	4
10	283	4
10	284	8
10	285	8
10	286	8
10	287	6
10	288	3
10	289	5
10	290	6
10	291	1
10	292	6
10	293	5
10	294	3
10	295	3
10	296	7
10	297	7
10	298	12
10	299	6
10	300	5
10	302	7
10	303	8
10	305	7
10	306	6
10	307	6
10	308	5
10	309	7
10	310	7
10	311	6
10	312	6
10	313	3
10	314	3
10	315	2
10	317	5
10	318	3
10	320	5
10	321	2
10	322	7
10	324	7
10	325	1
10	326	5
10	329	5
10	330	6
10	331	5
10	332	9
10	333	9
10	334	7
10	335	1
10	336	5
10	337	2
10	338	7
10	339	9
10	340	1
10	341	6
10	342	6
10	344	7
10	346	7
10	347	6
10	348	4
10	349	2
10	350	6
10	351	7
10	352	6
10	353	6
10	354	1
10	355	1
10	357	7
10	358	6
10	359	8
10	360	3
11	12	12
11	13	6
11	14	4
11	15	8
11	16	11
11	17	18
11	18	5
11	19	14
11	20	6
11	21	8
11	22	8
11	23	10
11	24	8
11	25	11
11	26	7
11	27	9
11	28	10
11	29	7
11	30	10
11	31	7
11	32	13
11	33	9
11	34	9
11	35	8
11	36	9
11	37	10
11	38	8
11	39	12
11	40	10
11	41	7
11	42	9
11	43	6
11	44	11
11	45	11
11	46	8
11	47	9
11	48	5
11	49	10
11	50	9
11	51	8
11	52	9
11	53	10
11	54	1
11	55	13
11	56	7
11	57	8
11	58	11
11	59	12
11	60	8
11	61	9
11	62	8
11	63	9
11	64	13
11	65	7
11	66	9
11	67	1
11	68	15
11	69	12
11	70	12
11	71	11
11	72	10
11	73	14
11	74	7
11	75	13
11	76	15
11	77	11
11	78	11
11	79	12
11	80	16
11	81	12
11	82	8
11	83	11
11	84	8
11	85	7
11	87	6
11	88	11
11	89	8
11	90	14
11	91	9
11	92	3
11	93	12
11	94	8
11	95	9
11	96	6
11	97	9
11	98	18
11	99	8
11	100	13
11	101	10
11	102	10
11	103	8
11	104	9
11	105	16
11	106	10
11	107	9
11	108	9
11	109	9
11	110	12
11	111	8
11	112	13
11	113	11
11	114	13
11	115	11
11	116	6
11	117	8
11	118	16
11	119	6
11	120	8
11	121	11
11	122	9
11	123	12
11	124	6
11	125	11
11	126	10
11	127	9
11	128	10
11	129	16
11	130	13
11	131	9
11	132	7
11	133	9
11	134	16
11	135	6
11	136	13
11	137	7
11	138	13
11	139	8
11	140	10
11	141	8
11	142	16
11	143	9
11	144	13
11	146	13
11	147	15
11	148	12
11	149	4
11	150	7
11	152	12
11	153	17
11	154	6
11	155	11
11	156	6
11	157	16
11	158	12
11	159	7
11	160	10
11	161	7
11	162	11
11	163	7
11	164	11
11	165	11
11	166	15
11	167	9
11	168	6
11	169	8
11	170	6
11	171	12
11	172	13
11	173	6
11	174	7
11	175	1
11	176	8
11	177	8
11	178	11
11	179	8
11	180	10
11	181	14
11	182	6
11	183	8
11	184	8
11	185	15
11	186	1
11	187	15
11	188	12
11	189	14
11	190	7
11	191	5
11	192	13
11	193	7
11	194	9
11	195	9
11	196	1
11	197	6
11	198	7
11	200	8
11	201	9
11	202	9
11	203	13
11	204	7
11	205	10
11	206	7
11	207	1
11	208	9
11	210	4
11	211	9
11	212	8
11	213	11
11	214	7
11	215	13
11	216	5
11	217	1
11	218	13
11	219	8
11	220	6
11	221	7
11	222	8
11	223	10
11	224	3
11	225	6
11	226	5
11	227	11
11	228	6
11	229	1
11	230	6
11	231	6
11	232	7
11	233	5
11	234	13
11	235	1
11	236	8
11	237	6
11	238	10
11	240	13
11	241	6
11	242	10
11	243	1
11	244	12
11	245	9
11	246	10
11	247	7
11	248	8
11	249	7
11	250	14
11	251	10
11	253	14
11	254	9
11	255	6
11	256	5
11	257	10
11	258	6
11	259	9
11	260	6
11	261	3
11	262	7
11	263	11
11	264	10
11	265	1
11	267	6
11	268	12
11	269	12
11	270	1
11	271	1
11	272	8
11	273	12
11	274	11
11	275	9
11	276	9
11	277	7
11	278	9
11	279	6
11	281	9
11	282	10
11	283	2
11	284	10
11	285	10
11	286	6
11	287	6
11	288	8
11	289	9
11	290	5
11	292	8
11	293	7
11	294	8
11	295	9
11	296	5
11	297	11
11	298	14
11	299	6
11	300	6
11	302	9
11	303	5
11	305	8
11	306	7
11	307	8
11	308	11
11	309	5
11	310	7
11	311	5
11	312	10
11	313	3
11	314	2
11	315	1
11	317	8
11	318	3
11	320	5
11	321	2
11	322	10
11	324	8
11	326	9
11	328	1
11	329	7
11	330	7
11	331	7
11	332	8
11	333	5
11	334	8
11	335	2
11	336	7
11	337	4
11	338	7
11	339	12
11	340	1
11	341	6
11	342	7
11	344	5
11	346	9
11	347	7
11	348	2
11	349	1
11	350	7
11	351	7
11	352	7
11	353	8
11	354	4
11	357	12
11	358	12
11	359	7
11	360	5
12	13	6
12	14	6
12	15	10
12	16	10
12	17	12
12	18	5
12	19	17
12	20	10
12	21	10
12	22	10
12	23	12
12	24	10
12	25	11
12	26	9
12	27	11
12	28	10
12	29	10
12	30	11
12	31	12
12	32	13
12	33	8
12	34	11
12	35	6
12	36	8
12	37	11
12	38	9
12	39	13
12	40	14
12	41	8
12	42	10
12	43	10
12	44	12
12	45	10
12	46	9
12	47	13
12	48	10
12	49	10
12	50	15
12	51	11
12	52	10
12	53	10
12	54	1
12	55	11
12	56	9
12	57	10
12	58	11
12	59	11
12	60	8
12	61	10
12	62	10
12	63	11
12	64	12
12	65	9
12	66	11
12	67	1
12	68	9
12	69	12
12	70	8
12	71	11
12	72	8
12	73	9
12	74	9
12	75	9
12	76	9
12	77	7
12	78	10
12	79	8
12	80	16
12	81	10
12	82	6
12	83	13
12	84	9
12	85	8
12	86	2
12	87	7
12	88	7
12	89	8
12	90	8
12	91	5
12	92	1
12	93	10
12	94	7
12	95	11
12	96	9
12	97	10
12	98	12
12	99	7
12	100	9
12	101	10
12	102	8
12	103	9
12	104	9
12	105	14
12	106	7
12	107	11
12	108	7
12	109	9
12	110	13
12	111	7
12	112	13
12	113	12
12	114	13
12	115	8
12	116	9
12	117	10
12	118	14
12	119	7
12	120	7
12	121	11
12	122	9
12	123	8
12	124	6
12	125	9
12	126	11
12	127	11
12	128	7
12	129	20
12	130	11
12	131	11
12	132	8
12	133	7
12	134	11
12	135	6
12	136	11
12	137	7
12	138	10
12	139	7
12	140	9
12	141	7
12	142	13
12	143	10
12	144	13
12	146	8
12	147	8
12	148	11
12	149	6
12	150	10
12	152	10
12	153	11
12	154	7
12	155	11
12	156	6
12	157	8
12	158	16
12	159	5
12	160	10
12	161	9
12	162	7
12	163	9
12	164	8
12	165	8
12	166	14
12	167	12
12	168	8
12	169	7
12	170	5
12	171	8
12	172	12
12	173	9
12	174	6
12	175	2
12	176	9
12	177	11
12	178	10
12	179	10
12	180	9
12	181	12
12	182	10
12	183	7
12	184	10
12	185	10
12	186	1
12	187	12
12	188	9
12	189	15
12	190	8
12	191	6
12	192	11
12	193	9
12	194	10
12	195	7
12	196	1
12	197	7
12	198	11
12	200	6
12	201	6
12	202	7
12	203	8
12	204	8
12	205	8
12	206	9
12	207	1
12	208	8
12	209	1
12	210	4
12	211	8
12	212	4
12	213	9
12	214	7
12	215	11
12	216	6
12	217	1
12	218	9
12	219	5
12	220	6
12	221	9
12	222	9
12	223	7
12	224	4
12	225	9
12	226	4
12	227	13
12	228	6
12	229	3
12	230	6
12	231	8
12	232	6
12	233	5
12	234	12
12	235	2
12	236	8
12	237	9
12	238	11
12	240	9
12	241	7
12	242	9
12	243	1
12	244	9
12	245	7
12	246	8
12	247	5
12	248	7
12	249	7
12	250	10
12	251	9
12	253	10
12	254	10
12	255	7
12	256	6
12	257	6
12	258	7
12	259	8
12	260	5
12	261	4
12	262	10
12	263	9
12	264	7
12	266	1
12	267	5
12	268	6
12	269	10
12	270	2
12	272	7
12	273	11
12	274	9
12	275	8
12	276	8
12	277	6
12	278	6
12	279	5
12	281	6
12	282	11
12	283	5
12	284	10
12	285	8
12	286	6
12	287	7
12	288	5
12	289	7
12	290	6
12	292	9
12	293	8
12	294	6
12	295	6
12	296	5
12	297	9
12	298	10
12	299	7
12	300	5
12	302	8
12	303	7
12	305	7
12	306	10
12	307	9
12	308	6
12	309	8
12	310	9
12	311	5
12	312	11
12	313	4
12	314	2
12	315	1
12	317	6
12	318	3
12	319	1
12	320	7
12	321	3
12	322	9
12	324	7
12	326	9
12	328	2
12	329	9
12	330	10
12	331	6
12	332	11
12	333	7
12	334	6
12	335	1
12	336	6
12	337	4
12	338	9
12	339	10
12	340	1
12	341	6
12	342	7
12	344	6
12	346	8
12	347	5
12	348	3
12	349	4
12	350	6
12	351	6
12	352	7
12	353	6
12	354	5
12	356	1
12	357	12
12	358	12
12	359	8
12	360	4
13	14	12
13	15	6
13	16	17
13	17	8
13	18	9
13	19	8
13	20	10
13	21	9
13	22	8
13	23	11
13	24	9
13	25	6
13	26	8
13	27	8
13	28	12
13	29	10
13	30	6
13	31	6
13	32	10
13	33	4
13	34	8
13	35	19
13	36	12
13	37	5
13	38	5
13	39	11
13	40	10
13	41	12
13	42	6
13	43	12
13	44	7
13	45	10
13	46	9
13	47	5
13	48	11
13	49	8
13	50	9
13	51	9
13	52	9
13	53	10
13	54	3
13	55	10
13	56	9
13	57	9
13	58	7
13	59	6
13	60	13
13	61	6
13	62	11
13	63	9
13	64	7
13	65	10
13	66	8
13	67	1
13	68	3
13	69	6
13	70	5
13	71	5
13	72	9
13	73	4
13	74	9
13	75	9
13	76	3
13	77	5
13	78	4
13	79	3
13	80	8
13	81	11
13	82	5
13	83	5
13	84	6
13	85	8
13	86	2
13	87	10
13	88	4
13	89	10
13	90	6
13	91	4
13	92	1
13	93	6
13	94	13
13	95	8
13	96	5
13	97	8
13	98	8
13	99	5
13	100	5
13	101	8
13	102	6
13	103	4
13	104	9
13	105	7
13	106	4
13	107	10
13	108	8
13	109	10
13	110	10
13	111	4
13	112	7
13	113	12
13	114	9
13	115	7
13	116	6
13	117	10
13	118	18
13	119	6
13	120	5
13	121	6
13	122	6
13	123	4
13	124	6
13	125	10
13	126	3
13	127	10
13	128	7
13	129	10
13	130	9
13	131	4
13	132	7
13	133	3
13	134	11
13	135	10
13	136	4
13	137	7
13	138	15
13	139	7
13	140	8
13	141	11
13	142	9
13	143	5
13	144	11
13	145	2
13	146	8
13	147	9
13	148	8
13	149	4
13	150	6
13	152	5
13	153	7
13	154	10
13	155	4
13	156	3
13	157	12
13	158	8
13	159	11
13	160	4
13	161	13
13	162	4
13	163	5
13	164	3
13	165	6
13	166	6
13	167	10
13	168	8
13	169	7
13	170	7
13	171	6
13	172	6
13	173	8
13	174	10
13	175	3
13	176	7
13	177	6
13	178	6
13	179	5
13	180	6
13	181	17
13	182	7
13	183	8
13	184	6
13	185	7
13	186	1
13	187	8
13	188	7
13	189	7
13	190	8
13	191	2
13	192	4
13	193	7
13	194	7
13	195	5
13	196	1
13	197	8
13	198	5
13	200	4
13	201	3
13	202	3
13	203	4
13	204	6
13	205	9
13	206	11
13	207	2
13	208	8
13	209	1
13	210	4
13	211	5
13	212	10
13	213	5
13	214	2
13	215	7
13	216	7
13	217	1
13	218	6
13	219	9
13	220	5
13	221	6
13	222	6
13	223	10
13	224	5
13	225	4
13	226	3
13	227	6
13	228	4
13	229	1
13	230	9
13	231	4
13	232	7
13	233	4
13	234	7
13	235	1
13	236	6
13	237	8
13	238	11
13	240	4
13	241	5
13	242	4
13	243	2
13	244	5
13	245	5
13	246	6
13	247	8
13	248	7
13	249	6
13	250	4
13	251	5
13	252	2
13	253	10
13	254	7
13	255	4
13	256	8
13	257	4
13	258	4
13	259	8
13	260	6
13	261	2
13	262	6
13	263	5
13	264	9
13	265	1
13	266	1
13	267	4
13	268	9
13	269	5
13	270	1
13	272	5
13	273	4
13	274	12
13	275	6
13	276	4
13	277	5
13	278	5
13	279	8
13	280	1
13	281	6
13	282	5
13	283	3
13	284	7
13	285	6
13	286	6
13	287	6
13	288	3
13	289	5
13	290	4
13	292	2
13	293	5
13	294	2
13	295	4
13	296	7
13	297	5
13	298	7
13	299	9
13	300	6
13	302	6
13	303	6
13	304	2
13	305	4
13	306	7
13	307	6
13	308	4
13	309	4
13	310	7
13	311	4
13	312	11
13	313	3
13	314	4
13	315	4
13	317	4
13	318	3
13	320	7
13	321	3
13	322	6
13	324	6
13	326	5
13	328	2
13	329	6
13	330	6
13	331	6
13	332	7
13	333	5
13	334	2
13	335	4
13	336	7
13	337	6
13	338	4
13	339	8
13	341	4
13	342	7
13	344	7
13	346	3
13	347	4
13	348	2
13	349	2
13	350	5
13	351	7
13	352	5
13	353	7
13	354	4
13	355	1
13	357	10
13	358	5
13	359	4
13	360	7
14	15	9
14	16	14
14	17	6
14	18	9
14	19	8
14	20	13
14	21	6
14	22	7
14	23	7
14	24	8
14	25	5
14	26	12
14	27	5
14	28	4
14	29	8
14	30	7
14	31	6
14	32	12
14	33	7
14	34	6
14	35	11
14	36	6
14	37	7
14	38	6
14	39	6
14	40	7
14	41	10
14	42	6
14	43	7
14	44	12
14	45	9
14	46	5
14	47	7
14	48	11
14	49	8
14	50	8
14	51	7
14	52	7
14	53	9
14	54	1
14	55	8
14	56	10
14	57	7
14	58	7
14	59	4
14	60	7
14	61	7
14	62	8
14	63	8
14	64	8
14	65	11
14	66	7
14	67	1
14	68	4
14	69	8
14	70	5
14	71	5
14	72	5
14	73	4
14	74	8
14	75	7
14	76	5
14	77	5
14	78	5
14	79	4
14	80	9
14	81	7
14	82	9
14	83	5
14	84	7
14	85	6
14	86	3
14	87	8
14	88	5
14	89	9
14	90	4
14	91	5
14	92	2
14	93	5
14	94	10
14	95	13
14	96	6
14	97	8
14	98	9
14	99	5
14	100	3
14	101	8
14	102	5
14	103	6
14	104	11
14	105	8
14	106	4
14	107	9
14	108	6
14	109	10
14	110	7
14	111	4
14	112	5
14	113	10
14	114	9
14	115	6
14	116	7
14	117	9
14	118	13
14	119	6
14	120	8
14	121	5
14	122	5
14	123	5
14	124	5
14	125	12
14	126	6
14	127	11
14	128	5
14	129	10
14	130	6
14	131	3
14	132	6
14	133	5
14	134	6
14	135	8
14	136	2
14	137	9
14	138	8
14	139	5
14	140	6
14	141	9
14	142	6
14	143	5
14	144	8
14	146	6
14	147	7
14	148	8
14	149	4
14	150	5
14	152	6
14	153	4
14	154	8
14	155	3
14	156	7
14	157	6
14	158	11
14	159	9
14	160	5
14	161	7
14	162	3
14	163	7
14	164	5
14	165	6
14	166	3
14	167	9
14	168	11
14	169	8
14	170	10
14	171	8
14	172	6
14	173	10
14	174	8
14	175	2
14	176	10
14	177	7
14	178	6
14	179	6
14	180	8
14	181	14
14	182	5
14	183	9
14	184	8
14	185	6
14	186	1
14	187	5
14	188	4
14	189	7
14	190	6
14	191	3
14	192	5
14	193	11
14	194	9
14	195	9
14	196	1
14	197	9
14	198	8
14	200	4
14	201	5
14	202	4
14	203	7
14	204	3
14	205	7
14	206	7
14	207	1
14	208	3
14	209	1
14	210	4
14	211	8
14	212	9
14	213	4
14	214	4
14	215	6
14	216	10
14	217	1
14	218	4
14	219	4
14	220	6
14	221	5
14	222	5
14	223	6
14	224	3
14	225	3
14	226	2
14	227	6
14	228	5
14	229	2
14	230	8
14	231	4
14	232	7
14	233	4
14	234	7
14	235	2
14	236	6
14	237	9
14	238	8
14	240	3
14	241	7
14	242	5
14	243	1
14	244	2
14	245	3
14	246	6
14	247	3
14	248	6
14	249	8
14	250	6
14	251	5
14	253	8
14	254	7
14	255	6
14	256	7
14	257	3
14	258	7
14	259	6
14	260	5
14	261	2
14	262	7
14	263	7
14	264	5
14	265	2
14	266	1
14	267	5
14	268	5
14	269	7
14	270	1
14	272	7
14	273	3
14	274	8
14	275	4
14	276	5
14	277	5
14	278	4
14	279	9
14	281	3
14	282	4
14	283	5
14	284	8
14	285	9
14	286	6
14	287	7
14	288	4
14	289	5
14	290	4
14	291	1
14	292	5
14	293	8
14	294	3
14	295	6
14	296	8
14	297	3
14	298	8
14	299	6
14	300	8
14	302	7
14	303	6
14	305	8
14	306	6
14	307	8
14	308	5
14	309	5
14	310	8
14	311	7
14	312	7
14	313	3
14	314	4
14	315	2
14	317	4
14	318	2
14	320	6
14	321	3
14	322	5
14	324	6
14	326	5
14	328	2
14	329	7
14	330	6
14	331	5
14	332	6
14	333	8
14	334	6
14	335	1
14	336	5
14	337	4
14	338	5
14	339	8
14	341	4
14	342	6
14	344	7
14	346	7
14	347	6
14	348	2
14	349	2
14	350	6
14	351	10
14	352	5
14	353	5
14	354	4
14	355	1
14	357	7
14	358	5
14	359	12
14	360	3
15	16	8
15	17	9
15	18	6
15	19	11
15	20	9
15	21	5
15	22	6
15	23	10
15	24	3
15	25	7
15	26	11
15	27	6
15	28	6
15	29	8
15	30	9
15	31	5
15	32	13
15	33	10
15	34	7
15	35	7
15	36	9
15	37	9
15	38	7
15	39	9
15	40	7
15	41	8
15	42	9
15	43	6
15	44	10
15	45	11
15	46	7
15	47	9
15	48	7
15	49	6
15	50	9
15	51	8
15	52	9
15	53	6
15	54	2
15	55	8
15	56	9
15	57	8
15	58	8
15	59	8
15	60	6
15	61	7
15	62	7
15	63	9
15	64	14
15	65	6
15	66	8
15	67	1
15	68	9
15	69	11
15	70	6
15	71	6
15	72	7
15	73	7
15	74	6
15	75	10
15	76	6
15	77	8
15	78	7
15	79	6
15	80	15
15	81	6
15	82	5
15	83	6
15	84	6
15	85	10
15	86	1
15	87	4
15	88	7
15	89	6
15	90	7
15	91	6
15	92	1
15	93	8
15	94	9
15	95	12
15	96	7
15	97	5
15	98	13
15	99	9
15	100	6
15	101	7
15	102	5
15	103	7
15	104	11
15	105	10
15	106	6
15	107	6
15	108	6
15	109	10
15	110	9
15	111	5
15	112	8
15	113	7
15	114	11
15	115	6
15	116	6
15	117	8
15	118	11
15	119	7
15	120	9
15	121	8
15	122	8
15	123	5
15	124	4
15	125	7
15	126	6
15	127	10
15	128	5
15	129	12
15	130	8
15	131	5
15	132	6
15	133	6
15	134	10
15	135	6
15	136	6
15	137	7
15	138	4
15	139	7
15	140	9
15	141	6
15	142	9
15	143	5
15	144	9
15	146	7
15	147	6
15	148	6
15	149	4
15	150	5
15	151	1
15	152	8
15	153	8
15	154	4
15	155	6
15	156	6
15	157	11
15	158	17
15	159	6
15	160	5
15	161	5
15	162	5
15	163	9
15	164	8
15	165	10
15	166	6
15	167	8
15	168	11
15	169	10
15	170	11
15	171	9
15	172	8
15	173	7
15	174	9
15	175	2
15	176	9
15	177	9
15	178	9
15	179	5
15	180	6
15	181	14
15	182	7
15	183	8
15	184	7
15	185	6
15	186	1
15	187	6
15	188	8
15	189	10
15	190	7
15	191	5
15	192	8
15	193	13
15	194	7
15	195	6
15	196	1
15	197	6
15	198	10
15	200	6
15	201	4
15	202	8
15	203	6
15	204	3
15	205	7
15	206	7
15	207	2
15	208	6
15	210	3
15	211	7
15	212	5
15	213	8
15	214	5
15	215	8
15	216	9
15	217	1
15	218	8
15	219	4
15	220	6
15	221	5
15	222	6
15	223	5
15	224	3
15	225	5
15	226	3
15	227	9
15	228	4
15	229	2
15	230	8
15	231	3
15	232	8
15	233	4
15	234	6
15	235	3
15	236	7
15	237	7
15	238	10
15	240	9
15	241	5
15	242	9
15	243	1
15	244	5
15	245	5
15	246	7
15	247	4
15	248	6
15	249	8
15	250	8
15	251	6
15	253	10
15	254	7
15	255	10
15	256	6
15	257	6
15	258	5
15	259	5
15	260	4
15	261	3
15	262	5
15	263	5
15	264	5
15	265	1
15	266	1
15	267	5
15	268	6
15	269	8
15	270	2
15	272	6
15	273	7
15	274	7
15	275	6
15	276	6
15	277	5
15	278	7
15	279	9
15	281	4
15	282	8
15	283	5
15	284	7
15	285	7
15	286	5
15	287	4
15	288	6
15	289	6
15	290	4
15	292	6
15	293	6
15	294	4
15	295	8
15	296	4
15	297	4
15	298	7
15	299	8
15	300	5
15	302	6
15	303	6
15	305	9
15	306	4
15	307	9
15	308	5
15	309	8
15	310	7
15	311	5
15	312	9
15	313	3
15	314	2
15	315	1
15	317	3
15	318	3
15	320	4
15	321	5
15	322	8
15	324	7
15	325	1
15	326	6
15	328	2
15	329	9
15	330	8
15	331	4
15	332	8
15	333	9
15	334	10
15	335	1
15	336	7
15	337	3
15	338	4
15	339	11
15	341	5
15	342	7
15	344	7
15	346	6
15	347	3
15	348	5
15	349	4
15	350	5
15	351	5
15	352	8
15	353	6
15	354	5
15	357	8
15	358	8
15	359	9
15	360	3
16	17	12
16	18	10
16	19	10
16	20	11
16	21	7
16	22	9
16	23	12
16	24	12
16	25	10
16	26	12
16	27	11
16	28	10
16	29	11
16	30	9
16	31	11
16	32	14
16	33	7
16	34	9
16	35	14
16	36	10
16	37	8
16	38	8
16	39	13
16	40	12
16	41	11
16	42	8
16	43	9
16	44	8
16	45	11
16	46	11
16	47	12
16	48	11
16	49	8
16	50	13
16	51	13
16	52	10
16	53	10
16	54	3
16	55	12
16	56	13
16	57	8
16	58	10
16	59	10
16	60	13
16	61	9
16	62	14
16	63	13
16	64	10
16	65	11
16	66	11
16	67	1
16	68	10
16	69	12
16	70	10
16	71	8
16	72	11
16	73	7
16	74	12
16	75	10
16	76	8
16	77	7
16	78	8
16	79	10
16	80	11
16	81	13
16	82	10
16	83	10
16	84	10
16	85	11
16	86	3
16	87	11
16	88	8
16	89	16
16	90	8
16	91	7
16	92	3
16	93	11
16	94	17
16	95	13
16	96	8
16	97	11
16	98	13
16	99	8
16	100	7
16	101	10
16	102	10
16	103	11
16	104	13
16	105	10
16	106	9
16	107	11
16	108	9
16	109	18
16	110	9
16	111	9
16	112	10
16	113	12
16	114	12
16	115	8
16	116	11
16	117	13
16	118	19
16	119	8
16	120	9
16	121	12
16	122	9
16	123	8
16	124	10
16	125	18
16	126	12
16	127	11
16	128	9
16	129	19
16	130	14
16	131	6
16	132	7
16	133	8
16	134	15
16	135	13
16	136	9
16	137	10
16	138	15
16	139	14
16	140	10
16	141	11
16	142	15
16	143	8
16	144	12
16	146	10
16	147	14
16	148	12
16	149	3
16	150	7
16	151	1
16	152	10
16	153	10
16	154	9
16	155	8
16	156	8
16	157	17
16	158	13
16	159	10
16	160	9
16	161	11
16	162	7
16	163	8
16	164	11
16	165	10
16	166	10
16	167	11
16	168	9
16	169	6
16	170	6
16	171	8
16	172	15
16	173	9
16	174	13
16	175	2
16	176	10
16	177	6
16	178	7
16	179	9
16	180	9
16	181	21
16	182	10
16	183	11
16	184	9
16	185	10
16	187	11
16	188	12
16	189	12
16	190	8
16	191	5
16	192	10
16	193	9
16	194	9
16	195	9
16	196	1
16	197	10
16	198	7
16	200	6
16	201	8
16	202	7
16	203	7
16	204	8
16	205	11
16	206	9
16	207	2
16	208	10
16	209	1
16	210	5
16	211	11
16	212	9
16	213	10
16	214	8
16	215	10
16	216	10
16	217	2
16	218	9
16	219	11
16	220	8
16	221	9
16	222	10
16	223	9
16	224	7
16	225	6
16	226	5
16	227	11
16	228	8
16	229	5
16	230	7
16	231	7
16	232	7
16	233	5
16	234	11
16	235	2
16	236	9
16	237	10
16	238	14
16	240	8
16	241	7
16	242	6
16	243	1
16	244	8
16	245	8
16	246	8
16	247	8
16	248	8
16	249	11
16	250	10
16	251	10
16	253	13
16	254	9
16	255	6
16	256	10
16	257	6
16	258	7
16	259	8
16	260	7
16	261	4
16	262	10
16	263	9
16	264	9
16	265	1
16	266	1
16	267	6
16	268	11
16	269	9
16	270	2
16	271	1
16	272	10
16	273	7
16	274	13
16	275	10
16	276	6
16	277	10
16	278	9
16	279	12
16	281	7
16	282	9
16	283	5
16	284	9
16	285	9
16	286	9
16	287	9
16	288	5
16	289	8
16	290	7
16	291	2
16	292	7
16	293	8
16	294	8
16	295	7
16	296	7
16	297	11
16	298	12
16	299	8
16	300	9
16	302	8
16	303	8
16	304	1
16	305	8
16	306	12
16	307	7
16	308	8
16	309	7
16	310	8
16	311	8
16	312	10
16	313	4
16	314	6
16	315	1
16	317	10
16	318	3
16	320	8
16	321	4
16	322	11
16	324	8
16	326	10
16	328	2
16	329	10
16	330	9
16	331	8
16	332	10
16	333	5
16	334	5
16	335	3
16	336	9
16	337	5
16	338	9
16	339	11
16	340	1
16	341	8
16	342	10
16	344	9
16	346	8
16	347	8
16	348	4
16	349	2
16	350	9
16	351	9
16	352	7
16	353	10
16	354	6
16	355	2
16	357	15
16	358	9
16	359	7
16	360	7
17	18	5
17	19	11
17	20	9
17	21	7
17	22	7
17	23	7
17	24	7
17	25	7
17	26	6
17	27	7
17	28	6
17	29	7
17	30	9
17	31	9
17	32	9
17	33	6
17	34	9
17	35	8
17	36	10
17	37	11
17	38	8
17	39	11
17	40	8
17	41	10
17	42	5
17	43	10
17	44	8
17	45	10
17	46	9
17	47	10
17	48	6
17	49	6
17	50	9
17	51	10
17	52	10
17	53	7
17	54	2
17	55	11
17	56	9
17	57	8
17	58	11
17	59	12
17	60	6
17	61	11
17	62	9
17	63	13
17	64	9
17	65	9
17	66	6
17	67	1
17	68	15
17	69	10
17	70	11
17	71	10
17	72	9
17	73	11
17	74	8
17	75	11
17	76	11
17	77	12
17	78	12
17	79	10
17	80	14
17	81	12
17	82	9
17	83	12
17	84	9
17	85	7
17	86	1
17	87	7
17	88	12
17	89	10
17	90	10
17	91	7
17	92	2
17	93	12
17	94	6
17	95	10
17	96	6
17	97	9
17	98	16
17	99	6
17	100	8
17	101	10
17	102	9
17	103	7
17	104	10
17	105	17
17	106	11
17	107	8
17	108	5
17	109	14
17	110	8
17	111	10
17	112	10
17	113	11
17	114	12
17	115	9
17	116	7
17	117	10
17	118	14
17	119	8
17	120	7
17	121	11
17	122	7
17	123	11
17	124	7
17	125	10
17	126	9
17	127	11
17	128	10
17	129	16
17	130	14
17	131	8
17	132	6
17	133	10
17	134	16
17	135	9
17	136	10
17	137	11
17	138	9
17	139	7
17	140	10
17	141	7
17	142	12
17	143	9
17	144	16
17	146	10
17	147	14
17	148	11
17	149	5
17	150	7
17	152	10
17	153	14
17	154	7
17	155	11
17	156	4
17	157	15
17	158	13
17	159	8
17	160	9
17	161	8
17	162	8
17	163	8
17	164	9
17	165	9
17	166	14
17	167	8
17	168	8
17	169	7
17	170	8
17	171	12
17	172	11
17	173	7
17	174	8
17	175	2
17	176	9
17	177	8
17	178	9
17	179	8
17	180	9
17	181	13
17	182	7
17	183	8
17	184	7
17	185	12
17	186	1
17	187	14
17	188	13
17	189	13
17	190	9
17	191	5
17	192	12
17	193	13
17	194	7
17	195	9
17	196	1
17	197	7
17	198	6
17	200	8
17	201	9
17	202	9
17	203	10
17	204	7
17	205	8
17	206	8
17	207	1
17	208	12
17	209	1
17	210	3
17	211	9
17	212	11
17	213	8
17	214	8
17	215	11
17	216	7
17	217	1
17	218	12
17	219	6
17	220	6
17	221	5
17	222	8
17	223	8
17	224	5
17	225	7
17	226	5
17	227	10
17	228	8
17	229	5
17	230	7
17	231	6
17	232	6
17	233	5
17	234	11
17	235	2
17	236	11
17	237	6
17	238	12
17	240	8
17	241	6
17	242	7
17	243	1
17	244	10
17	245	8
17	246	8
17	247	6
17	248	9
17	249	9
17	250	9
17	251	9
17	253	14
17	254	8
17	255	8
17	256	5
17	257	9
17	258	7
17	259	8
17	260	6
17	261	5
17	262	6
17	263	10
17	264	7
17	266	1
17	267	6
17	268	9
17	269	12
17	270	1
17	271	1
17	272	8
17	273	11
17	274	11
17	275	9
17	276	9
17	277	6
17	278	5
17	279	8
17	281	9
17	282	10
17	283	4
17	284	8
17	285	8
17	286	6
17	287	7
17	288	7
17	289	8
17	290	5
17	292	6
17	293	9
17	294	6
17	295	9
17	296	6
17	297	7
17	298	11
17	299	8
17	300	7
17	302	5
17	303	6
17	304	1
17	305	8
17	306	8
17	307	7
17	308	10
17	309	7
17	310	10
17	311	6
17	312	7
17	313	3
17	314	3
17	315	1
17	317	7
17	318	3
17	320	5
17	321	3
17	322	9
17	324	6
17	326	11
17	328	1
17	329	9
17	330	7
17	331	10
17	332	8
17	333	6
17	334	9
17	335	2
17	336	7
17	337	3
17	338	8
17	339	10
17	340	1
17	341	7
17	342	6
17	344	7
17	346	11
17	347	7
17	348	4
17	349	1
17	350	9
17	351	7
17	352	7
17	353	10
17	354	3
17	355	1
17	357	15
17	358	10
17	359	9
17	360	5
18	19	6
18	20	11
18	21	11
18	22	5
18	23	8
18	24	4
18	25	6
18	26	9
18	27	9
18	28	7
18	29	7
18	30	6
18	31	4
18	32	11
18	33	6
18	34	5
18	35	11
18	36	8
18	37	8
18	38	7
18	39	8
18	40	7
18	41	12
18	42	6
18	43	8
18	44	7
18	45	10
18	46	6
18	47	8
18	48	8
18	49	7
18	50	8
18	51	9
18	52	6
18	53	7
18	54	4
18	55	9
18	56	9
18	57	7
18	58	7
18	59	5
18	60	9
18	61	4
18	62	11
18	63	8
18	64	8
18	65	8
18	66	5
18	67	1
18	68	5
18	69	8
18	70	4
18	71	4
18	72	6
18	73	4
18	74	7
18	75	8
18	76	8
18	77	5
18	78	8
18	79	8
18	80	5
18	81	7
18	82	6
18	83	6
18	84	6
18	85	8
18	86	2
18	87	9
18	88	4
18	89	13
18	90	4
18	91	7
18	92	2
18	93	6
18	94	9
18	95	8
18	96	6
18	97	10
18	98	10
18	99	5
18	100	4
18	101	8
18	102	7
18	103	6
18	104	9
18	105	4
18	106	6
18	107	6
18	108	6
18	109	11
18	110	9
18	111	6
18	112	4
18	113	6
18	114	6
18	115	8
18	116	6
18	117	7
18	118	15
18	119	7
18	120	4
18	121	8
18	122	5
18	123	5
18	124	11
18	125	15
18	126	5
18	127	11
18	128	4
18	129	11
18	130	8
18	131	5
18	132	5
18	133	5
18	134	7
18	135	11
18	136	2
18	137	7
18	138	10
18	139	8
18	140	10
18	141	9
18	142	8
18	143	6
18	144	6
18	146	5
18	147	5
18	148	6
18	149	5
18	150	7
18	152	4
18	153	7
18	154	7
18	155	4
18	156	4
18	157	9
18	158	11
18	159	13
18	160	4
18	161	15
18	162	4
18	163	4
18	164	5
18	165	6
18	166	5
18	167	8
18	168	8
18	169	8
18	170	11
18	171	3
18	172	8
18	173	6
18	174	9
18	175	2
18	176	8
18	177	6
18	178	7
18	179	7
18	180	5
18	181	9
18	182	6
18	183	10
18	184	5
18	185	7
18	186	1
18	187	4
18	188	5
18	189	5
18	190	8
18	191	4
18	192	5
18	193	7
18	194	7
18	195	7
18	197	7
18	198	7
18	200	5
18	201	5
18	202	6
18	203	5
18	204	7
18	205	9
18	206	7
18	207	1
18	208	5
18	209	2
18	210	4
18	211	8
18	212	11
18	213	5
18	214	6
18	215	3
18	216	8
18	217	3
18	218	6
18	219	6
18	220	6
18	221	6
18	222	9
18	223	9
18	224	5
18	225	4
18	226	2
18	227	8
18	228	6
18	229	5
18	230	8
18	231	5
18	232	5
18	233	3
18	234	4
18	235	2
18	236	9
18	237	10
18	238	9
18	239	1
18	240	6
18	241	6
18	242	3
18	243	1
18	244	3
18	245	4
18	246	7
18	247	8
18	248	5
18	249	6
18	250	7
18	251	7
18	253	11
18	254	7
18	255	3
18	256	10
18	257	7
18	258	4
18	259	7
18	260	7
18	261	4
18	262	5
18	263	3
18	264	4
18	265	1
18	266	1
18	267	5
18	268	5
18	269	5
18	270	2
18	272	7
18	273	6
18	274	10
18	275	4
18	276	5
18	277	6
18	278	8
18	279	9
18	281	4
18	282	5
18	283	4
18	284	8
18	285	7
18	286	8
18	287	5
18	288	5
18	289	6
18	290	4
18	291	1
18	292	5
18	293	5
18	294	4
18	295	5
18	296	9
18	297	6
18	298	6
18	299	7
18	300	7
18	302	10
18	303	8
18	304	2
18	305	5
18	306	4
18	307	5
18	308	5
18	309	7
18	310	6
18	311	7
18	312	6
18	313	2
18	314	7
18	315	1
18	316	1
18	317	1
18	318	3
18	320	6
18	321	5
18	322	6
18	324	4
18	326	4
18	328	4
18	329	7
18	330	5
18	331	7
18	332	5
18	333	4
18	334	5
18	335	4
18	336	10
18	337	6
18	338	4
18	339	13
18	341	7
18	342	8
18	344	10
18	346	4
18	347	5
18	348	3
18	349	1
18	350	7
18	351	5
18	352	3
18	353	7
18	354	4
18	355	3
18	357	8
18	358	5
18	359	5
18	360	6
19	20	8
19	21	8
19	22	10
19	23	12
19	24	10
19	25	11
19	26	10
19	27	9
19	28	8
19	29	14
19	30	9
19	31	10
19	32	14
19	33	7
19	34	8
19	35	9
19	36	11
19	37	11
19	38	9
19	39	16
19	40	14
19	41	9
19	42	11
19	43	7
19	44	12
19	45	11
19	46	9
19	47	11
19	48	8
19	49	6
19	50	13
19	51	9
19	52	11
19	53	11
19	54	1
19	55	14
19	56	11
19	57	11
19	58	10
19	59	13
19	60	14
19	61	7
19	62	9
19	63	12
19	64	17
19	65	8
19	66	14
19	67	1
19	68	8
19	69	10
19	70	7
19	71	11
19	72	8
19	73	10
19	74	7
19	75	9
19	76	12
19	77	8
19	78	9
19	79	7
19	80	13
19	81	9
19	82	6
19	83	10
19	84	8
19	85	10
19	86	2
19	87	6
19	88	7
19	89	7
19	90	7
19	91	6
19	92	1
19	93	8
19	94	9
19	95	9
19	96	9
19	97	11
19	98	11
19	99	8
19	100	10
19	101	11
19	102	6
19	103	9
19	104	10
19	105	15
19	106	8
19	107	12
19	108	7
19	109	10
19	110	14
19	111	6
19	112	14
19	113	9
19	114	10
19	115	8
19	116	8
19	117	9
19	118	16
19	119	9
19	120	8
19	121	9
19	122	8
19	123	7
19	124	5
19	125	9
19	126	9
19	127	10
19	128	6
19	129	17
19	130	10
19	131	9
19	132	6
19	133	7
19	134	12
19	135	5
19	136	11
19	137	8
19	138	10
19	139	5
19	140	9
19	141	6
19	142	16
19	143	8
19	144	14
19	146	5
19	147	6
19	148	8
19	149	6
19	150	5
19	152	9
19	153	11
19	154	6
19	155	10
19	156	8
19	157	8
19	158	13
19	159	9
19	160	9
19	161	11
19	162	8
19	163	9
19	164	9
19	165	11
19	166	11
19	167	13
19	168	9
19	169	9
19	170	5
19	171	8
19	172	15
19	173	6
19	174	7
19	175	2
19	176	10
19	177	8
19	178	9
19	179	7
19	180	9
19	181	10
19	182	9
19	183	6
19	184	9
19	185	9
19	186	1
19	187	16
19	188	7
19	189	15
19	190	7
19	191	4
19	192	9
19	193	10
19	194	8
19	195	8
19	196	1
19	197	6
19	198	9
19	200	7
19	201	7
19	202	6
19	203	8
19	204	8
19	205	10
19	206	9
19	207	2
19	208	5
19	209	2
19	210	4
19	211	8
19	212	6
19	213	9
19	214	6
19	215	9
19	216	5
19	217	1
19	218	9
19	219	4
19	220	6
19	221	6
19	222	5
19	223	9
19	224	3
19	225	5
19	226	3
19	227	12
19	228	4
19	229	3
19	230	6
19	231	4
19	232	6
19	233	4
19	234	11
19	235	2
19	236	8
19	237	8
19	238	10
19	239	1
19	240	12
19	241	7
19	242	9
19	243	1
19	244	8
19	245	4
19	246	10
19	247	7
19	248	7
19	249	10
19	250	13
19	251	8
19	253	11
19	254	10
19	255	7
19	256	8
19	257	6
19	258	5
19	259	8
19	260	6
19	261	3
19	262	14
19	263	7
19	264	4
19	266	1
19	267	4
19	268	8
19	269	10
19	270	2
19	272	7
19	273	11
19	274	8
19	275	8
19	276	6
19	277	5
19	278	7
19	279	5
19	281	5
19	282	12
19	283	6
19	284	10
19	285	10
19	286	6
19	287	4
19	288	6
19	289	7
19	290	5
19	291	1
19	292	9
19	293	6
19	294	4
19	295	7
19	296	7
19	297	7
19	298	12
19	299	6
19	300	7
19	302	7
19	303	7
19	305	6
19	306	12
19	307	9
19	308	6
19	309	5
19	310	8
19	311	5
19	312	12
19	313	3
19	314	3
19	315	1
19	317	7
19	318	2
19	319	2
19	320	8
19	321	4
19	322	10
19	324	6
19	326	7
19	328	3
19	329	8
19	330	9
19	331	4
19	332	11
19	333	6
19	334	7
19	335	2
19	336	4
19	337	5
19	338	9
19	339	9
19	341	5
19	342	6
19	344	6
19	346	9
19	347	5
19	348	2
19	349	3
19	350	5
19	351	5
19	352	6
19	353	7
19	354	4
19	356	1
19	357	17
19	358	11
19	359	8
19	360	4
19	361	1
20	21	5
20	22	7
20	23	9
20	24	9
20	25	7
20	26	15
20	27	5
20	28	8
20	29	7
20	30	10
20	31	6
20	32	13
20	33	4
20	34	6
20	35	7
20	36	6
20	37	4
20	38	11
20	39	8
20	40	7
20	41	5
20	42	5
20	43	13
20	44	15
20	45	8
20	46	7
20	47	8
20	48	6
20	49	10
20	50	7
20	51	7
20	52	8
20	53	8
20	54	2
20	55	6
20	56	7
20	57	10
20	58	8
20	59	5
20	60	5
20	61	8
20	62	11
20	63	11
20	64	12
20	65	8
20	66	8
20	67	2
20	68	7
20	69	9
20	70	4
20	71	7
20	72	7
20	73	9
20	74	7
20	75	8
20	76	7
20	77	5
20	78	9
20	79	6
20	80	11
20	81	6
20	82	7
20	83	7
20	84	11
20	85	7
20	86	1
20	87	15
20	88	6
20	89	9
20	90	4
20	91	4
20	92	1
20	93	10
20	94	7
20	95	14
20	96	10
20	97	11
20	98	12
20	99	5
20	100	6
20	101	8
20	102	6
20	103	5
20	104	13
20	105	8
20	106	5
20	107	10
20	108	10
20	109	11
20	110	5
20	111	6
20	112	5
20	113	9
20	114	9
20	115	7
20	116	5
20	117	7
20	118	11
20	119	5
20	120	4
20	121	6
20	122	5
20	123	5
20	124	6
20	125	8
20	126	7
20	127	10
20	128	7
20	129	13
20	130	7
20	131	9
20	132	6
20	133	5
20	134	7
20	135	11
20	136	6
20	137	5
20	138	7
20	139	7
20	140	8
20	141	8
20	142	7
20	143	8
20	144	10
20	146	7
20	147	7
20	148	7
20	149	3
20	150	5
20	152	6
20	153	7
20	154	5
20	155	4
20	156	5
20	157	8
20	158	15
20	159	10
20	160	5
20	161	8
20	162	6
20	163	6
20	164	5
20	165	8
20	166	6
20	167	9
20	168	10
20	169	10
20	170	10
20	171	10
20	172	8
20	173	9
20	174	7
20	175	2
20	176	8
20	177	9
20	178	7
20	179	8
20	180	6
20	181	9
20	182	6
20	183	7
20	184	8
20	185	7
20	187	6
20	188	5
20	189	7
20	190	7
20	191	6
20	192	9
20	193	14
20	194	8
20	195	6
20	197	8
20	198	6
20	200	3
20	201	8
20	202	7
20	203	6
20	204	2
20	205	6
20	206	4
20	207	2
20	208	9
20	209	1
20	210	4
20	211	8
20	212	10
20	213	5
20	214	7
20	215	6
20	216	9
20	217	1
20	218	4
20	219	7
20	220	5
20	221	4
20	222	8
20	223	5
20	224	3
20	225	4
20	226	3
20	227	8
20	228	9
20	229	2
20	230	8
20	231	5
20	232	5
20	233	2
20	234	9
20	235	2
20	236	5
20	237	8
20	238	6
20	240	7
20	241	8
20	242	8
20	243	1
20	244	6
20	245	4
20	246	4
20	247	5
20	248	4
20	249	5
20	250	6
20	251	8
20	253	9
20	254	4
20	255	9
20	256	4
20	257	8
20	258	5
20	259	4
20	260	9
20	261	2
20	262	5
20	263	4
20	264	4
20	265	2
20	266	1
20	267	4
20	268	6
20	269	9
20	270	1
20	272	6
20	273	6
20	274	7
20	275	7
20	276	4
20	277	4
20	278	3
20	279	9
20	281	3
20	282	4
20	283	5
20	284	9
20	285	4
20	286	11
20	287	5
20	288	3
20	289	5
20	290	4
20	292	3
20	293	8
20	294	4
20	295	6
20	296	6
20	297	4
20	298	9
20	299	5
20	300	10
20	302	6
20	303	7
20	305	6
20	306	5
20	307	4
20	308	6
20	309	8
20	310	5
20	311	5
20	312	8
20	313	3
20	314	3
20	315	1
20	317	3
20	318	5
20	320	6
20	321	2
20	322	6
20	324	4
20	326	6
20	328	1
20	329	7
20	330	7
20	331	9
20	332	6
20	333	8
20	334	8
20	335	1
20	336	8
20	337	4
20	338	5
20	339	13
20	341	3
20	342	4
20	344	5
20	346	7
20	347	4
20	348	2
20	349	2
20	350	6
20	351	10
20	352	5
20	353	7
20	354	4
20	357	11
20	358	6
20	359	9
20	360	3
21	22	10
21	23	11
21	24	8
21	25	6
21	26	9
21	27	18
21	28	8
21	29	7
21	30	9
21	31	6
21	32	10
21	33	6
21	34	8
21	35	12
21	36	11
21	37	11
21	38	4
21	39	8
21	40	10
21	41	12
21	42	7
21	43	10
21	44	8
21	45	7
21	46	5
21	47	6
21	48	11
21	49	10
21	50	11
21	51	9
21	52	9
21	53	10
21	54	1
21	55	10
21	56	8
21	57	9
21	58	7
21	59	9
21	60	10
21	61	6
21	62	7
21	63	7
21	64	7
21	65	7
21	66	10
21	67	1
21	68	6
21	69	10
21	70	5
21	71	5
21	72	8
21	73	3
21	74	9
21	75	7
21	76	4
21	77	4
21	78	5
21	79	5
21	80	10
21	81	9
21	82	7
21	83	7
21	84	7
21	85	7
21	86	1
21	87	9
21	88	4
21	89	6
21	90	6
21	91	6
21	92	3
21	93	6
21	94	7
21	95	6
21	96	4
21	97	10
21	98	8
21	99	5
21	100	6
21	101	10
21	102	7
21	103	6
21	104	8
21	105	8
21	106	7
21	107	5
21	108	7
21	109	5
21	110	12
21	111	4
21	112	9
21	113	9
21	114	9
21	115	5
21	116	6
21	117	5
21	118	15
21	119	6
21	120	4
21	121	6
21	122	7
21	123	5
21	124	8
21	125	8
21	126	9
21	127	9
21	128	6
21	129	12
21	130	7
21	131	9
21	132	7
21	133	6
21	134	8
21	135	7
21	136	7
21	137	7
21	138	13
21	139	6
21	140	8
21	141	8
21	142	9
21	143	6
21	144	7
21	146	5
21	147	5
21	148	7
21	149	4
21	150	6
21	152	6
21	153	7
21	154	10
21	155	6
21	156	5
21	157	8
21	158	8
21	159	11
21	160	5
21	161	11
21	162	6
21	163	5
21	164	4
21	165	3
21	166	7
21	167	9
21	168	8
21	169	5
21	170	7
21	171	4
21	172	8
21	173	6
21	174	4
21	175	1
21	176	7
21	177	9
21	178	6
21	179	7
21	180	7
21	181	11
21	182	5
21	183	10
21	184	7
21	185	8
21	186	1
21	187	8
21	188	5
21	189	7
21	190	5
21	191	2
21	192	6
21	193	5
21	194	10
21	195	9
21	196	1
21	197	9
21	198	7
21	200	4
21	201	5
21	202	3
21	203	7
21	204	8
21	205	11
21	206	7
21	208	9
21	209	1
21	210	3
21	211	4
21	212	6
21	213	6
21	214	5
21	215	5
21	216	4
21	217	1
21	218	7
21	219	6
21	220	5
21	221	6
21	222	12
21	223	10
21	224	3
21	225	6
21	226	3
21	227	9
21	228	4
21	229	2
21	230	5
21	231	6
21	232	5
21	233	6
21	234	8
21	235	1
21	236	6
21	237	10
21	238	11
21	240	4
21	241	5
21	242	8
21	243	3
21	244	5
21	245	7
21	246	6
21	247	7
21	248	6
21	249	5
21	250	5
21	251	5
21	253	9
21	254	9
21	255	4
21	256	10
21	257	4
21	258	5
21	259	13
21	260	2
21	261	3
21	262	7
21	263	6
21	264	6
21	267	4
21	268	7
21	269	6
21	270	1
21	272	6
21	273	7
21	274	10
21	275	7
21	276	5
21	277	5
21	278	6
21	279	4
21	281	5
21	282	5
21	283	2
21	284	7
21	285	9
21	286	8
21	287	5
21	288	4
21	289	6
21	290	5
21	291	1
21	292	7
21	293	3
21	294	8
21	295	4
21	296	8
21	297	8
21	298	11
21	299	7
21	300	4
21	302	8
21	303	6
21	304	1
21	305	5
21	306	5
21	307	7
21	308	5
21	309	6
21	310	6
21	311	5
21	312	11
21	313	2
21	314	3
21	315	1
21	317	3
21	318	2
21	320	4
21	321	2
21	322	6
21	324	6
21	326	3
21	327	1
21	328	3
21	329	5
21	330	5
21	331	6
21	332	7
21	333	6
21	334	6
21	335	2
21	336	5
21	337	3
21	338	5
21	339	9
21	340	1
21	341	6
21	342	6
21	344	7
21	346	3
21	347	4
21	348	2
21	350	7
21	351	5
21	352	5
21	353	5
21	354	2
21	355	1
21	357	7
21	358	7
21	359	5
21	360	4
22	23	9
22	24	11
22	25	8
22	26	8
22	27	8
22	28	5
22	29	10
22	30	7
22	31	9
22	32	10
22	33	6
22	34	13
22	35	9
22	36	8
22	37	8
22	38	7
22	39	8
22	40	8
22	41	10
22	42	9
22	43	12
22	44	11
22	45	9
22	46	8
22	47	9
22	48	10
22	49	9
22	50	10
22	51	9
22	52	5
22	53	10
22	54	1
22	55	13
22	56	9
22	57	7
22	58	5
22	59	6
22	60	6
22	61	7
22	62	9
22	63	11
22	64	9
22	65	8
22	66	11
22	67	1
22	68	4
22	69	9
22	70	3
22	71	8
22	72	8
22	73	5
22	74	10
22	75	7
22	76	6
22	77	5
22	78	6
22	79	4
22	80	8
22	81	10
22	82	12
22	83	9
22	84	6
22	85	7
22	86	1
22	87	8
22	88	4
22	89	6
22	90	7
22	91	4
22	92	1
22	93	6
22	94	10
22	95	6
22	96	7
22	97	10
22	98	6
22	99	6
22	100	7
22	101	12
22	102	6
22	103	6
22	104	9
22	105	7
22	106	6
22	107	6
22	108	8
22	109	6
22	110	12
22	111	4
22	112	11
22	113	9
22	114	8
22	115	7
22	116	7
22	117	8
22	118	13
22	119	8
22	120	5
22	121	7
22	122	6
22	123	4
22	124	6
22	125	7
22	126	5
22	127	8
22	128	7
22	129	13
22	130	8
22	131	3
22	132	7
22	133	5
22	134	6
22	135	7
22	136	6
22	137	10
22	138	9
22	139	5
22	140	5
22	141	7
22	142	9
22	143	8
22	144	12
22	146	7
22	147	7
22	148	13
22	149	3
22	150	6
22	152	6
22	153	8
22	154	9
22	155	4
22	156	6
22	157	7
22	158	8
22	159	7
22	160	8
22	161	7
22	162	6
22	163	7
22	164	4
22	165	6
22	166	5
22	167	7
22	168	7
22	169	6
22	170	5
22	171	8
22	172	9
22	173	8
22	174	7
22	175	1
22	176	8
22	177	7
22	178	6
22	179	7
22	180	11
22	181	10
22	182	9
22	183	6
22	184	10
22	185	9
22	186	1
22	187	10
22	188	5
22	189	8
22	190	4
22	191	2
22	192	6
22	193	8
22	194	11
22	195	5
22	196	1
22	197	9
22	198	9
22	200	6
22	201	5
22	202	3
22	203	6
22	204	7
22	205	10
22	206	7
22	208	5
22	209	1
22	210	5
22	211	5
22	212	4
22	213	5
22	214	5
22	215	7
22	216	5
22	217	1
22	218	7
22	219	4
22	220	5
22	221	4
22	222	6
22	223	6
22	224	4
22	225	4
22	226	3
22	227	10
22	228	3
22	230	5
22	231	6
22	232	6
22	233	5
22	234	11
22	235	1
22	236	4
22	237	5
22	238	10
22	240	3
22	241	4
22	242	7
22	243	1
22	244	4
22	245	5
22	246	6
22	247	5
22	248	9
22	249	7
22	250	5
22	251	5
22	253	8
22	254	9
22	255	4
22	256	6
22	257	3
22	258	5
22	259	13
22	260	5
22	261	2
22	262	7
22	263	7
22	264	6
22	267	4
22	268	6
22	269	7
22	272	6
22	273	7
22	274	9
22	275	5
22	276	4
22	277	4
22	278	6
22	279	6
22	281	5
22	282	7
22	283	3
22	284	7
22	285	8
22	286	7
22	287	8
22	288	4
22	289	4
22	290	4
22	292	5
22	293	5
22	294	5
22	295	4
22	296	7
22	297	7
22	298	10
22	299	5
22	300	5
22	302	8
22	303	5
22	304	1
22	305	6
22	306	6
22	307	8
22	308	6
22	309	5
22	310	9
22	311	5
22	312	8
22	313	3
22	314	3
22	315	1
22	317	6
22	318	2
22	320	7
22	321	3
22	322	7
22	324	5
22	326	4
22	328	2
22	329	8
22	330	7
22	331	5
22	332	6
22	333	6
22	334	7
22	335	3
22	336	6
22	337	4
22	338	7
22	339	7
22	340	1
22	341	5
22	342	7
22	344	6
22	346	8
22	347	6
22	348	3
22	349	1
22	350	6
22	351	6
22	352	5
22	353	4
22	354	1
22	355	1
22	357	7
22	358	9
22	359	6
22	360	5
23	24	11
23	25	8
23	26	8
23	27	15
23	28	7
23	29	11
23	30	7
23	31	7
23	32	10
23	33	8
23	34	9
23	35	10
23	36	8
23	37	6
23	38	5
23	39	9
23	40	11
23	41	9
23	42	9
23	43	10
23	44	9
23	45	10
23	46	10
23	47	9
23	48	11
23	49	6
23	50	13
23	51	11
23	52	5
23	53	8
23	54	3
23	55	10
23	56	9
23	57	6
23	58	6
23	59	9
23	60	11
23	61	6
23	62	6
23	63	10
23	64	13
23	65	7
23	66	12
23	67	1
23	68	6
23	69	10
23	70	6
23	71	5
23	72	11
23	73	6
23	74	5
23	75	6
23	76	7
23	77	6
23	78	7
23	79	5
23	80	10
23	81	8
23	82	6
23	83	6
23	84	7
23	85	8
23	86	1
23	87	7
23	88	3
23	89	11
23	90	6
23	91	13
23	92	1
23	93	9
23	94	11
23	95	9
23	96	7
23	97	11
23	98	10
23	99	7
23	100	7
23	101	8
23	102	6
23	103	6
23	104	7
23	105	10
23	106	10
23	107	6
23	108	8
23	109	8
23	110	17
23	111	3
23	112	7
23	113	9
23	114	11
23	115	7
23	116	8
23	117	9
23	118	15
23	119	7
23	120	8
23	121	7
23	122	5
23	123	5
23	124	5
23	125	7
23	126	6
23	127	7
23	128	7
23	129	19
23	130	8
23	131	10
23	132	6
23	133	4
23	134	10
23	135	6
23	136	4
23	137	8
23	138	8
23	139	6
23	140	6
23	141	7
23	142	15
23	143	6
23	144	10
23	146	11
23	147	7
23	148	7
23	149	6
23	150	8
23	151	1
23	152	7
23	153	13
23	154	7
23	155	9
23	156	4
23	157	12
23	158	9
23	159	10
23	160	3
23	161	14
23	162	8
23	163	7
23	164	5
23	165	8
23	166	10
23	167	10
23	168	7
23	169	9
23	170	6
23	171	7
23	172	10
23	173	7
23	174	10
23	175	1
23	176	9
23	177	11
23	178	10
23	179	7
23	180	6
23	181	12
23	182	12
23	183	7
23	184	5
23	185	8
23	186	1
23	187	12
23	188	6
23	189	8
23	190	7
23	191	3
23	192	4
23	193	7
23	194	8
23	195	4
23	196	2
23	197	8
23	198	9
23	200	3
23	201	5
23	202	5
23	203	7
23	204	5
23	205	13
23	206	10
23	207	2
23	208	6
23	210	4
23	211	7
23	212	7
23	213	7
23	214	4
23	215	7
23	216	6
23	217	1
23	218	6
23	219	5
23	220	5
23	221	10
23	222	13
23	223	9
23	224	6
23	225	7
23	226	3
23	227	10
23	228	3
23	229	1
23	230	7
23	231	7
23	232	7
23	233	3
23	234	7
23	235	1
23	236	6
23	237	8
23	238	10
23	240	9
23	241	3
23	242	7
23	243	1
23	244	7
23	245	8
23	246	11
23	247	13
23	248	7
23	249	6
23	250	11
23	251	8
23	252	1
23	253	7
23	254	10
23	255	8
23	256	10
23	257	4
23	258	3
23	259	7
23	260	5
23	261	2
23	262	8
23	263	7
23	264	7
23	266	2
23	267	5
23	268	7
23	269	4
23	270	2
23	272	6
23	273	9
23	274	12
23	275	6
23	276	6
23	277	6
23	278	9
23	279	10
23	281	8
23	282	10
23	283	3
23	284	7
23	285	9
23	286	6
23	287	4
23	288	4
23	289	5
23	290	4
23	292	6
23	293	5
23	294	7
23	295	5
23	296	7
23	297	7
23	298	7
23	299	9
23	300	6
23	302	7
23	303	5
23	304	3
23	305	3
23	306	7
23	307	9
23	308	4
23	309	5
23	310	7
23	311	4
23	312	11
23	313	7
23	314	3
23	315	1
23	317	3
23	318	2
23	320	6
23	321	6
23	322	9
23	324	5
23	325	1
23	326	4
23	327	1
23	328	3
23	329	7
23	330	6
23	331	7
23	332	8
23	333	5
23	334	4
23	335	4
23	336	8
23	337	5
23	338	5
23	339	9
23	341	4
23	342	7
23	344	8
23	346	6
23	347	4
23	348	2
23	349	3
23	350	4
23	351	6
23	352	5
23	353	7
23	354	4
23	355	1
23	357	12
23	358	9
23	359	6
23	360	9
24	25	7
24	26	5
24	27	12
24	28	9
24	29	8
24	30	5
24	31	12
24	32	8
24	33	4
24	34	17
24	35	7
24	36	10
24	37	4
24	38	9
24	39	10
24	40	11
24	41	6
24	42	8
24	43	11
24	44	9
24	45	6
24	46	7
24	47	8
24	48	16
24	49	8
24	50	13
24	51	8
24	52	7
24	53	9
24	55	9
24	56	8
24	57	11
24	58	5
24	59	8
24	60	13
24	61	5
24	62	7
24	63	7
24	64	8
24	65	8
24	66	13
24	67	1
24	68	5
24	69	7
24	70	5
24	71	8
24	72	6
24	73	8
24	74	6
24	75	6
24	76	9
24	77	5
24	78	7
24	79	5
24	80	11
24	81	8
24	82	9
24	83	7
24	84	8
24	85	9
24	86	2
24	87	9
24	88	5
24	89	6
24	90	6
24	91	4
24	92	1
24	93	9
24	94	9
24	95	6
24	96	7
24	97	13
24	98	6
24	99	5
24	100	9
24	101	10
24	102	6
24	103	4
24	104	8
24	105	7
24	106	5
24	107	9
24	108	9
24	109	7
24	110	12
24	111	5
24	112	8
24	113	13
24	114	10
24	115	7
24	116	5
24	117	13
24	118	12
24	119	8
24	120	4
24	121	8
24	122	6
24	123	5
24	124	8
24	125	9
24	126	5
24	127	11
24	128	4
24	129	13
24	130	9
24	131	8
24	132	5
24	133	5
24	134	7
24	135	8
24	136	7
24	137	7
24	138	15
24	139	4
24	140	5
24	141	5
24	142	12
24	143	9
24	144	13
24	145	1
24	146	4
24	147	7
24	148	11
24	149	4
24	150	5
24	152	5
24	153	8
24	154	10
24	155	5
24	156	6
24	157	4
24	158	7
24	159	9
24	160	8
24	161	8
24	162	8
24	163	6
24	164	4
24	165	6
24	166	6
24	167	14
24	168	6
24	169	3
24	170	3
24	171	6
24	172	12
24	173	6
24	174	5
24	175	1
24	176	8
24	177	7
24	178	6
24	179	7
24	180	8
24	181	11
24	182	8
24	183	4
24	184	8
24	185	8
24	187	12
24	188	6
24	189	9
24	190	4
24	191	3
24	192	6
24	193	6
24	194	7
24	195	7
24	197	9
24	198	7
24	200	6
24	201	6
24	202	3
24	203	6
24	204	6
24	205	8
24	206	8
24	207	1
24	208	5
24	209	1
24	210	5
24	211	6
24	212	4
24	213	6
24	214	6
24	215	5
24	216	4
24	218	5
24	219	10
24	220	4
24	221	7
24	222	8
24	223	7
24	224	3
24	225	4
24	226	3
24	227	7
24	228	3
24	230	6
24	231	7
24	232	4
24	233	3
24	234	12
24	235	1
24	236	5
24	237	7
24	238	7
24	240	5
24	241	7
24	242	7
24	243	1
24	244	5
24	245	8
24	246	4
24	247	6
24	248	6
24	249	4
24	250	10
24	251	10
24	253	9
24	254	6
24	255	6
24	256	5
24	257	3
24	258	5
24	259	8
24	260	6
24	261	2
24	262	7
24	263	8
24	264	5
24	267	3
24	268	8
24	269	6
24	272	5
24	273	10
24	274	8
24	275	7
24	276	5
24	277	4
24	278	7
24	279	7
24	281	4
24	282	10
24	283	3
24	284	7
24	285	6
24	286	5
24	287	8
24	288	4
24	289	4
24	290	3
24	292	8
24	293	5
24	294	5
24	295	5
24	296	7
24	297	6
24	298	10
24	299	4
24	300	5
24	302	8
24	303	5
24	304	1
24	305	5
24	306	8
24	307	5
24	308	5
24	309	4
24	310	6
24	311	5
24	312	8
24	313	3
24	314	2
24	315	1
24	317	10
24	318	2
24	319	1
24	320	8
24	321	3
24	322	7
24	324	4
24	326	6
24	327	1
24	328	1
24	329	7
24	330	9
24	331	7
24	332	12
24	333	7
24	334	5
24	335	2
24	336	5
24	337	6
24	338	8
24	339	4
24	340	1
24	341	3
24	342	8
24	344	6
24	346	9
24	347	7
24	348	3
24	349	1
24	350	3
24	351	9
24	352	4
24	353	7
24	354	3
24	355	1
24	357	12
24	358	7
24	359	6
24	360	5
25	26	10
25	27	6
25	28	10
25	29	8
25	30	10
25	31	8
25	32	12
25	33	8
25	34	6
25	35	8
25	36	6
25	37	6
25	38	11
25	39	10
25	40	10
25	41	7
25	42	11
25	43	5
25	44	14
25	45	11
25	46	7
25	47	9
25	48	7
25	49	8
25	50	11
25	51	10
25	52	10
25	53	9
25	54	3
25	55	10
25	56	7
25	57	9
25	58	8
25	59	6
25	60	9
25	61	7
25	62	11
25	63	10
25	64	14
25	65	7
25	66	11
25	67	1
25	68	8
25	69	8
25	70	8
25	71	12
25	72	6
25	73	11
25	74	7
25	75	10
25	76	12
25	77	8
25	78	9
25	79	8
25	80	11
25	81	9
25	82	7
25	83	14
25	84	9
25	85	5
25	86	1
25	87	8
25	88	9
25	89	9
25	90	7
25	91	5
25	92	1
25	93	8
25	94	9
25	95	7
25	96	10
25	97	8
25	98	12
25	99	5
25	100	9
25	101	8
25	102	7
25	103	9
25	104	11
25	105	11
25	106	6
25	107	9
25	108	7
25	109	7
25	110	9
25	111	5
25	112	9
25	113	10
25	114	8
25	115	5
25	116	7
25	117	11
25	118	15
25	119	6
25	120	6
25	121	8
25	122	9
25	123	7
25	124	6
25	125	11
25	126	9
25	127	9
25	128	4
25	129	17
25	130	10
25	131	9
25	132	7
25	133	6
25	134	7
25	135	6
25	136	9
25	137	7
25	138	10
25	139	7
25	140	5
25	141	6
25	142	14
25	143	6
25	144	10
25	146	5
25	147	6
25	148	8
25	149	4
25	150	7
25	152	6
25	153	11
25	154	6
25	155	7
25	156	9
25	157	10
25	158	13
25	159	5
25	160	8
25	161	6
25	162	5
25	163	6
25	164	9
25	165	8
25	166	8
25	167	10
25	168	6
25	169	8
25	170	5
25	171	11
25	172	12
25	173	7
25	174	4
25	175	2
25	176	8
25	177	10
25	178	10
25	179	6
25	180	7
25	181	11
25	182	10
25	183	6
25	184	10
25	185	11
25	187	10
25	188	7
25	189	13
25	190	8
25	191	5
25	192	11
25	193	6
25	194	6
25	195	8
25	197	6
25	198	7
25	200	5
25	201	7
25	202	6
25	203	6
25	204	4
25	205	7
25	206	7
25	208	5
25	209	2
25	210	3
25	211	8
25	212	5
25	213	7
25	214	7
25	215	8
25	216	7
25	217	1
25	218	11
25	219	5
25	220	5
25	221	5
25	222	6
25	223	6
25	224	3
25	225	5
25	226	4
25	227	10
25	228	4
25	229	1
25	230	5
25	231	5
25	232	4
25	233	3
25	234	13
25	235	2
25	236	6
25	237	7
25	238	7
25	239	1
25	240	11
25	241	8
25	242	7
25	243	1
25	244	9
25	245	5
25	246	5
25	247	4
25	248	6
25	249	4
25	250	11
25	251	7
25	253	7
25	254	8
25	255	6
25	256	5
25	257	5
25	258	5
25	259	6
25	260	6
25	261	5
25	262	9
25	263	8
25	264	6
25	267	4
25	268	8
25	269	8
25	270	1
25	272	5
25	273	7
25	274	5
25	275	9
25	276	6
25	277	5
25	278	7
25	279	7
25	281	6
25	282	7
25	283	3
25	284	9
25	285	6
25	286	7
25	287	4
25	288	3
25	289	4
25	290	5
25	292	8
25	293	5
25	294	5
25	295	4
25	296	6
25	297	8
25	298	10
25	299	4
25	300	5
25	302	8
25	303	6
25	305	5
25	306	9
25	307	7
25	308	6
25	309	6
25	310	8
25	311	4
25	312	6
25	313	3
25	314	2
25	315	1
25	317	7
25	318	2
25	320	6
25	321	4
25	322	9
25	324	5
25	326	6
25	328	1
25	329	7
25	330	5
25	331	4
25	332	8
25	333	7
25	334	6
25	336	6
25	337	2
25	338	8
25	339	10
25	340	1
25	341	3
25	342	5
25	344	5
25	346	9
25	347	5
25	348	3
25	349	1
25	350	4
25	351	7
25	352	4
25	353	9
25	354	3
25	355	1
25	357	11
25	358	11
25	359	7
25	360	2
26	27	9
26	28	9
26	29	10
26	30	17
26	31	7
26	32	41
26	33	7
26	34	7
26	35	9
26	36	11
26	37	8
26	38	11
26	39	11
26	40	7
26	41	10
26	42	19
26	43	12
26	44	21
26	45	13
26	46	7
26	47	9
26	48	5
26	49	12
26	50	9
26	51	11
26	52	14
26	53	8
26	54	3
26	55	9
26	56	8
26	57	6
26	58	11
26	59	4
26	60	10
26	61	7
26	62	12
26	63	12
26	64	17
26	65	9
26	66	10
26	67	1
26	68	6
26	69	12
26	70	4
26	71	6
26	72	12
26	73	9
26	74	13
26	75	8
26	76	5
26	77	5
26	78	7
26	79	6
26	80	9
26	81	8
26	82	12
26	83	9
26	84	8
26	85	12
26	86	2
26	87	12
26	88	6
26	89	9
26	90	5
26	91	5
26	92	2
26	93	10
26	94	11
26	95	11
26	96	10
26	97	8
26	98	10
26	99	7
26	100	7
26	101	11
26	102	6
26	103	9
26	104	14
26	105	12
26	106	7
26	107	9
26	108	9
26	109	9
26	110	9
26	111	7
26	112	11
26	113	8
26	114	9
26	115	5
26	116	7
26	117	8
26	118	12
26	119	9
26	120	5
26	121	8
26	122	7
26	123	4
26	124	9
26	125	9
26	126	7
26	127	11
26	128	5
26	129	11
26	130	9
26	131	6
26	132	12
26	133	6
26	134	7
26	135	8
26	136	9
26	137	6
26	138	12
26	139	9
26	140	7
26	141	10
26	142	8
26	143	6
26	144	10
26	146	5
26	147	7
26	148	8
26	149	3
26	150	6
26	151	1
26	152	6
26	153	5
26	154	6
26	155	5
26	156	10
26	157	11
26	158	16
26	159	8
26	160	5
26	161	12
26	162	4
26	163	5
26	164	5
26	165	8
26	166	5
26	167	8
26	168	9
26	169	10
26	170	8
26	171	8
26	172	10
26	173	6
26	174	6
26	175	3
26	176	9
26	177	11
26	178	7
26	179	4
26	180	6
26	181	13
26	182	8
26	183	8
26	184	11
26	185	8
26	187	7
26	188	4
26	189	10
26	190	5
26	191	3
26	192	8
26	193	10
26	194	7
26	195	9
26	197	8
26	198	7
26	200	4
26	201	5
26	202	5
26	203	7
26	204	4
26	205	8
26	206	5
26	207	1
26	208	12
26	209	1
26	210	3
26	211	8
26	212	6
26	213	6
26	214	8
26	215	7
26	216	7
26	217	2
26	218	6
26	219	7
26	220	3
26	221	4
26	222	6
26	223	4
26	224	4
26	225	5
26	226	4
26	227	10
26	228	7
26	229	2
26	230	7
26	231	3
26	232	7
26	233	3
26	234	8
26	235	3
26	236	6
26	237	9
26	238	8
26	240	10
26	241	6
26	242	4
26	243	2
26	244	5
26	245	5
26	246	5
26	247	6
26	248	4
26	249	5
26	250	7
26	251	7
26	253	7
26	254	7
26	255	5
26	256	7
26	257	6
26	258	6
26	259	9
26	260	10
26	261	3
26	262	7
26	263	5
26	264	6
26	265	1
26	266	1
26	267	2
26	268	6
26	269	9
26	270	2
26	272	6
26	273	8
26	274	9
26	275	6
26	276	2
26	277	4
26	278	7
26	279	7
26	281	5
26	282	8
26	283	5
26	284	10
26	285	8
26	286	11
26	287	4
26	288	4
26	289	4
26	290	3
26	291	1
26	292	5
26	293	5
26	294	6
26	295	6
26	296	7
26	297	5
26	298	10
26	299	5
26	300	7
26	302	8
26	303	8
26	304	1
26	305	5
26	306	6
26	307	6
26	308	6
26	309	8
26	310	6
26	311	4
26	312	8
26	313	2
26	314	3
26	315	1
26	317	4
26	318	4
26	320	6
26	321	4
26	322	7
26	324	5
26	326	5
26	328	2
26	329	8
26	330	6
26	331	4
26	332	10
26	333	7
26	334	8
26	335	2
26	336	8
26	337	7
26	338	7
26	339	13
26	341	5
26	342	6
26	344	6
26	346	6
26	347	3
26	348	3
26	349	2
26	350	6
26	351	5
26	352	5
26	353	7
26	354	3
26	357	7
26	358	7
26	359	8
26	360	4
27	28	5
27	29	7
27	30	6
27	31	5
27	32	10
27	33	8
27	34	8
27	35	13
27	36	9
27	37	9
27	38	3
27	39	12
27	40	10
27	41	10
27	42	6
27	43	9
27	44	6
27	45	10
27	46	8
27	47	8
27	48	8
27	49	5
27	50	15
27	51	9
27	52	6
27	53	8
27	54	2
27	55	14
27	56	7
27	57	7
27	58	9
27	59	8
27	60	15
27	61	4
27	62	5
27	63	7
27	64	12
27	65	7
27	66	11
27	67	2
27	68	8
27	69	12
27	70	7
27	71	6
27	72	8
27	73	5
27	74	9
27	75	6
27	76	6
27	77	4
27	78	5
27	79	8
27	80	8
27	81	11
27	82	7
27	83	5
27	84	7
27	85	9
27	86	2
27	87	5
27	88	4
27	89	9
27	90	5
27	91	6
27	92	3
27	93	7
27	94	10
27	95	8
27	96	6
27	97	7
27	98	9
27	99	7
27	100	8
27	101	7
27	102	6
27	103	9
27	104	10
27	105	8
27	106	7
27	107	5
27	108	7
27	109	8
27	110	15
27	111	5
27	112	9
27	113	11
27	114	7
27	115	6
27	116	8
27	117	10
27	118	15
27	119	10
27	120	5
27	121	8
27	122	8
27	123	5
27	124	5
27	125	7
27	126	8
27	127	10
27	128	6
27	129	20
27	130	7
27	131	9
27	132	4
27	133	4
27	134	9
27	135	7
27	136	8
27	137	7
27	138	20
27	139	9
27	140	6
27	141	8
27	142	18
27	143	6
27	144	8
27	146	6
27	147	4
27	148	7
27	149	6
27	150	6
27	151	1
27	152	6
27	153	10
27	154	9
27	155	5
27	156	6
27	157	10
27	158	6
27	159	11
27	160	3
27	161	14
27	162	6
27	163	4
27	164	2
27	165	6
27	166	8
27	167	9
27	168	7
27	169	5
27	170	6
27	171	4
27	172	12
27	173	5
27	174	6
27	175	1
27	176	8
27	177	7
27	178	6
27	179	6
27	180	4
27	181	12
27	182	5
27	183	7
27	184	4
27	185	9
27	187	9
27	188	4
27	189	10
27	190	8
27	191	1
27	192	5
27	193	5
27	194	7
27	195	8
27	197	8
27	198	9
27	200	3
27	201	4
27	202	6
27	203	6
27	204	8
27	205	11
27	206	7
27	207	2
27	208	8
27	209	1
27	210	4
27	211	6
27	212	4
27	213	7
27	214	3
27	215	4
27	216	7
27	217	1
27	218	5
27	219	7
27	220	5
27	221	7
27	222	14
27	223	8
27	224	4
27	225	7
27	226	5
27	227	11
27	228	4
27	229	2
27	230	6
27	231	6
27	232	6
27	233	4
27	234	6
27	235	1
27	236	7
27	237	7
27	238	10
27	240	10
27	241	4
27	242	8
27	243	2
27	244	5
27	245	5
27	246	7
27	247	10
27	248	4
27	249	5
27	250	10
27	251	8
27	253	9
27	254	7
27	255	5
27	256	8
27	257	4
27	258	3
27	259	8
27	260	3
27	261	2
27	262	9
27	263	4
27	264	5
27	266	2
27	267	4
27	268	6
27	269	4
27	270	2
27	272	6
27	273	10
27	274	13
27	275	4
27	276	4
27	277	7
27	278	11
27	279	7
27	281	6
27	282	11
27	283	3
27	284	9
27	285	9
27	286	7
27	287	4
27	288	3
27	289	5
27	290	5
27	291	2
27	292	7
27	293	3
27	294	5
27	295	4
27	296	7
27	297	7
27	298	7
27	299	10
27	300	4
27	302	8
27	303	8
27	304	2
27	305	3
27	306	9
27	307	6
27	308	3
27	309	5
27	310	6
27	311	4
27	312	12
27	313	2
27	314	4
27	315	1
27	317	5
27	318	2
27	320	5
27	321	6
27	322	7
27	324	5
27	326	4
27	328	3
27	329	6
27	330	6
27	331	8
27	332	10
27	333	3
27	334	6
27	335	3
27	336	5
27	337	4
27	338	6
27	339	7
27	341	7
27	342	8
27	344	7
27	346	4
27	347	4
27	348	2
27	349	1
27	350	9
27	351	5
27	352	6
27	353	5
27	354	3
27	355	2
27	357	12
27	358	9
27	359	7
27	360	6
28	29	8
28	30	11
28	31	8
28	32	12
28	33	8
28	34	4
28	35	9
28	36	8
28	37	4
28	38	7
28	39	9
28	40	12
28	41	6
28	42	6
28	43	7
28	44	9
28	45	7
28	46	7
28	47	8
28	48	6
28	49	13
28	50	10
28	51	9
28	52	13
28	53	7
28	54	1
28	55	8
28	56	6
28	57	10
28	58	9
28	59	8
28	60	10
28	61	5
28	62	7
28	63	7
28	64	10
28	65	5
28	66	11
28	67	1
28	68	9
28	69	8
28	70	9
28	71	10
28	72	11
28	73	12
28	74	6
28	75	9
28	76	10
28	77	6
28	78	9
28	79	9
28	80	11
28	81	12
28	82	7
28	83	10
28	84	11
28	85	10
28	86	1
28	87	10
28	88	8
28	89	8
28	90	7
28	91	7
28	92	1
28	93	13
28	94	8
28	95	7
28	96	6
28	97	6
28	98	9
28	99	4
28	100	11
28	101	7
28	102	9
28	103	5
28	104	10
28	105	13
28	106	8
28	107	9
28	108	6
28	109	8
28	110	9
28	111	8
28	112	7
28	113	11
28	114	11
28	115	7
28	116	7
28	117	11
28	118	15
28	119	4
28	120	5
28	121	7
28	122	7
28	123	6
28	124	6
28	125	10
28	126	8
28	127	6
28	128	5
28	129	14
28	130	11
28	131	6
28	132	7
28	133	8
28	134	12
28	135	9
28	136	11
28	137	4
28	138	15
28	139	5
28	140	6
28	141	7
28	142	9
28	143	8
28	144	8
28	146	9
28	147	9
28	148	7
28	149	3
28	150	4
28	152	8
28	153	12
28	154	7
28	155	7
28	156	6
28	157	8
28	158	10
28	159	7
28	160	7
28	161	7
28	162	7
28	163	7
28	164	10
28	165	9
28	166	9
28	167	9
28	168	4
28	169	6
28	170	8
28	171	6
28	172	9
28	173	4
28	174	7
28	175	1
28	176	8
28	177	9
28	178	10
28	179	6
28	180	7
28	181	16
28	182	8
28	183	8
28	184	8
28	185	11
28	187	8
28	188	8
28	189	11
28	190	6
28	191	4
28	192	11
28	193	4
28	194	5
28	195	6
28	197	9
28	198	7
28	200	8
28	201	4
28	202	6
28	203	11
28	204	5
28	205	6
28	206	7
28	208	7
28	209	1
28	210	3
28	211	7
28	212	9
28	213	8
28	214	7
28	215	8
28	216	4
28	218	9
28	219	8
28	220	6
28	221	8
28	222	7
28	223	6
28	224	2
28	225	5
28	226	2
28	227	10
28	228	3
28	230	3
28	231	8
28	232	4
28	233	3
28	234	8
28	235	1
28	236	8
28	237	8
28	238	8
28	240	10
28	241	5
28	242	6
28	243	1
28	244	8
28	245	8
28	246	6
28	247	5
28	248	7
28	249	5
28	250	13
28	251	9
28	253	12
28	254	6
28	255	7
28	256	4
28	257	6
28	258	5
28	259	7
28	260	6
28	261	4
28	262	7
28	263	10
28	264	6
28	267	7
28	268	5
28	269	6
28	270	1
28	272	5
28	273	10
28	274	7
28	275	8
28	276	7
28	277	8
28	278	5
28	279	7
28	281	3
28	282	9
28	283	2
28	284	9
28	285	7
28	286	3
28	287	5
28	288	4
28	289	6
28	290	4
28	292	8
28	293	6
28	294	4
28	295	5
28	296	4
28	297	7
28	298	7
28	299	5
28	300	6
28	302	7
28	303	5
28	305	6
28	306	7
28	307	5
28	308	6
28	309	5
28	310	3
28	311	3
28	312	6
28	313	3
28	314	2
28	315	2
28	317	6
28	318	4
28	320	4
28	321	2
28	322	7
28	324	5
28	326	7
28	328	3
28	329	6
28	330	8
28	331	7
28	332	10
28	333	7
28	334	5
28	335	1
28	336	7
28	337	3
28	338	7
28	339	7
28	340	1
28	341	4
28	342	7
28	344	5
28	346	6
28	347	6
28	348	2
28	349	2
28	350	3
28	351	8
28	352	5
28	353	9
28	354	3
28	357	9
28	358	11
28	359	6
28	360	4
29	30	7
29	31	10
29	32	11
29	33	6
29	34	9
29	35	11
29	36	8
29	37	7
29	38	6
29	39	9
29	40	9
29	41	9
29	42	10
29	43	9
29	44	9
29	45	13
29	46	8
29	47	10
29	48	9
29	49	8
29	50	12
29	51	7
29	52	7
29	53	11
29	54	4
29	55	9
29	56	8
29	57	6
29	58	7
29	59	8
29	60	13
29	61	6
29	62	9
29	63	11
29	64	12
29	65	10
29	66	17
29	67	1
29	68	4
29	69	9
29	70	4
29	71	6
29	72	6
29	73	6
29	74	9
29	75	7
29	76	5
29	77	6
29	78	6
29	79	4
29	80	10
29	81	8
29	82	6
29	83	9
29	84	6
29	85	8
29	86	2
29	87	7
29	88	4
29	89	8
29	90	5
29	91	4
29	92	1
29	93	5
29	94	7
29	95	7
29	96	7
29	97	10
29	98	8
29	99	7
29	100	7
29	101	9
29	102	6
29	103	6
29	104	9
29	105	8
29	106	3
29	107	9
29	108	7
29	109	8
29	110	12
29	111	5
29	112	10
29	113	7
29	114	9
29	115	7
29	116	7
29	117	9
29	118	15
29	119	9
29	120	6
29	121	6
29	122	7
29	123	4
29	124	6
29	125	9
29	126	6
29	127	10
29	128	7
29	129	15
29	130	11
29	131	5
29	132	7
29	133	5
29	134	8
29	135	7
29	136	4
29	137	6
29	138	10
29	139	8
29	140	7
29	141	6
29	142	10
29	143	8
29	144	11
29	146	7
29	147	6
29	148	10
29	149	4
29	150	5
29	152	7
29	153	6
29	154	6
29	155	6
29	156	7
29	157	9
29	158	10
29	159	9
29	160	6
29	161	11
29	162	7
29	163	9
29	164	4
29	165	7
29	166	6
29	167	12
29	168	6
29	169	7
29	170	5
29	171	7
29	172	9
29	173	7
29	174	6
29	175	2
29	176	7
29	177	8
29	178	7
29	179	6
29	180	7
29	181	11
29	182	9
29	183	5
29	184	7
29	185	8
29	186	1
29	187	13
29	188	5
29	189	10
29	190	5
29	191	3
29	192	7
29	193	7
29	194	8
29	195	5
29	196	1
29	197	8
29	198	8
29	200	5
29	201	6
29	202	5
29	203	4
29	204	6
29	205	9
29	206	8
29	207	1
29	208	6
29	209	1
29	210	4
29	211	6
29	212	6
29	213	6
29	214	6
29	215	9
29	216	5
29	217	3
29	218	9
29	219	4
29	220	5
29	221	5
29	222	7
29	223	7
29	224	4
29	225	4
29	226	3
29	227	10
29	228	4
29	229	3
29	230	7
29	231	4
29	232	8
29	233	4
29	234	7
29	235	2
29	236	5
29	237	8
29	238	9
29	240	7
29	241	5
29	242	7
29	243	1
29	244	4
29	245	3
29	246	10
29	247	7
29	248	9
29	249	8
29	250	9
29	251	5
29	253	6
29	254	8
29	255	6
29	256	9
29	257	4
29	258	5
29	259	7
29	260	4
29	261	3
29	262	9
29	263	6
29	264	4
29	266	1
29	267	4
29	268	6
29	269	7
29	270	2
29	272	6
29	273	6
29	274	11
29	275	5
29	276	4
29	277	5
29	278	4
29	279	6
29	281	5
29	282	7
29	283	5
29	284	8
29	285	8
29	286	8
29	287	5
29	288	4
29	289	5
29	290	4
29	292	5
29	293	7
29	294	3
29	295	4
29	296	5
29	297	6
29	298	7
29	299	6
29	300	7
29	302	6
29	303	8
29	305	4
29	306	8
29	307	7
29	308	5
29	309	6
29	310	7
29	311	5
29	312	9
29	313	3
29	314	3
29	315	1
29	316	1
29	317	4
29	318	3
29	320	6
29	321	3
29	322	7
29	324	6
29	326	5
29	328	3
29	329	6
29	330	6
29	331	4
29	332	8
29	333	5
29	334	4
29	335	2
29	336	5
29	337	6
29	338	6
29	339	8
29	341	5
29	342	7
29	344	5
29	346	6
29	347	4
29	348	2
29	349	4
29	350	6
29	351	5
29	352	5
29	353	6
29	354	3
29	357	7
29	358	9
29	359	7
29	360	4
30	31	6
30	32	18
30	33	7
30	34	7
30	35	6
30	36	8
30	37	10
30	38	8
30	39	9
30	40	10
30	41	8
30	42	7
30	43	5
30	44	15
30	45	9
30	46	8
30	47	11
30	48	7
30	49	14
30	50	9
30	51	22
30	52	11
30	53	7
30	54	1
30	55	9
30	56	10
30	57	11
30	58	12
30	59	6
30	60	5
30	61	11
30	62	8
30	63	11
30	64	13
30	65	7
30	66	8
30	67	4
30	68	8
30	69	8
30	70	6
30	71	9
30	72	9
30	73	10
30	74	5
30	75	9
30	76	7
30	77	5
30	78	7
30	79	6
30	80	11
30	81	9
30	82	7
30	83	9
30	84	7
30	85	7
30	86	1
30	87	6
30	88	8
30	89	7
30	90	7
30	91	6
30	92	1
30	93	10
30	94	8
30	95	8
30	96	7
30	97	7
30	98	8
30	99	6
30	100	7
30	101	9
30	102	7
30	103	9
30	104	7
30	105	13
30	106	7
30	107	7
30	108	8
30	109	10
30	110	8
30	111	5
30	112	8
30	113	6
30	114	8
30	115	6
30	116	6
30	117	7
30	118	10
30	119	6
30	120	6
30	121	9
30	122	9
30	123	7
30	124	6
30	125	7
30	126	7
30	127	9
30	128	7
30	129	12
30	130	11
30	131	7
30	132	10
30	133	8
30	134	7
30	135	6
30	136	12
30	137	7
30	138	8
30	139	7
30	140	6
30	141	10
30	142	11
30	143	6
30	144	9
30	146	7
30	147	5
30	148	7
30	149	4
30	150	7
30	152	7
30	153	10
30	154	4
30	155	6
30	156	5
30	157	8
30	158	11
30	159	6
30	160	5
30	161	6
30	162	6
30	163	7
30	164	8
30	165	6
30	166	7
30	167	7
30	168	7
30	169	7
30	170	5
30	171	9
30	172	8
30	173	6
30	174	8
30	175	2
30	176	7
30	177	13
30	178	8
30	179	7
30	180	7
30	181	10
30	182	8
30	183	7
30	184	12
30	185	9
30	187	6
30	188	6
30	189	11
30	190	7
30	191	4
30	192	10
30	193	8
30	194	8
30	195	12
30	197	7
30	198	7
30	200	5
30	201	7
30	202	7
30	203	9
30	204	4
30	205	7
30	206	6
30	207	1
30	208	7
30	209	1
30	210	3
30	211	7
30	212	3
30	213	7
30	214	4
30	215	8
30	216	6
30	217	1
30	218	7
30	219	4
30	220	5
30	221	6
30	222	6
30	223	5
30	224	4
30	225	7
30	226	5
30	227	9
30	228	10
30	229	2
30	230	5
30	231	5
30	232	5
30	233	4
30	234	6
30	235	2
30	236	7
30	237	9
30	238	10
30	240	8
30	241	4
30	242	6
30	243	1
30	244	9
30	245	5
30	246	6
30	247	5
30	248	5
30	249	6
30	250	5
30	251	6
30	253	7
30	254	9
30	255	7
30	256	4
30	257	6
30	258	6
30	259	8
30	260	7
30	261	4
30	262	8
30	263	6
30	264	9
30	266	1
30	267	4
30	268	5
30	269	8
30	270	2
30	272	8
30	273	9
30	274	7
30	275	7
30	276	4
30	277	6
30	278	4
30	279	5
30	281	5
30	282	8
30	283	4
30	284	9
30	285	7
30	286	7
30	287	5
30	288	4
30	289	6
30	290	5
30	292	6
30	293	7
30	294	5
30	295	6
30	296	6
30	297	7
30	298	9
30	299	5
30	300	5
30	302	6
30	303	6
30	305	7
30	306	7
30	307	8
30	308	9
30	309	6
30	310	7
30	311	4
30	312	6
30	313	4
30	314	2
30	315	1
30	317	4
30	318	3
30	320	5
30	321	3
30	322	8
30	324	6
30	326	7
30	328	1
30	329	9
30	330	6
30	331	7
30	332	9
30	333	5
30	334	6
30	335	1
30	336	6
30	337	3
30	338	7
30	339	11
30	340	1
30	341	5
30	342	6
30	344	6
30	346	6
30	347	4
30	348	3
30	349	2
30	350	6
30	351	6
30	352	6
30	353	4
30	354	4
30	357	9
30	358	10
30	359	6
30	360	4
31	32	8
31	33	5
31	34	8
31	35	5
31	36	10
31	37	6
31	38	8
31	39	10
31	40	18
31	41	6
31	42	6
31	43	7
31	44	10
31	45	9
31	46	8
31	47	11
31	48	9
31	49	9
31	50	14
31	51	7
31	52	9
31	53	11
31	54	1
31	55	9
31	56	9
31	57	8
31	58	6
31	59	8
31	60	9
31	61	7
31	62	9
31	63	9
31	64	10
31	65	7
31	66	15
31	67	1
31	68	7
31	69	8
31	70	6
31	71	7
31	72	7
31	73	6
31	74	9
31	75	7
31	76	8
31	77	7
31	78	8
31	79	5
31	80	11
31	81	12
31	82	8
31	83	10
31	84	6
31	85	9
31	86	1
31	87	10
31	88	6
31	89	8
31	90	7
31	91	7
31	92	1
31	93	6
31	94	12
31	95	5
31	96	8
31	97	12
31	98	7
31	99	6
31	100	7
31	101	11
31	102	7
31	103	6
31	104	10
31	105	8
31	106	7
31	107	10
31	108	6
31	109	8
31	110	8
31	111	8
31	112	8
31	113	10
31	114	11
31	115	9
31	116	8
31	117	8
31	118	12
31	119	7
31	120	5
31	121	7
31	122	7
31	123	4
31	124	7
31	125	9
31	126	7
31	127	9
31	128	6
31	129	18
31	130	11
31	131	9
31	132	6
31	133	7
31	134	6
31	135	7
31	136	6
31	137	7
31	138	11
31	139	7
31	140	5
31	141	5
31	142	14
31	143	11
31	144	20
31	146	5
31	147	7
31	148	12
31	149	2
31	150	6
31	152	6
31	153	7
31	154	8
31	155	9
31	156	6
31	157	4
31	158	10
31	159	6
31	160	11
31	161	8
31	162	8
31	163	8
31	164	6
31	165	6
31	166	8
31	167	10
31	168	6
31	169	5
31	170	5
31	171	8
31	172	10
31	173	6
31	174	6
31	175	2
31	176	7
31	177	5
31	178	6
31	179	7
31	180	7
31	181	11
31	182	10
31	183	5
31	184	9
31	185	7
31	187	12
31	188	7
31	189	11
31	190	4
31	191	5
31	192	10
31	193	8
31	194	5
31	195	8
31	197	11
31	198	8
31	200	7
31	201	6
31	202	6
31	203	4
31	204	7
31	205	8
31	206	7
31	208	7
31	209	1
31	210	5
31	211	6
31	212	5
31	213	6
31	214	8
31	215	8
31	216	6
31	217	2
31	218	6
31	219	4
31	220	4
31	221	4
31	222	5
31	223	6
31	224	4
31	225	4
31	226	3
31	227	8
31	228	4
31	229	1
31	230	6
31	231	5
31	232	4
31	233	4
31	234	8
31	235	2
31	236	5
31	237	6
31	238	7
31	240	7
31	241	8
31	242	6
31	243	1
31	244	6
31	245	6
31	246	7
31	247	6
31	248	7
31	249	5
31	250	9
31	251	6
31	252	1
31	253	10
31	254	6
31	255	4
31	256	6
31	257	5
31	258	7
31	259	8
31	260	6
31	261	5
31	262	7
31	263	6
31	264	3
31	267	3
31	268	8
31	269	7
31	272	7
31	273	9
31	274	9
31	275	9
31	276	6
31	277	4
31	278	7
31	279	7
31	281	4
31	282	8
31	283	5
31	284	9
31	285	5
31	286	7
31	287	6
31	288	3
31	289	4
31	290	5
31	292	9
31	293	9
31	294	5
31	295	5
31	296	5
31	297	7
31	298	8
31	299	7
31	300	5
31	302	5
31	303	6
31	304	1
31	305	5
31	306	7
31	307	4
31	308	7
31	309	5
31	310	6
31	311	4
31	312	5
31	313	3
31	314	3
31	315	1
31	317	7
31	318	3
31	320	5
31	321	2
31	322	8
31	324	4
31	325	3
31	326	7
31	328	1
31	329	8
31	330	6
31	331	4
31	332	8
31	333	6
31	334	6
31	335	2
31	336	6
31	337	4
31	338	7
31	339	7
31	340	1
31	341	5
31	342	7
31	344	6
31	346	9
31	347	10
31	348	4
31	349	2
31	350	5
31	351	7
31	352	4
31	353	4
31	354	1
31	355	1
31	357	8
31	358	9
31	359	7
31	360	4
32	33	8
32	34	9
32	35	12
32	36	9
32	37	10
32	38	13
32	39	14
32	40	11
32	41	11
32	42	24
32	43	9
32	44	20
32	45	18
32	46	9
32	47	11
32	48	7
32	49	21
32	50	12
32	51	13
32	52	14
32	53	11
32	54	4
32	55	12
32	56	11
32	57	8
32	58	12
32	59	8
32	60	11
32	61	8
32	62	12
32	63	13
32	64	23
32	65	10
32	66	14
32	67	1
32	68	7
32	69	13
32	70	7
32	71	9
32	72	15
32	73	12
32	74	15
32	75	11
32	76	8
32	77	5
32	78	9
32	79	9
32	80	13
32	81	11
32	82	14
32	83	11
32	84	13
32	85	15
32	86	3
32	87	12
32	88	8
32	89	10
32	90	8
32	91	7
32	92	2
32	93	14
32	94	15
32	95	14
32	96	12
32	97	12
32	98	17
32	99	9
32	100	7
32	101	14
32	102	10
32	103	12
32	104	14
32	105	15
32	106	7
32	107	11
32	108	12
32	109	14
32	110	12
32	111	6
32	112	13
32	113	9
32	114	10
32	115	7
32	116	8
32	117	10
32	118	20
32	119	10
32	120	9
32	121	11
32	122	9
32	123	7
32	124	8
32	125	9
32	126	12
32	127	15
32	128	7
32	129	17
32	130	14
32	131	9
32	132	14
32	133	6
32	134	11
32	135	9
32	136	10
32	137	8
32	138	16
32	139	10
32	140	10
32	141	13
32	142	13
32	143	7
32	144	11
32	146	7
32	147	10
32	148	10
32	149	5
32	150	6
32	151	1
32	152	9
32	153	11
32	154	7
32	155	7
32	156	9
32	157	12
32	158	15
32	159	11
32	160	7
32	161	15
32	162	8
32	163	7
32	164	8
32	165	11
32	166	10
32	167	11
32	168	9
32	169	12
32	170	8
32	171	11
32	172	13
32	173	9
32	174	7
32	175	2
32	176	12
32	177	19
32	178	9
32	179	7
32	180	8
32	181	14
32	182	8
32	183	9
32	184	13
32	185	10
32	186	1
32	187	9
32	188	7
32	189	12
32	190	7
32	191	4
32	192	9
32	193	13
32	194	10
32	195	10
32	196	1
32	197	9
32	198	9
32	200	5
32	201	6
32	202	10
32	203	10
32	204	6
32	205	10
32	206	9
32	207	1
32	208	11
32	209	2
32	210	4
32	211	9
32	212	9
32	213	8
32	214	10
32	215	8
32	216	8
32	217	2
32	218	7
32	219	7
32	220	7
32	221	7
32	222	8
32	223	9
32	224	4
32	225	6
32	226	4
32	227	12
32	228	11
32	229	5
32	230	8
32	231	6
32	232	8
32	233	6
32	234	12
32	235	3
32	236	12
32	237	11
32	238	13
32	240	14
32	241	6
32	242	7
32	243	1
32	244	8
32	245	5
32	246	8
32	247	6
32	248	6
32	249	9
32	250	14
32	251	13
32	253	10
32	254	10
32	255	5
32	256	8
32	257	9
32	258	9
32	259	10
32	260	15
32	261	3
32	262	10
32	263	7
32	264	12
32	265	2
32	266	1
32	267	6
32	268	8
32	269	10
32	270	2
32	272	8
32	273	9
32	274	11
32	275	7
32	276	6
32	277	6
32	278	8
32	279	8
32	281	5
32	282	7
32	283	5
32	284	10
32	285	11
32	286	11
32	287	6
32	288	5
32	289	8
32	290	5
32	291	2
32	292	8
32	293	6
32	294	9
32	295	7
32	296	6
32	297	6
32	298	11
32	299	8
32	300	10
32	302	9
32	303	8
32	305	10
32	306	9
32	307	8
32	308	8
32	309	10
32	310	9
32	311	6
32	312	13
32	313	3
32	314	4
32	315	1
32	317	5
32	318	4
32	319	1
32	320	7
32	321	4
32	322	8
32	324	8
32	326	6
32	327	1
32	328	2
32	329	9
32	330	10
32	331	6
32	332	11
32	333	7
32	334	6
32	335	2
32	336	9
32	337	5
32	338	8
32	339	17
32	341	6
32	342	8
32	344	7
32	346	7
32	347	5
32	348	3
32	349	3
32	350	8
32	351	6
32	352	6
32	353	9
32	354	5
32	355	1
32	357	15
32	358	12
32	359	8
32	360	4
33	34	6
33	35	4
33	36	5
33	37	6
33	38	5
33	39	10
33	40	6
33	41	6
33	42	8
33	43	5
33	44	7
33	45	6
33	46	7
33	47	8
33	48	5
33	49	7
33	50	8
33	51	6
33	52	5
33	53	6
33	54	1
33	55	9
33	56	6
33	57	6
33	58	8
33	59	6
33	60	4
33	61	6
33	62	6
33	63	5
33	64	9
33	65	7
33	66	7
33	67	1
33	68	10
33	69	12
33	70	8
33	71	9
33	72	6
33	73	7
33	74	6
33	75	7
33	76	9
33	77	9
33	78	7
33	79	9
33	80	10
33	81	7
33	82	8
33	83	9
33	84	6
33	85	5
33	87	5
33	88	10
33	89	7
33	90	7
33	91	7
33	92	1
33	93	9
33	94	8
33	95	8
33	96	6
33	97	6
33	98	11
33	99	8
33	100	8
33	101	7
33	102	7
33	103	7
33	104	12
33	105	7
33	106	7
33	107	7
33	108	5
33	109	8
33	110	8
33	111	5
33	112	8
33	113	6
33	114	10
33	115	7
33	116	7
33	117	8
33	118	9
33	119	5
33	120	7
33	121	6
33	122	8
33	123	5
33	124	7
33	125	9
33	126	8
33	127	7
33	128	6
33	129	12
33	130	9
33	131	4
33	132	7
33	133	7
33	134	8
33	135	6
33	136	6
33	137	6
33	138	8
33	139	7
33	140	6
33	141	4
33	142	13
33	143	6
33	144	7
33	146	8
33	147	6
33	148	7
33	149	2
33	150	7
33	152	6
33	153	11
33	154	5
33	155	6
33	156	7
33	157	9
33	158	10
33	159	5
33	160	6
33	161	6
33	162	9
33	163	7
33	164	9
33	165	10
33	166	6
33	167	6
33	168	5
33	169	8
33	170	11
33	171	6
33	172	8
33	173	8
33	174	6
33	175	2
33	176	7
33	177	6
33	178	11
33	179	6
33	180	7
33	181	8
33	182	7
33	183	6
33	184	10
33	185	6
33	187	7
33	188	7
33	189	9
33	190	8
33	191	5
33	192	11
33	193	5
33	194	5
33	195	7
33	197	8
33	198	8
33	200	8
33	201	5
33	202	8
33	203	8
33	204	4
33	205	9
33	206	6
33	207	1
33	208	4
33	210	5
33	211	9
33	212	6
33	213	7
33	214	5
33	215	7
33	216	9
33	217	3
33	218	10
33	219	5
33	220	5
33	221	6
33	222	7
33	223	10
33	224	4
33	225	6
33	226	4
33	227	9
33	228	5
33	229	3
33	230	6
33	231	6
33	232	6
33	233	4
33	234	7
33	235	2
33	236	6
33	237	7
33	238	10
33	240	10
33	241	4
33	242	9
33	243	1
33	244	5
33	245	5
33	246	9
33	247	5
33	248	8
33	249	6
33	250	10
33	251	8
33	253	8
33	254	5
33	255	10
33	256	5
33	257	4
33	258	4
33	259	7
33	260	3
33	261	4
33	262	5
33	263	5
33	264	4
33	266	1
33	267	6
33	268	8
33	269	6
33	270	2
33	272	8
33	273	8
33	274	9
33	275	6
33	276	7
33	277	6
33	278	10
33	279	7
33	281	8
33	282	7
33	283	3
33	284	8
33	285	6
33	286	5
33	287	6
33	288	5
33	289	5
33	290	5
33	292	8
33	293	7
33	294	4
33	295	5
33	296	7
33	297	6
33	298	7
33	299	7
33	300	7
33	302	9
33	303	6
33	304	1
33	305	5
33	306	3
33	307	7
33	308	7
33	309	6
33	310	6
33	311	4
33	312	5
33	313	3
33	314	5
33	315	1
33	316	1
33	317	5
33	318	2
33	320	4
33	321	5
33	322	8
33	324	6
33	326	6
33	327	1
33	328	1
33	329	6
33	330	6
33	331	4
33	332	7
33	333	5
33	334	7
33	335	2
33	336	6
33	337	4
33	338	5
33	339	7
33	340	1
33	341	7
33	342	9
33	344	7
33	346	5
33	347	5
33	348	3
33	349	2
33	350	6
33	351	7
33	352	6
33	353	5
33	354	3
33	357	8
33	358	10
33	359	11
33	360	5
34	35	8
34	36	8
34	37	7
34	38	7
34	39	9
34	40	7
34	41	10
34	42	9
34	43	10
34	44	8
34	45	8
34	46	8
34	47	9
34	48	9
34	49	9
34	50	11
34	51	10
34	52	7
34	53	10
34	54	2
34	55	10
34	56	9
34	57	9
34	58	7
34	59	6
34	60	6
34	61	6
34	62	8
34	63	9
34	64	5
34	65	8
34	66	8
34	67	1
34	68	4
34	69	12
34	70	3
34	71	7
34	72	10
34	73	4
34	74	9
34	75	6
34	76	5
34	77	5
34	78	6
34	79	4
34	80	9
34	81	9
34	82	7
34	83	8
34	84	7
34	85	8
34	86	1
34	87	9
34	88	5
34	89	6
34	90	7
34	91	3
34	92	1
34	93	7
34	94	9
34	95	6
34	96	7
34	97	10
34	98	7
34	99	8
34	100	6
34	101	10
34	102	7
34	103	5
34	104	7
34	105	7
34	106	4
34	107	6
34	108	10
34	109	7
34	110	11
34	111	4
34	112	9
34	113	10
34	114	8
34	115	7
34	116	5
34	117	8
34	118	11
34	119	7
34	120	7
34	121	9
34	122	6
34	123	5
34	124	6
34	125	8
34	126	5
34	127	7
34	128	8
34	129	12
34	130	7
34	131	7
34	132	6
34	133	4
34	134	7
34	135	6
34	136	6
34	137	6
34	138	8
34	139	5
34	140	6
34	141	10
34	142	10
34	143	6
34	144	9
34	146	8
34	147	6
34	148	11
34	149	4
34	150	6
34	152	7
34	153	8
34	154	8
34	155	5
34	156	4
34	157	8
34	158	7
34	159	9
34	160	6
34	161	8
34	162	6
34	163	8
34	164	3
34	165	6
34	166	6
34	167	7
34	168	6
34	169	5
34	170	3
34	171	6
34	172	10
34	173	6
34	174	6
34	175	1
34	176	6
34	177	7
34	178	7
34	179	7
34	180	9
34	181	9
34	182	9
34	183	5
34	184	9
34	185	8
34	186	1
34	187	10
34	188	5
34	189	8
34	190	6
34	191	2
34	192	5
34	193	9
34	194	10
34	195	5
34	196	1
34	197	10
34	198	7
34	200	4
34	201	5
34	202	4
34	203	6
34	204	5
34	205	10
34	206	7
34	207	1
34	208	7
34	210	5
34	211	5
34	212	5
34	213	6
34	214	6
34	215	6
34	216	6
34	217	1
34	218	7
34	219	4
34	220	6
34	221	4
34	222	8
34	223	5
34	224	5
34	225	5
34	226	4
34	227	10
34	228	4
34	229	1
34	230	6
34	231	4
34	232	7
34	233	5
34	234	11
34	235	2
34	236	5
34	237	8
34	238	10
34	240	4
34	241	4
34	242	7
34	243	1
34	244	4
34	245	6
34	246	7
34	247	6
34	248	8
34	249	5
34	250	6
34	251	5
34	253	7
34	254	9
34	255	5
34	256	7
34	257	4
34	258	4
34	259	9
34	260	6
34	261	2
34	262	6
34	263	6
34	264	7
34	266	1
34	267	5
34	268	6
34	269	8
34	270	1
34	272	6
34	273	6
34	274	11
34	275	6
34	276	4
34	277	5
34	278	6
34	279	7
34	281	6
34	282	7
34	283	4
34	284	7
34	285	7
34	286	8
34	287	6
34	288	5
34	289	5
34	290	5
34	292	5
34	293	8
34	294	5
34	295	5
34	296	6
34	297	7
34	298	10
34	299	6
34	300	6
34	302	7
34	303	6
34	304	1
34	305	5
34	306	6
34	307	7
34	308	5
34	309	5
34	310	10
34	311	6
34	312	10
34	313	4
34	314	3
34	315	1
34	317	5
34	318	2
34	320	7
34	321	3
34	322	7
34	324	5
34	326	6
34	328	1
34	329	9
34	330	7
34	331	6
34	332	10
34	333	6
34	334	4
34	335	3
34	336	7
34	337	5
34	338	6
34	339	8
34	340	1
34	341	5
34	342	7
34	344	7
34	346	7
34	347	6
34	348	4
34	349	4
34	350	6
34	351	7
34	352	6
34	353	3
34	354	2
34	355	1
34	357	9
34	358	9
34	359	7
34	360	6
35	36	11
35	37	8
35	38	6
35	39	7
35	40	13
35	41	14
35	42	8
35	43	12
35	44	9
35	45	9
35	46	7
35	47	5
35	48	8
35	49	10
35	50	9
35	51	8
35	52	13
35	53	9
35	54	5
35	55	11
35	56	8
35	57	8
35	58	6
35	59	6
35	60	15
35	61	7
35	62	11
35	63	10
35	64	14
35	65	9
35	66	12
35	67	1
35	68	3
35	69	7
35	70	6
35	71	5
35	72	9
35	73	6
35	74	9
35	75	8
35	76	5
35	77	4
35	78	5
35	79	3
35	80	6
35	81	9
35	82	7
35	83	5
35	84	8
35	85	8
35	86	3
35	87	8
35	88	3
35	89	10
35	90	5
35	91	5
35	92	2
35	93	7
35	94	11
35	95	7
35	96	8
35	97	8
35	98	9
35	99	5
35	100	7
35	101	8
35	102	7
35	103	6
35	104	9
35	105	10
35	106	5
35	107	8
35	108	7
35	109	8
35	110	13
35	111	5
35	112	6
35	113	13
35	114	6
35	115	4
35	116	7
35	117	9
35	118	17
35	119	7
35	120	8
35	121	5
35	122	7
35	123	5
35	124	5
35	125	10
35	126	4
35	127	9
35	128	7
35	129	12
35	130	10
35	131	4
35	132	6
35	133	3
35	134	9
35	135	9
35	136	4
35	137	8
35	138	11
35	139	5
35	140	7
35	141	9
35	142	8
35	143	6
35	144	11
35	146	7
35	147	10
35	148	5
35	149	6
35	150	5
35	152	4
35	153	6
35	154	11
35	155	2
35	156	4
35	157	14
35	158	6
35	159	12
35	160	2
35	161	11
35	162	6
35	163	6
35	164	3
35	165	3
35	166	3
35	167	8
35	168	11
35	169	6
35	170	8
35	171	6
35	172	8
35	173	7
35	174	6
35	175	3
35	176	6
35	177	8
35	178	6
35	179	5
35	180	6
35	181	16
35	182	4
35	183	9
35	184	7
35	185	6
35	186	1
35	187	8
35	188	4
35	189	8
35	190	8
35	191	1
35	192	3
35	193	6
35	194	10
35	195	8
35	196	2
35	197	7
35	198	7
35	200	5
35	201	4
35	202	2
35	203	7
35	204	10
35	205	9
35	206	7
35	207	2
35	208	5
35	209	2
35	210	5
35	211	6
35	212	10
35	213	4
35	214	3
35	215	7
35	216	6
35	217	2
35	218	7
35	219	7
35	220	5
35	221	6
35	222	7
35	223	9
35	224	4
35	225	3
35	226	3
35	227	9
35	228	4
35	229	4
35	230	10
35	231	3
35	232	7
35	233	6
35	234	9
35	235	1
35	236	6
35	237	6
35	238	11
35	240	6
35	241	5
35	242	5
35	243	1
35	244	4
35	245	2
35	246	9
35	247	8
35	248	8
35	249	7
35	250	6
35	251	5
35	252	2
35	253	8
35	254	8
35	255	3
35	256	8
35	257	4
35	258	5
35	259	9
35	260	2
35	261	2
35	262	5
35	263	5
35	264	5
35	266	1
35	267	4
35	268	6
35	269	6
35	270	1
35	272	6
35	273	5
35	274	10
35	275	5
35	276	6
35	277	5
35	278	6
35	279	11
35	281	6
35	282	7
35	283	3
35	284	6
35	285	9
35	286	9
35	287	3
35	288	4
35	289	4
35	290	6
35	291	2
35	292	4
35	293	4
35	294	4
35	295	6
35	296	10
35	297	5
35	298	9
35	299	8
35	300	4
35	302	7
35	303	6
35	304	1
35	305	4
35	306	5
35	307	7
35	308	4
35	309	7
35	310	8
35	311	8
35	312	11
35	313	3
35	314	4
35	315	4
35	316	2
35	317	2
35	318	5
35	320	5
35	321	4
35	322	5
35	324	5
35	326	3
35	327	1
35	328	3
35	329	5
35	330	6
35	331	7
35	332	5
35	333	7
35	334	6
35	335	2
35	336	5
35	337	4
35	338	4
35	339	8
35	341	5
35	342	5
35	344	5
35	346	3
35	347	3
35	348	1
35	349	2
35	350	7
35	351	7
35	352	4
35	353	4
35	354	2
35	355	1
35	357	11
35	358	5
35	359	5
35	360	8
35	361	1
36	37	10
36	38	6
36	39	13
36	40	10
36	41	11
36	42	6
36	43	9
36	44	9
36	45	11
36	46	6
36	47	10
36	48	8
36	49	5
36	50	8
36	51	9
36	52	8
36	53	9
36	54	3
36	55	11
36	56	9
36	57	7
36	58	8
36	59	10
36	60	10
36	61	8
36	62	8
36	63	9
36	64	11
36	65	5
36	66	9
36	67	1
36	68	8
36	69	12
36	70	6
36	71	9
36	72	7
36	73	7
36	74	7
36	75	7
36	76	8
36	77	6
36	78	6
36	79	5
36	80	14
36	81	10
36	82	7
36	83	7
36	84	6
36	85	6
36	86	3
36	87	7
36	88	5
36	89	5
36	90	8
36	91	5
36	92	3
36	93	9
36	94	11
36	95	5
36	96	7
36	97	9
36	98	7
36	99	7
36	100	8
36	101	10
36	102	7
36	103	7
36	104	10
36	105	9
36	106	9
36	107	8
36	108	6
36	109	13
36	110	8
36	111	8
36	112	11
36	113	9
36	114	12
36	115	7
36	116	8
36	117	10
36	118	10
36	119	10
36	120	6
36	121	9
36	122	6
36	123	6
36	124	11
36	125	9
36	126	8
36	127	12
36	128	7
36	129	15
36	130	11
36	131	8
36	132	8
36	133	9
36	134	10
36	135	9
36	136	8
36	137	5
36	138	16
36	139	6
36	140	9
36	141	7
36	142	11
36	143	6
36	144	11
36	146	5
36	147	6
36	148	8
36	149	3
36	150	5
36	151	1
36	152	9
36	153	9
36	154	12
36	155	9
36	156	9
36	157	9
36	158	12
36	159	11
36	160	9
36	161	10
36	162	7
36	163	8
36	164	8
36	165	10
36	166	9
36	167	12
36	168	8
36	169	7
36	170	9
36	171	6
36	172	12
36	173	3
36	174	8
36	175	4
36	176	10
36	177	5
36	178	9
36	179	6
36	180	6
36	181	10
36	182	9
36	183	9
36	184	9
36	185	8
36	187	11
36	188	9
36	189	15
36	190	5
36	191	2
36	192	10
36	193	9
36	194	6
36	195	7
36	197	8
36	198	7
36	200	8
36	201	5
36	202	9
36	203	5
36	204	9
36	205	11
36	206	7
36	207	3
36	208	8
36	209	1
36	210	6
36	211	5
36	212	9
36	213	9
36	214	6
36	215	7
36	216	5
36	217	1
36	218	6
36	219	5
36	220	6
36	221	7
36	222	7
36	223	11
36	224	5
36	225	6
36	226	6
36	227	10
36	228	5
36	229	5
36	230	4
36	231	6
36	232	6
36	233	5
36	234	6
36	235	1
36	236	7
36	237	6
36	238	8
36	240	10
36	241	7
36	242	7
36	243	2
36	244	6
36	245	7
36	246	7
36	247	12
36	248	8
36	249	5
36	250	12
36	251	9
36	252	1
36	253	12
36	254	9
36	255	8
36	256	10
36	257	6
36	258	5
36	259	9
36	260	5
36	261	3
36	262	7
36	263	7
36	264	6
36	266	1
36	267	5
36	268	11
36	269	7
36	270	2
36	271	1
36	272	8
36	273	9
36	274	11
36	275	7
36	276	5
36	277	8
36	278	9
36	279	10
36	281	6
36	282	10
36	283	4
36	284	10
36	285	11
36	286	8
36	287	6
36	288	6
36	289	8
36	290	6
36	291	1
36	292	9
36	293	6
36	294	5
36	295	8
36	296	10
36	297	6
36	298	10
36	299	7
36	300	7
36	302	8
36	303	10
36	304	2
36	305	6
36	306	9
36	307	9
36	308	6
36	309	7
36	310	5
36	311	7
36	312	10
36	313	4
36	314	2
36	315	2
36	316	1
36	317	5
36	318	4
36	320	6
36	321	5
36	322	9
36	324	6
36	326	5
36	327	3
36	328	3
36	329	9
36	330	9
36	331	8
36	332	10
36	333	6
36	334	8
36	335	2
36	336	6
36	337	7
36	338	8
36	339	5
36	340	1
36	341	9
36	342	10
36	344	7
36	346	6
36	347	6
36	348	3
36	349	2
36	350	6
36	351	5
36	352	9
36	353	8
36	354	3
36	355	1
36	357	11
36	358	13
36	359	8
36	360	10
37	38	5
37	39	11
37	40	9
37	41	10
37	42	7
37	43	7
37	44	8
37	45	9
37	46	6
37	47	10
37	48	6
37	49	6
37	50	8
37	51	10
37	52	7
37	53	7
37	54	1
37	55	11
37	56	11
37	57	10
37	58	9
37	59	7
37	60	7
37	61	6
37	62	6
37	63	8
37	64	9
37	65	8
37	66	7
37	67	1
37	68	8
37	69	11
37	70	7
37	71	7
37	72	6
37	73	5
37	74	8
37	75	6
37	76	6
37	77	5
37	78	7
37	79	7
37	80	9
37	81	9
37	82	5
37	83	8
37	84	7
37	85	5
37	86	2
37	87	5
37	88	6
37	89	6
37	90	6
37	91	5
37	92	3
37	93	6
37	94	8
37	95	8
37	96	7
37	97	7
37	98	9
37	99	7
37	100	6
37	101	10
37	102	6
37	103	7
37	104	7
37	105	10
37	106	6
37	107	6
37	108	5
37	109	8
37	110	10
37	111	6
37	112	11
37	113	8
37	114	7
37	115	7
37	116	7
37	117	6
37	118	11
37	119	7
37	120	6
37	121	8
37	122	8
37	123	7
37	124	6
37	125	6
37	126	7
37	127	8
37	128	6
37	129	12
37	130	7
37	131	5
37	132	5
37	133	7
37	134	8
37	135	6
37	136	8
37	137	8
37	138	7
37	139	6
37	140	10
37	141	7
37	142	9
37	143	6
37	144	8
37	146	6
37	147	5
37	148	7
37	149	5
37	150	8
37	152	8
37	153	9
37	154	8
37	155	6
37	156	6
37	157	8
37	158	9
37	159	7
37	160	5
37	161	7
37	162	3
37	163	7
37	164	6
37	165	5
37	166	7
37	167	9
37	168	10
37	169	7
37	170	4
37	171	6
37	172	9
37	173	5
37	174	5
37	175	2
37	176	9
37	177	6
37	178	8
37	179	7
37	180	7
37	181	9
37	182	6
37	183	8
37	184	6
37	185	7
37	186	1
37	187	7
37	188	5
37	189	11
37	190	7
37	191	3
37	192	6
37	193	7
37	194	8
37	195	8
37	196	1
37	197	6
37	198	8
37	200	5
37	201	6
37	202	6
37	203	7
37	204	6
37	205	7
37	206	7
37	207	1
37	208	7
37	209	1
37	210	3
37	211	6
37	212	5
37	213	6
37	214	4
37	215	6
37	216	5
37	217	1
37	218	7
37	219	3
37	220	7
37	221	5
37	222	6
37	223	6
37	224	4
37	225	5
37	226	4
37	227	9
37	228	7
37	229	2
37	230	6
37	231	4
37	232	6
37	233	6
37	234	8
37	235	2
37	236	6
37	237	9
37	238	10
37	240	6
37	241	6
37	242	7
37	243	2
37	244	4
37	245	4
37	246	7
37	247	7
37	248	5
37	249	8
37	250	7
37	251	6
37	253	9
37	254	10
37	255	4
37	256	6
37	257	5
37	258	6
37	259	9
37	260	2
37	261	5
37	262	7
37	263	5
37	264	4
37	266	1
37	267	5
37	268	5
37	269	8
37	270	2
37	272	7
37	273	7
37	274	9
37	275	5
37	276	8
37	277	6
37	278	5
37	279	5
37	281	7
37	282	8
37	283	4
37	284	7
37	285	9
37	286	7
37	287	6
37	288	5
37	289	8
37	290	5
37	291	1
37	292	9
37	293	6
37	294	5
37	295	5
37	296	7
37	297	6
37	298	11
37	299	6
37	300	4
37	302	7
37	303	6
37	304	1
37	305	8
37	306	5
37	307	8
37	308	5
37	309	7
37	310	9
37	311	7
37	312	6
37	313	3
37	314	3
37	315	1
37	317	5
37	318	2
37	320	4
37	321	3
37	322	6
37	324	6
37	326	7
37	328	1
37	329	8
37	330	7
37	331	6
37	332	8
37	333	6
37	334	9
37	335	1
37	336	4
37	337	3
37	338	6
37	339	9
37	340	1
37	341	8
37	342	7
37	344	6
37	346	5
37	347	5
37	348	3
37	349	1
37	350	8
37	351	5
37	352	6
37	353	4
37	354	3
37	355	1
37	357	10
37	358	8
37	359	8
37	360	4
38	39	8
38	40	6
38	41	5
38	42	8
38	43	8
38	44	11
38	45	8
38	46	7
38	47	9
38	48	6
38	49	9
38	50	9
38	51	9
38	52	8
38	53	7
38	54	2
38	55	6
38	56	7
38	57	7
38	58	7
38	59	5
38	60	7
38	61	8
38	62	13
38	63	10
38	64	10
38	65	8
38	66	7
38	67	1
38	68	6
38	69	8
38	70	5
38	71	9
38	72	5
38	73	11
38	74	8
38	75	8
38	76	9
38	77	6
38	78	9
38	79	7
38	80	13
38	81	8
38	82	8
38	83	9
38	84	9
38	85	9
38	86	1
38	87	9
38	88	6
38	89	4
38	90	6
38	91	4
38	92	1
38	93	8
38	94	9
38	95	9
38	96	10
38	97	8
38	98	11
38	99	5
38	100	7
38	101	8
38	102	6
38	103	6
38	104	11
38	105	8
38	106	6
38	107	7
38	108	8
38	109	9
38	110	8
38	111	7
38	112	8
38	113	7
38	114	9
38	115	5
38	116	5
38	117	9
38	118	9
38	119	5
38	120	5
38	121	6
38	122	8
38	123	7
38	124	5
38	125	7
38	126	5
38	127	9
38	128	4
38	129	13
38	130	7
38	131	5
38	132	7
38	133	5
38	134	6
38	135	8
38	136	5
38	137	5
38	138	8
38	139	6
38	140	5
38	141	8
38	142	10
38	143	7
38	144	11
38	146	5
38	147	7
38	148	10
38	149	3
38	150	5
38	152	7
38	153	7
38	154	7
38	155	5
38	156	6
38	157	9
38	158	10
38	159	6
38	160	7
38	161	5
38	162	5
38	163	7
38	164	5
38	165	7
38	166	4
38	167	8
38	168	6
38	169	6
38	170	5
38	171	10
38	172	8
38	173	8
38	174	7
38	175	2
38	176	7
38	177	9
38	178	8
38	179	6
38	180	7
38	181	8
38	182	9
38	183	7
38	184	12
38	185	9
38	187	10
38	188	5
38	189	9
38	190	7
38	191	5
38	192	8
38	193	13
38	194	7
38	195	7
38	197	6
38	198	7
38	200	6
38	201	6
38	202	5
38	203	6
38	204	5
38	205	7
38	206	6
38	208	5
38	209	2
38	210	4
38	211	6
38	212	7
38	213	6
38	214	8
38	215	5
38	216	10
38	217	1
38	218	7
38	219	5
38	220	6
38	221	6
38	222	7
38	223	5
38	224	3
38	225	4
38	226	3
38	227	8
38	228	6
38	229	1
38	230	6
38	231	4
38	232	5
38	233	3
38	234	8
38	235	2
38	236	5
38	237	7
38	238	7
38	239	1
38	240	6
38	241	6
38	242	6
38	243	1
38	244	6
38	245	5
38	246	4
38	247	3
38	248	6
38	249	5
38	250	5
38	251	6
38	253	8
38	254	6
38	255	8
38	256	4
38	257	4
38	258	7
38	259	6
38	260	10
38	261	4
38	262	8
38	263	9
38	264	6
38	265	1
38	267	4
38	268	5
38	269	9
38	272	6
38	273	7
38	274	8
38	275	7
38	276	8
38	277	4
38	278	6
38	279	6
38	281	6
38	282	7
38	283	5
38	284	8
38	285	4
38	286	9
38	287	6
38	288	3
38	289	4
38	290	4
38	291	1
38	292	7
38	293	8
38	294	9
38	295	7
38	296	6
38	297	5
38	298	7
38	299	3
38	300	8
38	302	8
38	303	5
38	305	7
38	306	5
38	307	6
38	308	6
38	309	9
38	310	7
38	311	4
38	312	6
38	313	3
38	314	3
38	315	1
38	317	6
38	318	3
38	320	6
38	321	2
38	322	7
38	324	4
38	325	1
38	326	6
38	328	2
38	329	9
38	330	5
38	331	5
38	332	8
38	333	7
38	334	9
38	335	1
38	336	8
38	337	4
38	338	9
38	339	12
38	340	1
38	341	3
38	342	5
38	344	8
38	346	8
38	347	5
38	348	3
38	349	1
38	350	5
38	351	8
38	352	6
38	353	6
38	354	2
38	357	9
38	358	8
38	359	10
38	360	3
38	361	1
39	40	10
39	41	8
39	42	9
39	43	7
39	44	9
39	45	11
39	46	7
39	47	13
39	48	7
39	49	6
39	50	12
39	51	8
39	52	10
39	53	13
39	54	3
39	55	14
39	56	8
39	57	11
39	58	11
39	59	11
39	60	11
39	61	8
39	62	9
39	63	10
39	64	11
39	65	11
39	66	9
39	67	2
39	68	14
39	69	14
39	70	10
39	71	9
39	72	9
39	73	11
39	74	8
39	75	14
39	76	9
39	77	10
39	78	8
39	79	12
39	80	14
39	81	18
39	82	8
39	83	9
39	84	10
39	85	9
39	86	3
39	87	6
39	88	10
39	89	10
39	90	11
39	91	11
39	92	4
39	93	11
39	94	9
39	95	8
39	96	12
39	97	9
39	98	14
39	99	14
39	100	18
39	101	11
39	102	12
39	103	10
39	104	14
39	105	13
39	106	11
39	107	13
39	108	8
39	109	12
39	110	11
39	111	8
39	112	28
39	113	8
39	114	12
39	115	11
39	116	11
39	117	14
39	118	17
39	119	9
39	120	7
39	121	13
39	122	9
39	123	11
39	124	9
39	125	14
39	126	14
39	127	16
39	128	10
39	129	19
39	130	13
39	131	5
39	132	9
39	133	10
39	134	15
39	135	8
39	136	15
39	137	7
39	138	17
39	139	10
39	140	12
39	141	11
39	142	18
39	143	10
39	144	14
39	145	1
39	146	9
39	147	9
39	148	10
39	149	4
39	150	8
39	151	2
39	152	11
39	153	16
39	154	11
39	155	15
39	156	10
39	157	10
39	158	17
39	159	8
39	160	13
39	161	10
39	162	12
39	163	10
39	164	9
39	165	17
39	166	13
39	167	11
39	168	11
39	169	5
39	170	8
39	171	8
39	172	15
39	173	8
39	174	10
39	175	2
39	176	11
39	177	6
39	178	9
39	179	9
39	180	8
39	181	14
39	182	8
39	183	9
39	184	9
39	185	15
39	187	14
39	188	10
39	189	17
39	190	12
39	191	5
39	192	13
39	193	6
39	194	9
39	195	9
39	197	6
39	198	11
39	200	12
39	201	8
39	202	12
39	203	9
39	204	12
39	205	13
39	206	13
39	207	2
39	208	8
39	209	6
39	210	6
39	211	7
39	212	5
39	213	13
39	214	7
39	215	11
39	216	11
39	217	3
39	218	11
39	219	11
39	220	11
39	221	10
39	222	10
39	223	15
39	224	4
39	225	8
39	226	5
39	227	13
39	228	7
39	229	3
39	230	11
39	231	7
39	232	7
39	233	5
39	234	11
39	235	1
39	236	11
39	237	7
39	238	11
39	239	2
39	240	12
39	241	9
39	242	11
39	243	2
39	244	11
39	245	9
39	246	15
39	247	8
39	248	15
39	249	9
39	250	14
39	251	14
39	252	1
39	253	15
39	254	13
39	255	10
39	256	11
39	257	6
39	258	9
39	259	11
39	260	8
39	261	5
39	262	10
39	263	8
39	264	7
39	266	1
39	267	8
39	268	13
39	269	10
39	270	4
39	271	1
39	272	10
39	273	13
39	274	14
39	275	11
39	276	9
39	277	9
39	278	11
39	279	12
39	281	7
39	282	13
39	283	5
39	284	11
39	285	13
39	286	13
39	287	7
39	288	6
39	289	12
39	290	10
39	291	2
39	292	13
39	293	10
39	294	8
39	295	7
39	296	8
39	297	10
39	298	12
39	299	8
39	300	9
39	302	13
39	303	10
39	304	2
39	305	9
39	306	14
39	307	8
39	308	8
39	309	9
39	310	6
39	311	9
39	312	12
39	313	4
39	314	4
39	315	1
39	317	9
39	318	4
39	319	1
39	320	12
39	321	5
39	322	12
39	324	9
39	326	9
39	327	1
39	328	5
39	329	10
39	330	13
39	331	8
39	332	13
39	333	4
39	334	8
39	335	3
39	336	9
39	337	5
39	338	10
39	339	11
39	340	1
39	341	11
39	342	14
39	344	7
39	346	7
39	347	9
39	348	2
39	349	2
39	350	10
39	351	5
39	352	10
39	353	10
39	354	6
39	355	2
39	357	15
39	358	13
39	359	9
39	360	7
39	361	1
40	41	10
40	42	8
40	43	7
40	44	8
40	45	9
40	46	7
40	47	11
40	48	9
40	49	7
40	50	12
40	51	11
40	52	9
40	53	8
40	54	2
40	55	14
40	56	9
40	57	12
40	58	8
40	59	10
40	60	10
40	61	6
40	62	10
40	63	9
40	64	10
40	65	8
40	66	15
40	67	1
40	68	8
40	69	10
40	70	10
40	71	9
40	72	9
40	73	10
40	74	8
40	75	10
40	76	10
40	77	7
40	78	11
40	79	7
40	80	11
40	81	14
40	82	5
40	83	9
40	84	10
40	85	8
40	86	4
40	87	8
40	88	6
40	89	11
40	90	7
40	91	8
40	92	2
40	93	9
40	94	10
40	95	7
40	96	10
40	97	8
40	98	9
40	99	6
40	100	7
40	101	9
40	102	9
40	103	10
40	104	9
40	105	10
40	106	10
40	107	12
40	108	8
40	109	7
40	110	12
40	111	7
40	112	8
40	113	12
40	114	9
40	115	9
40	116	10
40	117	7
40	118	19
40	119	9
40	120	7
40	121	9
40	122	10
40	123	10
40	124	5
40	125	13
40	126	10
40	127	12
40	128	9
40	129	18
40	130	11
40	131	9
40	132	7
40	133	8
40	134	9
40	135	7
40	136	9
40	137	8
40	138	10
40	139	6
40	140	6
40	141	10
40	142	11
40	143	11
40	144	15
40	146	11
40	147	12
40	148	7
40	149	3
40	150	6
40	152	7
40	153	10
40	154	8
40	155	10
40	156	7
40	157	8
40	158	11
40	159	9
40	160	9
40	161	11
40	162	9
40	163	9
40	164	8
40	165	7
40	166	10
40	167	11
40	168	11
40	169	8
40	170	7
40	171	6
40	172	13
40	173	5
40	174	8
40	175	2
40	176	9
40	177	8
40	178	10
40	179	8
40	180	8
40	181	15
40	182	9
40	183	9
40	184	8
40	185	9
40	187	10
40	188	9
40	189	14
40	190	7
40	191	5
40	192	10
40	193	8
40	194	8
40	195	9
40	197	5
40	198	12
40	200	7
40	201	6
40	202	8
40	203	7
40	204	6
40	205	8
40	206	10
40	207	1
40	208	7
40	209	2
40	210	5
40	211	7
40	212	6
40	213	9
40	214	6
40	215	11
40	216	6
40	217	1
40	218	8
40	219	5
40	220	6
40	221	9
40	222	8
40	223	7
40	224	3
40	225	7
40	226	5
40	227	10
40	228	5
40	229	3
40	230	7
40	231	7
40	232	5
40	233	6
40	234	9
40	235	1
40	236	6
40	237	9
40	238	12
40	240	9
40	241	8
40	242	8
40	243	1
40	244	8
40	245	5
40	246	8
40	247	6
40	248	7
40	249	7
40	250	15
40	251	8
40	252	1
40	253	12
40	254	11
40	255	7
40	256	7
40	257	6
40	258	5
40	259	8
40	260	5
40	261	3
40	262	11
40	263	8
40	264	6
40	266	2
40	267	6
40	268	6
40	269	6
40	270	2
40	272	10
40	273	11
40	274	9
40	275	8
40	276	10
40	277	8
40	278	9
40	279	8
40	281	7
40	282	10
40	283	3
40	284	8
40	285	9
40	286	7
40	287	5
40	288	5
40	289	7
40	290	9
40	291	2
40	292	8
40	293	7
40	294	8
40	295	5
40	296	9
40	297	9
40	298	10
40	299	8
40	300	4
40	302	9
40	303	5
40	304	1
40	305	6
40	306	10
40	307	8
40	308	7
40	309	7
40	310	7
40	311	7
40	312	10
40	313	4
40	314	3
40	315	1
40	317	6
40	318	2
40	319	1
40	320	6
40	321	4
40	322	8
40	324	6
40	326	6
40	327	1
40	328	3
40	329	8
40	330	10
40	331	7
40	332	9
40	333	6
40	334	7
40	335	1
40	336	5
40	337	5
40	338	8
40	339	8
40	340	1
40	341	8
40	342	8
40	344	5
40	346	8
40	347	7
40	348	2
40	349	3
40	350	6
40	351	7
40	352	5
40	353	7
40	354	4
40	355	1
40	357	12
40	358	12
40	359	8
40	360	5
41	42	9
41	43	10
41	44	11
41	45	11
41	46	9
41	47	8
41	48	8
41	49	9
41	50	9
41	51	10
41	52	11
41	53	9
41	54	5
41	55	12
41	56	10
41	57	8
41	58	7
41	59	6
41	60	13
41	61	6
41	62	7
41	63	11
41	64	8
41	65	12
41	66	8
41	67	1
41	68	4
41	69	10
41	70	5
41	71	6
41	72	9
41	73	4
41	74	14
41	75	7
41	76	7
41	77	5
41	78	6
41	79	4
41	80	10
41	81	9
41	82	8
41	83	9
41	84	8
41	85	9
41	86	2
41	87	10
41	88	4
41	89	8
41	90	6
41	91	5
41	92	2
41	93	6
41	94	9
41	95	8
41	96	7
41	97	10
41	98	8
41	99	6
41	100	6
41	101	10
41	102	7
41	103	7
41	104	9
41	105	7
41	106	7
41	107	5
41	108	8
41	109	9
41	110	11
41	111	6
41	112	7
41	113	12
41	114	9
41	115	6
41	116	9
41	117	7
41	118	14
41	119	9
41	120	9
41	121	7
41	122	8
41	123	5
41	124	9
41	125	16
41	126	5
41	127	16
41	128	7
41	129	11
41	130	8
41	131	7
41	132	6
41	133	6
41	134	8
41	135	12
41	136	5
41	137	12
41	138	11
41	139	8
41	140	8
41	141	13
41	142	9
41	143	6
41	144	10
41	146	7
41	147	5
41	148	9
41	149	7
41	150	8
41	152	6
41	153	10
41	154	10
41	155	3
41	156	5
41	157	9
41	158	9
41	159	16
41	160	5
41	161	13
41	162	4
41	163	7
41	164	4
41	165	4
41	166	5
41	167	7
41	168	12
41	169	6
41	170	11
41	171	6
41	172	9
41	173	7
41	174	5
41	175	5
41	176	10
41	177	7
41	178	7
41	179	9
41	180	11
41	181	12
41	182	8
41	183	10
41	184	7
41	185	7
41	186	1
41	187	8
41	188	5
41	189	9
41	190	8
41	191	2
41	192	5
41	193	9
41	194	10
41	195	9
41	196	1
41	197	11
41	198	9
41	200	4
41	201	6
41	202	4
41	203	6
41	204	7
41	205	11
41	206	8
41	207	1
41	208	8
41	209	1
41	210	5
41	211	6
41	212	7
41	213	5
41	214	5
41	215	5
41	216	7
41	217	2
41	218	10
41	219	6
41	220	6
41	221	6
41	222	7
41	223	8
41	224	6
41	225	4
41	226	4
41	227	8
41	228	6
41	229	4
41	230	9
41	231	4
41	232	8
41	233	6
41	234	8
41	235	3
41	236	7
41	237	10
41	238	20
41	240	2
41	241	4
41	242	5
41	243	1
41	244	4
41	245	5
41	246	6
41	247	7
41	248	10
41	249	9
41	250	5
41	251	4
41	252	1
41	253	8
41	254	10
41	255	4
41	256	11
41	257	4
41	258	7
41	259	10
41	260	4
41	261	3
41	262	6
41	263	6
41	264	10
41	266	1
41	267	5
41	268	5
41	269	7
41	270	1
41	272	9
41	273	5
41	274	11
41	275	6
41	276	5
41	277	5
41	278	6
41	279	9
41	281	6
41	282	6
41	283	4
41	284	9
41	285	10
41	286	10
41	287	8
41	288	5
41	289	5
41	290	7
41	291	2
41	292	5
41	293	5
41	294	5
41	295	5
41	296	13
41	297	6
41	298	9
41	299	7
41	300	5
41	302	11
41	303	8
41	304	2
41	305	6
41	306	5
41	307	8
41	308	6
41	309	9
41	310	9
41	311	9
41	312	11
41	313	3
41	314	5
41	315	2
41	317	3
41	318	3
41	320	5
41	321	5
41	322	7
41	324	6
41	326	5
41	327	1
41	328	3
41	329	8
41	330	5
41	331	9
41	332	8
41	333	10
41	334	7
41	335	4
41	336	6
41	337	5
41	338	6
41	339	8
41	340	1
41	341	6
41	342	7
41	344	9
41	346	6
41	347	5
41	348	5
41	349	3
41	350	8
41	351	7
41	352	5
41	353	4
41	354	1
41	355	2
41	357	10
41	358	7
41	359	7
41	360	8
42	43	10
42	44	17
42	45	11
42	46	6
42	47	9
42	48	6
42	49	7
42	50	8
42	51	9
42	52	9
42	53	9
42	54	2
42	55	8
42	56	8
42	57	7
42	58	8
42	59	6
42	60	9
42	61	6
42	62	8
42	63	8
42	64	16
42	65	7
42	66	11
42	67	1
42	68	6
42	69	11
42	70	5
42	71	7
42	72	8
42	73	8
42	74	11
42	75	6
42	76	5
42	77	5
42	78	6
42	79	6
42	80	7
42	81	8
42	82	9
42	83	8
42	84	8
42	85	9
42	86	1
42	87	8
42	88	5
42	89	6
42	90	5
42	91	4
42	92	1
42	93	9
42	94	12
42	95	7
42	96	7
42	97	10
42	98	9
42	99	6
42	100	7
42	101	11
42	102	5
42	103	8
42	104	9
42	105	8
42	106	5
42	107	6
42	108	7
42	109	5
42	110	9
42	111	5
42	112	9
42	113	10
42	114	7
42	115	6
42	116	6
42	117	6
42	118	14
42	119	8
42	120	8
42	121	7
42	122	7
42	123	6
42	124	6
42	125	5
42	126	5
42	127	8
42	128	6
42	129	10
42	130	8
42	131	4
42	132	7
42	133	6
42	134	7
42	135	5
42	136	7
42	137	7
42	138	10
42	139	6
42	140	6
42	141	10
42	142	8
42	143	5
42	144	9
42	146	5
42	147	7
42	148	9
42	149	3
42	150	6
42	151	2
42	152	5
42	153	6
42	154	5
42	155	4
42	156	9
42	157	6
42	158	12
42	159	6
42	160	6
42	161	9
42	162	8
42	163	5
42	164	7
42	165	5
42	166	5
42	167	7
42	168	7
42	169	9
42	170	5
42	171	6
42	172	9
42	173	7
42	174	4
42	175	2
42	176	8
42	177	6
42	178	6
42	179	5
42	180	7
42	181	10
42	182	8
42	183	6
42	184	9
42	185	7
42	186	1
42	187	8
42	188	4
42	189	7
42	190	4
42	191	2
42	192	7
42	193	6
42	194	6
42	195	6
42	196	1
42	197	8
42	198	8
42	200	5
42	201	3
42	202	5
42	203	6
42	204	4
42	205	8
42	206	6
42	208	6
42	209	1
42	210	2
42	211	5
42	212	5
42	213	5
42	214	9
42	215	5
42	216	5
42	217	2
42	218	7
42	219	5
42	220	4
42	221	5
42	222	7
42	223	5
42	224	4
42	225	3
42	226	3
42	227	8
42	228	4
42	229	1
42	230	4
42	231	5
42	232	6
42	233	4
42	234	11
42	235	3
42	236	4
42	237	8
42	238	9
42	240	7
42	241	4
42	242	5
42	243	1
42	244	4
42	245	4
42	246	5
42	247	5
42	248	6
42	249	5
42	250	8
42	251	9
42	253	5
42	254	9
42	255	4
42	256	4
42	257	3
42	258	5
42	259	9
42	260	7
42	261	4
42	262	6
42	263	4
42	264	4
42	267	5
42	268	6
42	269	5
42	270	1
42	272	6
42	273	7
42	274	9
42	275	7
42	276	3
42	277	5
42	278	9
42	279	4
42	281	5
42	282	6
42	283	2
42	284	10
42	285	7
42	286	6
42	287	6
42	288	5
42	289	4
42	290	4
42	291	1
42	292	7
42	293	5
42	294	7
42	295	5
42	296	5
42	297	6
42	298	9
42	299	4
42	300	4
42	302	7
42	303	4
42	305	5
42	306	5
42	307	8
42	308	6
42	309	5
42	310	7
42	311	3
42	312	9
42	313	3
42	314	3
42	315	1
42	317	5
42	318	1
42	320	4
42	321	3
42	322	6
42	324	5
42	326	4
42	328	1
42	329	7
42	330	6
42	331	2
42	332	8
42	333	5
42	334	6
42	335	1
42	336	6
42	337	3
42	338	5
42	339	10
42	340	1
42	341	3
42	342	6
42	344	6
42	346	6
42	347	3
42	348	4
42	349	4
42	350	5
42	351	6
42	352	4
42	353	5
42	354	2
42	357	10
42	358	6
42	359	4
42	360	3
43	44	11
43	45	8
43	46	9
43	47	10
43	48	8
43	49	8
43	50	11
43	51	7
43	52	9
43	53	8
43	54	1
43	55	8
43	56	8
43	57	8
43	58	6
43	59	9
43	60	6
43	61	8
43	62	14
43	63	11
43	64	8
43	65	15
43	66	9
43	67	1
43	68	6
43	69	7
43	70	3
43	71	7
43	72	7
43	73	6
43	74	10
43	75	8
43	76	6
43	77	6
43	78	8
43	79	4
43	80	9
43	81	8
43	82	11
43	83	7
43	84	5
43	85	8
43	86	1
43	87	13
43	88	5
43	89	9
43	90	6
43	91	3
43	92	2
43	93	8
43	94	10
43	95	8
43	96	8
43	97	10
43	98	8
43	99	4
43	100	8
43	101	13
43	102	4
43	103	4
43	104	13
43	105	7
43	106	4
43	107	9
43	108	8
43	109	7
43	110	8
43	111	6
43	112	11
43	113	13
43	114	10
43	115	9
43	116	6
43	117	8
43	118	11
43	119	9
43	120	4
43	121	7
43	122	5
43	123	4
43	124	8
43	125	7
43	126	2
43	127	13
43	128	6
43	129	14
43	130	7
43	131	3
43	132	5
43	133	5
43	134	9
43	135	11
43	136	6
43	137	8
43	138	11
43	139	7
43	140	7
43	141	8
43	142	7
43	143	9
43	144	15
43	146	7
43	147	12
43	148	15
43	149	5
43	150	6
43	152	5
43	153	7
43	154	11
43	155	2
43	156	7
43	157	10
43	158	12
43	159	7
43	160	6
43	161	9
43	162	5
43	163	6
43	164	6
43	165	5
43	166	3
43	167	8
43	168	6
43	169	7
43	170	7
43	171	7
43	172	6
43	173	11
43	174	9
43	175	2
43	176	7
43	177	7
43	178	8
43	179	7
43	180	8
43	181	15
43	182	9
43	183	10
43	184	9
43	185	8
43	186	1
43	187	10
43	188	5
43	189	7
43	190	5
43	191	2
43	192	5
43	193	8
43	194	11
43	195	8
43	196	1
43	197	10
43	198	8
43	200	5
43	201	5
43	202	3
43	203	4
43	204	8
43	205	7
43	206	6
43	207	1
43	208	7
43	209	1
43	210	3
43	211	5
43	212	8
43	213	4
43	214	6
43	215	4
43	216	8
43	217	2
43	218	8
43	219	9
43	220	4
43	221	4
43	222	8
43	223	6
43	224	5
43	225	4
43	226	2
43	227	9
43	228	5
43	229	1
43	230	6
43	231	6
43	232	6
43	233	4
43	234	10
43	235	2
43	236	4
43	237	8
43	238	9
43	240	4
43	241	7
43	242	5
43	243	2
43	244	4
43	245	5
43	246	5
43	247	7
43	248	9
43	249	5
43	250	3
43	251	9
43	253	8
43	254	6
43	255	4
43	256	5
43	257	3
43	258	6
43	259	13
43	260	6
43	261	3
43	262	5
43	263	8
43	264	6
43	265	1
43	267	3
43	268	7
43	269	6
43	272	5
43	273	8
43	274	12
43	275	5
43	276	5
43	277	3
43	278	7
43	279	6
43	281	5
43	282	7
43	283	3
43	284	10
43	285	4
43	286	7
43	287	9
43	288	4
43	289	3
43	290	2
43	292	6
43	293	7
43	294	5
43	295	7
43	296	7
43	297	5
43	298	9
43	299	5
43	300	5
43	302	7
43	303	5
43	304	1
43	305	5
43	306	4
43	307	6
43	308	5
43	309	9
43	310	11
43	311	4
43	312	8
43	313	2
43	314	6
43	315	1
43	317	5
43	318	2
43	320	6
43	321	2
43	322	4
43	324	3
43	326	5
43	328	4
43	329	8
43	330	9
43	331	5
43	332	8
43	333	7
43	334	8
43	335	3
43	336	7
43	337	6
43	338	6
43	339	10
43	340	1
43	341	4
43	342	6
43	344	8
43	346	7
43	347	5
43	348	4
43	350	7
43	351	8
43	352	6
43	353	7
43	355	1
43	357	8
43	358	5
43	359	7
43	360	5
44	45	15
44	46	8
44	47	10
44	48	10
44	49	14
44	50	10
44	51	9
44	52	14
44	53	9
44	54	1
44	55	10
44	56	11
44	57	10
44	58	8
44	59	9
44	60	9
44	61	10
44	62	9
44	63	12
44	64	18
44	65	10
44	66	12
44	67	1
44	68	7
44	69	8
44	70	5
44	71	9
44	72	10
44	73	12
44	74	9
44	75	10
44	76	9
44	77	8
44	78	8
44	79	5
44	80	11
44	81	11
44	82	9
44	83	11
44	84	6
44	85	10
44	86	1
44	87	11
44	88	6
44	89	9
44	90	9
44	91	6
44	92	1
44	93	12
44	94	10
44	95	13
44	96	7
44	97	11
44	98	9
44	99	6
44	100	8
44	101	11
44	102	4
44	103	8
44	104	12
44	105	12
44	106	9
44	107	10
44	108	10
44	109	8
44	110	8
44	111	6
44	112	9
44	113	13
44	114	9
44	115	8
44	116	7
44	117	9
44	118	12
44	119	9
44	120	6
44	121	7
44	122	9
44	123	6
44	124	9
44	125	10
44	126	6
44	127	12
44	128	6
44	129	12
44	130	9
44	131	5
44	132	14
44	133	8
44	134	8
44	135	8
44	136	9
44	137	10
44	138	11
44	139	8
44	140	8
44	141	8
44	142	11
44	143	7
44	144	10
44	146	5
44	147	6
44	148	13
44	149	5
44	150	7
44	152	7
44	153	12
44	154	9
44	155	4
44	156	10
44	157	10
44	158	15
44	159	9
44	160	6
44	161	9
44	162	9
44	163	8
44	164	7
44	165	7
44	166	5
44	167	9
44	168	8
44	169	8
44	170	9
44	171	12
44	172	10
44	173	11
44	174	6
44	175	3
44	176	11
44	177	15
44	178	8
44	179	8
44	180	9
44	181	13
44	182	11
44	183	8
44	184	11
44	185	11
44	186	1
44	187	10
44	188	6
44	189	10
44	190	7
44	191	4
44	192	10
44	193	12
44	194	9
44	195	11
44	196	1
44	197	12
44	198	10
44	200	6
44	201	9
44	202	6
44	203	8
44	204	5
44	205	9
44	206	7
44	208	8
44	209	3
44	210	4
44	211	7
44	212	10
44	213	5
44	214	6
44	215	6
44	216	8
44	217	1
44	218	9
44	219	3
44	220	6
44	221	6
44	222	6
44	223	6
44	224	4
44	225	4
44	226	3
44	227	9
44	228	10
44	229	1
44	230	7
44	231	8
44	232	6
44	233	4
44	234	11
44	235	2
44	236	6
44	237	7
44	238	9
44	239	1
44	240	9
44	241	8
44	242	8
44	243	1
44	244	5
44	245	5
44	246	5
44	247	6
44	248	7
44	249	6
44	250	7
44	251	7
44	253	7
44	254	10
44	255	7
44	256	8
44	257	4
44	258	8
44	259	9
44	260	10
44	261	4
44	262	8
44	263	7
44	264	11
44	265	1
44	267	4
44	268	6
44	269	8
44	270	1
44	272	6
44	273	13
44	274	8
44	275	8
44	276	5
44	277	5
44	278	8
44	279	7
44	281	5
44	282	9
44	283	4
44	284	11
44	285	8
44	286	9
44	287	7
44	288	4
44	289	5
44	290	4
44	292	8
44	293	8
44	294	5
44	295	5
44	296	11
44	297	6
44	298	11
44	299	7
44	300	5
44	302	10
44	303	7
44	304	2
44	305	8
44	306	6
44	307	10
44	308	9
44	309	8
44	310	9
44	311	6
44	312	9
44	313	3
44	314	3
44	315	1
44	317	6
44	318	3
44	320	7
44	321	5
44	322	7
44	324	5
44	326	5
44	328	1
44	329	9
44	330	6
44	331	8
44	332	9
44	333	11
44	334	10
44	335	2
44	336	8
44	337	4
44	338	7
44	339	14
44	340	1
44	341	3
44	342	7
44	344	7
44	346	11
44	347	7
44	348	4
44	349	1
44	350	5
44	351	11
44	352	5
44	353	4
44	354	2
44	355	2
44	357	12
44	358	10
44	359	9
44	360	4
45	46	7
45	47	12
45	48	8
45	49	10
45	50	11
45	51	9
45	52	10
45	53	9
45	54	2
45	55	10
45	56	9
45	57	6
45	58	8
45	59	8
45	60	12
45	61	8
45	62	9
45	63	9
45	64	33
45	65	10
45	66	10
45	67	1
45	68	9
45	69	10
45	70	6
45	71	7
45	72	6
45	73	9
45	74	9
45	75	9
45	76	9
45	77	7
45	78	7
45	79	7
45	80	12
45	81	11
45	82	6
45	83	11
45	84	10
45	85	10
45	86	3
45	87	5
45	88	4
45	89	11
45	90	6
45	91	5
45	92	3
45	93	8
45	94	10
45	95	15
45	96	8
45	97	7
45	98	13
45	99	5
45	100	8
45	101	8
45	102	7
45	103	8
45	104	13
45	105	10
45	106	7
45	107	6
45	108	6
45	109	11
45	110	9
45	111	5
45	112	9
45	113	13
45	114	9
45	115	9
45	116	11
45	117	13
45	118	14
45	119	8
45	120	7
45	121	8
45	122	10
45	123	8
45	124	7
45	125	13
45	126	7
45	127	12
45	128	6
45	129	14
45	130	11
45	131	8
45	132	8
45	133	7
45	134	12
45	135	7
45	136	7
45	137	10
45	138	13
45	139	9
45	140	11
45	141	11
45	142	12
45	143	8
45	144	13
45	146	9
45	147	7
45	148	8
45	149	5
45	150	6
45	152	7
45	153	11
45	154	10
45	155	5
45	156	9
45	157	12
45	158	15
45	159	9
45	160	6
45	161	12
45	162	6
45	163	7
45	164	6
45	165	11
45	166	9
45	167	9
45	168	10
45	169	7
45	170	6
45	171	10
45	172	12
45	173	8
45	174	8
45	175	5
45	176	9
45	177	9
45	178	9
45	179	6
45	180	5
45	181	15
45	182	8
45	183	12
45	184	7
45	185	9
45	186	1
45	187	9
45	188	7
45	189	11
45	190	8
45	191	3
45	192	8
45	193	8
45	194	7
45	195	7
45	196	1
45	197	7
45	198	11
45	200	4
45	201	5
45	202	5
45	203	9
45	204	7
45	205	9
45	206	10
45	207	1
45	208	8
45	209	3
45	210	3
45	211	7
45	212	5
45	213	6
45	214	4
45	215	9
45	216	7
45	217	1
45	218	8
45	219	5
45	220	7
45	221	8
45	222	10
45	223	7
45	224	4
45	225	6
45	226	3
45	227	12
45	228	6
45	229	2
45	230	9
45	231	6
45	232	10
45	233	5
45	234	8
45	235	2
45	236	10
45	237	7
45	238	11
45	239	1
45	240	11
45	241	6
45	242	6
45	243	2
45	244	6
45	245	7
45	246	8
45	247	9
45	248	6
45	249	7
45	250	9
45	251	10
45	253	9
45	254	10
45	255	6
45	256	8
45	257	7
45	258	7
45	259	8
45	260	6
45	261	3
45	262	9
45	263	6
45	264	7
45	266	1
45	267	5
45	268	8
45	269	9
45	270	3
45	272	6
45	273	8
45	274	11
45	275	7
45	276	7
45	277	7
45	278	9
45	279	11
45	281	4
45	282	9
45	283	4
45	284	10
45	285	9
45	286	6
45	287	6
45	288	4
45	289	7
45	290	6
45	291	1
45	292	7
45	293	6
45	294	4
45	295	5
45	296	8
45	297	6
45	298	9
45	299	9
45	300	5
45	302	9
45	303	8
45	304	1
45	305	7
45	306	9
45	307	7
45	308	5
45	309	10
45	310	9
45	311	6
45	312	9
45	313	3
45	314	4
45	315	1
45	317	3
45	318	4
45	320	6
45	321	7
45	322	9
45	324	8
45	326	6
45	327	1
45	328	2
45	329	9
45	330	8
45	331	5
45	332	8
45	333	6
45	334	7
45	335	2
45	336	8
45	337	5
45	338	6
45	339	13
45	341	7
45	342	8
45	344	9
45	346	7
45	347	5
45	348	3
45	349	3
45	350	6
45	351	7
45	352	7
45	353	7
45	354	4
45	355	3
45	357	11
45	358	10
45	359	8
45	360	4
46	47	11
46	48	7
46	49	6
46	50	10
46	51	11
46	52	8
46	53	9
46	54	3
46	55	9
46	56	9
46	57	7
46	58	7
46	59	7
46	60	7
46	61	7
46	62	8
46	63	10
46	64	8
46	65	9
46	66	8
46	67	1
46	68	7
46	69	10
46	70	6
46	71	7
46	72	7
46	73	8
46	74	7
46	75	6
46	76	9
46	77	5
46	78	7
46	79	7
46	80	10
46	81	9
46	82	9
46	83	8
46	84	6
46	85	12
46	86	1
46	87	7
46	88	4
46	89	7
46	90	6
46	91	4
46	92	1
46	93	12
46	94	7
46	95	8
46	96	6
46	97	12
46	98	6
46	99	6
46	100	8
46	101	8
46	102	7
46	103	6
46	104	8
46	105	7
46	106	5
46	107	6
46	108	8
46	109	8
46	110	9
46	111	6
46	112	8
46	113	6
46	114	10
46	115	8
46	116	8
46	117	7
46	118	11
46	119	7
46	120	7
46	121	10
46	122	9
46	123	6
46	124	6
46	125	8
46	126	5
46	127	8
46	128	6
46	129	15
46	130	12
46	131	5
46	132	6
46	133	5
46	134	10
46	135	8
46	136	5
46	137	7
46	138	7
46	139	9
46	140	7
46	141	10
46	142	12
46	143	7
46	144	13
46	146	7
46	147	7
46	148	9
46	149	5
46	150	7
46	151	1
46	152	7
46	153	7
46	154	6
46	155	6
46	156	4
46	157	11
46	158	9
46	159	8
46	160	4
46	161	7
46	162	6
46	163	8
46	164	7
46	165	7
46	166	6
46	167	8
46	168	6
46	169	6
46	170	7
46	171	6
46	172	9
46	173	6
46	174	7
46	175	2
46	176	7
46	177	10
46	178	7
46	179	8
46	180	7
46	181	9
46	182	9
46	183	6
46	184	8
46	185	7
46	186	1
46	187	10
46	188	7
46	189	9
46	190	8
46	191	3
46	192	7
46	193	13
46	194	10
46	195	6
46	197	7
46	198	7
46	200	4
46	201	5
46	202	6
46	203	6
46	204	6
46	205	8
46	206	6
46	207	5
46	208	11
46	210	3
46	211	7
46	212	5
46	213	7
46	214	4
46	215	5
46	216	8
46	217	2
46	218	8
46	219	8
46	220	5
46	221	5
46	222	7
46	223	6
46	224	8
46	225	5
46	226	3
46	227	9
46	228	6
46	229	3
46	230	7
46	231	5
46	232	6
46	233	4
46	234	5
46	235	2
46	236	5
46	237	7
46	238	10
46	240	5
46	241	5
46	242	5
46	243	1
46	244	7
46	245	6
46	246	5
46	247	8
46	248	8
46	249	8
46	250	5
46	251	7
46	252	1
46	253	8
46	254	6
46	255	7
46	256	7
46	257	4
46	258	5
46	259	7
46	260	5
46	261	3
46	262	5
46	263	6
46	264	7
46	266	1
46	267	4
46	268	6
46	269	7
46	270	1
46	272	7
46	273	9
46	274	10
46	275	5
46	276	3
46	277	5
46	278	6
46	279	7
46	281	7
46	282	9
46	283	4
46	284	9
46	285	5
46	286	6
46	287	6
46	288	4
46	289	5
46	290	4
46	291	1
46	292	5
46	293	7
46	294	7
46	295	7
46	296	7
46	297	6
46	298	6
46	299	6
46	300	7
46	302	6
46	303	5
46	304	1
46	305	6
46	306	3
46	307	6
46	308	6
46	309	5
46	310	8
46	311	4
46	312	7
46	313	4
46	314	5
46	315	1
46	317	6
46	318	3
46	320	5
46	321	3
46	322	7
46	324	4
46	325	1
46	326	8
46	327	2
46	328	2
46	329	9
46	330	7
46	331	7
46	332	8
46	333	7
46	334	5
46	335	3
46	336	8
46	337	4
46	338	6
46	339	8
46	340	1
46	341	4
46	342	7
46	344	8
46	346	7
46	347	6
46	348	4
46	349	3
46	350	6
46	351	7
46	352	6
46	353	6
46	354	3
46	355	1
46	357	12
46	358	7
46	359	8
46	360	8
47	48	10
47	49	6
47	50	15
47	51	12
47	52	9
47	53	8
47	54	1
47	55	13
47	56	13
47	57	11
47	58	10
47	59	8
47	60	6
47	61	9
47	62	8
47	63	11
47	64	18
47	65	7
47	66	12
47	67	1
47	68	13
47	69	10
47	70	9
47	71	10
47	72	5
47	73	10
47	74	6
47	75	7
47	76	7
47	77	7
47	78	8
47	79	9
47	80	12
47	81	14
47	82	9
47	83	9
47	84	7
47	85	8
47	86	1
47	87	7
47	88	6
47	89	7
47	90	7
47	91	7
47	92	2
47	93	11
47	94	10
47	95	8
47	96	14
47	97	10
47	98	9
47	99	10
47	100	10
47	101	12
47	102	7
47	103	10
47	104	9
47	105	9
47	106	8
47	107	10
47	108	7
47	109	12
47	110	12
47	111	9
47	112	11
47	113	7
47	114	12
47	115	11
47	116	8
47	117	12
47	118	18
47	119	9
47	120	7
47	121	11
47	122	8
47	123	8
47	124	7
47	125	7
47	126	10
47	127	7
47	128	6
47	129	20
47	130	10
47	131	8
47	132	7
47	133	9
47	134	11
47	135	8
47	136	9
47	137	9
47	138	11
47	139	10
47	140	8
47	141	7
47	142	17
47	143	12
47	144	13
47	146	8
47	147	7
47	148	11
47	149	4
47	150	9
47	151	1
47	152	11
47	153	11
47	154	8
47	155	8
47	156	7
47	157	9
47	158	12
47	159	8
47	160	8
47	161	7
47	162	6
47	163	12
47	164	9
47	165	10
47	166	10
47	167	9
47	168	6
47	169	7
47	170	9
47	171	9
47	172	14
47	173	6
47	174	9
47	175	2
47	176	10
47	177	8
47	178	9
47	179	9
47	180	10
47	181	11
47	182	15
47	183	8
47	184	12
47	185	10
47	187	9
47	188	8
47	189	15
47	190	10
47	191	6
47	192	9
47	193	10
47	194	9
47	195	8
47	197	7
47	198	9
47	200	9
47	201	8
47	202	8
47	203	9
47	204	5
47	205	10
47	206	7
47	207	2
47	208	9
47	210	6
47	211	8
47	212	5
47	213	9
47	214	6
47	215	8
47	216	9
47	217	2
47	218	7
47	219	5
47	220	7
47	221	8
47	222	10
47	223	6
47	224	5
47	225	8
47	226	4
47	227	13
47	228	6
47	229	4
47	230	6
47	231	6
47	232	6
47	233	3
47	234	8
47	235	2
47	236	7
47	237	8
47	238	10
47	240	9
47	241	5
47	242	11
47	243	1
47	244	7
47	245	7
47	246	12
47	247	7
47	248	9
47	249	7
47	250	9
47	251	12
47	253	13
47	254	9
47	255	9
47	256	8
47	257	6
47	258	7
47	259	10
47	260	5
47	261	6
47	262	10
47	263	8
47	264	10
47	266	1
47	267	7
47	268	6
47	269	7
47	270	4
47	271	1
47	272	9
47	273	10
47	274	9
47	275	7
47	276	5
47	277	8
47	278	6
47	279	10
47	281	7
47	282	11
47	283	5
47	284	10
47	285	9
47	286	10
47	287	8
47	288	5
47	289	8
47	290	5
47	291	1
47	292	10
47	293	11
47	294	8
47	295	6
47	296	7
47	297	7
47	298	9
47	299	7
47	300	8
47	302	8
47	303	8
47	304	1
47	305	9
47	306	9
47	307	9
47	308	7
47	309	9
47	310	7
47	311	7
47	312	6
47	313	4
47	314	3
47	315	1
47	317	7
47	318	3
47	320	8
47	321	4
47	322	10
47	324	6
47	325	1
47	326	9
47	327	1
47	328	1
47	329	11
47	330	9
47	331	9
47	332	9
47	333	7
47	334	7
47	335	2
47	336	9
47	337	3
47	338	9
47	339	9
47	340	1
47	341	6
47	342	11
47	344	8
47	346	9
47	347	7
47	348	4
47	349	3
47	350	7
47	351	7
47	352	7
47	353	7
47	354	4
47	355	1
47	357	11
47	358	11
47	359	8
47	360	6
48	49	6
48	50	14
48	51	9
48	52	6
48	53	8
48	54	1
48	55	7
48	56	10
48	57	9
48	58	6
48	59	8
48	60	13
48	61	7
48	62	7
48	63	8
48	64	9
48	65	8
48	66	6
48	67	1
48	68	4
48	69	6
48	70	4
48	71	7
48	72	5
48	73	5
48	74	7
48	75	7
48	76	6
48	77	7
48	78	5
48	79	5
48	80	10
48	81	8
48	82	6
48	83	7
48	84	5
48	85	6
48	86	1
48	87	8
48	88	4
48	89	7
48	90	6
48	91	4
48	92	1
48	93	6
48	94	9
48	95	6
48	96	5
48	97	10
48	98	5
48	99	4
48	100	4
48	101	10
48	102	5
48	103	6
48	104	6
48	105	7
48	106	5
48	107	10
48	108	6
48	109	9
48	110	7
48	111	4
48	112	6
48	113	10
48	114	11
48	115	6
48	116	9
48	117	9
48	118	13
48	119	8
48	120	6
48	121	5
48	122	5
48	123	3
48	124	8
48	125	9
48	126	6
48	127	12
48	128	6
48	129	10
48	130	7
48	131	8
48	132	5
48	133	6
48	134	7
48	135	6
48	136	3
48	137	7
48	138	9
48	139	5
48	140	8
48	141	7
48	142	12
48	143	5
48	144	8
48	146	6
48	147	7
48	148	10
48	149	6
48	150	4
48	152	7
48	153	8
48	154	9
48	155	5
48	156	5
48	157	7
48	158	8
48	159	10
48	160	8
48	161	7
48	162	4
48	163	8
48	164	5
48	165	5
48	166	5
48	167	12
48	168	8
48	169	6
48	170	7
48	171	6
48	172	7
48	173	8
48	174	7
48	175	3
48	176	9
48	177	7
48	178	8
48	179	8
48	180	8
48	181	11
48	182	9
48	183	7
48	184	7
48	185	6
48	186	1
48	187	7
48	188	6
48	189	7
48	190	7
48	191	4
48	192	5
48	193	8
48	194	9
48	195	5
48	196	1
48	197	9
48	198	6
48	200	7
48	201	5
48	202	4
48	203	7
48	204	7
48	205	8
48	206	7
48	208	5
48	209	2
48	210	6
48	211	4
48	212	7
48	213	4
48	214	5
48	215	5
48	216	6
48	217	1
48	218	6
48	219	4
48	220	6
48	221	6
48	222	11
48	223	8
48	224	4
48	225	7
48	226	3
48	227	6
48	228	4
48	229	1
48	230	6
48	231	6
48	232	5
48	233	4
48	234	9
48	235	2
48	236	6
48	237	8
48	238	8
48	239	1
48	240	4
48	241	6
48	242	7
48	243	2
48	244	4
48	245	8
48	246	5
48	247	4
48	248	4
48	249	6
48	250	7
48	251	5
48	252	1
48	253	9
48	254	7
48	255	6
48	256	10
48	257	2
48	258	5
48	259	7
48	260	4
48	261	4
48	262	6
48	263	8
48	264	6
48	267	4
48	268	7
48	269	6
48	272	6
48	273	7
48	274	7
48	275	7
48	276	7
48	277	4
48	278	4
48	279	7
48	281	3
48	282	6
48	283	4
48	284	6
48	285	7
48	286	4
48	287	8
48	288	4
48	289	5
48	290	4
48	292	6
48	293	6
48	294	8
48	295	4
48	296	9
48	297	4
48	298	10
48	299	5
48	300	6
48	302	5
48	303	6
48	304	5
48	305	6
48	306	6
48	307	6
48	308	6
48	309	7
48	310	7
48	311	6
48	312	7
48	313	3
48	314	3
48	315	1
48	317	6
48	318	2
48	320	8
48	321	4
48	322	5
48	324	4
48	326	5
48	327	1
48	328	1
48	329	7
48	330	4
48	331	5
48	332	8
48	333	7
48	334	5
48	335	2
48	336	6
48	337	3
48	338	6
48	339	5
48	340	1
48	341	3
48	342	5
48	344	7
48	346	7
48	347	6
48	348	4
48	349	2
48	350	4
48	351	7
48	352	5
48	353	5
48	354	3
48	355	2
48	357	10
48	358	7
48	359	5
48	360	5
49	50	8
49	51	9
49	52	13
49	53	9
49	54	2
49	55	6
49	56	8
49	57	7
49	58	8
49	59	5
49	60	5
49	61	8
49	62	8
49	63	7
49	64	13
49	65	7
49	66	9
49	67	1
49	68	4
49	69	9
49	70	5
49	71	9
49	72	14
49	73	7
49	74	9
49	75	8
49	76	8
49	77	6
49	78	8
49	79	5
49	80	12
49	81	7
49	82	7
49	83	8
49	84	10
49	85	10
49	87	10
49	88	8
49	89	6
49	90	8
49	91	4
49	92	1
49	93	8
49	94	7
49	95	7
49	96	6
49	97	11
49	98	12
49	99	4
49	100	5
49	101	9
49	102	8
49	103	7
49	104	8
49	105	11
49	106	4
49	107	5
49	108	8
49	109	6
49	110	10
49	111	4
49	112	7
49	113	9
49	114	7
49	115	5
49	116	6
49	117	6
49	118	11
49	119	5
49	120	6
49	121	5
49	122	7
49	123	3
49	124	7
49	125	7
49	126	9
49	127	9
49	128	7
49	129	14
49	130	10
49	131	8
49	132	13
49	133	5
49	134	5
49	135	8
49	136	8
49	137	5
49	138	14
49	139	6
49	140	6
49	141	7
49	142	11
49	143	6
49	144	7
49	146	6
49	147	6
49	148	8
49	149	4
49	150	5
49	152	5
49	153	10
49	154	5
49	155	3
49	156	4
49	157	7
49	158	10
49	159	7
49	160	6
49	161	8
49	162	8
49	163	7
49	164	4
49	165	3
49	166	6
49	167	7
49	168	6
49	169	6
49	170	5
49	171	7
49	172	6
49	173	7
49	174	5
49	175	2
49	176	5
49	177	16
49	178	7
49	179	7
49	180	9
49	181	9
49	182	6
49	183	6
49	184	10
49	185	8
49	186	1
49	187	8
49	188	4
49	189	9
49	190	4
49	191	5
49	192	8
49	193	6
49	194	6
49	195	7
49	196	1
49	197	9
49	198	5
49	200	4
49	201	5
49	202	5
49	203	7
49	204	4
49	205	7
49	206	6
49	208	9
49	210	3
49	211	8
49	212	6
49	213	5
49	214	6
49	215	6
49	216	5
49	217	3
49	218	7
49	219	5
49	220	6
49	221	5
49	222	5
49	223	6
49	224	4
49	225	3
49	226	4
49	227	9
49	228	11
49	229	1
49	230	5
49	231	4
49	232	7
49	233	6
49	234	9
49	235	2
49	236	8
49	237	8
49	238	9
49	240	6
49	241	4
49	242	6
49	243	1
49	244	6
49	245	4
49	246	7
49	247	4
49	248	6
49	249	6
49	250	6
49	251	7
49	253	5
49	254	6
49	255	4
49	256	4
49	257	7
49	258	7
49	259	8
49	260	9
49	261	3
49	262	6
49	263	5
49	264	10
49	267	5
49	268	8
49	269	8
49	272	6
49	273	7
49	274	7
49	275	7
49	276	6
49	277	4
49	278	5
49	279	4
49	281	4
49	282	5
49	283	3
49	284	7
49	285	6
49	286	7
49	287	6
49	288	4
49	289	4
49	290	5
49	292	5
49	293	5
49	294	5
49	295	4
49	296	6
49	297	7
49	298	7
49	299	5
49	300	6
49	302	7
49	303	7
49	305	8
49	306	4
49	307	5
49	308	8
49	309	8
49	310	6
49	311	5
49	312	6
49	313	3
49	314	3
49	315	1
49	317	3
49	318	4
49	320	3
49	321	1
49	322	5
49	324	5
49	326	5
49	329	5
49	330	5
49	331	6
49	332	6
49	333	6
49	334	4
49	335	2
49	336	6
49	337	4
49	338	6
49	339	13
49	340	1
49	341	4
49	342	5
49	344	6
49	346	4
49	347	4
49	348	3
49	349	1
49	350	7
49	351	7
49	352	5
49	353	3
49	354	2
49	357	8
49	358	7
49	359	5
49	360	4
50	51	12
50	52	11
50	53	12
50	54	2
50	55	11
50	56	10
50	57	9
50	58	11
50	59	10
50	60	12
50	61	8
50	62	10
50	63	12
50	64	14
50	65	10
50	66	13
50	67	1
50	68	7
50	69	10
50	70	8
50	71	9
50	72	8
50	73	8
50	74	10
50	75	11
50	76	9
50	77	8
50	78	8
50	79	8
50	80	11
50	81	11
50	82	8
50	83	11
50	84	8
50	85	11
50	86	2
50	87	9
50	88	5
50	89	10
50	90	7
50	91	6
50	92	1
50	93	8
50	94	10
50	95	11
50	96	9
50	97	9
50	98	8
50	99	8
50	100	10
50	101	12
50	102	8
50	103	8
50	104	12
50	105	9
50	106	8
50	107	9
50	108	10
50	109	9
50	110	12
50	111	9
50	112	11
50	113	11
50	114	12
50	115	11
50	116	9
50	117	13
50	118	17
50	119	12
50	120	7
50	121	9
50	122	9
50	123	7
50	124	8
50	125	10
50	126	9
50	127	12
50	128	7
50	129	20
50	130	13
50	131	6
50	132	8
50	133	7
50	134	11
50	135	10
50	136	6
50	137	7
50	138	13
50	139	9
50	140	9
50	141	9
50	142	19
50	143	8
50	144	11
50	146	10
50	147	9
50	148	13
50	149	5
50	150	8
50	152	10
50	153	10
50	154	10
50	155	8
50	156	7
50	157	9
50	158	12
50	159	9
50	160	8
50	161	11
50	162	8
50	163	10
50	164	7
50	165	9
50	166	9
50	167	12
50	168	7
50	169	7
50	170	7
50	171	8
50	172	12
50	173	7
50	174	8
50	175	2
50	176	9
50	177	10
50	178	10
50	179	8
50	180	9
50	181	16
50	182	11
50	183	9
50	184	10
50	185	12
50	186	1
50	187	13
50	188	8
50	189	14
50	190	9
50	191	5
50	192	10
50	193	10
50	194	11
50	195	8
50	196	1
50	197	10
50	198	9
50	200	6
50	201	6
50	202	7
50	203	7
50	204	6
50	205	12
50	206	9
50	207	1
50	208	7
50	209	1
50	210	8
50	211	7
50	212	6
50	213	10
50	214	7
50	215	9
50	216	9
50	217	3
50	218	9
50	219	8
50	220	6
50	221	7
50	222	12
50	223	9
50	224	6
50	225	13
50	226	5
50	227	11
50	228	5
50	229	2
50	230	9
50	231	6
50	232	7
50	233	4
50	234	9
50	235	2
50	236	7
50	237	8
50	238	12
50	240	12
50	241	6
50	242	7
50	243	1
50	244	8
50	245	7
50	246	10
50	247	9
50	248	8
50	249	7
50	250	14
50	251	7
50	253	10
50	254	8
50	255	8
50	256	10
50	257	4
50	258	7
50	259	10
50	260	6
50	261	5
50	262	9
50	263	11
50	264	9
50	266	2
50	267	6
50	268	8
50	269	9
50	270	2
50	272	9
50	273	10
50	274	12
50	275	6
50	276	9
50	277	6
50	278	8
50	279	8
50	281	7
50	282	12
50	283	5
50	284	12
50	285	7
50	286	6
50	287	6
50	288	5
50	289	6
50	290	5
50	292	7
50	293	8
50	294	6
50	295	7
50	296	7
50	297	7
50	298	9
50	299	9
50	300	7
50	302	7
50	303	6
50	304	4
50	305	6
50	306	10
50	307	7
50	308	7
50	309	8
50	310	7
50	311	6
50	312	11
50	313	4
50	314	4
50	315	2
50	317	7
50	318	3
50	320	7
50	321	8
50	322	9
50	324	6
50	326	8
50	328	4
50	329	9
50	330	7
50	331	5
50	332	10
50	333	7
50	334	5
50	335	3
50	336	8
50	337	5
50	338	8
50	339	8
50	340	1
50	341	5
50	342	10
50	344	9
50	346	9
50	347	8
50	348	4
50	349	3
50	350	7
50	351	5
50	352	9
50	353	6
50	354	5
50	355	1
50	357	9
50	358	14
50	359	8
50	360	6
51	52	9
51	53	9
51	54	2
51	55	12
51	56	11
51	57	9
51	58	14
51	59	6
51	60	9
51	61	10
51	62	8
51	63	9
51	64	10
51	65	7
51	66	10
51	67	3
51	68	7
51	69	10
51	70	8
51	71	8
51	72	9
51	73	9
51	74	6
51	75	7
51	76	7
51	77	5
51	78	7
51	79	7
51	80	9
51	81	10
51	82	7
51	83	10
51	84	6
51	85	9
51	86	1
51	87	7
51	88	9
51	89	9
51	90	5
51	91	6
51	92	1
51	93	9
51	94	12
51	95	8
51	96	8
51	97	9
51	98	7
51	99	6
51	100	7
51	101	10
51	102	7
51	103	8
51	104	8
51	105	13
51	106	7
51	107	7
51	108	9
51	109	11
51	110	12
51	111	6
51	112	8
51	113	9
51	114	8
51	115	8
51	116	7
51	117	9
51	118	15
51	119	8
51	120	7
51	121	11
51	122	9
51	123	7
51	124	8
51	125	10
51	126	7
51	127	8
51	128	7
51	129	15
51	130	10
51	131	6
51	132	6
51	133	7
51	134	9
51	135	9
51	136	8
51	137	7
51	138	9
51	139	7
51	140	6
51	141	17
51	142	12
51	143	5
51	144	11
51	146	7
51	147	5
51	148	8
51	149	5
51	150	7
51	152	7
51	153	8
51	154	5
51	155	6
51	156	5
51	157	9
51	158	10
51	159	9
51	160	5
51	161	8
51	162	5
51	163	7
51	164	7
51	165	7
51	166	8
51	167	7
51	168	8
51	169	9
51	170	6
51	171	6
51	172	10
51	173	5
51	174	9
51	175	2
51	176	8
51	177	9
51	178	8
51	179	8
51	180	7
51	181	10
51	182	10
51	183	8
51	184	9
51	185	8
51	187	7
51	188	7
51	189	12
51	190	9
51	191	4
51	192	8
51	193	11
51	194	8
51	195	7
51	197	6
51	198	7
51	200	5
51	201	5
51	202	6
51	203	7
51	204	6
51	205	10
51	206	8
51	207	1
51	208	7
51	210	3
51	211	9
51	212	5
51	213	7
51	214	7
51	215	7
51	216	7
51	217	1
51	218	7
51	219	7
51	220	5
51	221	6
51	222	11
51	223	8
51	224	6
51	225	7
51	226	5
51	227	9
51	228	5
51	229	4
51	230	6
51	231	5
51	232	5
51	233	4
51	234	6
51	235	2
51	236	7
51	237	10
51	238	11
51	240	7
51	241	4
51	242	6
51	243	1
51	244	8
51	245	6
51	246	6
51	247	8
51	248	6
51	249	7
51	250	7
51	251	6
51	252	1
51	253	9
51	254	10
51	255	7
51	256	5
51	257	4
51	258	6
51	259	9
51	260	5
51	261	4
51	262	8
51	263	6
51	264	8
51	266	1
51	267	4
51	268	4
51	269	7
51	270	2
51	272	7
51	273	9
51	274	13
51	275	6
51	276	4
51	277	6
51	278	5
51	279	8
51	281	5
51	282	9
51	283	4
51	284	9
51	285	7
51	286	6
51	287	6
51	288	4
51	289	7
51	290	5
51	292	6
51	293	7
51	294	9
51	295	5
51	296	7
51	297	8
51	298	8
51	299	8
51	300	6
51	302	6
51	303	6
51	304	1
51	305	7
51	306	6
51	307	8
51	308	6
51	309	5
51	310	8
51	311	5
51	312	7
51	313	4
51	314	3
51	315	1
51	317	4
51	318	3
51	320	5
51	321	5
51	322	10
51	324	6
51	326	7
51	327	1
51	328	2
51	329	11
51	330	6
51	331	6
51	332	9
51	333	5
51	334	6
51	335	2
51	336	7
51	337	3
51	338	7
51	339	9
51	340	1
51	341	5
51	342	7
51	344	9
51	346	7
51	347	5
51	348	4
51	349	2
51	350	6
51	351	6
51	352	6
51	353	4
51	354	5
51	355	1
51	357	15
51	358	9
51	359	6
51	360	6
52	53	10
52	54	2
52	55	8
52	56	6
52	57	8
52	58	9
52	59	7
52	60	9
52	61	8
52	62	7
52	63	11
52	64	14
52	65	8
52	66	11
52	67	1
52	68	5
52	69	9
52	70	5
52	71	8
52	72	13
52	73	10
52	74	8
52	75	10
52	76	8
52	77	7
52	78	7
52	79	6
52	80	13
52	81	8
52	82	6
52	83	10
52	84	11
52	85	11
52	86	1
52	87	11
52	88	7
52	89	9
52	90	6
52	91	5
52	92	1
52	93	13
52	94	5
52	95	7
52	96	6
52	97	8
52	98	10
52	99	4
52	100	7
52	101	8
52	102	8
52	103	6
52	104	8
52	105	12
52	106	6
52	107	8
52	108	7
52	109	11
52	110	9
52	111	7
52	112	6
52	113	11
52	114	11
52	115	7
52	116	8
52	117	6
52	118	14
52	119	4
52	120	7
52	121	7
52	122	8
52	123	4
52	124	5
52	125	10
52	126	7
52	127	10
52	128	6
52	129	13
52	130	11
52	131	9
52	132	9
52	133	5
52	134	9
52	135	8
52	136	6
52	137	6
52	138	10
52	139	5
52	140	6
52	141	7
52	142	8
52	143	6
52	144	11
52	146	7
52	147	9
52	148	6
52	149	6
52	150	4
52	152	6
52	153	10
52	154	8
52	155	5
52	156	4
52	157	7
52	158	12
52	159	9
52	160	5
52	161	6
52	162	5
52	163	7
52	164	5
52	165	5
52	166	6
52	167	8
52	168	8
52	169	6
52	170	7
52	171	6
52	172	8
52	173	5
52	174	4
52	175	2
52	176	6
52	177	12
52	178	7
52	179	4
52	180	6
52	181	15
52	182	6
52	183	7
52	184	8
52	185	8
52	186	1
52	187	6
52	188	5
52	189	8
52	190	7
52	191	4
52	192	8
52	193	7
52	194	6
52	195	8
52	196	1
52	197	6
52	198	6
52	200	4
52	201	5
52	202	6
52	203	7
52	204	5
52	205	8
52	206	8
52	207	1
52	208	10
52	210	2
52	211	5
52	212	6
52	213	6
52	214	8
52	215	9
52	216	6
52	217	1
52	218	11
52	219	6
52	220	6
52	221	4
52	222	4
52	223	4
52	224	4
52	225	5
52	226	5
52	227	9
52	228	6
52	229	2
52	230	7
52	231	2
52	232	5
52	233	5
52	234	8
52	235	3
52	236	9
52	237	9
52	238	9
52	240	7
52	241	6
52	242	4
52	243	1
52	244	8
52	245	6
52	246	4
52	247	5
52	248	6
52	249	7
52	250	7
52	251	5
52	253	9
52	254	6
52	255	5
52	256	5
52	257	8
52	258	7
52	259	7
52	260	6
52	261	3
52	262	4
52	263	7
52	264	7
52	266	1
52	267	5
52	268	7
52	269	10
52	270	1
52	272	6
52	273	6
52	274	7
52	275	9
52	276	7
52	277	5
52	278	5
52	279	6
52	281	4
52	282	7
52	283	4
52	284	7
52	285	6
52	286	5
52	287	4
52	288	5
52	289	4
52	290	4
52	292	4
52	293	7
52	294	5
52	295	6
52	296	6
52	297	5
52	298	8
52	299	6
52	300	6
52	302	4
52	303	5
52	305	6
52	306	4
52	307	5
52	308	6
52	309	7
52	310	7
52	311	6
52	312	6
52	313	3
52	314	2
52	315	1
52	316	1
52	317	3
52	318	4
52	320	4
52	321	2
52	322	8
52	324	5
52	326	7
52	328	2
52	329	6
52	330	5
52	331	5
52	332	7
52	333	7
52	334	4
52	335	1
52	336	7
52	337	4
52	338	6
52	339	9
52	340	1
52	341	5
52	342	4
52	344	7
52	346	5
52	347	4
52	348	4
52	349	3
52	350	6
52	351	5
52	352	6
52	353	5
52	354	2
52	357	11
52	358	6
52	359	4
52	360	4
53	54	2
53	55	10
53	56	8
53	57	6
53	58	9
53	59	5
53	60	10
53	61	8
53	62	10
53	63	9
53	64	12
53	65	10
53	66	12
53	67	1
53	68	4
53	69	11
53	70	5
53	71	9
53	72	9
53	73	7
53	74	11
53	75	9
53	76	8
53	77	6
53	78	8
53	79	4
53	80	10
53	81	9
53	82	7
53	83	9
53	84	9
53	85	11
53	86	3
53	87	10
53	88	7
53	89	6
53	90	6
53	91	4
53	92	1
53	93	7
53	94	8
53	95	8
53	96	8
53	97	12
53	98	10
53	99	6
53	100	9
53	101	11
53	102	7
53	103	6
53	104	9
53	105	9
53	106	4
53	107	7
53	108	10
53	109	9
53	110	11
53	111	7
53	112	9
53	113	11
53	114	10
53	115	8
53	116	9
53	117	7
53	118	14
53	119	7
53	120	8
53	121	6
53	122	7
53	123	4
53	124	8
53	125	10
53	126	8
53	127	10
53	128	8
53	129	15
53	130	10
53	131	7
53	132	7
53	133	5
53	134	8
53	135	8
53	136	6
53	137	7
53	138	11
53	139	5
53	140	7
53	141	8
53	142	10
53	143	6
53	144	12
53	145	1
53	146	7
53	147	7
53	148	9
53	149	6
53	150	7
53	152	7
53	153	7
53	154	9
53	155	5
53	156	7
53	157	6
53	158	11
53	159	10
53	160	8
53	161	13
53	162	9
53	163	8
53	164	4
53	165	6
53	166	7
53	167	10
53	168	9
53	169	6
53	170	5
53	171	7
53	172	11
53	173	8
53	174	5
53	175	2
53	176	6
53	177	7
53	178	7
53	179	7
53	180	8
53	181	9
53	182	7
53	183	7
53	184	8
53	185	9
53	186	1
53	187	8
53	188	4
53	189	10
53	190	7
53	191	4
53	192	8
53	193	8
53	194	9
53	195	4
53	196	1
53	197	8
53	198	9
53	200	5
53	201	6
53	202	6
53	203	7
53	204	7
53	205	12
53	206	11
53	207	3
53	208	6
53	209	1
53	210	4
53	211	5
53	212	7
53	213	6
53	214	7
53	215	9
53	216	6
53	217	2
53	218	7
53	219	7
53	220	6
53	221	4
53	222	5
53	223	6
53	224	5
53	225	4
53	226	4
53	227	10
53	228	5
53	229	2
53	230	7
53	231	4
53	232	7
53	233	5
53	234	10
53	235	2
53	236	5
53	237	9
53	238	10
53	240	6
53	241	8
53	242	8
53	243	1
53	244	8
53	245	5
53	246	8
53	247	7
53	248	7
53	249	6
53	250	7
53	251	6
53	253	9
53	254	8
53	255	5
53	256	7
53	257	5
53	258	7
53	259	10
53	260	4
53	261	3
53	262	7
53	263	7
53	264	8
53	266	1
53	267	5
53	268	8
53	269	8
53	270	1
53	272	7
53	273	7
53	274	11
53	275	7
53	276	4
53	277	5
53	278	5
53	279	5
53	281	6
53	282	7
53	283	5
53	284	8
53	285	9
53	286	8
53	287	5
53	288	4
53	289	5
53	290	6
53	292	8
53	293	6
53	294	3
53	295	5
53	296	5
53	297	7
53	298	10
53	299	8
53	300	7
53	302	6
53	303	7
53	305	6
53	306	7
53	307	6
53	308	6
53	309	7
53	310	7
53	311	6
53	312	10
53	313	4
53	314	3
53	315	1
53	317	7
53	318	2
53	320	7
53	321	2
53	322	7
53	324	7
53	326	6
53	328	3
53	329	9
53	330	6
53	331	4
53	332	9
53	333	5
53	334	5
53	335	2
53	336	6
53	337	5
53	338	8
53	339	8
53	340	1
53	341	6
53	342	8
53	344	7
53	346	6
53	347	5
53	348	3
53	349	2
53	350	7
53	351	6
53	352	6
53	353	7
53	354	2
53	357	9
53	358	8
53	359	8
53	360	6
54	55	2
54	56	1
54	58	1
54	59	1
54	60	3
54	62	1
54	63	3
54	64	2
54	65	5
54	66	1
54	67	1
54	69	3
54	71	1
54	72	2
54	73	2
54	74	2
54	75	1
54	76	2
54	77	1
54	78	2
54	79	1
54	80	2
54	82	2
54	83	1
54	84	3
54	85	2
54	86	2
54	87	2
54	88	1
54	89	4
54	90	2
54	93	2
54	94	4
54	95	1
54	96	4
54	97	2
54	98	3
54	99	2
54	100	1
54	101	1
54	102	3
54	104	2
54	105	1
54	107	1
54	108	3
54	109	1
54	110	2
54	111	1
54	112	1
54	113	1
54	114	2
54	115	2
54	116	2
54	117	1
54	118	7
54	119	2
54	120	1
54	121	1
54	123	2
54	124	2
54	125	5
54	126	1
54	127	5
54	128	2
54	129	3
54	130	4
54	131	2
54	132	3
54	134	2
54	135	2
54	138	2
54	139	3
54	140	2
54	141	5
54	142	2
54	143	1
54	144	1
54	146	2
54	147	1
54	148	1
54	149	2
54	150	2
54	151	3
54	152	1
54	153	2
54	154	2
54	155	1
54	157	4
54	158	2
54	159	3
54	161	3
54	162	2
54	163	1
54	165	1
54	166	1
54	167	1
54	168	2
54	169	3
54	170	1
54	172	2
54	173	3
54	174	2
54	175	1
54	177	2
54	178	2
54	179	1
54	180	2
54	181	2
54	182	1
54	184	1
54	185	1
54	187	2
54	188	1
54	189	1
54	190	2
54	191	1
54	193	1
54	194	2
54	195	1
54	197	1
54	198	1
54	202	1
54	204	1
54	205	2
54	206	2
54	207	2
54	208	2
54	209	1
54	210	1
54	211	2
54	212	3
54	213	2
54	214	3
54	215	1
54	216	2
54	217	1
54	218	4
54	219	3
54	220	3
54	221	2
54	222	1
54	223	2
54	224	2
54	225	1
54	226	1
54	227	3
54	228	1
54	229	3
54	230	5
54	232	3
54	234	1
54	236	2
54	237	2
54	238	3
54	239	1
54	240	2
54	241	3
54	244	2
54	246	2
54	247	4
54	248	3
54	249	2
54	250	2
54	251	3
54	252	1
54	254	2
54	255	1
54	256	5
54	257	2
54	259	1
54	260	2
54	264	2
54	265	1
54	266	1
54	267	2
54	268	2
54	269	1
54	270	1
54	272	2
54	273	1
54	274	4
54	275	1
54	276	2
54	277	1
54	278	1
54	279	5
54	281	3
54	282	2
54	283	1
54	285	1
54	286	6
54	288	1
54	289	1
54	290	3
54	291	1
54	293	1
54	294	2
54	295	1
54	296	3
54	297	1
54	299	1
54	300	3
54	302	2
54	303	2
54	306	1
54	307	1
54	308	1
54	309	3
54	310	2
54	311	4
54	312	4
54	313	2
54	314	1
54	316	1
54	318	1
54	319	1
54	320	2
54	321	3
54	322	1
54	326	1
54	327	1
54	328	1
54	329	1
54	330	1
54	331	2
54	332	2
54	334	1
54	335	1
54	336	3
54	337	4
54	339	2
54	341	1
54	342	2
54	344	1
54	349	2
54	350	2
54	352	1
54	353	1
54	354	1
54	355	1
54	357	2
54	358	2
54	359	1
54	360	6
55	56	11
55	57	9
55	58	10
55	59	8
55	60	7
55	61	6
55	62	8
55	63	10
55	64	11
55	65	8
55	66	12
55	67	1
55	68	9
55	69	12
55	70	10
55	71	7
55	72	9
55	73	8
55	74	8
55	75	9
55	76	9
55	77	6
55	78	9
55	79	9
55	80	10
55	81	15
55	82	9
55	83	9
55	84	7
55	85	10
55	86	2
55	87	7
55	88	8
55	89	10
55	90	8
55	91	9
55	92	2
55	93	10
55	94	13
55	95	8
55	96	7
55	97	11
55	98	11
55	99	9
55	100	11
55	101	11
55	102	10
55	103	8
55	104	11
55	105	12
55	106	9
55	107	9
55	108	9
55	109	10
55	110	15
55	111	7
55	112	11
55	113	10
55	114	10
55	115	10
55	116	7
55	117	10
55	118	13
55	119	9
55	120	8
55	121	11
55	122	8
55	123	8
55	124	6
55	125	12
55	126	10
55	127	9
55	128	8
55	129	16
55	130	10
55	131	6
55	132	7
55	133	8
55	134	12
55	135	9
55	136	10
55	137	9
55	138	11
55	139	7
55	140	8
55	141	10
55	142	13
55	143	8
55	144	12
55	146	8
55	147	7
55	148	9
55	149	5
55	150	7
55	152	9
55	153	11
55	154	8
55	155	10
55	156	8
55	157	9
55	158	11
55	159	11
55	160	9
55	161	10
55	162	8
55	163	8
55	164	8
55	165	10
55	166	12
55	167	11
55	168	10
55	169	8
55	170	8
55	171	7
55	172	15
55	173	6
55	174	7
55	175	1
55	176	12
55	177	5
55	178	7
55	179	9
55	180	10
55	181	12
55	182	9
55	183	8
55	184	8
55	185	11
55	187	13
55	188	9
55	189	14
55	190	8
55	191	3
55	192	8
55	193	8
55	194	10
55	195	8
55	197	8
55	198	10
55	200	8
55	201	8
55	202	6
55	203	8
55	204	9
55	205	13
55	206	10
55	207	2
55	208	7
55	209	1
55	210	4
55	211	9
55	212	5
55	213	9
55	214	6
55	215	7
55	216	8
55	217	1
55	218	8
55	219	8
55	220	6
55	221	6
55	222	8
55	223	11
55	224	5
55	225	5
55	226	4
55	227	11
55	228	5
55	229	1
55	230	5
55	231	8
55	232	6
55	233	5
55	234	10
55	235	1
55	236	7
55	237	9
55	238	13
55	240	7
55	241	5
55	242	8
55	243	1
55	244	8
55	245	7
55	246	9
55	247	10
55	248	8
55	249	9
55	250	11
55	251	10
55	253	15
55	254	10
55	255	7
55	256	8
55	257	6
55	258	4
55	259	10
55	260	5
55	261	3
55	262	10
55	263	7
55	264	7
55	266	1
55	267	6
55	268	7
55	269	9
55	270	2
55	272	9
55	273	12
55	274	13
55	275	6
55	276	7
55	277	8
55	278	10
55	279	9
55	281	7
55	282	11
55	283	4
55	284	7
55	285	13
55	286	8
55	287	7
55	288	7
55	289	8
55	290	6
55	291	1
55	292	7
55	293	5
55	294	5
55	295	8
55	296	10
55	297	9
55	298	11
55	299	8
55	300	7
55	302	11
55	303	6
55	304	1
55	305	7
55	306	8
55	307	9
55	308	8
55	309	4
55	310	8
55	311	7
55	312	9
55	313	4
55	314	4
55	315	1
55	317	7
55	318	2
55	320	6
55	321	5
55	322	11
55	324	6
55	326	7
55	328	2
55	329	8
55	330	8
55	331	8
55	332	9
55	333	5
55	334	7
55	335	3
55	336	7
55	337	4
55	338	6
55	339	8
55	340	1
55	341	6
55	342	9
55	344	9
55	346	8
55	347	9
55	348	3
55	349	2
55	350	7
55	351	6
55	352	5
55	353	8
55	354	4
55	355	2
55	357	13
55	358	11
55	359	8
55	360	7
56	57	11
56	58	7
56	59	7
56	60	6
56	61	7
56	62	9
56	63	9
56	64	9
56	65	8
56	66	10
56	67	1
56	68	9
56	69	8
56	70	8
56	71	6
56	72	7
56	73	5
56	74	7
56	75	6
56	76	6
56	77	7
56	78	8
56	79	6
56	80	9
56	81	11
56	82	8
56	83	8
56	84	6
56	85	7
56	86	1
56	87	7
56	88	4
56	89	9
56	90	6
56	91	5
56	92	1
56	93	9
56	94	9
56	95	9
56	96	6
56	97	12
56	98	9
56	99	7
56	100	5
56	101	10
56	102	6
56	103	8
56	104	9
56	105	9
56	106	6
56	107	8
56	108	7
56	109	9
56	110	12
56	111	7
56	112	8
56	113	8
56	114	9
56	115	9
56	116	6
56	117	9
56	118	12
56	119	9
56	120	7
56	121	9
56	122	7
56	123	6
56	124	9
56	125	8
56	126	7
56	127	7
56	128	6
56	129	14
56	130	9
56	131	7
56	132	6
56	133	7
56	134	10
56	135	7
56	136	6
56	137	12
56	138	7
56	139	8
56	140	8
56	141	7
56	142	10
56	143	7
56	144	11
56	146	7
56	147	8
56	148	10
56	149	5
56	150	6
56	151	1
56	152	8
56	153	9
56	154	8
56	155	5
56	156	6
56	157	9
56	158	9
56	159	10
56	160	6
56	161	7
56	162	4
56	163	9
56	164	6
56	165	7
56	166	7
56	167	10
56	168	7
56	169	8
56	170	5
56	171	8
56	172	11
56	173	7
56	174	10
56	175	2
56	176	10
56	177	8
56	178	8
56	179	7
56	180	9
56	181	9
56	182	9
56	183	8
56	184	10
56	185	9
56	186	1
56	187	8
56	188	7
56	189	11
56	190	7
56	191	4
56	192	6
56	193	11
56	194	9
56	195	8
56	196	1
56	197	9
56	198	8
56	200	6
56	201	7
56	202	7
56	203	7
56	204	4
56	205	9
56	206	7
56	207	1
56	208	6
56	210	4
56	211	7
56	212	6
56	213	6
56	214	5
56	215	5
56	216	7
56	217	1
56	218	7
56	219	3
56	220	6
56	221	6
56	222	8
56	223	6
56	224	5
56	225	5
56	226	3
56	227	9
56	228	5
56	229	2
56	230	7
56	231	6
56	232	6
56	233	5
56	234	8
56	235	2
56	236	7
56	237	8
56	238	11
56	240	5
56	241	5
56	242	8
56	243	1
56	244	3
56	245	5
56	246	8
56	247	6
56	248	7
56	249	7
56	250	6
56	251	8
56	253	9
56	254	9
56	255	5
56	256	7
56	257	4
56	258	6
56	259	8
56	260	5
56	261	5
56	262	9
56	263	6
56	264	6
56	266	1
56	267	5
56	268	5
56	269	7
56	270	2
56	272	7
56	273	7
56	274	8
56	275	5
56	276	5
56	277	6
56	278	9
56	279	8
56	281	5
56	282	8
56	283	5
56	284	7
56	285	8
56	286	5
56	287	6
56	288	5
56	289	6
56	290	5
56	291	1
56	292	8
56	293	6
56	294	4
56	295	5
56	296	8
56	297	7
56	298	9
56	299	7
56	300	6
56	302	6
56	303	6
56	304	2
56	305	6
56	306	5
56	307	9
56	308	6
56	309	5
56	310	8
56	311	7
56	312	9
56	313	4
56	314	3
56	315	2
56	317	7
56	318	2
56	320	6
56	321	4
56	322	7
56	324	5
56	326	6
56	328	1
56	329	9
56	330	7
56	331	7
56	332	8
56	333	7
56	334	7
56	335	3
56	336	7
56	337	4
56	338	8
56	339	9
56	340	1
56	341	5
56	342	8
56	344	8
56	346	7
56	347	6
56	348	4
56	349	2
56	350	6
56	351	6
56	352	6
56	353	5
56	354	3
56	355	1
56	357	10
56	358	8
56	359	7
56	360	5
57	58	7
57	59	8
57	60	8
57	61	6
57	62	6
57	63	9
57	64	8
57	65	8
57	66	8
57	67	2
57	68	8
57	69	8
57	70	9
57	71	8
57	72	6
57	73	9
57	74	5
57	75	8
57	76	8
57	77	7
57	78	7
57	79	7
57	80	9
57	81	8
57	82	5
57	83	7
57	84	6
57	85	7
57	86	1
57	87	8
57	88	7
57	89	7
57	90	7
57	91	8
57	92	2
57	93	10
57	94	9
57	95	7
57	96	7
57	97	8
57	98	8
57	99	7
57	100	8
57	101	10
57	102	6
57	103	9
57	104	7
57	105	7
57	106	8
57	107	9
57	108	6
57	109	7
57	110	9
57	111	5
57	112	8
57	113	7
57	114	8
57	115	8
57	116	7
57	117	6
57	118	13
57	119	6
57	120	7
57	121	7
57	122	8
57	123	6
57	124	8
57	125	7
57	126	7
57	127	8
57	128	6
57	129	13
57	130	7
57	131	6
57	132	8
57	133	9
57	134	6
57	135	7
57	136	8
57	137	11
57	138	10
57	139	7
57	140	7
57	141	7
57	142	8
57	143	11
57	144	10
57	146	4
57	147	6
57	148	7
57	149	3
57	150	6
57	152	5
57	153	9
57	154	8
57	155	5
57	156	6
57	157	5
57	158	8
57	159	10
57	160	5
57	161	7
57	162	6
57	163	7
57	164	7
57	165	4
57	166	5
57	167	11
57	168	8
57	169	7
57	170	5
57	171	7
57	172	7
57	173	6
57	174	6
57	175	2
57	176	11
57	177	7
57	178	7
57	179	7
57	180	10
57	181	11
57	182	8
57	183	7
57	184	9
57	185	9
57	187	8
57	188	6
57	189	10
57	190	7
57	191	4
57	192	9
57	193	7
57	194	7
57	195	13
57	197	6
57	198	8
57	200	6
57	201	8
57	202	7
57	203	6
57	204	4
57	205	6
57	206	7
57	208	5
57	209	2
57	210	4
57	211	7
57	212	7
57	213	6
57	214	5
57	215	4
57	216	6
57	217	1
57	218	7
57	219	5
57	220	5
57	221	6
57	222	6
57	223	6
57	224	3
57	225	4
57	226	3
57	227	8
57	228	7
57	229	1
57	230	4
57	231	6
57	232	4
57	233	4
57	234	9
57	235	2
57	236	5
57	237	8
57	238	9
57	240	4
57	241	6
57	242	7
57	243	1
57	244	4
57	245	5
57	246	5
57	247	5
57	248	4
57	249	7
57	250	5
57	251	7
57	253	11
57	254	8
57	255	4
57	256	5
57	257	4
57	258	5
57	259	8
57	260	6
57	261	5
57	262	8
57	263	5
57	264	4
57	267	5
57	268	5
57	269	6
57	270	1
57	272	8
57	273	9
57	274	6
57	275	8
57	276	6
57	277	6
57	278	7
57	279	4
57	281	4
57	282	8
57	283	3
57	284	7
57	285	7
57	286	9
57	287	8
57	288	4
57	289	6
57	290	4
57	291	1
57	292	9
57	293	7
57	294	6
57	295	4
57	296	8
57	297	7
57	298	9
57	299	6
57	300	4
57	302	7
57	303	4
57	305	7
57	306	7
57	307	7
57	308	9
57	309	6
57	310	6
57	311	4
57	312	6
57	313	3
57	314	3
57	315	1
57	317	5
57	318	2
57	320	4
57	321	2
57	322	7
57	324	5
57	326	7
57	329	7
57	330	8
57	331	7
57	332	9
57	333	7
57	334	7
57	335	1
57	336	4
57	337	2
57	338	6
57	339	9
57	340	1
57	341	4
57	342	7
57	344	5
57	346	8
57	347	7
57	348	3
57	349	2
57	350	6
57	351	7
57	352	4
57	353	3
57	354	2
57	355	1
57	357	9
57	358	6
57	359	7
57	360	3
58	59	8
58	60	5
58	61	10
58	62	8
58	63	6
58	64	10
58	65	6
58	66	11
58	67	3
58	68	8
58	69	11
58	70	9
58	71	8
58	72	6
58	73	7
58	74	5
58	75	10
58	76	6
58	77	8
58	78	7
58	79	8
58	80	10
58	81	10
58	82	8
58	83	7
58	84	9
58	85	6
58	86	1
58	87	4
58	88	10
58	89	8
58	90	6
58	91	6
58	92	2
58	93	8
58	94	8
58	95	9
58	96	7
58	97	6
58	98	9
58	99	7
58	100	8
58	101	8
58	102	7
58	103	8
58	104	9
58	105	13
58	106	7
58	107	7
58	108	7
58	109	12
58	110	9
58	111	7
58	112	10
58	113	8
58	114	9
58	115	6
58	116	8
58	117	8
58	118	11
58	119	5
58	120	9
58	121	10
58	122	8
58	123	7
58	124	9
58	125	8
58	126	10
58	127	9
58	128	7
58	129	11
58	130	9
58	131	6
58	132	6
58	133	7
58	134	11
58	135	7
58	136	10
58	137	4
58	138	11
58	139	7
58	140	9
58	141	9
58	142	13
58	143	5
58	144	9
58	146	7
58	147	6
58	148	8
58	149	4
58	150	6
58	152	9
58	153	9
58	154	3
58	155	9
58	156	8
58	157	7
58	158	12
58	159	5
58	160	7
58	161	6
58	162	6
58	163	7
58	164	8
58	165	8
58	166	10
58	167	8
58	168	6
58	169	7
58	170	6
58	171	6
58	172	12
58	173	5
58	174	9
58	175	2
58	176	7
58	177	9
58	178	7
58	179	6
58	180	6
58	181	9
58	182	6
58	183	9
58	184	8
58	185	9
58	186	1
58	187	7
58	188	9
58	189	12
58	190	9
58	191	5
58	192	9
58	193	6
58	194	7
58	195	7
58	197	6
58	198	6
58	200	5
58	201	5
58	202	9
58	203	12
58	204	7
58	205	10
58	206	7
58	207	1
58	208	8
58	210	5
58	211	7
58	212	7
58	213	9
58	214	5
58	215	9
58	216	7
58	217	1
58	218	7
58	219	6
58	220	6
58	221	8
58	222	9
58	223	7
58	224	4
58	225	8
58	226	6
58	227	8
58	228	7
58	229	3
58	230	6
58	231	4
58	232	6
58	233	4
58	234	8
58	235	2
58	236	6
58	237	9
58	238	10
58	240	10
58	241	3
58	242	6
58	243	2
58	244	8
58	245	6
58	246	7
58	247	6
58	248	5
58	249	6
58	250	10
58	251	7
58	253	10
58	254	8
58	255	7
58	256	5
58	257	5
58	258	18
58	259	7
58	260	5
58	261	4
58	262	7
58	263	7
58	264	6
58	266	2
58	267	6
58	268	5
58	269	8
58	270	2
58	271	1
58	272	8
58	273	6
58	274	10
58	275	7
58	276	5
58	277	7
58	278	6
58	279	6
58	281	7
58	282	7
58	283	4
58	284	9
58	285	7
58	286	4
58	287	6
58	288	4
58	289	9
58	290	7
58	292	7
58	293	9
58	294	4
58	295	5
58	296	5
58	297	8
58	298	10
58	299	8
58	300	6
58	302	6
58	303	7
58	304	1
58	305	9
58	306	6
58	307	7
58	308	6
58	309	6
58	310	7
58	311	4
58	312	7
58	313	4
58	314	2
58	315	1
58	317	4
58	318	3
58	320	5
58	321	4
58	322	9
58	324	7
58	326	10
58	328	2
58	329	8
58	330	8
58	331	5
58	332	7
58	333	4
58	334	5
58	335	1
58	336	7
58	337	4
58	338	8
58	339	8
58	340	1
58	341	7
58	342	7
58	344	7
58	346	6
58	347	4
58	348	3
58	349	2
58	350	8
58	351	7
58	352	7
58	353	6
58	354	7
58	357	11
58	358	10
58	359	6
58	360	4
59	60	7
59	61	7
59	62	5
59	63	8
59	64	8
59	65	7
59	66	7
59	67	1
59	68	10
59	69	8
59	70	8
59	71	6
59	72	8
59	73	6
59	74	6
59	75	9
59	76	9
59	77	12
59	78	7
59	79	8
59	80	9
59	81	10
59	82	5
59	83	7
59	84	5
59	85	6
59	87	5
59	88	7
59	89	5
59	90	9
59	91	6
59	92	3
59	93	9
59	94	7
59	95	7
59	96	3
59	97	7
59	98	10
59	99	6
59	100	6
59	101	8
59	102	7
59	103	8
59	104	6
59	105	12
59	106	9
59	107	8
59	108	4
59	109	6
59	110	10
59	111	7
59	112	9
59	113	10
59	114	9
59	115	10
59	116	5
59	117	7
59	118	12
59	119	6
59	120	6
59	121	9
59	122	5
59	123	8
59	124	6
59	125	6
59	126	6
59	127	11
59	128	8
59	129	14
59	130	10
59	131	5
59	132	6
59	133	10
59	134	21
59	135	6
59	136	9
59	137	7
59	138	9
59	139	9
59	140	8
59	141	6
59	142	9
59	143	10
59	144	9
59	146	6
59	147	8
59	148	10
59	149	2
59	150	6
59	152	9
59	153	11
59	154	6
59	155	11
59	156	6
59	157	9
59	158	10
59	159	6
59	160	7
59	161	5
59	162	9
59	163	7
59	164	10
59	165	9
59	166	12
59	167	10
59	168	6
59	169	7
59	170	4
59	171	7
59	172	11
59	173	7
59	174	7
59	175	1
59	176	8
59	177	6
59	178	7
59	179	6
59	180	7
59	181	12
59	182	8
59	183	8
59	184	5
59	185	11
59	186	1
59	187	29
59	188	12
59	189	10
59	190	4
59	191	4
59	192	9
59	193	6
59	194	5
59	195	8
59	196	2
59	197	7
59	198	8
59	200	6
59	201	7
59	202	7
59	203	8
59	204	6
59	205	8
59	206	6
59	208	8
59	209	1
59	210	4
59	211	6
59	212	6
59	213	9
59	214	6
59	215	7
59	216	4
59	218	8
59	219	7
59	220	6
59	221	8
59	222	9
59	223	11
59	224	3
59	225	4
59	226	3
59	227	6
59	228	5
59	229	3
59	230	3
59	231	8
59	232	6
59	233	4
59	234	8
59	235	1
59	236	6
59	237	5
59	238	6
59	240	9
59	241	3
59	242	7
59	243	2
59	244	5
59	245	9
59	246	7
59	247	7
59	248	6
59	249	7
59	250	9
59	251	7
59	253	10
59	254	7
59	255	5
59	256	7
59	257	5
59	258	5
59	259	9
59	260	7
59	261	3
59	262	5
59	263	8
59	264	5
59	267	5
59	268	10
59	269	6
59	270	1
59	271	1
59	272	7
59	273	9
59	274	10
59	275	9
59	276	7
59	277	6
59	278	10
59	279	4
59	281	6
59	282	9
59	283	2
59	284	7
59	285	6
59	286	5
59	287	7
59	288	5
59	289	9
59	290	4
59	292	7
59	293	6
59	294	5
59	295	5
59	296	5
59	297	8
59	298	11
59	299	7
59	300	5
59	302	6
59	303	6
59	304	1
59	305	6
59	306	7
59	307	8
59	308	8
59	309	4
59	310	6
59	311	4
59	312	8
59	313	3
59	314	3
59	315	1
59	317	6
59	318	2
59	319	1
59	320	4
59	321	3
59	322	9
59	324	6
59	326	6
59	327	1
59	328	1
59	329	6
59	330	8
59	331	7
59	332	8
59	333	4
59	334	5
59	335	2
59	336	6
59	337	2
59	338	4
59	339	7
59	340	1
59	341	6
59	342	8
59	344	6
59	346	8
59	347	7
59	348	3
59	349	2
59	350	5
59	351	6
59	352	8
59	353	5
59	354	3
59	355	1
59	357	10
59	358	8
59	359	4
59	360	4
60	61	6
60	62	7
60	63	9
60	64	16
60	65	9
60	66	8
60	67	1
60	68	5
60	69	14
60	70	7
60	71	6
60	72	7
60	73	6
60	74	11
60	75	5
60	76	12
60	77	6
60	78	4
60	79	6
60	80	8
60	81	9
60	82	5
60	83	10
60	84	6
60	85	8
60	86	2
60	87	8
60	88	3
60	89	9
60	90	6
60	91	4
60	92	2
60	93	5
60	94	12
60	95	10
60	96	9
60	97	8
60	98	10
60	99	4
60	100	5
60	101	7
60	102	4
60	103	7
60	104	8
60	105	6
60	106	5
60	107	10
60	108	6
60	109	11
60	110	15
60	111	4
60	112	7
60	113	9
60	114	7
60	115	5
60	116	10
60	117	11
60	118	28
60	119	7
60	120	7
60	121	4
60	122	10
60	123	3
60	124	8
60	125	12
60	126	5
60	127	17
60	128	4
60	129	13
60	130	9
60	131	6
60	132	4
60	133	4
60	134	5
60	135	7
60	136	3
60	137	6
60	138	18
60	139	5
60	140	8
60	141	10
60	142	16
60	143	6
60	144	8
60	145	1
60	146	4
60	147	4
60	148	6
60	149	7
60	150	3
60	152	5
60	153	9
60	154	8
60	155	2
60	156	6
60	157	8
60	158	8
60	159	13
60	160	6
60	161	18
60	162	6
60	163	6
60	164	3
60	165	6
60	166	4
60	167	13
60	168	8
60	169	9
60	170	7
60	171	6
60	172	11
60	173	6
60	174	7
60	175	5
60	176	8
60	177	8
60	178	8
60	179	6
60	180	6
60	181	12
60	182	8
60	183	8
60	184	7
60	185	6
60	186	2
60	187	7
60	188	3
60	189	9
60	190	9
60	191	2
60	192	6
60	193	6
60	194	6
60	195	7
60	196	3
60	197	9
60	198	7
60	200	5
60	201	5
60	202	4
60	203	7
60	204	8
60	205	7
60	206	8
60	207	2
60	208	7
60	209	4
60	210	4
60	211	4
60	212	10
60	213	3
60	214	8
60	215	5
60	216	4
60	217	1
60	218	8
60	219	4
60	220	5
60	221	7
60	222	10
60	223	8
60	224	3
60	225	5
60	226	2
60	227	9
60	228	4
60	229	5
60	230	12
60	231	4
60	232	5
60	233	6
60	234	9
60	235	2
60	236	6
60	237	7
60	238	6
60	239	1
60	240	8
60	241	7
60	242	6
60	243	1
60	244	4
60	245	4
60	246	6
60	247	4
60	248	5
60	249	5
60	250	13
60	251	8
60	252	3
60	253	9
60	254	9
60	255	3
60	256	12
60	257	4
60	258	8
60	259	5
60	260	5
60	261	4
60	262	13
60	263	7
60	264	3
60	267	3
60	268	6
60	269	7
60	270	1
60	272	4
60	273	9
60	274	9
60	275	8
60	276	5
60	277	5
60	278	5
60	279	11
60	281	2
60	282	9
60	283	4
60	284	10
60	285	8
60	286	8
60	287	5
60	288	3
60	289	4
60	290	5
60	291	2
60	292	5
60	293	3
60	294	6
60	295	4
60	296	9
60	297	5
60	298	9
60	299	7
60	300	4
60	302	9
60	303	8
60	304	1
60	305	5
60	306	11
60	307	4
60	308	3
60	309	8
60	310	6
60	311	8
60	312	10
60	313	1
60	314	3
60	315	1
60	317	6
60	318	2
60	320	8
60	321	5
60	322	4
60	324	7
60	326	5
60	327	3
60	328	2
60	329	5
60	330	5
60	331	4
60	332	11
60	333	9
60	334	4
60	335	1
60	336	3
60	337	3
60	338	6
60	339	10
60	341	4
60	342	6
60	344	5
60	346	5
60	347	4
60	348	2
60	349	1
60	350	5
60	351	6
60	352	3
60	353	6
60	354	1
60	355	2
60	357	15
60	358	7
60	359	7
60	360	5
61	62	9
61	63	8
61	64	10
61	65	7
61	66	6
61	67	1
61	68	7
61	69	8
61	70	7
61	71	8
61	72	9
61	73	9
61	74	6
61	75	8
61	76	7
61	77	7
61	78	6
61	79	6
61	80	11
61	81	9
61	82	7
61	83	8
61	84	7
61	85	7
61	87	4
61	88	7
61	89	6
61	90	6
61	91	4
61	92	2
61	93	9
61	94	7
61	95	9
61	96	5
61	97	9
61	98	10
61	99	4
61	100	8
61	101	8
61	102	6
61	103	8
61	104	9
61	105	10
61	106	6
61	107	7
61	108	4
61	109	9
61	110	8
61	111	6
61	112	8
61	113	6
61	114	8
61	115	5
61	116	6
61	117	6
61	118	8
61	119	5
61	120	9
61	121	7
61	122	7
61	123	5
61	124	6
61	125	9
61	126	7
61	127	9
61	128	8
61	129	13
61	130	9
61	131	4
61	132	6
61	133	7
61	134	8
61	135	6
61	136	8
61	137	6
61	138	5
61	139	8
61	140	7
61	141	8
61	142	11
61	143	7
61	144	11
61	146	7
61	147	7
61	148	10
61	149	4
61	150	7
61	152	8
61	153	8
61	154	5
61	155	5
61	156	6
61	157	6
61	158	10
61	159	6
61	160	6
61	161	6
61	162	7
61	163	7
61	164	6
61	165	5
61	166	6
61	167	7
61	168	6
61	169	5
61	170	6
61	171	9
61	172	8
61	173	9
61	174	8
61	175	2
61	176	6
61	177	10
61	178	6
61	179	7
61	180	7
61	181	10
61	182	7
61	183	8
61	184	11
61	185	8
61	186	2
61	187	6
61	188	6
61	189	10
61	190	6
61	191	6
61	192	9
61	193	8
61	194	7
61	195	6
61	196	1
61	197	6
61	198	6
61	200	5
61	201	6
61	202	7
61	203	8
61	204	7
61	205	8
61	206	6
61	207	1
61	208	6
61	209	1
61	210	4
61	211	5
61	212	7
61	213	6
61	214	5
61	215	9
61	216	5
61	217	1
61	218	6
61	219	6
61	220	6
61	221	6
61	222	6
61	223	4
61	224	3
61	225	5
61	226	4
61	227	6
61	228	9
61	229	2
61	230	5
61	231	5
61	232	6
61	233	5
61	234	8
61	235	2
61	236	6
61	237	5
61	238	8
61	240	5
61	241	2
61	242	6
61	243	1
61	244	7
61	245	6
61	246	6
61	247	4
61	248	5
61	249	6
61	250	4
61	251	5
61	253	7
61	254	7
61	255	7
61	256	3
61	257	4
61	258	9
61	259	8
61	260	7
61	261	5
61	262	7
61	263	7
61	264	7
61	267	5
61	268	8
61	269	8
61	271	1
61	272	6
61	273	6
61	274	9
61	275	8
61	276	5
61	277	5
61	278	5
61	279	4
61	281	4
61	282	5
61	283	3
61	284	8
61	285	7
61	286	5
61	287	6
61	288	4
61	289	5
61	290	5
61	291	1
61	292	5
61	293	9
61	294	5
61	295	7
61	296	5
61	297	8
61	298	10
61	299	5
61	300	6
61	302	4
61	303	6
61	305	8
61	306	6
61	307	6
61	308	7
61	309	7
61	310	7
61	311	4
61	312	6
61	313	3
61	314	2
61	315	1
61	317	4
61	318	3
61	320	4
61	321	2
61	322	7
61	324	7
61	325	1
61	326	7
61	329	7
61	330	5
61	331	5
61	332	6
61	333	5
61	334	6
61	335	1
61	336	7
61	337	3
61	338	8
61	339	10
61	340	1
61	341	6
61	342	5
61	344	7
61	346	6
61	347	5
61	348	3
61	349	1
61	350	7
61	351	6
61	352	7
61	353	5
61	354	2
61	357	8
61	358	7
61	359	6
61	360	4
62	63	11
62	64	9
62	65	10
62	66	10
62	67	1
62	68	7
62	69	9
62	70	5
62	71	8
62	72	7
62	73	7
62	74	10
62	75	8
62	76	7
62	77	6
62	78	8
62	79	5
62	80	12
62	81	9
62	82	9
62	83	9
62	84	7
62	85	6
62	86	1
62	87	10
62	88	7
62	89	8
62	90	6
62	91	3
62	92	1
62	93	7
62	94	10
62	95	9
62	96	8
62	97	10
62	98	9
62	99	6
62	100	8
62	101	10
62	102	7
62	103	6
62	104	13
62	105	9
62	106	6
62	107	10
62	108	9
62	109	12
62	110	8
62	111	5
62	112	11
62	113	7
62	114	10
62	115	4
62	116	9
62	117	9
62	118	13
62	119	6
62	120	5
62	121	8
62	122	9
62	123	5
62	124	6
62	125	9
62	126	7
62	127	9
62	128	6
62	129	13
62	130	9
62	131	5
62	132	7
62	133	5
62	134	6
62	135	9
62	136	8
62	137	6
62	138	10
62	139	6
62	140	5
62	141	7
62	142	10
62	143	7
62	144	11
62	146	7
62	147	11
62	148	11
62	149	3
62	150	6
62	152	6
62	153	6
62	154	8
62	155	4
62	156	7
62	157	10
62	158	10
62	159	5
62	160	8
62	161	7
62	162	7
62	163	7
62	164	6
62	165	7
62	166	6
62	167	9
62	168	6
62	169	4
62	170	6
62	171	9
62	172	8
62	173	8
62	174	7
62	175	2
62	176	7
62	177	7
62	178	7
62	179	8
62	180	8
62	181	12
62	182	8
62	183	9
62	184	11
62	185	9
62	187	9
62	188	6
62	189	10
62	190	6
62	191	4
62	192	9
62	193	9
62	194	8
62	195	5
62	197	7
62	198	6
62	200	5
62	201	6
62	202	4
62	203	5
62	204	5
62	205	7
62	206	6
62	208	6
62	209	1
62	210	4
62	211	6
62	212	7
62	213	6
62	214	7
62	215	7
62	216	7
62	217	2
62	218	7
62	219	6
62	220	4
62	221	5
62	222	6
62	223	5
62	224	4
62	225	4
62	226	3
62	227	8
62	228	4
62	229	1
62	230	5
62	231	5
62	232	5
62	233	4
62	234	8
62	235	2
62	236	4
62	237	8
62	238	10
62	240	4
62	241	6
62	242	8
62	243	1
62	244	6
62	245	5
62	246	4
62	247	4
62	248	7
62	249	4
62	250	5
62	251	5
62	253	9
62	254	7
62	255	6
62	256	4
62	257	4
62	258	6
62	259	8
62	260	5
62	261	3
62	262	8
62	263	8
62	264	5
62	265	1
62	267	3
62	268	7
62	269	7
62	272	6
62	273	6
62	274	8
62	275	8
62	276	3
62	277	4
62	278	5
62	279	6
62	281	6
62	282	6
62	283	4
62	284	9
62	285	5
62	286	6
62	287	5
62	288	2
62	289	4
62	290	5
62	292	6
62	293	7
62	294	4
62	295	5
62	296	6
62	297	8
62	298	9
62	299	4
62	300	7
62	302	8
62	303	6
62	305	6
62	306	5
62	307	5
62	308	6
62	309	6
62	310	7
62	311	4
62	312	7
62	313	3
62	314	4
62	315	1
62	317	6
62	318	3
62	320	6
62	321	1
62	322	6
62	324	5
62	326	6
62	327	1
62	328	2
62	329	9
62	330	6
62	331	4
62	332	7
62	333	6
62	334	7
62	335	2
62	336	7
62	337	5
62	338	9
62	339	11
62	340	1
62	341	4
62	342	6
62	344	6
62	346	7
62	347	5
62	348	3
62	349	1
62	350	6
62	351	8
62	352	5
62	353	7
62	354	2
62	357	10
62	358	8
62	359	8
62	360	4
63	64	11
63	65	11
63	66	10
63	67	1
63	68	6
63	69	7
63	70	5
63	71	7
63	72	10
63	73	9
63	74	11
63	75	11
63	76	7
63	77	5
63	78	7
63	79	4
63	80	16
63	81	10
63	82	10
63	83	10
63	84	7
63	85	10
63	86	2
63	87	10
63	88	6
63	89	9
63	90	7
63	91	5
63	92	1
63	93	9
63	94	8
63	95	7
63	96	9
63	97	9
63	98	10
63	99	6
63	100	9
63	101	12
63	102	7
63	103	5
63	104	9
63	105	11
63	106	7
63	107	9
63	108	8
63	109	11
63	110	10
63	111	6
63	112	9
63	113	9
63	114	14
63	115	6
63	116	8
63	117	7
63	118	13
63	119	10
63	120	5
63	121	9
63	122	6
63	123	6
63	124	7
63	125	8
63	126	7
63	127	10
63	128	7
63	129	16
63	130	11
63	131	10
63	132	10
63	133	6
63	134	8
63	135	10
63	136	7
63	137	11
63	138	9
63	139	8
63	140	6
63	141	9
63	142	9
63	143	9
63	144	11
63	146	6
63	147	8
63	148	11
63	149	5
63	150	5
63	152	6
63	153	9
63	154	9
63	155	4
63	156	4
63	157	12
63	158	9
63	159	11
63	160	7
63	161	9
63	162	6
63	163	8
63	164	5
63	165	9
63	166	6
63	167	9
63	168	8
63	169	6
63	170	8
63	171	10
63	172	9
63	173	7
63	174	7
63	175	2
63	176	10
63	177	9
63	178	8
63	179	6
63	180	9
63	181	12
63	182	10
63	183	8
63	184	10
63	185	11
63	186	1
63	187	12
63	188	7
63	189	11
63	190	6
63	191	3
63	192	9
63	193	12
63	194	9
63	195	10
63	196	2
63	197	7
63	198	7
63	200	5
63	201	8
63	202	4
63	203	5
63	204	5
63	205	8
63	206	8
63	207	1
63	208	9
63	209	2
63	210	3
63	211	7
63	212	8
63	213	6
63	214	6
63	215	8
63	216	7
63	217	2
63	218	10
63	219	6
63	220	4
63	221	3
63	222	4
63	223	3
63	224	5
63	225	4
63	226	4
63	227	12
63	228	6
63	229	2
63	230	8
63	231	4
63	232	6
63	233	4
63	234	9
63	235	2
63	236	8
63	237	5
63	238	11
63	240	5
63	241	8
63	242	5
63	243	1
63	244	7
63	245	5
63	246	6
63	247	5
63	248	7
63	249	9
63	250	6
63	251	4
63	253	10
63	254	8
63	255	6
63	256	8
63	257	6
63	258	6
63	259	9
63	260	8
63	261	2
63	262	8
63	263	8
63	264	7
63	265	1
63	266	1
63	267	3
63	268	7
63	269	10
63	270	1
63	272	7
63	273	7
63	274	10
63	275	7
63	276	4
63	277	3
63	278	4
63	279	6
63	281	5
63	282	9
63	283	5
63	284	8
63	285	7
63	286	9
63	287	4
63	288	5
63	289	3
63	290	4
63	292	4
63	293	5
63	294	11
63	295	8
63	296	7
63	297	6
63	298	10
63	299	5
63	300	7
63	302	6
63	303	8
63	304	1
63	305	5
63	306	9
63	307	7
63	308	8
63	309	8
63	310	9
63	311	5
63	312	8
63	313	2
63	314	4
63	315	1
63	317	5
63	318	3
63	320	6
63	321	3
63	322	7
63	324	5
63	326	6
63	328	2
63	329	10
63	330	4
63	331	8
63	332	7
63	333	7
63	334	7
63	335	3
63	336	6
63	337	5
63	338	8
63	339	12
63	341	4
63	342	6
63	344	5
63	346	8
63	347	5
63	348	3
63	349	3
63	350	6
63	351	4
63	352	5
63	353	4
63	354	2
63	355	1
63	357	9
63	358	7
63	359	9
63	360	5
64	65	7
64	66	16
64	67	1
64	68	10
64	69	11
64	70	8
64	71	15
64	72	8
64	73	14
64	74	7
64	75	10
64	76	12
64	77	7
64	78	10
64	79	9
64	80	14
64	81	8
64	82	6
64	83	12
64	84	7
64	85	8
64	86	2
64	87	7
64	88	10
64	89	9
64	90	9
64	91	7
64	92	2
64	93	13
64	94	11
64	95	11
64	96	11
64	97	10
64	98	14
64	99	5
64	100	10
64	101	8
64	102	8
64	103	10
64	104	12
64	105	13
64	106	6
64	107	8
64	108	7
64	109	13
64	110	14
64	111	6
64	112	9
64	113	11
64	114	11
64	115	8
64	116	10
64	117	12
64	118	16
64	119	6
64	120	10
64	121	8
64	122	10
64	123	5
64	124	6
64	125	10
64	126	10
64	127	12
64	128	5
64	129	21
64	130	13
64	131	9
64	132	11
64	133	8
64	134	10
64	135	5
64	136	11
64	137	8
64	138	17
64	139	8
64	140	8
64	141	7
64	142	23
64	143	9
64	144	14
64	146	7
64	147	7
64	148	8
64	149	4
64	150	6
64	151	1
64	152	8
64	153	16
64	154	5
64	155	6
64	156	9
64	157	12
64	158	15
64	159	7
64	160	6
64	161	11
64	162	8
64	163	8
64	164	8
64	165	9
64	166	7
64	167	8
64	168	7
64	169	12
64	170	8
64	171	11
64	172	19
64	173	7
64	174	6
64	175	3
64	176	9
64	177	14
64	178	12
64	179	6
64	180	6
64	181	16
64	182	14
64	183	8
64	184	11
64	185	8
64	187	10
64	188	8
64	189	17
64	190	8
64	191	5
64	192	12
64	193	8
64	194	6
64	195	8
64	196	1
64	197	5
64	198	9
64	200	7
64	201	5
64	202	10
64	203	8
64	204	5
64	205	8
64	206	8
64	207	2
64	208	11
64	209	1
64	210	3
64	211	7
64	212	5
64	213	8
64	214	6
64	215	11
64	216	7
64	217	1
64	218	8
64	219	6
64	220	6
64	221	5
64	222	10
64	223	4
64	224	3
64	225	8
64	226	6
64	227	15
64	228	6
64	229	4
64	230	6
64	231	4
64	232	7
64	233	5
64	234	10
64	235	2
64	236	9
64	237	8
64	238	9
64	240	24
64	241	8
64	242	7
64	243	2
64	244	10
64	245	5
64	246	11
64	247	7
64	248	7
64	249	7
64	250	17
64	251	15
64	253	10
64	254	8
64	255	9
64	256	5
64	257	9
64	258	8
64	259	7
64	260	8
64	261	5
64	262	10
64	263	5
64	264	9
64	266	1
64	267	5
64	268	12
64	269	7
64	270	3
64	272	6
64	273	14
64	274	9
64	275	8
64	276	6
64	277	6
64	278	9
64	279	9
64	281	6
64	282	15
64	283	4
64	284	11
64	285	10
64	286	9
64	287	4
64	288	5
64	289	6
64	290	4
64	292	9
64	293	7
64	294	7
64	295	7
64	296	4
64	297	5
64	298	9
64	299	9
64	300	7
64	302	7
64	303	7
64	304	1
64	305	6
64	306	10
64	307	8
64	308	7
64	309	10
64	310	6
64	311	4
64	312	10
64	313	3
64	314	2
64	315	1
64	317	3
64	318	4
64	320	6
64	321	6
64	322	9
64	324	7
64	325	1
64	326	7
64	328	2
64	329	8
64	330	8
64	331	5
64	332	10
64	333	6
64	334	8
64	335	1
64	336	8
64	337	4
64	338	7
64	339	14
64	341	8
64	342	8
64	344	8
64	346	6
64	347	3
64	348	2
64	349	3
64	350	5
64	351	6
64	352	7
64	353	9
64	354	4
64	357	16
64	358	15
64	359	9
64	360	5
65	66	7
65	67	1
65	68	5
65	69	9
65	70	5
65	71	7
65	72	6
65	73	6
65	74	11
65	75	9
65	76	9
65	77	8
65	78	9
65	79	5
65	80	12
65	81	8
65	82	8
65	83	7
65	84	6
65	85	8
65	86	3
65	87	9
65	88	5
65	89	10
65	90	9
65	91	4
65	92	2
65	93	7
65	94	8
65	95	12
65	96	7
65	97	8
65	98	8
65	99	6
65	100	7
65	101	9
65	102	7
65	103	6
65	104	12
65	105	8
65	106	4
65	107	8
65	108	8
65	109	7
65	110	11
65	111	6
65	112	8
65	113	9
65	114	11
65	115	7
65	116	9
65	117	7
65	118	12
65	119	9
65	120	7
65	121	6
65	122	7
65	123	7
65	124	8
65	125	10
65	126	5
65	127	14
65	128	7
65	129	12
65	130	9
65	131	4
65	132	7
65	133	5
65	134	7
65	135	10
65	136	4
65	137	10
65	138	7
65	139	8
65	140	8
65	141	10
65	142	7
65	143	8
65	144	9
65	145	1
65	146	8
65	147	9
65	148	13
65	149	7
65	150	7
65	152	7
65	153	9
65	154	9
65	155	4
65	156	7
65	157	9
65	158	13
65	159	9
65	160	5
65	161	8
65	162	6
65	163	8
65	164	4
65	165	6
65	166	4
65	167	11
65	168	8
65	169	6
65	170	5
65	171	7
65	172	7
65	173	10
65	174	6
65	175	2
65	176	8
65	177	9
65	178	9
65	179	10
65	180	8
65	181	12
65	182	9
65	183	8
65	184	8
65	185	8
65	186	1
65	187	9
65	188	5
65	189	9
65	190	10
65	191	3
65	192	6
65	193	9
65	194	9
65	195	9
65	196	1
65	197	8
65	198	9
65	200	6
65	201	6
65	202	5
65	203	6
65	204	6
65	205	7
65	206	12
65	207	1
65	208	5
65	209	3
65	210	3
65	211	7
65	212	8
65	213	6
65	214	5
65	215	6
65	216	11
65	217	2
65	218	10
65	219	7
65	220	8
65	221	6
65	222	6
65	223	9
65	224	5
65	225	4
65	226	3
65	227	8
65	228	6
65	229	3
65	230	12
65	231	5
65	232	7
65	233	5
65	234	9
65	235	2
65	236	5
65	237	9
65	238	11
65	239	1
65	240	5
65	241	7
65	242	6
65	243	1
65	244	4
65	245	5
65	246	7
65	247	5
65	248	12
65	249	8
65	250	5
65	251	8
65	253	6
65	254	10
65	255	5
65	256	8
65	257	4
65	258	11
65	259	8
65	260	5
65	261	3
65	262	7
65	263	7
65	264	6
65	265	1
65	266	1
65	267	6
65	268	7
65	269	6
65	270	1
65	272	8
65	273	6
65	274	11
65	275	6
65	276	6
65	277	6
65	278	5
65	279	7
65	281	8
65	282	9
65	283	4
65	284	10
65	285	7
65	286	8
65	287	7
65	288	4
65	289	6
65	290	6
65	291	1
65	292	7
65	293	7
65	294	4
65	295	6
65	296	9
65	297	6
65	298	9
65	299	6
65	300	9
65	302	12
65	303	7
65	305	7
65	306	5
65	307	7
65	308	6
65	309	7
65	310	11
65	311	8
65	312	7
65	313	4
65	314	4
65	315	2
65	317	6
65	318	2
65	320	8
65	321	3
65	322	5
65	324	6
65	326	6
65	328	2
65	329	9
65	330	7
65	331	7
65	332	11
65	333	6
65	334	6
65	335	2
65	336	7
65	337	6
65	338	6
65	339	11
65	340	1
65	341	5
65	342	9
65	344	7
65	346	7
65	347	6
65	348	3
65	349	2
65	350	9
65	351	8
65	352	7
65	353	6
65	354	3
65	355	2
65	357	10
65	358	7
65	359	9
65	360	5
66	67	1
66	68	7
66	69	9
66	70	7
66	71	8
66	72	7
66	73	9
66	74	10
66	75	10
66	76	7
66	77	5
66	78	10
66	79	6
66	80	10
66	81	12
66	82	9
66	83	9
66	84	8
66	85	9
66	86	2
66	87	9
66	88	6
66	89	6
66	90	5
66	91	6
66	92	1
66	93	9
66	94	10
66	95	9
66	96	9
66	97	9
66	98	9
66	99	7
66	100	9
66	101	10
66	102	8
66	103	8
66	104	9
66	105	13
66	106	6
66	107	9
66	108	10
66	109	6
66	110	14
66	111	7
66	112	10
66	113	11
66	114	8
66	115	8
66	116	9
66	117	9
66	118	18
66	119	7
66	120	7
66	121	8
66	122	8
66	123	6
66	124	7
66	125	10
66	126	9
66	127	10
66	128	6
66	129	17
66	130	9
66	131	6
66	132	6
66	133	5
66	134	9
66	135	8
66	136	9
66	137	7
66	138	12
66	139	6
66	140	6
66	141	9
66	142	12
66	143	9
66	144	14
66	146	5
66	147	7
66	148	8
66	149	4
66	150	6
66	151	1
66	152	7
66	153	9
66	154	8
66	155	7
66	156	8
66	157	8
66	158	10
66	159	6
66	160	7
66	161	8
66	162	8
66	163	9
66	164	6
66	165	8
66	166	8
66	167	9
66	168	6
66	169	6
66	170	5
66	171	7
66	172	14
66	173	6
66	174	7
66	175	1
66	176	7
66	177	8
66	178	8
66	179	6
66	180	6
66	181	12
66	182	12
66	183	5
66	184	8
66	185	9
66	187	15
66	188	5
66	189	14
66	190	6
66	191	4
66	192	8
66	193	6
66	194	7
66	195	7
66	197	7
66	198	10
66	200	5
66	201	8
66	202	5
66	203	7
66	204	6
66	205	10
66	206	9
66	207	1
66	208	9
66	209	1
66	210	4
66	211	7
66	212	4
66	213	8
66	214	6
66	215	10
66	216	4
66	217	1
66	218	7
66	219	5
66	220	5
66	221	5
66	222	5
66	223	5
66	224	3
66	225	5
66	226	4
66	227	9
66	228	4
66	229	1
66	230	4
66	231	5
66	232	5
66	233	5
66	234	11
66	235	1
66	236	4
66	237	10
66	238	9
66	240	8
66	241	7
66	242	9
66	243	1
66	244	8
66	245	4
66	246	9
66	247	8
66	248	9
66	249	5
66	250	10
66	251	6
66	253	9
66	254	9
66	255	6
66	256	6
66	257	5
66	258	5
66	259	9
66	260	4
66	261	3
66	262	10
66	263	7
66	264	5
66	266	1
66	267	4
66	268	6
66	269	6
66	270	2
66	272	5
66	273	8
66	274	9
66	275	9
66	276	5
66	277	6
66	278	5
66	279	8
66	281	5
66	282	9
66	283	4
66	284	9
66	285	8
66	286	6
66	287	5
66	288	3
66	289	7
66	290	6
66	291	1
66	292	7
66	293	5
66	294	3
66	295	3
66	296	4
66	297	8
66	298	9
66	299	7
66	300	5
66	302	8
66	303	6
66	305	4
66	306	8
66	307	9
66	308	4
66	309	4
66	310	8
66	311	5
66	312	9
66	313	4
66	314	1
66	315	1
66	317	7
66	318	2
66	320	7
66	321	4
66	322	10
66	324	5
66	325	1
66	326	5
66	328	4
66	329	7
66	330	9
66	331	5
66	332	8
66	333	8
66	334	6
66	335	1
66	336	5
66	337	4
66	338	7
66	339	7
66	340	1
66	341	7
66	342	7
66	344	9
66	346	8
66	347	5
66	348	2
66	349	3
66	350	5
66	351	6
66	352	5
66	353	6
66	354	3
66	357	11
66	358	10
66	359	7
66	360	4
67	68	1
67	69	1
67	70	1
67	71	1
67	72	1
67	73	1
67	74	1
67	75	1
67	76	1
67	77	1
67	78	1
67	79	1
67	80	1
67	81	1
67	82	1
67	83	1
67	84	1
67	85	1
67	87	1
67	88	1
67	89	1
67	90	1
67	91	1
67	92	1
67	93	1
67	94	1
67	95	1
67	96	1
67	97	1
67	98	1
67	99	1
67	100	1
67	101	1
67	102	1
67	103	1
67	104	1
67	105	1
67	106	1
67	107	2
67	108	1
67	109	1
67	110	1
67	111	1
67	112	1
67	113	1
67	114	1
67	115	1
67	116	1
67	117	1
67	118	1
67	119	1
67	120	1
67	121	1
67	122	1
67	123	1
67	124	1
67	125	1
67	127	1
67	128	2
67	129	2
67	130	1
67	131	1
67	132	1
67	133	1
67	134	1
67	135	1
67	136	1
67	137	1
67	138	1
67	139	1
67	140	1
67	141	1
67	142	1
67	143	1
67	144	1
67	146	1
67	147	1
67	148	1
67	149	1
67	150	1
67	152	1
67	153	1
67	154	1
67	155	1
67	156	1
67	157	1
67	158	1
67	159	1
67	160	1
67	161	1
67	162	1
67	163	1
67	164	1
67	165	1
67	166	1
67	167	1
67	168	1
67	169	1
67	170	1
67	171	1
67	172	1
67	173	1
67	174	1
67	175	1
67	176	2
67	177	1
67	178	1
67	179	1
67	180	1
67	181	1
67	182	1
67	183	1
67	184	2
67	185	1
67	186	1
67	187	1
67	188	1
67	189	1
67	190	1
67	191	1
67	192	1
67	193	1
67	194	1
67	195	1
67	197	1
67	198	1
67	200	1
67	201	1
67	202	2
67	203	1
67	204	1
67	205	1
67	206	1
67	208	1
67	210	1
67	211	1
67	212	1
67	213	1
67	214	1
67	215	1
67	216	2
67	218	1
67	219	1
67	220	1
67	221	1
67	222	1
67	223	1
67	224	1
67	225	1
67	226	1
67	228	1
67	230	1
67	231	1
67	232	1
67	233	1
67	234	1
67	235	1
67	236	1
67	237	1
67	238	1
67	240	1
67	241	1
67	242	2
67	243	1
67	245	1
67	246	1
67	247	1
67	248	1
67	249	1
67	250	1
67	251	1
67	253	1
67	254	1
67	255	1
67	256	1
67	257	1
67	258	1
67	259	1
67	260	1
67	261	1
67	262	1
67	263	1
67	267	1
67	268	1
67	269	1
67	272	1
67	273	1
67	274	1
67	275	1
67	276	1
67	277	1
67	278	1
67	279	1
67	281	1
67	282	1
67	283	1
67	284	1
67	285	1
67	286	1
67	287	1
67	288	1
67	289	1
67	290	1
67	292	1
67	293	1
67	294	1
67	295	1
67	296	1
67	297	1
67	298	1
67	299	1
67	300	1
67	302	1
67	303	1
67	305	1
67	306	1
67	307	1
67	308	1
67	309	1
67	310	1
67	311	1
67	312	1
67	313	1
67	314	1
67	315	1
67	317	1
67	318	1
67	320	1
67	321	1
67	322	1
67	324	1
67	326	1
67	329	1
67	330	1
67	331	1
67	332	1
67	333	1
67	334	1
67	336	1
67	337	1
67	338	1
67	339	1
67	341	1
67	342	1
67	344	1
67	346	1
67	347	1
67	348	1
67	350	2
67	351	1
67	352	1
67	353	1
67	357	1
67	358	1
67	359	1
67	360	1
68	69	14
68	70	17
68	71	13
68	72	5
68	73	15
68	74	4
68	75	11
68	76	14
68	77	12
68	78	11
68	79	14
68	80	14
68	81	13
68	82	8
68	83	8
68	84	6
68	85	5
68	87	4
68	88	15
68	89	10
68	90	15
68	91	12
68	92	4
68	93	19
68	94	7
68	95	9
68	96	9
68	97	7
68	98	16
68	99	8
68	100	13
68	101	6
68	102	10
68	103	8
68	104	12
68	105	18
68	106	10
68	107	8
68	108	6
68	109	11
68	110	7
68	111	13
68	112	10
68	113	10
68	114	16
68	115	9
68	116	6
68	117	9
68	118	12
68	119	7
68	120	8
68	121	10
68	122	10
68	123	14
68	124	7
68	125	7
68	126	14
68	127	10
68	128	10
68	129	19
68	130	12
68	131	12
68	132	6
68	133	13
68	134	19
68	135	5
68	136	14
68	137	10
68	138	10
68	139	10
68	140	11
68	141	6
68	142	13
68	143	11
68	144	10
68	146	13
68	147	13
68	148	9
68	149	3
68	150	11
68	151	1
68	152	12
68	153	17
68	154	4
68	155	13
68	156	9
68	157	11
68	158	13
68	159	2
68	160	12
68	161	5
68	162	11
68	163	10
68	164	14
68	165	11
68	166	16
68	167	7
68	168	4
68	169	10
68	170	7
68	171	11
68	172	12
68	173	6
68	174	9
68	175	2
68	176	7
68	177	6
68	178	12
68	179	7
68	180	8
68	181	11
68	182	8
68	183	10
68	184	8
68	185	13
68	187	11
68	188	15
68	189	16
68	190	9
68	191	9
68	192	15
68	193	7
68	194	7
68	195	11
68	197	4
68	198	7
68	200	14
68	201	11
68	202	14
68	203	12
68	204	7
68	205	5
68	206	9
68	207	2
68	208	12
68	209	1
68	210	3
68	211	9
68	212	6
68	213	9
68	214	10
68	215	12
68	216	7
68	217	2
68	218	12
68	219	10
68	220	9
68	221	7
68	222	13
68	223	12
68	224	3
68	225	5
68	226	5
68	227	15
68	228	8
68	229	2
68	230	5
68	231	10
68	232	6
68	233	4
68	234	13
68	235	2
68	236	15
68	237	6
68	238	14
68	240	15
68	241	9
68	242	12
68	243	2
68	244	12
68	245	13
68	246	9
68	247	5
68	248	11
68	249	10
68	250	15
68	251	17
68	253	18
68	254	7
68	255	12
68	256	3
68	257	13
68	258	7
68	259	8
68	260	8
68	261	5
68	262	8
68	263	11
68	264	8
68	266	1
68	267	10
68	268	15
68	269	10
68	270	1
68	271	1
68	272	9
68	273	12
68	274	12
68	275	9
68	276	11
68	277	11
68	278	12
68	279	10
68	281	11
68	282	9
68	283	4
68	284	11
68	285	8
68	286	7
68	287	7
68	288	11
68	289	10
68	290	6
68	291	2
68	292	10
68	293	8
68	294	7
68	295	11
68	296	4
68	297	10
68	298	16
68	299	8
68	300	9
68	302	9
68	303	7
68	305	9
68	306	10
68	307	9
68	308	10
68	309	7
68	310	6
68	311	7
68	312	7
68	313	5
68	314	2
68	315	2
68	317	13
68	318	3
68	320	7
68	321	5
68	322	9
68	324	10
68	326	10
68	327	1
68	328	1
68	329	9
68	330	8
68	331	9
68	332	11
68	333	7
68	334	12
68	336	7
68	337	1
68	338	9
68	339	12
68	340	2
68	341	8
68	342	10
68	343	1
68	344	7
68	346	13
68	347	9
68	348	3
68	349	1
68	350	8
68	351	7
68	352	10
68	353	10
68	354	4
68	357	13
68	358	12
68	359	9
68	360	3
69	70	14
69	71	13
69	72	11
69	73	11
69	74	10
69	75	8
69	76	12
69	77	12
69	78	12
69	79	11
69	80	13
69	81	11
69	82	8
69	83	10
69	84	11
69	85	12
69	86	2
69	87	10
69	88	10
69	89	15
69	90	12
69	91	9
69	92	4
69	93	15
69	94	13
69	95	10
69	96	14
69	97	10
69	98	17
69	99	11
69	100	11
69	101	11
69	102	9
69	103	9
69	104	16
69	105	11
69	106	9
69	107	8
69	108	11
69	109	18
69	110	11
69	111	9
69	112	12
69	113	9
69	114	14
69	115	7
69	116	11
69	117	7
69	118	22
69	119	8
69	120	11
69	121	10
69	122	11
69	123	8
69	124	7
69	125	9
69	126	14
69	127	13
69	128	9
69	129	22
69	130	13
69	131	11
69	132	8
69	133	8
69	134	13
69	135	8
69	136	11
69	137	6
69	138	18
69	139	9
69	140	12
69	141	9
69	142	19
69	143	9
69	144	10
69	146	10
69	147	10
69	148	8
69	149	4
69	150	10
69	152	12
69	153	13
69	154	7
69	155	9
69	156	12
69	157	11
69	158	16
69	159	11
69	160	12
69	161	15
69	162	11
69	163	10
69	164	9
69	165	12
69	166	12
69	167	10
69	168	8
69	169	13
69	170	7
69	171	7
69	172	13
69	173	6
69	174	8
69	175	2
69	176	8
69	177	9
69	178	12
69	179	11
69	180	9
69	181	15
69	182	9
69	183	10
69	184	11
69	185	12
69	186	1
69	187	12
69	188	9
69	189	15
69	190	9
69	191	8
69	192	12
69	193	10
69	194	10
69	195	7
69	197	7
69	198	8
69	200	10
69	201	9
69	202	13
69	203	11
69	204	10
69	205	12
69	206	10
69	207	5
69	208	13
69	209	1
69	210	6
69	211	9
69	212	10
69	213	9
69	214	12
69	215	12
69	216	11
69	217	2
69	218	7
69	219	13
69	220	9
69	221	10
69	222	12
69	223	11
69	224	6
69	225	7
69	226	8
69	227	14
69	228	9
69	229	3
69	230	8
69	231	7
69	232	8
69	233	7
69	234	14
69	235	3
69	236	10
69	237	11
69	238	12
69	240	15
69	241	10
69	242	10
69	243	2
69	244	11
69	245	10
69	246	9
69	247	8
69	248	8
69	249	11
69	250	17
69	251	13
69	252	1
69	253	15
69	254	10
69	255	11
69	256	7
69	257	11
69	258	8
69	259	10
69	260	10
69	261	4
69	262	13
69	263	7
69	264	6
69	266	3
69	267	13
69	268	12
69	269	11
69	270	2
69	271	1
69	272	10
69	273	11
69	274	17
69	275	12
69	276	9
69	277	10
69	278	12
69	279	9
69	281	10
69	282	10
69	283	5
69	284	13
69	285	10
69	286	12
69	287	9
69	288	8
69	289	10
69	290	10
69	291	1
69	292	11
69	293	8
69	294	10
69	295	9
69	296	8
69	297	11
69	298	15
69	299	14
69	300	10
69	302	8
69	303	10
69	304	1
69	305	10
69	306	9
69	307	9
69	308	7
69	309	9
69	310	9
69	311	8
69	312	13
69	313	4
69	314	4
69	315	2
69	317	10
69	318	2
69	320	7
69	321	5
69	322	8
69	324	12
69	325	1
69	326	9
69	327	1
69	328	2
69	329	10
69	330	11
69	331	6
69	332	13
69	333	7
69	334	9
69	335	2
69	336	10
69	337	4
69	338	9
69	339	16
69	340	1
69	341	12
69	342	12
69	344	10
69	346	11
69	347	7
69	348	4
69	349	4
69	350	11
69	351	6
69	352	9
69	353	14
69	354	5
69	355	1
69	357	17
69	358	15
69	359	17
69	360	6
70	71	7
70	72	4
70	73	13
70	74	4
70	75	9
70	76	11
70	77	14
70	78	9
70	79	11
70	80	8
70	81	9
70	82	4
70	83	6
70	84	8
70	85	6
70	86	1
70	87	3
70	88	14
70	89	11
70	90	7
70	91	8
70	92	4
70	93	15
70	94	9
70	95	7
70	96	8
70	97	5
70	98	12
70	99	5
70	100	8
70	101	5
70	102	10
70	103	7
70	104	9
70	105	17
70	106	10
70	107	6
70	108	4
70	109	9
70	110	8
70	111	8
70	112	8
70	113	11
70	114	8
70	115	6
70	116	6
70	117	6
70	118	11
70	119	5
70	120	8
70	121	7
70	122	7
70	123	10
70	124	8
70	125	7
70	126	13
70	127	8
70	128	6
70	129	13
70	130	10
70	131	5
70	132	4
70	133	8
70	134	16
70	135	6
70	136	13
70	137	6
70	138	9
70	139	8
70	140	7
70	141	9
70	142	12
70	143	7
70	144	9
70	146	9
70	147	10
70	148	7
70	149	3
70	150	7
70	152	8
70	153	11
70	154	3
70	155	12
70	156	8
70	157	7
70	158	9
70	159	5
70	160	9
70	161	7
70	162	11
70	163	7
70	164	11
70	165	7
70	166	13
70	167	10
70	168	5
70	169	8
70	170	6
70	171	7
70	172	13
70	173	4
70	174	6
70	175	2
70	176	6
70	177	6
70	178	8
70	179	6
70	180	6
70	181	9
70	182	5
70	183	8
70	184	7
70	185	9
70	187	10
70	188	10
70	189	17
70	190	8
70	191	8
70	192	11
70	193	5
70	194	6
70	195	9
70	196	1
70	197	5
70	198	5
70	200	9
70	201	8
70	202	10
70	203	10
70	204	6
70	205	8
70	206	7
70	207	1
70	208	7
70	209	1
70	210	4
70	211	8
70	212	10
70	213	7
70	214	9
70	215	10
70	216	9
70	217	1
70	218	10
70	219	8
70	220	6
70	221	8
70	222	10
70	223	8
70	224	3
70	225	6
70	226	4
70	227	10
70	228	6
70	229	2
70	230	5
70	231	8
70	232	4
70	233	7
70	234	14
70	235	2
70	236	10
70	237	6
70	238	15
70	240	10
70	241	6
70	242	6
70	243	2
70	244	9
70	245	8
70	246	7
70	247	4
70	248	6
70	249	7
70	250	11
70	251	13
70	252	1
70	253	13
70	254	6
70	255	7
70	256	4
70	257	7
70	258	8
70	259	4
70	260	5
70	261	4
70	262	7
70	263	8
70	264	5
70	266	1
70	267	9
70	268	8
70	269	8
70	270	1
70	271	1
70	272	9
70	273	11
70	274	11
70	275	9
70	276	9
70	277	9
70	278	11
70	279	8
70	281	10
70	282	10
70	283	2
70	284	7
70	285	7
70	286	5
70	287	7
70	288	6
70	289	8
70	290	10
70	291	1
70	292	7
70	293	7
70	294	9
70	295	8
70	296	9
70	297	8
70	298	12
70	299	9
70	300	6
70	302	9
70	303	5
70	304	1
70	305	9
70	306	9
70	307	7
70	308	8
70	309	8
70	310	5
70	311	6
70	312	7
70	313	4
70	314	3
70	315	1
70	317	9
70	318	4
70	320	4
70	321	4
70	322	8
70	324	8
70	326	9
70	327	1
70	329	6
70	330	7
70	331	5
70	332	9
70	333	5
70	334	7
70	336	7
70	337	1
70	338	7
70	339	11
70	340	1
70	341	9
70	342	6
70	344	6
70	346	9
70	347	7
70	348	3
70	349	1
70	350	6
70	351	5
70	352	9
70	353	9
70	354	4
70	355	1
70	357	11
70	358	8
70	359	7
70	360	4
71	72	6
71	73	17
71	74	6
71	75	9
71	76	22
71	77	9
71	78	13
71	79	11
71	80	16
71	81	11
71	82	8
71	83	11
71	84	7
71	85	5
71	86	2
71	87	10
71	88	12
71	89	6
71	90	12
71	91	9
71	92	2
71	93	15
71	94	8
71	95	6
71	96	11
71	97	9
71	98	12
71	99	6
71	100	11
71	101	9
71	102	9
71	103	11
71	104	13
71	105	14
71	106	6
71	107	10
71	108	8
71	109	9
71	110	7
71	111	11
71	112	9
71	113	9
71	114	17
71	115	5
71	116	10
71	117	6
71	118	12
71	119	6
71	120	8
71	121	9
71	122	10
71	123	9
71	124	7
71	125	8
71	126	9
71	127	12
71	128	7
71	129	19
71	130	10
71	131	9
71	132	8
71	133	8
71	134	8
71	135	4
71	136	11
71	137	5
71	138	14
71	139	6
71	140	8
71	141	4
71	142	18
71	143	9
71	144	9
71	146	8
71	147	9
71	148	9
71	149	3
71	150	7
71	152	9
71	153	14
71	154	6
71	155	8
71	156	8
71	157	10
71	158	12
71	159	4
71	160	10
71	161	6
71	162	8
71	163	9
71	164	8
71	165	9
71	166	9
71	167	6
71	168	5
71	169	9
71	170	6
71	171	10
71	172	10
71	173	7
71	174	5
71	175	2
71	176	6
71	177	10
71	178	12
71	179	8
71	180	9
71	181	10
71	182	10
71	183	6
71	184	10
71	185	11
71	187	10
71	188	10
71	189	14
71	190	8
71	191	8
71	192	15
71	193	6
71	194	5
71	195	7
71	197	5
71	198	7
71	200	13
71	201	8
71	202	10
71	203	8
71	204	7
71	205	6
71	206	10
71	208	9
71	209	1
71	210	5
71	211	10
71	212	8
71	213	6
71	214	10
71	215	12
71	216	6
71	217	1
71	218	8
71	219	5
71	220	9
71	221	6
71	222	6
71	223	7
71	224	3
71	225	6
71	226	6
71	227	14
71	228	7
71	229	3
71	230	3
71	231	8
71	232	6
71	233	6
71	234	16
71	235	2
71	236	10
71	237	8
71	238	11
71	240	16
71	241	10
71	242	10
71	243	1
71	244	12
71	245	7
71	246	7
71	247	3
71	248	10
71	249	10
71	250	14
71	251	11
71	253	10
71	254	8
71	255	12
71	256	2
71	257	11
71	258	6
71	259	8
71	260	8
71	261	4
71	262	11
71	263	11
71	264	9
71	267	11
71	268	14
71	269	8
71	271	1
71	272	6
71	273	10
71	274	8
71	275	9
71	276	10
71	277	9
71	278	6
71	279	5
71	281	8
71	282	9
71	283	4
71	284	13
71	285	7
71	286	7
71	287	10
71	288	8
71	289	7
71	290	6
71	292	9
71	293	6
71	294	6
71	295	8
71	296	5
71	297	7
71	298	14
71	299	9
71	300	9
71	302	6
71	303	7
71	305	7
71	306	11
71	307	8
71	308	8
71	309	6
71	310	8
71	311	6
71	312	6
71	313	3
71	314	2
71	315	1
71	317	12
71	318	2
71	319	1
71	320	9
71	321	2
71	322	6
71	324	8
71	326	7
71	328	2
71	329	10
71	330	10
71	331	8
71	332	10
71	333	4
71	334	10
71	335	1
71	336	6
71	337	3
71	338	11
71	339	9
71	340	1
71	341	9
71	342	9
71	344	5
71	346	10
71	347	7
71	348	3
71	349	1
71	350	9
71	351	7
71	352	6
71	353	8
71	354	1
71	357	11
71	358	17
71	359	10
71	360	4
72	73	8
72	74	18
72	75	10
72	76	7
72	77	7
72	78	8
72	79	6
72	80	10
72	81	8
72	82	5
72	83	6
72	84	7
72	85	11
72	86	1
72	87	11
72	88	12
72	89	11
72	90	8
72	91	5
72	92	1
72	93	10
72	94	9
72	95	6
72	96	5
72	97	11
72	98	12
72	99	6
72	100	8
72	101	8
72	102	7
72	103	5
72	104	6
72	105	14
72	106	9
72	107	4
72	108	9
72	109	6
72	110	10
72	111	5
72	112	7
72	113	10
72	114	8
72	115	7
72	116	7
72	117	6
72	118	12
72	119	6
72	120	8
72	121	8
72	122	5
72	123	4
72	124	5
72	125	11
72	126	8
72	127	8
72	128	8
72	129	11
72	130	10
72	131	7
72	132	9
72	133	5
72	134	10
72	135	5
72	136	8
72	137	8
72	138	11
72	139	5
72	140	6
72	141	8
72	142	11
72	143	5
72	144	10
72	146	8
72	147	7
72	148	6
72	149	4
72	150	4
72	152	5
72	153	12
72	154	8
72	155	4
72	156	2
72	157	10
72	158	9
72	159	9
72	160	5
72	161	10
72	162	9
72	163	5
72	164	4
72	165	5
72	166	8
72	167	7
72	168	7
72	169	6
72	170	3
72	171	5
72	172	11
72	173	6
72	174	7
72	175	1
72	176	5
72	177	10
72	178	6
72	179	6
72	180	7
72	181	13
72	182	7
72	183	4
72	184	5
72	185	8
72	186	1
72	187	8
72	188	5
72	189	8
72	190	3
72	191	3
72	192	8
72	193	7
72	194	6
72	195	6
72	196	1
72	197	6
72	198	6
72	200	5
72	201	6
72	202	5
72	203	7
72	204	6
72	205	9
72	206	8
72	207	2
72	208	11
72	209	1
72	210	2
72	211	5
72	212	6
72	213	7
72	214	8
72	215	11
72	216	5
72	217	1
72	218	6
72	219	5
72	220	6
72	221	3
72	222	7
72	223	4
72	224	5
72	225	4
72	226	5
72	227	6
72	228	7
72	229	1
72	230	5
72	231	4
72	232	5
72	233	5
72	234	6
72	235	2
72	236	7
72	237	8
72	238	8
72	240	7
72	241	4
72	242	6
72	243	1
72	244	8
72	245	6
72	246	6
72	247	7
72	248	5
72	249	6
72	250	9
72	251	7
72	253	7
72	254	7
72	255	5
72	256	6
72	257	8
72	258	4
72	259	7
72	260	10
72	261	3
72	262	3
72	263	5
72	264	9
72	266	1
72	267	4
72	268	11
72	269	8
72	270	1
72	272	6
72	273	8
72	274	10
72	275	9
72	276	6
72	277	5
72	278	8
72	279	6
72	281	5
72	282	8
72	283	3
72	284	6
72	285	7
72	286	7
72	287	4
72	288	7
72	289	4
72	290	5
72	292	3
72	293	4
72	294	5
72	295	8
72	296	6
72	297	7
72	298	7
72	299	7
72	300	4
72	302	5
72	303	5
72	304	1
72	305	5
72	306	5
72	307	5
72	308	7
72	309	7
72	310	7
72	311	5
72	312	8
72	313	3
72	314	3
72	315	1
72	317	4
72	318	2
72	320	4
72	321	3
72	322	8
72	324	4
72	326	5
72	328	2
72	329	7
72	330	5
72	331	7
72	332	9
72	333	3
72	334	5
72	335	3
72	336	7
72	337	4
72	338	4
72	339	10
72	340	1
72	341	5
72	342	7
72	344	5
72	346	5
72	347	5
72	348	4
72	349	2
72	350	7
72	351	4
72	352	5
72	353	6
72	354	1
72	355	1
72	357	11
72	358	6
72	359	3
72	360	7
73	74	5
73	75	13
73	76	16
73	77	11
73	78	12
73	79	12
73	80	17
73	81	11
73	82	8
73	83	10
73	84	8
73	85	10
73	86	1
73	87	8
73	88	15
73	89	8
73	90	12
73	91	10
73	92	2
73	93	29
73	94	7
73	95	5
73	96	9
73	97	9
73	98	14
73	99	6
73	100	15
73	101	9
73	102	10
73	103	7
73	104	10
73	105	18
73	106	10
73	107	8
73	108	8
73	109	9
73	110	6
73	111	10
73	112	8
73	113	10
73	114	14
73	115	6
73	116	6
73	117	7
73	118	12
73	119	6
73	120	8
73	121	8
73	122	9
73	123	8
73	124	5
73	125	7
73	126	9
73	127	10
73	128	7
73	129	18
73	130	11
73	131	9
73	132	8
73	133	9
73	134	11
73	135	5
73	136	15
73	137	7
73	138	11
73	139	7
73	140	6
73	141	7
73	142	13
73	143	11
73	144	12
73	146	8
73	147	12
73	148	9
73	149	4
73	150	6
73	152	9
73	153	15
73	154	5
73	155	8
73	156	7
73	157	9
73	158	14
73	159	5
73	160	10
73	161	6
73	162	11
73	163	8
73	164	8
73	165	8
73	166	7
73	167	7
73	168	5
73	169	9
73	170	6
73	171	13
73	172	11
73	173	5
73	174	5
73	175	2
73	176	6
73	177	11
73	178	11
73	179	7
73	180	8
73	181	10
73	182	9
73	183	6
73	184	9
73	185	13
73	187	10
73	188	9
73	189	15
73	190	9
73	191	9
73	192	14
73	193	7
73	194	5
73	195	8
73	197	4
73	198	6
73	200	13
73	201	10
73	202	8
73	203	8
73	204	6
73	205	6
73	206	8
73	207	1
73	208	7
73	209	3
73	210	4
73	211	9
73	212	9
73	213	8
73	214	11
73	215	13
73	216	6
73	217	1
73	218	12
73	219	8
73	220	9
73	221	6
73	222	6
73	223	5
73	224	2
73	225	4
73	226	4
73	227	11
73	228	7
73	229	3
73	230	5
73	231	7
73	232	5
73	233	3
73	234	12
73	235	2
73	236	12
73	237	6
73	238	9
73	239	1
73	240	14
73	241	9
73	242	8
73	243	1
73	244	13
73	245	8
73	246	8
73	247	3
73	248	9
73	249	10
73	250	11
73	251	13
73	253	13
73	254	6
73	255	11
73	256	3
73	257	11
73	258	6
73	259	7
73	260	12
73	261	2
73	262	9
73	263	10
73	264	8
73	267	7
73	268	10
73	269	10
73	271	1
73	272	6
73	273	12
73	274	8
73	275	11
73	276	10
73	277	7
73	278	8
73	279	6
73	281	7
73	282	10
73	283	4
73	284	8
73	285	6
73	286	7
73	287	7
73	288	7
73	289	6
73	290	5
73	291	1
73	292	8
73	293	6
73	294	8
73	295	9
73	296	4
73	297	6
73	298	11
73	299	7
73	300	10
73	302	5
73	303	6
73	305	7
73	306	10
73	307	8
73	308	10
73	309	5
73	310	5
73	311	4
73	312	5
73	313	2
73	314	3
73	315	1
73	317	10
73	318	3
73	320	7
73	321	3
73	322	7
73	324	7
73	326	8
73	328	3
73	329	9
73	330	9
73	331	8
73	332	12
73	333	5
73	334	9
73	335	1
73	336	6
73	337	3
73	338	10
73	339	12
73	341	6
73	342	8
73	344	5
73	346	9
73	347	6
73	348	2
73	349	2
73	350	6
73	351	6
73	352	7
73	353	7
73	354	2
73	357	10
73	358	13
73	359	9
73	360	4
73	361	1
74	75	7
74	76	5
74	77	5
74	78	6
74	79	5
74	80	11
74	81	9
74	82	12
74	83	10
74	84	10
74	85	11
74	86	2
74	87	12
74	88	6
74	89	8
74	90	5
74	91	3
74	92	2
74	93	6
74	94	9
74	95	10
74	96	6
74	97	9
74	98	10
74	99	5
74	100	5
74	101	11
74	102	6
74	103	8
74	104	11
74	105	6
74	106	5
74	107	6
74	108	7
74	109	8
74	110	9
74	111	6
74	112	8
74	113	10
74	114	8
74	115	5
74	116	9
74	117	8
74	118	13
74	119	7
74	120	7
74	121	4
74	122	7
74	123	4
74	124	8
74	125	8
74	126	6
74	127	10
74	128	7
74	129	14
74	130	7
74	131	4
74	132	6
74	133	4
74	134	6
74	135	11
74	136	6
74	137	8
74	138	12
74	139	8
74	140	7
74	141	10
74	142	7
74	143	6
74	144	9
74	146	5
74	147	8
74	148	10
74	149	3
74	150	6
74	151	1
74	152	6
74	153	5
74	154	8
74	155	2
74	156	8
74	157	9
74	158	9
74	159	11
74	160	8
74	161	10
74	162	6
74	163	6
74	164	3
74	165	6
74	166	4
74	167	8
74	168	8
74	169	4
74	170	7
74	171	7
74	172	9
74	173	9
74	174	5
74	175	2
74	176	9
74	177	7
74	178	8
74	179	8
74	180	9
74	181	9
74	182	7
74	183	7
74	184	8
74	185	7
74	186	1
74	187	9
74	188	4
74	189	8
74	190	4
74	191	3
74	192	7
74	193	7
74	194	10
74	195	6
74	196	1
74	197	10
74	198	8
74	200	4
74	201	6
74	202	3
74	203	5
74	204	6
74	205	8
74	206	7
74	208	8
74	209	2
74	210	5
74	211	6
74	212	9
74	213	4
74	214	8
74	215	6
74	216	6
74	217	2
74	218	8
74	219	5
74	220	5
74	221	4
74	222	6
74	223	6
74	224	4
74	225	5
74	226	3
74	227	6
74	228	5
74	229	1
74	230	9
74	231	4
74	232	7
74	233	6
74	234	10
74	235	3
74	236	5
74	237	7
74	238	9
74	240	3
74	241	6
74	242	6
74	243	1
74	244	4
74	245	4
74	246	5
74	247	4
74	248	6
74	249	7
74	250	5
74	251	4
74	253	8
74	254	8
74	255	3
74	256	6
74	257	4
74	258	8
74	259	9
74	260	6
74	261	3
74	262	7
74	263	10
74	264	7
74	265	1
74	267	4
74	268	6
74	269	7
74	272	6
74	273	4
74	274	9
74	275	9
74	276	6
74	277	5
74	278	5
74	279	7
74	281	5
74	282	5
74	283	4
74	284	10
74	285	8
74	286	6
74	287	6
74	288	3
74	289	4
74	290	5
74	291	2
74	292	5
74	293	4
74	294	5
74	295	4
74	296	7
74	297	7
74	298	9
74	299	6
74	300	6
74	302	9
74	303	6
74	305	5
74	306	6
74	307	5
74	308	5
74	309	6
74	310	8
74	311	7
74	312	8
74	313	2
74	314	4
74	315	1
74	317	6
74	318	4
74	320	5
74	321	2
74	322	5
74	324	6
74	326	5
74	328	1
74	329	6
74	330	5
74	331	6
74	332	7
74	333	10
74	334	8
74	335	2
74	336	4
74	337	4
74	338	7
74	339	9
74	340	1
74	341	5
74	342	6
74	344	5
74	346	7
74	347	5
74	348	4
74	349	1
74	350	8
74	351	8
74	352	6
74	353	7
74	355	1
74	357	8
74	358	6
74	359	6
74	360	4
75	76	9
75	77	10
75	78	11
75	79	9
75	80	19
75	81	12
75	82	6
75	83	7
75	84	7
75	85	8
75	86	3
75	87	7
75	88	11
75	89	7
75	90	10
75	91	12
75	92	3
75	93	12
75	94	7
75	95	12
75	96	7
75	97	7
75	98	13
75	99	7
75	100	12
75	101	7
75	102	9
75	103	11
75	104	11
75	105	12
75	106	9
75	107	6
75	108	9
75	109	11
75	110	11
75	111	8
75	112	9
75	113	12
75	114	14
75	115	8
75	116	7
75	117	9
75	118	10
75	119	8
75	120	7
75	121	13
75	122	8
75	123	7
75	124	5
75	125	13
75	126	9
75	127	15
75	128	8
75	129	13
75	130	12
75	131	8
75	132	9
75	133	9
75	134	13
75	135	7
75	136	11
75	137	10
75	138	12
75	139	8
75	140	10
75	141	10
75	142	12
75	143	8
75	144	12
75	146	8
75	147	10
75	148	9
75	149	4
75	150	7
75	152	8
75	153	13
75	154	6
75	155	8
75	156	8
75	157	12
75	158	11
75	159	7
75	160	7
75	161	8
75	162	10
75	163	9
75	164	7
75	165	10
75	166	7
75	167	10
75	168	7
75	169	6
75	170	7
75	171	10
75	172	13
75	173	8
75	174	9
75	175	1
75	176	9
75	177	8
75	178	9
75	179	5
75	180	7
75	181	12
75	182	5
75	183	13
75	184	8
75	185	14
75	186	2
75	187	8
75	188	10
75	189	11
75	190	9
75	191	7
75	192	12
75	193	8
75	194	8
75	195	9
75	196	2
75	197	5
75	198	10
75	200	9
75	201	12
75	202	8
75	203	10
75	204	8
75	205	8
75	206	12
75	207	1
75	208	7
75	209	3
75	210	4
75	211	7
75	212	9
75	213	9
75	214	7
75	215	11
75	216	7
75	217	2
75	218	10
75	219	11
75	220	9
75	221	8
75	222	7
75	223	7
75	224	3
75	225	6
75	226	5
75	227	7
75	228	8
75	229	2
75	230	6
75	231	9
75	232	6
75	233	5
75	234	12
75	235	1
75	236	12
75	237	10
75	238	12
75	240	12
75	241	4
75	242	7
75	243	2
75	244	12
75	245	7
75	246	10
75	247	5
75	248	10
75	249	9
75	250	11
75	251	11
75	253	13
75	254	10
75	255	9
75	256	5
75	257	8
75	258	8
75	259	8
75	260	9
75	261	2
75	262	6
75	263	8
75	264	9
75	265	1
75	266	1
75	267	8
75	268	13
75	269	9
75	270	1
75	271	1
75	272	9
75	273	8
75	274	11
75	275	8
75	276	8
75	277	8
75	278	7
75	279	6
75	281	5
75	282	9
75	283	3
75	284	8
75	285	10
75	286	7
75	287	6
75	288	7
75	289	9
75	290	7
75	291	1
75	292	7
75	293	7
75	294	6
75	295	9
75	296	4
75	297	7
75	298	12
75	299	10
75	300	6
75	302	9
75	303	6
75	305	7
75	306	8
75	307	10
75	308	11
75	309	9
75	310	6
75	311	6
75	312	8
75	313	4
75	314	2
75	315	1
75	317	7
75	318	3
75	320	7
75	321	3
75	322	9
75	324	9
75	326	8
75	328	4
75	329	13
75	330	9
75	331	8
75	332	8
75	333	4
75	334	7
75	335	1
75	336	7
75	337	4
75	338	6
75	339	13
75	340	1
75	341	8
75	342	9
75	344	7
75	346	6
75	347	7
75	348	2
75	349	2
75	350	7
75	351	7
75	352	9
75	353	10
75	354	5
75	355	1
75	357	9
75	358	9
75	359	7
75	360	4
76	77	14
76	78	16
76	79	11
76	80	14
76	81	10
76	82	8
76	83	10
76	84	6
76	85	7
76	86	1
76	87	8
76	88	13
76	89	9
76	90	13
76	91	8
76	92	2
76	93	15
76	94	7
76	95	9
76	96	8
76	97	9
76	98	13
76	99	5
76	100	11
76	101	8
76	102	10
76	103	9
76	104	11
76	105	14
76	106	8
76	107	9
76	108	9
76	109	9
76	110	8
76	111	12
76	112	7
76	113	10
76	114	14
76	115	7
76	116	9
76	117	5
76	118	14
76	119	6
76	120	10
76	121	7
76	122	8
76	123	9
76	124	8
76	125	13
76	126	7
76	127	15
76	128	7
76	129	17
76	130	10
76	131	10
76	132	8
76	133	9
76	134	12
76	135	5
76	136	8
76	137	6
76	138	8
76	139	6
76	140	8
76	141	5
76	142	14
76	143	10
76	144	11
76	146	10
76	147	12
76	148	10
76	149	6
76	150	7
76	152	8
76	153	16
76	154	7
76	155	9
76	156	8
76	157	12
76	158	11
76	159	7
76	160	12
76	161	7
76	162	11
76	163	9
76	164	10
76	165	12
76	166	10
76	167	8
76	168	7
76	169	11
76	170	6
76	171	11
76	172	9
76	173	7
76	174	6
76	175	2
76	176	5
76	177	9
76	178	14
76	179	6
76	180	9
76	181	7
76	182	8
76	183	8
76	184	9
76	185	13
76	186	1
76	187	12
76	188	11
76	189	13
76	190	13
76	191	8
76	192	15
76	193	9
76	194	6
76	195	10
76	197	5
76	198	8
76	200	12
76	201	10
76	202	8
76	203	9
76	204	7
76	205	6
76	206	9
76	207	1
76	208	8
76	209	2
76	210	4
76	211	11
76	212	7
76	213	7
76	214	11
76	215	12
76	216	5
76	217	1
76	218	12
76	219	8
76	220	8
76	221	6
76	222	6
76	223	10
76	224	3
76	225	4
76	226	5
76	227	11
76	228	7
76	229	3
76	230	5
76	231	7
76	232	6
76	233	5
76	234	15
76	235	2
76	236	9
76	237	7
76	238	10
76	239	1
76	240	14
76	241	10
76	242	8
76	243	1
76	244	12
76	245	9
76	246	6
76	247	5
76	248	10
76	249	10
76	250	15
76	251	10
76	253	12
76	254	8
76	255	8
76	256	3
76	257	11
76	258	8
76	259	7
76	260	9
76	261	3
76	262	8
76	263	11
76	264	6
76	267	8
76	268	12
76	269	8
76	271	1
76	272	8
76	273	10
76	274	8
76	275	10
76	276	11
76	277	8
76	278	8
76	279	8
76	281	9
76	282	8
76	283	3
76	284	13
76	285	6
76	286	5
76	287	8
76	288	8
76	289	7
76	290	6
76	292	6
76	293	7
76	294	6
76	295	9
76	296	7
76	297	8
76	298	14
76	299	6
76	300	8
76	302	8
76	303	6
76	305	7
76	306	8
76	307	8
76	308	10
76	309	5
76	310	8
76	311	8
76	312	6
76	313	3
76	314	2
76	315	1
76	317	11
76	318	2
76	319	1
76	320	9
76	321	3
76	322	7
76	324	7
76	326	8
76	328	1
76	329	9
76	330	7
76	331	7
76	332	10
76	333	4
76	334	10
76	335	1
76	336	6
76	337	3
76	338	8
76	339	10
76	340	1
76	341	7
76	342	7
76	344	5
76	346	11
76	347	10
76	348	4
76	349	1
76	350	7
76	351	7
76	352	6
76	353	8
76	354	2
76	355	1
76	357	13
76	358	13
76	359	11
76	360	4
77	78	11
77	79	11
77	80	12
77	81	7
77	82	9
77	83	7
77	84	8
77	85	10
77	87	5
77	88	12
77	89	10
77	90	11
77	91	7
77	92	3
77	93	12
77	94	7
77	95	7
77	96	5
77	97	7
77	98	19
77	99	4
77	100	8
77	101	7
77	102	8
77	103	7
77	104	10
77	105	14
77	106	10
77	107	7
77	108	6
77	109	11
77	110	8
77	111	10
77	112	6
77	113	9
77	114	12
77	115	8
77	116	8
77	117	6
77	118	11
77	119	4
77	120	9
77	121	8
77	122	6
77	123	9
77	124	6
77	125	10
77	126	8
77	127	11
77	128	9
77	129	13
77	130	7
77	131	7
77	132	6
77	133	9
77	134	15
77	135	4
77	136	7
77	137	9
77	138	7
77	139	6
77	140	6
77	141	6
77	142	11
77	143	9
77	144	10
77	146	10
77	147	13
77	148	9
77	149	4
77	150	6
77	152	9
77	153	15
77	154	5
77	155	13
77	156	7
77	157	8
77	158	14
77	159	4
77	160	11
77	161	7
77	162	10
77	163	8
77	164	12
77	165	8
77	166	13
77	167	8
77	168	7
77	169	12
77	170	6
77	171	8
77	172	10
77	173	7
77	174	7
77	175	2
77	176	6
77	177	6
77	178	11
77	179	5
77	180	9
77	181	9
77	182	6
77	183	8
77	184	8
77	185	7
77	186	2
77	187	15
77	188	11
77	189	9
77	190	12
77	191	7
77	192	11
77	193	8
77	194	5
77	195	8
77	196	1
77	197	6
77	198	5
77	200	14
77	201	9
77	202	11
77	203	11
77	204	7
77	205	8
77	206	11
77	208	7
77	209	2
77	210	5
77	211	8
77	212	9
77	213	8
77	214	8
77	215	10
77	216	8
77	217	1
77	218	13
77	219	7
77	220	9
77	221	8
77	222	8
77	223	9
77	224	3
77	225	4
77	226	5
77	227	9
77	228	6
77	229	2
77	230	8
77	231	7
77	232	6
77	233	5
77	234	11
77	235	2
77	236	11
77	237	5
77	238	10
77	239	2
77	240	9
77	241	5
77	242	7
77	243	1
77	244	12
77	245	9
77	246	9
77	247	3
77	248	8
77	249	10
77	250	10
77	251	9
77	253	13
77	254	9
77	255	10
77	256	6
77	257	9
77	258	7
77	259	7
77	260	7
77	261	3
77	262	6
77	263	9
77	264	5
77	266	1
77	267	8
77	268	13
77	269	9
77	271	1
77	272	9
77	273	7
77	274	9
77	275	12
77	276	12
77	277	9
77	278	10
77	279	9
77	281	8
77	282	6
77	283	4
77	284	6
77	285	9
77	286	2
77	287	8
77	288	8
77	289	5
77	290	9
77	291	1
77	292	4
77	293	7
77	294	6
77	295	8
77	296	6
77	297	7
77	298	12
77	299	9
77	300	9
77	302	5
77	303	6
77	304	1
77	305	6
77	306	8
77	307	9
77	308	9
77	309	5
77	310	6
77	311	8
77	312	6
77	313	3
77	314	3
77	315	1
77	317	10
77	318	2
77	320	6
77	321	5
77	322	9
77	324	7
77	326	7
77	328	2
77	329	7
77	330	6
77	331	6
77	332	7
77	333	4
77	334	7
77	335	1
77	336	6
77	337	3
77	338	8
77	339	9
77	340	1
77	341	8
77	342	8
77	344	8
77	346	7
77	347	8
77	348	3
77	349	1
77	350	7
77	351	6
77	352	9
77	353	8
77	354	2
77	355	1
77	357	13
77	358	9
77	359	8
77	360	3
77	361	1
78	79	12
78	80	13
78	81	11
78	82	8
78	83	9
78	84	8
78	85	9
78	86	2
78	87	9
78	88	11
78	89	7
78	90	9
78	91	8
78	92	3
78	93	15
78	94	6
78	95	8
78	96	22
78	97	9
78	98	13
78	99	7
78	100	8
78	101	9
78	102	10
78	103	7
78	104	10
78	105	16
78	106	7
78	107	8
78	108	9
78	109	6
78	110	8
78	111	12
78	112	7
78	113	13
78	114	14
78	115	8
78	116	8
78	117	7
78	118	11
78	119	9
78	120	8
78	121	8
78	122	7
78	123	9
78	124	8
78	125	10
78	126	11
78	127	8
78	128	10
78	129	14
78	130	10
78	131	10
78	132	7
78	133	10
78	134	13
78	135	5
78	136	8
78	137	6
78	138	8
78	139	5
78	140	8
78	141	4
78	142	9
78	143	9
78	144	11
78	146	10
78	147	11
78	148	9
78	149	4
78	150	10
78	152	11
78	153	13
78	154	5
78	155	9
78	156	8
78	157	11
78	158	14
78	159	6
78	160	10
78	161	8
78	162	10
78	163	8
78	164	9
78	165	9
78	166	10
78	167	8
78	168	10
78	169	10
78	170	6
78	171	9
78	172	10
78	173	5
78	174	6
78	175	2
78	176	5
78	177	9
78	178	11
78	179	8
78	180	9
78	181	9
78	182	8
78	183	7
78	184	10
78	185	13
78	187	11
78	188	9
78	189	11
78	190	10
78	191	11
78	192	11
78	193	8
78	194	7
78	195	6
78	197	5
78	198	9
78	200	11
78	201	9
78	202	7
78	203	7
78	204	6
78	205	6
78	206	8
78	207	1
78	208	9
78	209	1
78	210	4
78	211	10
78	212	8
78	213	10
78	214	12
78	215	13
78	216	6
78	217	1
78	218	7
78	219	8
78	220	9
78	221	5
78	222	7
78	223	8
78	224	4
78	225	4
78	226	5
78	227	11
78	228	8
78	229	4
78	230	5
78	231	7
78	232	6
78	233	4
78	234	14
78	235	2
78	236	11
78	237	11
78	238	11
78	240	9
78	241	9
78	242	7
78	243	1
78	244	13
78	245	8
78	246	8
78	247	5
78	248	9
78	249	10
78	250	12
78	251	13
78	253	8
78	254	8
78	255	10
78	256	3
78	257	12
78	258	8
78	259	8
78	260	10
78	261	3
78	262	8
78	263	10
78	264	6
78	266	1
78	267	10
78	268	7
78	269	9
78	270	1
78	271	1
78	272	9
78	273	8
78	274	9
78	275	10
78	276	9
78	277	9
78	278	6
78	279	5
78	281	9
78	282	9
78	283	4
78	284	10
78	285	8
78	286	8
78	287	8
78	288	9
78	289	7
78	290	7
78	292	6
78	293	8
78	294	7
78	295	9
78	296	5
78	297	9
78	298	13
78	299	9
78	300	9
78	302	6
78	303	7
78	305	8
78	306	8
78	307	9
78	308	10
78	309	17
78	310	7
78	311	5
78	312	5
78	313	5
78	314	2
78	315	2
78	317	10
78	318	2
78	320	9
78	321	2
78	322	9
78	324	7
78	326	10
78	327	3
78	328	2
78	329	9
78	330	7
78	331	8
78	332	11
78	333	7
78	334	11
78	335	1
78	336	12
78	337	4
78	338	8
78	339	14
78	340	2
78	341	7
78	342	7
78	344	8
78	346	11
78	347	7
78	348	3
78	349	2
78	350	9
78	351	9
78	352	7
78	353	9
78	354	2
78	357	10
78	358	10
78	359	11
78	360	4
79	80	14
79	81	11
79	82	8
79	83	9
79	84	7
79	85	8
79	86	2
79	87	6
79	88	11
79	89	7
79	90	10
79	91	11
79	92	3
79	93	15
79	94	9
79	95	7
79	96	7
79	97	7
79	98	16
79	99	7
79	100	9
79	101	6
79	102	11
79	103	10
79	104	10
79	105	15
79	106	12
79	107	7
79	108	6
79	109	9
79	110	8
79	111	10
79	112	9
79	113	8
79	114	14
79	115	8
79	116	7
79	117	10
79	118	9
79	119	6
79	120	8
79	121	10
79	122	8
79	123	13
79	124	6
79	125	10
79	126	13
79	127	7
79	128	6
79	129	15
79	130	8
79	131	6
79	132	6
79	133	8
79	134	12
79	135	6
79	136	10
79	137	6
79	138	13
79	139	10
79	140	8
79	141	6
79	142	12
79	143	7
79	144	11
79	145	1
79	146	8
79	147	12
79	148	7
79	149	1
79	150	6
79	151	1
79	152	11
79	153	13
79	154	4
79	155	13
79	156	6
79	157	8
79	158	11
79	159	5
79	160	8
79	161	5
79	162	9
79	163	6
79	164	16
79	165	7
79	166	12
79	167	7
79	168	6
79	169	10
79	170	6
79	171	7
79	172	12
79	173	4
79	174	7
79	175	1
79	176	7
79	177	5
79	178	7
79	179	5
79	180	7
79	181	13
79	182	6
79	183	7
79	184	6
79	185	10
79	187	10
79	188	10
79	189	10
79	190	10
79	191	7
79	192	11
79	193	4
79	194	11
79	195	7
79	197	4
79	198	7
79	200	14
79	201	9
79	202	7
79	203	9
79	204	10
79	205	8
79	206	8
79	208	11
79	209	2
79	210	6
79	211	10
79	212	8
79	213	9
79	214	10
79	215	12
79	216	7
79	218	9
79	219	7
79	220	12
79	221	10
79	222	13
79	223	10
79	224	2
79	225	6
79	226	4
79	227	9
79	228	9
79	229	3
79	230	6
79	231	9
79	232	6
79	233	5
79	234	13
79	235	1
79	236	12
79	237	8
79	238	9
79	239	1
79	240	13
79	241	7
79	242	11
79	243	1
79	244	12
79	245	11
79	246	9
79	247	5
79	248	8
79	249	12
79	250	13
79	251	15
79	252	1
79	253	13
79	254	8
79	255	11
79	256	8
79	257	11
79	258	8
79	259	6
79	260	14
79	261	4
79	262	7
79	263	10
79	264	6
79	265	1
79	267	11
79	268	8
79	269	9
79	270	1
79	271	1
79	272	7
79	273	10
79	274	10
79	275	8
79	276	11
79	277	11
79	278	11
79	279	9
79	281	10
79	282	10
79	283	3
79	284	9
79	285	7
79	286	6
79	287	10
79	288	10
79	289	9
79	290	8
79	291	3
79	292	10
79	293	6
79	294	11
79	295	11
79	296	4
79	297	9
79	298	13
79	299	8
79	300	9
79	302	7
79	303	5
79	304	1
79	305	8
79	306	8
79	307	9
79	308	8
79	309	6
79	310	4
79	311	6
79	312	5
79	313	3
79	314	4
79	315	1
79	316	2
79	317	13
79	318	3
79	320	7
79	321	5
79	322	9
79	324	9
79	326	9
79	328	2
79	329	9
79	330	8
79	331	6
79	332	8
79	333	3
79	334	9
79	335	1
79	336	10
79	337	3
79	338	9
79	339	11
79	340	1
79	341	10
79	342	8
79	344	7
79	346	8
79	347	8
79	348	3
79	349	1
79	350	8
79	351	5
79	352	7
79	353	7
79	354	3
79	355	1
79	357	12
79	358	9
79	359	8
79	360	4
79	361	1
80	81	14
80	82	10
80	83	12
80	84	12
80	85	10
80	86	2
80	87	8
80	88	12
80	89	11
80	90	16
80	91	11
80	92	2
80	93	19
80	94	12
80	95	16
80	96	11
80	97	12
80	98	24
80	99	8
80	100	14
80	101	10
80	102	13
80	103	8
80	104	15
80	105	20
80	106	10
80	107	12
80	108	11
80	109	15
80	110	12
80	111	12
80	112	12
80	113	14
80	114	49
80	115	11
80	116	12
80	117	12
80	118	12
80	119	9
80	120	12
80	121	11
80	122	12
80	123	10
80	124	7
80	125	10
80	126	16
80	127	15
80	128	9
80	129	24
80	130	13
80	131	33
80	132	9
80	133	9
80	134	14
80	135	9
80	136	13
80	137	9
80	138	14
80	139	7
80	140	9
80	141	9
80	142	15
80	143	10
80	144	15
80	146	11
80	147	12
80	148	12
80	149	6
80	150	7
80	151	3
80	152	13
80	153	17
80	154	9
80	155	16
80	156	12
80	157	13
80	158	20
80	159	9
80	160	14
80	161	12
80	162	14
80	163	12
80	164	10
80	165	12
80	166	15
80	167	13
80	168	12
80	169	10
80	170	12
80	171	12
80	172	11
80	173	9
80	174	11
80	175	2
80	176	9
80	177	13
80	178	12
80	179	9
80	180	10
80	181	17
80	182	10
80	183	11
80	184	11
80	185	13
80	186	1
80	187	15
80	188	12
80	189	15
80	190	15
80	191	10
80	192	21
80	193	12
80	194	8
80	195	8
80	196	1
80	197	7
80	198	11
80	200	17
80	201	11
80	202	12
80	203	10
80	204	9
80	205	11
80	206	12
80	207	3
80	208	14
80	209	2
80	210	4
80	211	11
80	212	11
80	213	10
80	214	12
80	215	16
80	216	12
80	217	2
80	218	12
80	219	9
80	220	12
80	221	9
80	222	9
80	223	10
80	224	4
80	225	8
80	226	7
80	227	17
80	228	8
80	229	4
80	230	11
80	231	10
80	232	11
80	233	7
80	234	15
80	235	2
80	236	18
80	237	9
80	238	15
80	239	1
80	240	13
80	241	9
80	242	14
80	243	2
80	244	18
80	245	13
80	246	10
80	247	4
80	248	15
80	249	15
80	250	13
80	251	15
80	253	15
80	254	11
80	255	19
80	256	8
80	257	16
80	258	12
80	259	10
80	260	12
80	261	3
80	262	11
80	263	13
80	264	12
80	265	3
80	266	1
80	267	12
80	268	17
80	269	15
80	270	2
80	271	1
80	272	9
80	273	13
80	274	13
80	275	14
80	276	12
80	277	10
80	278	11
80	279	11
80	281	9
80	282	12
80	283	6
80	284	15
80	285	11
80	286	7
80	287	8
80	288	15
80	289	8
80	290	10
80	291	1
80	292	13
80	293	10
80	294	12
80	295	16
80	296	8
80	297	10
80	298	16
80	299	10
80	300	12
80	302	9
80	303	11
80	305	8
80	306	11
80	307	12
80	308	10
80	309	10
80	310	13
80	311	6
80	312	8
80	313	4
80	314	3
80	315	2
80	316	1
80	317	12
80	318	3
80	320	9
80	321	4
80	322	13
80	324	15
80	325	1
80	326	9
80	327	2
80	328	4
80	329	18
80	330	9
80	331	11
80	332	13
80	333	9
80	334	14
80	335	2
80	336	10
80	337	6
80	338	14
80	339	18
80	340	1
80	341	8
80	342	10
80	344	9
80	346	14
80	347	8
80	348	3
80	349	3
80	350	12
80	351	10
80	352	10
80	353	6
80	354	4
80	357	13
80	358	14
80	359	12
80	360	5
80	361	1
81	82	10
81	83	11
81	84	9
81	85	8
81	86	2
81	87	7
81	88	8
81	89	10
81	90	8
81	91	12
81	92	3
81	93	11
81	94	12
81	95	8
81	96	11
81	97	13
81	98	11
81	99	8
81	100	10
81	101	11
81	102	9
81	103	9
81	104	12
81	105	13
81	106	10
81	107	11
81	108	8
81	109	10
81	110	14
81	111	10
81	112	18
81	113	11
81	114	12
81	115	9
81	116	9
81	117	11
81	118	14
81	119	9
81	120	7
81	121	10
81	122	9
81	123	10
81	124	7
81	125	10
81	126	11
81	127	14
81	128	9
81	129	23
81	130	12
81	131	4
81	132	7
81	133	9
81	134	16
81	135	9
81	136	10
81	137	9
81	138	13
81	139	10
81	140	9
81	141	11
81	142	13
81	143	10
81	144	13
81	146	11
81	147	11
81	148	13
81	149	4
81	150	6
81	151	1
81	152	12
81	153	16
81	154	11
81	155	13
81	156	9
81	157	12
81	158	13
81	159	10
81	160	9
81	161	10
81	162	9
81	163	10
81	164	8
81	165	17
81	166	11
81	167	9
81	168	7
81	169	6
81	170	9
81	171	12
81	172	14
81	173	7
81	174	9
81	175	2
81	176	12
81	177	7
81	178	10
81	179	9
81	180	9
81	181	13
81	182	10
81	183	10
81	184	9
81	185	43
81	186	1
81	187	13
81	188	9
81	189	13
81	190	11
81	191	4
81	192	12
81	193	8
81	194	9
81	195	7
81	196	1
81	197	7
81	198	10
81	200	11
81	201	9
81	202	6
81	203	9
81	204	11
81	205	13
81	206	10
81	207	1
81	208	10
81	209	4
81	210	5
81	211	7
81	212	8
81	213	8
81	214	7
81	215	13
81	216	8
81	217	1
81	218	8
81	219	9
81	220	8
81	221	9
81	222	9
81	223	11
81	224	3
81	225	6
81	226	4
81	227	10
81	228	7
81	229	2
81	230	6
81	231	10
81	232	5
81	233	6
81	234	12
81	235	1
81	236	11
81	237	8
81	238	12
81	240	8
81	241	6
81	242	10
81	243	1
81	244	10
81	245	8
81	246	10
81	247	8
81	248	11
81	249	8
81	250	10
81	251	10
81	252	2
81	253	15
81	254	12
81	255	8
81	256	10
81	257	6
81	258	8
81	259	13
81	260	7
81	261	4
81	262	12
81	263	10
81	264	8
81	267	10
81	268	8
81	269	8
81	270	2
81	271	1
81	272	7
81	273	11
81	274	13
81	275	8
81	276	8
81	277	10
81	278	8
81	279	10
81	281	6
81	282	9
81	283	6
81	284	12
81	285	14
81	286	8
81	287	9
81	288	5
81	289	10
81	290	6
81	291	2
81	292	9
81	293	7
81	294	7
81	295	7
81	296	7
81	297	9
81	298	12
81	299	9
81	300	7
81	302	9
81	303	7
81	304	2
81	305	8
81	306	10
81	307	8
81	308	7
81	309	7
81	310	8
81	311	8
81	312	9
81	313	3
81	314	3
81	315	1
81	317	10
81	318	3
81	320	9
81	321	3
81	322	13
81	324	10
81	325	1
81	326	7
81	327	1
81	328	2
81	329	9
81	330	9
81	331	10
81	332	8
81	333	6
81	334	8
81	335	4
81	336	9
81	337	3
81	338	10
81	339	12
81	340	1
81	341	8
81	342	10
81	344	6
81	346	9
81	347	8
81	348	3
81	349	1
81	350	7
81	351	6
81	352	7
81	353	11
81	354	4
81	355	2
81	357	11
81	358	12
81	359	9
81	360	6
82	83	10
82	84	10
82	85	12
82	86	1
82	87	13
82	88	6
82	89	6
82	90	6
82	91	4
82	92	2
82	93	8
82	94	10
82	95	6
82	96	5
82	97	10
82	98	10
82	99	7
82	100	7
82	101	11
82	102	5
82	103	7
82	104	12
82	105	7
82	106	6
82	107	9
82	108	9
82	109	9
82	110	8
82	111	8
82	112	10
82	113	8
82	114	10
82	115	5
82	116	11
82	117	8
82	118	10
82	119	9
82	120	8
82	121	8
82	122	5
82	123	5
82	124	10
82	125	6
82	126	6
82	127	10
82	128	6
82	129	14
82	130	9
82	131	4
82	132	9
82	133	6
82	134	7
82	135	9
82	136	7
82	137	8
82	138	10
82	139	7
82	140	6
82	141	6
82	142	9
82	143	9
82	144	13
82	146	5
82	147	11
82	148	13
82	149	3
82	150	7
82	151	1
82	152	6
82	153	7
82	154	8
82	155	4
82	156	8
82	157	10
82	158	12
82	159	7
82	160	7
82	161	6
82	162	8
82	163	8
82	164	6
82	165	9
82	166	5
82	167	8
82	168	6
82	169	4
82	170	8
82	171	9
82	172	8
82	173	8
82	174	9
82	175	2
82	176	9
82	177	7
82	178	9
82	179	7
82	180	10
82	181	8
82	182	8
82	183	6
82	184	11
82	185	8
82	186	1
82	187	10
82	188	6
82	189	9
82	190	6
82	191	4
82	192	7
82	193	8
82	194	8
82	195	8
82	197	11
82	198	8
82	200	7
82	201	7
82	202	6
82	203	5
82	204	8
82	205	8
82	206	4
82	207	2
82	208	7
82	209	1
82	210	4
82	211	8
82	212	7
82	213	6
82	214	9
82	215	5
82	216	6
82	217	3
82	218	8
82	219	7
82	220	4
82	221	4
82	222	5
82	223	5
82	224	5
82	225	3
82	226	3
82	227	6
82	228	6
82	229	3
82	230	5
82	231	5
82	232	6
82	233	4
82	234	10
82	235	2
82	236	6
82	237	6
82	238	8
82	240	4
82	241	6
82	242	5
82	243	1
82	244	7
82	245	6
82	246	5
82	247	5
82	248	8
82	249	7
82	250	7
82	251	6
82	253	8
82	254	6
82	255	4
82	256	6
82	257	4
82	258	9
82	259	11
82	260	6
82	261	5
82	262	7
82	263	9
82	264	7
82	265	4
82	267	4
82	268	6
82	269	7
82	270	1
82	271	1
82	272	6
82	273	7
82	274	15
82	275	6
82	276	4
82	277	5
82	278	5
82	279	11
82	281	6
82	282	7
82	283	5
82	284	8
82	285	7
82	286	4
82	287	8
82	288	4
82	289	4
82	290	3
82	291	1
82	292	6
82	293	5
82	294	6
82	295	5
82	296	7
82	297	6
82	298	9
82	299	5
82	300	11
82	302	8
82	303	5
82	304	2
82	305	5
82	306	4
82	307	6
82	308	7
82	309	4
82	310	8
82	311	4
82	312	5
82	313	2
82	314	4
82	315	1
82	317	9
82	318	3
82	320	6
82	321	3
82	322	6
82	324	4
82	326	5
82	327	1
82	328	1
82	329	9
82	330	7
82	331	7
82	332	6
82	333	6
82	334	9
82	335	3
82	336	6
82	337	6
82	338	8
82	339	7
82	340	1
82	341	5
82	342	8
82	344	7
82	346	9
82	347	6
82	348	4
82	350	7
82	351	8
82	352	4
82	353	6
82	354	1
82	355	1
82	357	13
82	358	8
82	359	8
82	360	5
83	84	11
83	85	5
83	86	1
83	87	8
83	88	7
83	89	9
83	90	6
83	91	5
83	92	1
83	93	10
83	94	7
83	95	8
83	96	8
83	97	9
83	98	10
83	99	5
83	100	8
83	101	9
83	102	8
83	103	7
83	104	12
83	105	10
83	106	7
83	107	9
83	108	6
83	109	8
83	110	8
83	111	7
83	112	10
83	113	7
83	114	10
83	115	8
83	116	6
83	117	7
83	118	13
83	119	7
83	120	7
83	121	8
83	122	9
83	123	6
83	124	7
83	125	9
83	126	8
83	127	8
83	128	6
83	129	20
83	130	9
83	131	9
83	132	4
83	133	9
83	134	10
83	135	7
83	136	7
83	137	8
83	138	9
83	139	6
83	140	7
83	141	5
83	142	12
83	143	7
83	144	12
83	146	7
83	147	8
83	148	10
83	149	4
83	150	5
83	152	8
83	153	10
83	154	7
83	155	6
83	156	6
83	157	10
83	158	14
83	159	7
83	160	8
83	161	6
83	162	7
83	163	8
83	164	10
83	165	8
83	166	7
83	167	9
83	168	7
83	169	7
83	170	7
83	171	9
83	172	9
83	173	5
83	174	4
83	175	2
83	176	9
83	177	11
83	178	12
83	179	7
83	180	9
83	181	9
83	182	10
83	183	8
83	184	9
83	185	11
83	186	2
83	187	10
83	188	7
83	189	15
83	190	7
83	191	6
83	192	11
83	193	9
83	194	7
83	195	8
83	196	1
83	197	6
83	198	7
83	200	7
83	201	7
83	202	5
83	203	7
83	204	7
83	205	7
83	206	7
83	207	2
83	208	7
83	209	1
83	210	4
83	211	15
83	212	9
83	213	7
83	214	9
83	215	11
83	216	4
83	217	1
83	218	10
83	219	6
83	220	6
83	221	5
83	222	7
83	223	6
83	224	4
83	225	7
83	226	3
83	227	14
83	228	6
83	229	3
83	230	6
83	231	5
83	232	4
83	233	6
83	234	12
83	235	2
83	236	8
83	237	7
83	238	11
83	240	9
83	241	8
83	242	7
83	243	1
83	244	8
83	245	7
83	246	8
83	247	4
83	248	7
83	249	7
83	250	10
83	251	8
83	253	11
83	254	9
83	255	7
83	256	5
83	257	9
83	258	7
83	259	7
83	260	6
83	261	4
83	262	10
83	263	12
83	264	5
83	267	5
83	268	7
83	269	11
83	270	1
83	272	5
83	273	9
83	274	9
83	275	7
83	276	8
83	277	6
83	278	4
83	279	6
83	281	4
83	282	7
83	283	4
83	284	10
83	285	8
83	286	5
83	287	5
83	288	6
83	289	5
83	290	3
83	292	7
83	293	5
83	294	6
83	295	7
83	296	5
83	297	7
83	298	10
83	299	6
83	300	8
83	302	6
83	303	5
83	305	5
83	306	10
83	307	6
83	308	7
83	309	7
83	310	7
83	311	5
83	312	6
83	313	2
83	314	3
83	315	1
83	316	1
83	317	8
83	318	4
83	320	5
83	321	2
83	322	7
83	324	6
83	326	7
83	327	1
83	328	1
83	329	7
83	330	5
83	331	5
83	332	8
83	333	8
83	334	7
83	335	1
83	336	5
83	337	4
83	338	10
83	339	12
83	340	2
83	341	6
83	342	5
83	344	6
83	346	8
83	347	6
83	348	3
83	349	1
83	350	5
83	351	5
83	352	5
83	353	9
83	354	2
83	357	10
83	358	12
83	359	9
83	360	4
84	85	8
84	86	2
84	87	8
84	88	6
84	89	9
84	90	5
84	91	3
84	92	3
84	93	8
84	94	9
84	95	10
84	96	11
84	97	9
84	98	15
84	99	4
84	100	4
84	101	9
84	102	7
84	103	7
84	104	12
84	105	8
84	106	8
84	107	5
84	108	4
84	109	10
84	110	7
84	111	5
84	112	7
84	113	10
84	114	7
84	115	4
84	116	10
84	117	9
84	118	13
84	119	6
84	120	9
84	121	6
84	122	6
84	123	11
84	124	5
84	125	7
84	126	11
84	127	9
84	128	8
84	129	15
84	130	10
84	131	10
84	132	6
84	133	4
84	134	10
84	135	7
84	136	7
84	137	6
84	138	10
84	139	5
84	140	8
84	141	9
84	142	11
84	143	5
84	144	12
84	146	7
84	147	7
84	148	7
84	149	5
84	150	7
84	152	7
84	153	10
84	154	7
84	155	6
84	156	7
84	157	7
84	158	13
84	159	7
84	160	8
84	161	9
84	162	5
84	163	7
84	164	6
84	165	8
84	166	9
84	167	6
84	168	10
84	169	6
84	170	7
84	171	7
84	172	9
84	173	5
84	174	5
84	175	2
84	176	8
84	177	9
84	178	8
84	179	5
84	180	6
84	181	11
84	182	4
84	183	8
84	184	10
84	185	6
84	186	1
84	187	8
84	188	4
84	189	9
84	190	8
84	191	4
84	192	8
84	193	6
84	194	7
84	195	4
84	196	1
84	197	7
84	198	6
84	200	4
84	201	7
84	202	7
84	203	11
84	204	7
84	205	11
84	206	7
84	207	1
84	208	7
84	209	2
84	210	4
84	211	7
84	212	9
84	213	6
84	214	7
84	215	8
84	216	8
84	217	1
84	218	6
84	219	5
84	220	8
84	221	10
84	222	7
84	223	6
84	224	4
84	225	5
84	226	6
84	227	9
84	228	6
84	229	3
84	230	8
84	231	4
84	232	7
84	233	5
84	234	10
84	235	2
84	236	11
84	237	7
84	238	10
84	239	1
84	240	7
84	241	8
84	242	6
84	243	1
84	244	7
84	245	4
84	246	6
84	247	4
84	248	7
84	249	7
84	250	11
84	251	6
84	253	10
84	254	8
84	255	6
84	256	6
84	257	7
84	258	7
84	259	6
84	260	4
84	261	3
84	262	8
84	263	6
84	264	5
84	266	2
84	267	8
84	268	6
84	269	10
84	270	1
84	271	1
84	272	7
84	273	3
84	274	8
84	275	8
84	276	8
84	277	6
84	278	7
84	279	9
84	281	5
84	282	3
84	283	5
84	284	6
84	285	10
84	286	7
84	287	6
84	288	6
84	289	6
84	290	9
84	291	2
84	292	5
84	293	6
84	294	7
84	295	7
84	296	5
84	297	5
84	298	8
84	299	7
84	300	7
84	302	5
84	303	7
84	304	1
84	305	6
84	306	8
84	307	7
84	308	4
84	309	9
84	310	7
84	311	7
84	312	5
84	313	3
84	314	4
84	315	1
84	317	5
84	318	2
84	320	4
84	321	5
84	322	9
84	324	8
84	326	6
84	328	2
84	329	6
84	330	6
84	331	6
84	332	4
84	333	8
84	334	5
84	336	7
84	337	3
84	338	10
84	339	10
84	340	1
84	341	8
84	342	5
84	344	7
84	346	7
84	347	4
84	348	3
84	349	1
84	350	7
84	351	6
84	352	7
84	353	9
84	354	3
84	355	1
84	357	8
84	358	10
84	359	7
84	360	3
84	361	1
85	86	3
85	87	11
85	88	5
85	89	9
85	90	5
85	91	6
85	92	2
85	93	10
85	94	8
85	95	7
85	96	7
85	97	7
85	98	10
85	99	6
85	100	8
85	101	8
85	102	7
85	103	6
85	104	8
85	105	10
85	106	6
85	107	6
85	108	8
85	109	10
85	110	11
85	111	9
85	112	5
85	113	9
85	114	10
85	115	6
85	116	7
85	117	9
85	118	12
85	119	6
85	120	9
85	121	7
85	122	5
85	123	5
85	124	7
85	125	9
85	126	7
85	127	8
85	128	7
85	129	15
85	130	10
85	131	5
85	132	9
85	133	5
85	134	9
85	135	8
85	136	5
85	137	7
85	138	10
85	139	8
85	140	7
85	141	10
85	142	7
85	143	9
85	144	10
85	146	5
85	147	8
85	148	7
85	149	5
85	150	5
85	151	1
85	152	5
85	153	5
85	154	6
85	155	6
85	156	5
85	157	7
85	158	10
85	159	9
85	160	6
85	161	10
85	162	7
85	163	6
85	164	5
85	165	7
85	166	5
85	167	8
85	168	9
85	169	5
85	170	8
85	171	5
85	172	10
85	173	6
85	174	7
85	175	2
85	176	5
85	177	12
85	178	5
85	179	7
85	180	6
85	181	12
85	182	7
85	183	6
85	184	7
85	185	7
85	187	11
85	188	5
85	189	9
85	190	9
85	191	5
85	192	6
85	193	10
85	194	8
85	195	5
85	197	7
85	198	7
85	200	6
85	201	5
85	202	5
85	203	5
85	204	9
85	205	9
85	206	9
85	207	4
85	208	8
85	209	3
85	210	3
85	211	8
85	212	5
85	213	7
85	214	6
85	215	6
85	216	9
85	217	2
85	218	6
85	219	7
85	220	6
85	221	5
85	222	5
85	223	6
85	224	5
85	225	3
85	226	2
85	227	8
85	228	6
85	229	3
85	230	8
85	231	5
85	232	7
85	233	3
85	234	6
85	235	3
85	236	7
85	237	8
85	238	8
85	239	1
85	240	5
85	241	5
85	242	3
85	243	1
85	244	9
85	245	6
85	246	7
85	247	7
85	248	7
85	249	9
85	250	8
85	251	7
85	253	9
85	254	6
85	255	6
85	256	8
85	257	5
85	258	6
85	259	9
85	260	10
85	261	2
85	262	7
85	263	5
85	264	7
85	266	1
85	267	4
85	268	6
85	269	8
85	270	1
85	272	8
85	273	9
85	274	9
85	275	8
85	276	5
85	277	5
85	278	9
85	279	6
85	281	4
85	282	9
85	283	5
85	284	7
85	285	6
85	286	6
85	287	6
85	288	4
85	289	5
85	290	5
85	291	3
85	292	5
85	293	5
85	294	6
85	295	5
85	296	6
85	297	7
85	298	6
85	299	7
85	300	9
85	302	7
85	303	5
85	304	1
85	305	7
85	306	7
85	307	5
85	308	6
85	309	7
85	310	6
85	311	4
85	312	10
85	313	3
85	314	6
85	315	1
85	317	5
85	318	2
85	320	5
85	321	4
85	322	7
85	324	4
85	326	6
85	327	1
85	328	4
85	329	8
85	330	6
85	331	5
85	332	9
85	333	4
85	334	6
85	335	3
85	336	7
85	337	6
85	338	5
85	339	8
85	341	4
85	342	8
85	344	9
85	346	8
85	347	6
85	348	4
85	349	4
85	350	7
85	351	5
85	352	5
85	353	7
85	354	2
85	355	2
85	357	14
85	358	5
85	359	8
85	360	6
85	361	1
86	87	2
86	89	2
86	90	1
86	91	1
86	92	1
86	93	1
86	94	1
86	95	2
86	96	5
86	98	2
86	99	1
86	100	1
86	101	1
86	102	2
86	103	1
86	104	2
86	105	3
86	106	1
86	107	1
86	108	2
86	109	2
86	110	3
86	111	2
86	112	1
86	113	3
86	114	3
86	115	1
86	116	4
86	117	2
86	118	4
86	119	2
86	120	2
86	121	1
86	122	1
86	123	3
86	124	2
86	125	4
86	126	3
86	127	4
86	128	1
86	129	3
86	130	3
86	131	1
86	132	2
86	134	1
86	135	1
86	137	1
86	138	3
86	139	1
86	140	2
86	141	2
86	143	2
86	144	2
86	145	2
86	146	1
86	147	1
86	148	1
86	149	1
86	150	1
86	151	3
86	152	1
86	154	4
86	155	1
86	156	2
86	157	1
86	158	2
86	159	2
86	160	1
86	161	4
86	162	1
86	163	1
86	165	2
86	166	2
86	167	2
86	168	2
86	169	1
86	171	1
86	172	3
86	173	1
86	174	1
86	175	2
86	176	1
86	177	2
86	178	2
86	179	1
86	181	3
86	182	1
86	183	3
86	184	1
86	185	1
86	187	1
86	189	2
86	190	2
86	192	1
86	193	1
86	194	2
86	195	1
86	198	3
86	200	1
86	201	3
86	202	1
86	203	1
86	204	2
86	205	1
86	206	4
86	207	1
86	208	1
86	209	2
86	210	6
86	211	1
86	212	1
86	213	2
86	214	1
86	215	2
86	216	2
86	220	2
86	221	1
86	222	1
86	223	1
86	224	5
86	225	3
86	226	1
86	227	2
86	228	2
86	229	2
86	230	3
86	231	2
86	232	1
86	233	1
86	234	2
86	235	2
86	236	2
86	237	3
86	238	2
86	240	2
86	241	4
86	243	1
86	244	2
86	246	3
86	247	4
86	248	2
86	249	2
86	250	3
86	251	3
86	253	2
86	254	3
86	255	1
86	256	3
86	257	1
86	258	2
86	259	1
86	260	1
86	261	2
86	262	2
86	263	2
86	264	2
86	266	2
86	267	2
86	268	1
86	269	1
86	270	2
86	272	2
86	273	1
86	274	2
86	276	1
86	277	2
86	278	1
86	279	3
86	280	1
86	281	1
86	282	3
86	283	3
86	284	1
86	285	2
86	286	3
86	287	1
86	288	1
86	289	2
86	290	3
86	291	1
86	292	2
86	293	1
86	294	2
86	295	1
86	296	1
86	298	1
86	299	3
86	300	1
86	302	2
86	303	1
86	305	1
86	306	4
86	307	1
86	308	1
86	309	4
86	310	1
86	311	3
86	312	4
86	313	2
86	314	1
86	315	2
86	316	4
86	317	2
86	318	2
86	319	1
86	320	3
86	321	2
86	322	1
86	324	1
86	325	1
86	326	1
86	328	2
86	329	2
86	330	3
86	331	2
86	332	2
86	334	1
86	335	1
86	336	1
86	337	3
86	338	3
86	339	1
86	341	2
86	342	3
86	344	1
86	346	1
86	347	1
86	348	1
86	349	3
86	350	2
86	352	1
86	353	3
86	354	2
86	355	1
86	357	2
86	358	2
86	359	3
86	360	3
87	88	7
87	89	6
87	90	6
87	91	3
87	92	1
87	93	9
87	94	11
87	95	6
87	96	8
87	97	13
87	98	7
87	99	6
87	100	7
87	101	13
87	102	5
87	103	5
87	104	11
87	105	6
87	106	5
87	107	8
87	108	11
87	109	8
87	110	7
87	111	8
87	112	7
87	113	10
87	114	8
87	115	5
87	116	8
87	117	8
87	118	15
87	119	7
87	120	5
87	121	7
87	122	6
87	123	4
87	124	11
87	125	9
87	126	6
87	127	8
87	128	4
87	129	11
87	130	8
87	131	7
87	132	8
87	133	4
87	134	4
87	135	11
87	136	5
87	137	6
87	138	14
87	139	6
87	140	5
87	141	5
87	142	11
87	143	8
87	144	10
87	146	4
87	147	7
87	148	10
87	149	3
87	150	7
87	152	4
87	153	7
87	154	11
87	155	3
87	156	5
87	157	8
87	158	12
87	159	12
87	160	6
87	161	14
87	162	7
87	163	6
87	164	3
87	165	6
87	166	5
87	167	6
87	168	6
87	169	6
87	170	8
87	171	7
87	172	7
87	173	7
87	174	6
87	175	2
87	176	6
87	177	9
87	178	7
87	179	9
87	180	9
87	181	12
87	182	10
87	183	4
87	184	8
87	185	8
87	187	8
87	188	4
87	189	8
87	190	4
87	191	4
87	192	7
87	193	7
87	194	7
87	195	7
87	196	1
87	197	9
87	198	7
87	200	6
87	201	6
87	202	5
87	203	3
87	204	6
87	205	7
87	206	5
87	208	9
87	209	1
87	210	4
87	211	5
87	212	10
87	213	4
87	214	11
87	215	4
87	216	6
87	217	2
87	218	7
87	219	4
87	220	4
87	221	3
87	222	9
87	223	4
87	224	5
87	225	3
87	226	3
87	227	6
87	228	5
87	229	1
87	230	5
87	231	4
87	232	5
87	233	3
87	234	7
87	235	3
87	236	4
87	237	11
87	238	7
87	240	6
87	241	12
87	242	6
87	243	1
87	244	5
87	245	5
87	246	3
87	247	5
87	248	6
87	249	5
87	250	7
87	251	5
87	253	7
87	254	6
87	255	3
87	256	5
87	257	6
87	258	5
87	259	9
87	260	10
87	261	3
87	262	8
87	263	9
87	264	11
87	267	4
87	268	5
87	269	6
87	272	5
87	273	7
87	274	7
87	275	8
87	276	5
87	277	3
87	278	5
87	279	8
87	281	5
87	282	6
87	283	6
87	284	11
87	285	4
87	286	9
87	287	6
87	288	3
87	289	3
87	290	3
87	292	5
87	293	5
87	294	7
87	295	4
87	296	8
87	297	6
87	298	6
87	299	4
87	300	8
87	302	8
87	303	5
87	304	1
87	305	4
87	306	4
87	307	4
87	308	6
87	309	5
87	310	5
87	311	5
87	312	6
87	313	2
87	314	5
87	315	3
87	317	6
87	318	3
87	320	8
87	321	2
87	322	5
87	324	2
87	326	4
87	328	1
87	329	8
87	330	5
87	331	7
87	332	7
87	333	10
87	334	6
87	335	3
87	336	8
87	337	4
87	338	8
87	339	11
87	340	1
87	341	4
87	342	6
87	344	6
87	346	7
87	347	7
87	348	5
87	349	1
87	350	5
87	351	7
87	352	3
87	353	9
87	355	1
87	357	8
87	358	8
87	359	6
87	360	5
88	89	9
88	90	9
88	91	8
88	92	2
88	93	16
88	94	6
88	95	6
88	96	6
88	97	6
88	98	18
88	99	5
88	100	9
88	101	6
88	102	8
88	103	6
88	104	10
88	105	17
88	106	8
88	107	8
88	108	4
88	109	9
88	110	6
88	111	9
88	112	7
88	113	11
88	114	11
88	115	5
88	116	5
88	117	5
88	118	9
88	119	4
88	120	8
88	121	7
88	122	7
88	123	7
88	124	5
88	125	8
88	126	11
88	127	9
88	128	7
88	129	13
88	130	9
88	131	7
88	132	8
88	133	8
88	134	9
88	135	4
88	136	11
88	137	6
88	138	8
88	139	5
88	140	5
88	141	9
88	142	11
88	143	7
88	144	7
88	146	6
88	147	10
88	148	7
88	149	2
88	150	7
88	152	7
88	153	14
88	154	2
88	155	8
88	156	6
88	157	11
88	158	10
88	159	2
88	160	10
88	161	3
88	162	9
88	163	7
88	164	8
88	165	8
88	166	10
88	167	6
88	168	5
88	169	8
88	170	5
88	171	7
88	172	11
88	173	6
88	174	7
88	175	2
88	176	5
88	177	7
88	178	9
88	179	4
88	180	8
88	181	11
88	182	6
88	183	6
88	184	7
88	185	8
88	187	9
88	188	8
88	189	11
88	190	6
88	191	8
88	192	12
88	193	5
88	194	3
88	195	6
88	197	5
88	198	5
88	200	10
88	201	9
88	202	7
88	203	10
88	204	4
88	205	5
88	206	7
88	208	7
88	209	1
88	210	3
88	211	8
88	212	8
88	213	6
88	214	9
88	215	12
88	216	6
88	217	1
88	218	9
88	219	7
88	220	7
88	221	4
88	222	5
88	223	5
88	224	3
88	225	2
88	226	5
88	227	7
88	228	6
88	229	2
88	230	2
88	231	7
88	232	4
88	233	4
88	234	12
88	235	2
88	236	11
88	237	5
88	238	10
88	240	9
88	241	6
88	242	8
88	243	1
88	244	10
88	245	7
88	246	6
88	247	2
88	248	7
88	249	8
88	250	12
88	251	10
88	253	13
88	254	5
88	255	7
88	256	1
88	257	9
88	258	4
88	259	5
88	260	8
88	261	3
88	262	5
88	263	6
88	264	6
88	265	1
88	267	7
88	268	11
88	269	8
88	271	1
88	272	6
88	273	9
88	274	8
88	275	10
88	276	7
88	277	6
88	278	8
88	279	3
88	281	8
88	282	6
88	283	2
88	284	6
88	285	5
88	286	6
88	287	7
88	288	8
88	289	7
88	290	7
88	292	5
88	293	6
88	294	6
88	295	9
88	296	3
88	297	6
88	298	11
88	299	7
88	300	8
88	302	6
88	303	6
88	305	6
88	306	7
88	307	7
88	308	8
88	309	4
88	310	8
88	311	4
88	312	4
88	313	3
88	314	2
88	315	1
88	317	9
88	318	1
88	320	4
88	321	2
88	322	7
88	324	6
88	326	9
88	328	1
88	329	7
88	330	5
88	331	5
88	332	8
88	333	3
88	334	7
88	336	6
88	337	1
88	338	6
88	339	8
88	340	1
88	341	7
88	342	6
88	344	4
88	346	9
88	347	6
88	348	3
88	349	1
88	350	7
88	351	6
88	352	6
88	353	5
88	354	1
88	357	8
88	358	10
88	359	8
88	360	2
89	90	7
89	91	8
89	92	2
89	93	13
89	94	9
89	95	11
89	96	9
89	97	7
89	98	16
89	99	5
89	100	4
89	101	7
89	102	8
89	103	8
89	104	13
89	105	11
89	106	9
89	107	9
89	108	8
89	109	16
89	110	7
89	111	5
89	112	6
89	113	11
89	114	11
89	115	7
89	116	10
89	117	8
89	118	21
89	119	8
89	120	6
89	121	7
89	122	6
89	123	6
89	124	7
89	125	21
89	126	14
89	127	13
89	128	8
89	129	16
89	130	14
89	131	9
89	132	5
89	133	7
89	134	15
89	135	10
89	136	5
89	137	6
89	138	10
89	139	8
89	140	7
89	141	8
89	142	11
89	143	8
89	144	11
89	146	11
89	147	11
89	148	8
89	149	5
89	150	6
89	151	1
89	152	6
89	153	11
89	154	8
89	155	6
89	156	7
89	157	12
89	158	12
89	159	8
89	160	6
89	161	11
89	162	7
89	163	4
89	164	6
89	165	8
89	166	10
89	167	7
89	168	6
89	169	12
89	170	5
89	171	5
89	172	9
89	173	9
89	174	8
89	175	2
89	176	7
89	177	8
89	178	9
89	179	8
89	180	6
89	181	17
89	182	6
89	183	7
89	184	4
89	185	8
89	186	2
89	187	7
89	188	7
89	189	8
89	190	9
89	191	5
89	192	7
89	193	6
89	194	6
89	195	7
89	196	1
89	197	6
89	198	5
89	200	5
89	201	4
89	202	10
89	203	9
89	204	7
89	205	9
89	206	9
89	207	7
89	208	7
89	209	2
89	210	4
89	211	9
89	212	18
89	213	8
89	214	4
89	215	12
89	216	11
89	217	2
89	218	10
89	219	8
89	220	7
89	221	6
89	222	11
89	223	15
89	224	5
89	225	9
89	226	4
89	227	10
89	228	5
89	229	2
89	230	12
89	231	7
89	232	5
89	233	3
89	234	10
89	235	2
89	236	14
89	237	6
89	238	10
89	239	1
89	240	11
89	241	8
89	242	3
89	243	2
89	244	10
89	245	10
89	246	11
89	247	5
89	248	9
89	249	8
89	250	12
89	251	11
89	253	11
89	254	8
89	255	8
89	256	9
89	257	7
89	258	5
89	259	6
89	260	7
89	261	8
89	262	7
89	263	7
89	264	5
89	265	1
89	266	4
89	267	8
89	268	10
89	269	6
89	270	3
89	272	9
89	273	7
89	274	15
89	275	9
89	276	10
89	277	8
89	278	9
89	279	12
89	281	7
89	282	9
89	283	4
89	284	7
89	285	7
89	286	7
89	287	7
89	288	4
89	289	6
89	290	7
89	291	1
89	292	7
89	293	5
89	294	5
89	295	6
89	296	9
89	297	8
89	298	10
89	299	11
89	300	12
89	302	9
89	303	6
89	304	3
89	305	5
89	306	8
89	307	4
89	308	7
89	309	7
89	310	9
89	311	7
89	312	7
89	313	3
89	314	5
89	315	1
89	317	5
89	318	3
89	320	5
89	321	8
89	322	7
89	324	7
89	326	5
89	328	3
89	329	6
89	330	8
89	331	5
89	332	7
89	333	5
89	334	6
89	335	2
89	336	9
89	337	5
89	338	7
89	339	11
89	341	8
89	342	8
89	343	1
89	344	8
89	346	6
89	347	7
89	348	3
89	349	2
89	350	6
89	351	4
89	352	4
89	353	17
89	354	5
89	355	3
89	357	17
89	358	11
89	359	7
89	360	5
90	91	10
90	92	4
90	93	17
90	94	7
90	95	5
90	96	8
90	97	8
90	98	12
90	99	9
90	100	11
90	101	9
90	102	9
90	103	7
90	104	8
90	105	12
90	106	8
90	107	6
90	108	10
90	109	10
90	110	8
90	111	9
90	112	10
90	113	6
90	114	15
90	115	8
90	116	6
90	117	6
90	118	10
90	119	7
90	120	7
90	121	9
90	122	8
90	123	11
90	124	7
90	125	7
90	126	8
90	127	13
90	128	12
90	129	14
90	130	10
90	131	11
90	132	8
90	133	9
90	134	13
90	135	4
90	136	11
90	137	6
90	138	12
90	139	6
90	140	8
90	141	6
90	142	14
90	143	8
90	144	10
90	146	9
90	147	16
90	148	9
90	149	4
90	150	8
90	152	11
90	153	16
90	154	7
90	155	9
90	156	6
90	157	9
90	158	11
90	159	5
90	160	9
90	161	6
90	162	10
90	163	9
90	164	9
90	165	7
90	166	11
90	167	7
90	168	5
90	169	12
90	170	4
90	171	9
90	172	7
90	173	7
90	174	5
90	175	1
90	176	6
90	177	7
90	178	9
90	179	8
90	180	9
90	181	13
90	182	8
90	183	6
90	184	8
90	185	12
90	186	1
90	187	11
90	188	11
90	189	12
90	190	7
90	191	6
90	192	12
90	193	7
90	194	7
90	195	9
90	196	1
90	197	7
90	198	7
90	200	11
90	201	11
90	202	11
90	203	8
90	204	7
90	205	7
90	206	10
90	207	1
90	208	6
90	209	1
90	210	4
90	211	8
90	212	4
90	213	16
90	214	7
90	215	9
90	216	5
90	217	1
90	218	10
90	219	8
90	220	11
90	221	6
90	222	7
90	223	10
90	224	3
90	225	4
90	226	6
90	227	11
90	228	6
90	229	1
90	230	5
90	231	5
90	232	7
90	233	6
90	234	10
90	235	1
90	236	11
90	237	5
90	238	11
90	239	1
90	240	14
90	241	6
90	242	11
90	243	1
90	244	9
90	245	8
90	246	7
90	247	4
90	248	9
90	249	10
90	250	14
90	251	10
90	253	10
90	254	8
90	255	10
90	256	5
90	257	10
90	258	7
90	259	9
90	260	8
90	261	2
90	262	7
90	263	10
90	264	11
90	267	10
90	268	15
90	269	9
90	271	1
90	272	10
90	273	10
90	274	9
90	275	9
90	276	12
90	277	9
90	278	9
90	279	7
90	281	12
90	282	9
90	283	2
90	284	8
90	285	7
90	286	6
90	287	6
90	288	10
90	289	7
90	290	6
90	292	8
90	293	7
90	294	9
90	295	10
90	296	6
90	297	9
90	298	12
90	299	8
90	300	7
90	302	7
90	303	7
90	305	8
90	306	8
90	307	10
90	308	11
90	309	5
90	310	6
90	311	6
90	312	7
90	313	4
90	314	2
90	315	2
90	317	9
90	318	2
90	320	7
90	321	3
90	322	7
90	324	10
90	326	8
90	327	1
90	328	1
90	329	8
90	330	8
90	331	8
90	332	10
90	333	6
90	334	6
90	335	2
90	336	7
90	337	3
90	338	7
90	339	10
90	340	2
90	341	6
90	342	10
90	344	5
90	346	9
90	347	7
90	348	2
90	349	1
90	350	7
90	351	8
90	352	9
90	353	5
90	354	2
90	355	1
90	357	11
90	358	14
90	359	5
90	360	5
91	92	4
91	93	11
91	94	6
91	95	5
91	96	6
91	97	7
91	98	10
91	99	9
91	100	7
91	101	5
91	102	9
91	103	7
91	104	8
91	105	8
91	106	21
91	107	8
91	108	7
91	109	8
91	110	6
91	111	7
91	112	7
91	113	6
91	114	11
91	115	10
91	116	4
91	117	6
91	118	7
91	119	7
91	120	5
91	121	7
91	122	7
91	123	7
91	124	5
91	125	8
91	126	9
91	127	9
91	128	7
91	129	9
91	130	8
91	131	8
91	132	6
91	133	10
91	134	12
91	135	5
91	136	7
91	137	6
91	138	11
91	139	8
91	140	6
91	141	6
91	142	9
91	143	7
91	144	8
91	146	8
91	147	8
91	148	5
91	149	2
91	150	5
91	152	9
91	153	10
91	154	4
91	155	17
91	156	7
91	157	6
91	158	7
91	159	7
91	160	6
91	161	5
91	162	8
91	163	4
91	164	8
91	165	8
91	166	10
91	167	5
91	168	5
91	169	8
91	170	7
91	171	6
91	172	9
91	173	4
91	174	5
91	175	1
91	176	6
91	177	5
91	178	5
91	179	4
91	180	7
91	181	9
91	182	4
91	183	8
91	184	5
91	185	10
91	187	7
91	188	11
91	189	7
91	190	8
91	191	6
91	192	9
91	193	4
91	194	5
91	195	8
91	197	3
91	198	7
91	200	12
91	201	7
91	202	11
91	203	9
91	204	7
91	205	7
91	206	16
91	207	2
91	208	5
91	209	1
91	210	4
91	211	8
91	212	6
91	213	7
91	214	7
91	215	9
91	216	5
91	217	2
91	218	6
91	219	10
91	220	9
91	221	14
91	222	8
91	223	11
91	224	1
91	225	5
91	226	4
91	227	9
91	228	6
91	229	2
91	230	3
91	231	8
91	232	5
91	233	3
91	234	8
91	235	1
91	236	10
91	237	6
91	238	10
91	240	7
91	241	2
91	242	8
91	243	1
91	244	9
91	245	10
91	246	8
91	247	5
91	248	8
91	249	11
91	250	9
91	251	12
91	252	1
91	253	14
91	254	8
91	255	8
91	256	6
91	257	8
91	258	6
91	259	8
91	260	9
91	261	3
91	262	7
91	263	7
91	264	5
91	267	9
91	268	12
91	269	8
91	270	2
91	271	1
91	272	10
91	273	9
91	274	12
91	275	6
91	276	9
91	277	10
91	278	7
91	279	3
91	281	6
91	282	7
91	283	3
91	284	7
91	285	9
91	286	6
91	287	7
91	288	8
91	289	7
91	290	5
91	291	1
91	292	6
91	293	6
91	294	8
91	295	9
91	296	4
91	297	8
91	298	12
91	299	10
91	300	6
91	302	6
91	303	6
91	304	1
91	305	8
91	306	9
91	307	9
91	308	10
91	309	4
91	310	2
91	311	3
91	312	5
91	313	11
91	314	2
91	315	2
91	317	8
91	318	2
91	320	7
91	321	2
91	322	8
91	324	10
91	325	1
91	326	6
91	327	2
91	328	2
91	329	6
91	330	7
91	331	7
91	332	7
91	333	3
91	334	8
91	335	1
91	336	7
91	337	2
91	338	5
91	339	8
91	340	1
91	341	4
91	342	8
91	344	5
91	346	5
91	347	8
91	348	1
91	349	1
91	350	5
91	351	5
91	352	5
91	353	4
91	354	3
91	355	1
91	357	7
91	358	8
91	359	5
91	360	2
92	93	3
92	94	2
92	95	2
92	96	3
92	97	1
92	98	4
92	99	3
92	100	2
92	101	2
92	102	2
92	103	3
92	104	4
92	105	3
92	106	3
92	107	2
92	108	2
92	109	4
92	110	2
92	111	2
92	112	4
92	113	2
92	114	2
92	115	2
92	116	3
92	117	1
92	118	2
92	119	3
92	120	3
92	121	2
92	122	3
92	123	4
92	124	3
92	125	2
92	126	3
92	127	3
92	128	3
92	129	3
92	130	2
92	131	3
92	132	2
92	133	4
92	134	5
92	135	2
92	136	4
92	137	2
92	138	3
92	139	4
92	140	3
92	141	2
92	142	4
92	143	4
92	144	2
92	146	2
92	147	2
92	148	2
92	149	1
92	150	4
92	152	3
92	153	3
92	154	3
92	155	3
92	156	5
92	157	2
92	158	2
92	159	2
92	160	2
92	161	2
92	162	2
92	163	2
92	164	3
92	165	2
92	166	4
92	167	1
92	168	2
92	169	1
92	170	2
92	171	2
92	172	3
92	173	1
92	174	2
92	175	1
92	176	2
92	177	1
92	178	1
92	179	2
92	180	2
92	181	4
92	182	1
92	183	4
92	184	2
92	185	2
92	187	3
92	188	3
92	189	3
92	190	3
92	191	2
92	192	2
92	193	1
92	194	2
92	195	2
92	196	1
92	197	1
92	198	2
92	200	2
92	201	3
92	202	4
92	203	4
92	204	4
92	205	2
92	206	2
92	208	4
92	209	1
92	210	2
92	211	2
92	212	3
92	213	3
92	214	2
92	215	3
92	216	3
92	217	1
92	218	1
92	219	4
92	220	4
92	221	4
92	222	4
92	223	4
92	224	1
92	225	1
92	226	3
92	227	2
92	228	4
92	229	2
92	230	2
92	231	2
92	232	3
92	233	2
92	234	3
92	235	1
92	236	4
92	237	2
92	238	3
92	240	5
92	241	3
92	242	2
92	243	2
92	244	2
92	245	3
92	246	3
92	247	2
92	248	2
92	249	4
92	250	3
92	251	5
92	252	1
92	253	3
92	254	3
92	255	2
92	256	2
92	257	3
92	258	4
92	259	5
92	260	3
92	261	1
92	262	4
92	263	3
92	264	2
92	267	4
92	268	3
92	269	2
92	271	1
92	272	4
92	273	2
92	274	5
92	275	2
92	276	4
92	277	4
92	278	3
92	279	2
92	281	3
92	282	2
92	283	1
92	284	2
92	285	4
92	286	4
92	287	3
92	288	4
92	289	3
92	290	3
92	291	1
92	292	4
92	293	3
92	294	4
92	295	3
92	296	2
92	297	3
92	298	5
92	299	3
92	300	2
92	302	2
92	303	4
92	305	4
92	306	4
92	307	3
92	308	3
92	309	4
92	310	1
92	311	2
92	312	1
92	313	2
92	314	2
92	315	2
92	316	1
92	317	2
92	318	2
92	320	2
92	321	2
92	322	3
92	324	4
92	326	3
92	327	1
92	329	2
92	330	4
92	331	4
92	332	3
92	333	2
92	334	3
92	336	3
92	337	1
92	338	2
92	339	4
92	340	1
92	341	4
92	342	4
92	344	3
92	346	3
92	347	3
92	348	2
92	350	3
92	351	3
92	352	4
92	353	5
92	355	1
92	357	3
92	358	4
92	359	3
92	360	1
93	94	9
93	95	7
93	96	12
93	97	12
93	98	15
93	99	8
93	100	13
93	101	10
93	102	12
93	103	7
93	104	11
93	105	20
93	106	10
93	107	8
93	108	9
93	109	11
93	110	7
93	111	13
93	112	9
93	113	9
93	114	20
93	115	8
93	116	8
93	117	7
93	118	12
93	119	7
93	120	10
93	121	10
93	122	11
93	123	10
93	124	7
93	125	9
93	126	14
93	127	11
93	128	10
93	129	17
93	130	13
93	131	14
93	132	10
93	133	11
93	134	18
93	135	6
93	136	14
93	137	9
93	138	9
93	139	7
93	140	7
93	141	8
93	142	14
93	143	10
93	144	12
93	146	9
93	147	13
93	148	9
93	149	5
93	150	9
93	151	1
93	152	12
93	153	15
93	154	5
93	155	12
93	156	7
93	157	9
93	158	14
93	159	5
93	160	9
93	161	6
93	162	11
93	163	10
93	164	10
93	165	9
93	166	13
93	167	10
93	168	7
93	169	13
93	170	6
93	171	10
93	172	12
93	173	6
93	174	7
93	175	2
93	176	7
93	177	12
93	178	13
93	179	7
93	180	9
93	181	13
93	182	9
93	183	7
93	184	11
93	185	12
93	187	10
93	188	11
93	189	15
93	190	12
93	191	9
93	192	13
93	193	8
93	194	7
93	195	9
93	196	1
93	197	5
93	198	7
93	200	12
93	201	13
93	202	11
93	203	9
93	204	9
93	205	8
93	206	10
93	207	4
93	208	12
93	209	1
93	210	4
93	211	10
93	212	10
93	213	10
93	214	12
93	215	15
93	216	7
93	217	1
93	218	11
93	219	11
93	220	11
93	221	7
93	222	9
93	223	8
93	224	4
93	225	5
93	226	7
93	227	15
93	228	10
93	229	4
93	230	5
93	231	12
93	232	7
93	233	5
93	234	12
93	235	2
93	236	17
93	237	9
93	238	13
93	240	14
93	241	9
93	242	10
93	243	2
93	244	13
93	245	12
93	246	7
93	247	5
93	248	10
93	249	14
93	250	14
93	251	17
93	253	12
93	254	7
93	255	15
93	256	3
93	257	14
93	258	9
93	259	8
93	260	11
93	261	3
93	262	7
93	263	10
93	264	11
93	266	1
93	267	12
93	268	11
93	269	12
93	270	1
93	271	2
93	272	10
93	273	11
93	274	10
93	275	13
93	276	11
93	277	12
93	278	9
93	279	8
93	281	10
93	282	11
93	283	5
93	284	11
93	285	9
93	286	8
93	287	8
93	288	12
93	289	7
93	290	6
93	291	1
93	292	9
93	293	9
93	294	10
93	295	14
93	296	6
93	297	8
93	298	14
93	299	9
93	300	11
93	302	5
93	303	8
93	304	1
93	305	10
93	306	9
93	307	10
93	308	11
93	309	7
93	310	6
93	311	5
93	312	6
93	313	5
93	314	2
93	315	2
93	317	12
93	318	3
93	320	8
93	321	4
93	322	9
93	324	10
93	326	10
93	327	2
93	328	3
93	329	11
93	330	10
93	331	10
93	332	12
93	333	8
93	334	8
93	335	1
93	336	10
93	337	3
93	338	9
93	339	12
93	340	2
93	341	7
93	342	10
93	344	7
93	346	9
93	347	7
93	348	3
93	349	3
93	350	8
93	351	8
93	352	9
93	353	8
93	354	3
93	357	12
93	358	15
93	359	8
93	360	6
94	95	10
94	96	11
94	97	12
94	98	11
94	99	5
94	100	6
94	101	10
94	102	7
94	103	9
94	104	13
94	105	6
94	106	8
94	107	8
94	108	12
94	109	12
94	110	10
94	111	6
94	112	7
94	113	10
94	114	9
94	115	7
94	116	9
94	117	13
94	118	19
94	119	6
94	120	9
94	121	7
94	122	8
94	123	6
94	124	6
94	125	8
94	126	9
94	127	10
94	128	5
94	129	13
94	130	8
94	131	7
94	132	5
94	133	8
94	134	8
94	135	10
94	136	6
94	137	9
94	138	12
94	139	7
94	140	7
94	141	10
94	142	15
94	143	5
94	144	9
94	146	5
94	147	6
94	148	8
94	149	3
94	150	5
94	152	7
94	153	9
94	154	6
94	155	4
94	156	8
94	157	7
94	158	10
94	159	9
94	160	6
94	161	14
94	162	11
94	163	7
94	164	8
94	165	8
94	166	6
94	167	10
94	168	8
94	169	10
94	170	5
94	171	6
94	172	12
94	173	7
94	174	9
94	175	2
94	176	14
94	177	5
94	178	8
94	179	8
94	180	7
94	181	13
94	182	12
94	183	10
94	184	8
94	185	7
94	187	9
94	188	6
94	189	10
94	190	8
94	191	3
94	192	9
94	193	8
94	194	9
94	195	8
94	197	10
94	198	7
94	200	7
94	201	8
94	202	7
94	203	8
94	204	8
94	205	11
94	206	6
94	207	2
94	208	7
94	209	1
94	210	5
94	211	8
94	212	9
94	213	6
94	214	11
94	215	5
94	216	8
94	217	1
94	218	6
94	219	8
94	220	6
94	221	8
94	222	12
94	223	8
94	224	4
94	225	5
94	226	4
94	227	10
94	228	5
94	229	1
94	230	5
94	231	9
94	232	7
94	233	6
94	234	9
94	235	2
94	236	6
94	237	9
94	238	12
94	240	8
94	241	4
94	242	8
94	243	1
94	244	6
94	245	5
94	246	6
94	247	6
94	248	4
94	249	7
94	250	11
94	251	9
94	253	10
94	254	9
94	255	7
94	256	6
94	257	6
94	258	6
94	259	7
94	260	7
94	261	4
94	262	8
94	263	5
94	264	3
94	265	2
94	266	1
94	267	7
94	268	7
94	269	7
94	270	1
94	272	8
94	273	10
94	274	13
94	275	7
94	276	6
94	277	8
94	278	11
94	279	12
94	281	4
94	282	11
94	283	4
94	284	9
94	285	12
94	286	7
94	287	8
94	288	6
94	289	7
94	290	6
94	291	1
94	292	7
94	293	5
94	294	6
94	295	8
94	296	8
94	297	6
94	298	10
94	299	8
94	300	7
94	302	9
94	303	7
94	304	2
94	305	7
94	306	8
94	307	7
94	308	6
94	309	5
94	310	8
94	311	5
94	312	9
94	313	3
94	314	5
94	315	1
94	317	5
94	318	2
94	320	5
94	321	5
94	322	8
94	324	7
94	326	6
94	328	1
94	329	10
94	330	7
94	331	6
94	332	11
94	333	5
94	334	7
94	335	2
94	336	6
94	337	4
94	338	8
94	339	10
94	340	1
94	341	7
94	342	8
94	344	9
94	346	8
94	347	7
94	348	4
94	349	1
94	350	7
94	351	10
94	352	4
94	353	8
94	354	4
94	355	2
94	357	12
94	358	9
94	359	7
94	360	6
95	96	7
95	97	7
95	98	13
95	99	5
95	100	5
95	101	6
95	102	7
95	103	8
95	104	14
95	105	9
95	106	6
95	107	7
95	108	7
95	109	10
95	110	9
95	111	6
95	112	7
95	113	8
95	114	10
95	115	8
95	116	7
95	117	10
95	118	12
95	119	5
95	120	10
95	121	7
95	122	10
95	123	8
95	124	5
95	125	10
95	126	8
95	127	11
95	128	6
95	129	11
95	130	7
95	131	6
95	132	5
95	133	6
95	134	10
95	135	8
95	136	5
95	137	8
95	138	8
95	139	8
95	140	13
95	141	8
95	142	9
95	143	5
95	144	10
95	146	8
95	147	8
95	148	8
95	149	5
95	150	8
95	152	8
95	153	7
95	154	6
95	155	6
95	156	9
95	157	11
95	158	15
95	159	7
95	160	4
95	161	10
95	162	4
95	163	7
95	164	7
95	165	8
95	166	8
95	167	10
95	168	10
95	169	8
95	170	9
95	171	8
95	172	8
95	173	12
95	174	9
95	175	2
95	176	10
95	177	9
95	178	9
95	179	9
95	180	6
95	181	12
95	182	6
95	183	10
95	184	7
95	185	7
95	186	1
95	187	5
95	188	7
95	189	9
95	190	9
95	191	6
95	192	9
95	193	12
95	194	9
95	195	8
95	196	1
95	197	8
95	198	10
95	200	4
95	201	5
95	202	6
95	203	8
95	204	4
95	205	8
95	206	7
95	207	2
95	208	8
95	209	1
95	210	3
95	211	8
95	212	9
95	213	7
95	214	4
95	215	6
95	216	11
95	217	1
95	218	7
95	219	5
95	220	7
95	221	8
95	222	8
95	223	7
95	224	4
95	225	8
95	226	3
95	227	7
95	228	8
95	229	2
95	230	10
95	231	7
95	232	9
95	233	5
95	234	7
95	235	2
95	236	8
95	237	9
95	238	11
95	240	7
95	241	3
95	242	7
95	243	1
95	244	5
95	245	5
95	246	7
95	247	6
95	248	6
95	249	7
95	250	7
95	251	12
95	253	8
95	254	9
95	255	9
95	256	6
95	257	5
95	258	10
95	259	5
95	260	4
95	261	5
95	262	8
95	263	7
95	264	5
95	265	2
95	266	2
95	267	6
95	268	7
95	269	9
95	270	2
95	272	7
95	273	5
95	274	9
95	275	6
95	276	8
95	277	7
95	278	6
95	279	10
95	281	5
95	282	6
95	283	4
95	284	11
95	285	9
95	286	6
95	287	6
95	288	4
95	289	9
95	290	5
95	291	1
95	292	7
95	293	9
95	294	4
95	295	6
95	296	6
95	297	5
95	298	7
95	299	7
95	300	7
95	302	9
95	303	6
95	305	9
95	306	7
95	307	8
95	308	5
95	309	8
95	310	11
95	311	6
95	312	7
95	313	4
95	314	3
95	315	1
95	317	3
95	318	3
95	320	4
95	321	4
95	322	8
95	324	7
95	326	7
95	328	1
95	329	11
95	330	8
95	331	7
95	332	7
95	333	9
95	334	9
95	335	1
95	336	8
95	337	4
95	338	6
95	339	15
95	340	1
95	341	6
95	342	7
95	344	10
95	346	9
95	347	7
95	348	3
95	349	2
95	350	7
95	351	9
95	352	7
95	353	6
95	354	4
95	355	1
95	357	8
95	358	7
95	359	9
95	360	4
96	97	9
96	98	11
96	99	8
96	100	7
96	101	10
96	102	9
96	103	5
96	104	12
96	105	11
96	106	4
96	107	8
96	108	7
96	109	12
96	110	8
96	111	7
96	112	8
96	113	8
96	114	12
96	115	7
96	116	9
96	117	8
96	118	17
96	119	7
96	120	6
96	121	7
96	122	8
96	123	10
96	124	4
96	125	9
96	126	12
96	127	8
96	128	8
96	129	14
96	130	10
96	131	13
96	132	4
96	133	5
96	134	10
96	135	5
96	136	6
96	137	4
96	138	11
96	139	5
96	140	6
96	141	8
96	142	15
96	143	7
96	144	10
96	146	7
96	147	5
96	148	8
96	149	4
96	150	8
96	152	8
96	153	9
96	154	8
96	155	6
96	156	8
96	157	7
96	158	11
96	159	7
96	160	7
96	161	12
96	162	5
96	163	7
96	164	7
96	165	9
96	166	8
96	167	6
96	168	7
96	169	12
96	170	5
96	171	7
96	172	10
96	173	4
96	174	3
96	175	4
96	176	6
96	177	10
96	178	11
96	179	6
96	180	6
96	181	6
96	182	8
96	183	7
96	184	8
96	185	8
96	187	7
96	188	4
96	189	10
96	190	11
96	191	5
96	192	7
96	193	8
96	194	7
96	195	5
96	197	4
96	198	6
96	200	7
96	201	9
96	202	7
96	203	7
96	204	7
96	205	7
96	206	6
96	207	3
96	208	6
96	209	3
96	210	8
96	211	6
96	212	10
96	213	9
96	214	9
96	215	10
96	216	10
96	217	2
96	218	4
96	219	4
96	220	7
96	221	7
96	222	9
96	223	8
96	224	4
96	225	5
96	226	5
96	227	13
96	228	5
96	229	4
96	230	11
96	231	5
96	232	5
96	233	4
96	234	14
96	235	2
96	236	10
96	237	8
96	238	11
96	240	12
96	241	11
96	242	7
96	243	1
96	244	9
96	245	4
96	246	9
96	247	4
96	248	7
96	249	7
96	250	14
96	251	14
96	252	2
96	253	6
96	254	7
96	255	10
96	256	7
96	257	7
96	258	7
96	259	9
96	260	7
96	261	4
96	262	10
96	263	8
96	264	8
96	266	2
96	267	15
96	268	7
96	269	7
96	270	2
96	272	8
96	273	7
96	274	10
96	275	8
96	276	7
96	277	7
96	278	5
96	279	13
96	281	6
96	282	8
96	283	5
96	284	12
96	285	7
96	286	27
96	287	6
96	288	5
96	289	5
96	290	8
96	291	2
96	292	11
96	293	10
96	294	7
96	295	6
96	296	8
96	297	5
96	298	12
96	299	6
96	300	7
96	302	5
96	303	8
96	304	2
96	305	7
96	306	11
96	307	5
96	308	4
96	309	29
96	310	6
96	311	7
96	312	9
96	313	4
96	314	3
96	315	2
96	317	6
96	318	2
96	320	11
96	321	3
96	322	8
96	324	9
96	326	6
96	327	4
96	328	2
96	329	8
96	330	8
96	331	7
96	332	8
96	333	9
96	334	5
96	336	9
96	337	3
96	338	10
96	339	12
96	340	1
96	341	6
96	342	8
96	344	5
96	346	8
96	347	7
96	348	2
96	349	3
96	350	6
96	351	5
96	352	6
96	353	13
96	354	4
96	355	1
96	357	13
96	358	12
96	359	10
96	360	6
97	98	9
97	99	6
97	100	9
97	101	13
97	102	8
97	103	7
97	104	13
97	105	9
97	106	5
97	107	8
97	108	8
97	109	11
97	110	11
97	111	7
97	112	10
97	113	7
97	114	10
97	115	7
97	116	7
97	117	8
97	118	12
97	119	8
97	120	6
97	121	10
97	122	8
97	123	4
97	124	7
97	125	10
97	126	10
97	127	8
97	128	7
97	129	16
97	130	9
97	131	10
97	132	5
97	133	7
97	134	7
97	135	8
97	136	8
97	137	9
97	138	12
97	139	7
97	140	7
97	141	7
97	142	14
97	143	8
97	144	14
97	146	6
97	147	6
97	148	10
97	149	5
97	150	6
97	152	7
97	153	11
97	154	8
97	155	6
97	156	7
97	157	7
97	158	14
97	159	13
97	160	7
97	161	12
97	162	8
97	163	9
97	164	5
97	165	5
97	166	7
97	167	10
97	168	7
97	169	7
97	170	4
97	171	7
97	172	10
97	173	7
97	174	7
97	175	2
97	176	11
97	177	9
97	178	8
97	179	11
97	180	9
97	181	9
97	182	10
97	183	6
97	184	9
97	185	9
97	186	1
97	187	10
97	188	5
97	189	10
97	190	6
97	191	6
97	192	8
97	193	9
97	194	8
97	195	7
97	196	1
97	197	10
97	198	6
97	200	7
97	201	9
97	202	6
97	203	7
97	204	7
97	205	11
97	206	8
97	207	1
97	208	9
97	210	4
97	211	6
97	212	7
97	213	6
97	214	9
97	215	6
97	216	7
97	217	2
97	218	7
97	219	10
97	220	7
97	221	6
97	222	7
97	223	8
97	224	5
97	225	3
97	226	3
97	227	10
97	228	4
97	229	2
97	230	6
97	231	8
97	232	6
97	233	5
97	234	10
97	235	2
97	236	9
97	237	10
97	238	10
97	240	5
97	241	7
97	242	10
97	243	1
97	244	5
97	245	6
97	246	7
97	247	7
97	248	7
97	249	5
97	250	11
97	251	11
97	253	10
97	254	7
97	255	7
97	256	9
97	257	7
97	258	5
97	259	10
97	260	6
97	261	3
97	262	8
97	263	6
97	264	6
97	265	1
97	267	6
97	268	9
97	269	7
97	272	7
97	273	9
97	274	10
97	275	9
97	276	6
97	277	6
97	278	10
97	279	9
97	281	5
97	282	8
97	283	6
97	284	8
97	285	10
97	286	9
97	287	7
97	288	4
97	289	5
97	290	5
97	292	8
97	293	5
97	294	5
97	295	6
97	296	9
97	297	8
97	298	11
97	299	6
97	300	10
97	302	6
97	303	6
97	304	1
97	305	5
97	306	5
97	307	7
97	308	7
97	309	4
97	310	8
97	311	7
97	312	6
97	313	3
97	314	4
97	315	1
97	317	5
97	318	2
97	320	6
97	321	2
97	322	7
97	324	6
97	325	1
97	326	6
97	327	1
97	329	7
97	330	6
97	331	7
97	332	9
97	333	6
97	334	6
97	335	3
97	336	8
97	337	3
97	338	9
97	339	12
97	340	1
97	341	5
97	342	8
97	344	6
97	346	7
97	347	6
97	348	4
97	349	1
97	350	7
97	351	6
97	352	5
97	353	8
97	354	2
97	355	1
97	357	13
97	358	9
97	359	6
97	360	7
98	99	7
98	100	10
98	101	8
98	102	13
98	103	10
98	104	16
98	105	22
98	106	10
98	107	9
98	108	8
98	109	18
98	110	12
98	111	10
98	112	10
98	113	14
98	114	15
98	115	12
98	116	11
98	117	14
98	118	18
98	119	6
98	120	14
98	121	10
98	122	7
98	123	10
98	124	6
98	125	13
98	126	16
98	127	17
98	128	11
98	129	20
98	130	13
98	131	14
98	132	7
98	133	8
98	134	17
98	135	6
98	136	13
98	137	11
98	138	12
98	139	7
98	140	9
98	141	12
98	142	15
98	143	9
98	144	14
98	146	13
98	147	13
98	148	8
98	149	5
98	150	10
98	151	1
98	152	10
98	153	18
98	154	6
98	155	13
98	156	7
98	157	13
98	158	21
98	159	8
98	160	13
98	161	13
98	162	11
98	163	7
98	164	14
98	165	10
98	166	17
98	167	11
98	168	11
98	169	11
98	170	10
98	171	10
98	172	15
98	173	10
98	174	11
98	175	2
98	176	9
98	177	12
98	178	11
98	179	8
98	180	8
98	181	19
98	182	4
98	183	10
98	184	6
98	185	9
98	186	1
98	187	14
98	188	11
98	189	12
98	190	12
98	191	9
98	192	12
98	193	7
98	194	7
98	195	8
98	196	1
98	197	6
98	198	9
98	200	13
98	201	11
98	202	13
98	203	12
98	204	13
98	205	10
98	206	11
98	207	5
98	208	11
98	209	3
98	210	4
98	211	11
98	212	12
98	213	10
98	214	12
98	215	14
98	216	10
98	217	2
98	218	8
98	219	8
98	220	11
98	221	9
98	222	12
98	223	12
98	224	4
98	225	6
98	226	6
98	227	12
98	228	11
98	229	6
98	230	9
98	231	11
98	232	10
98	233	7
98	234	18
98	235	2
98	236	19
98	237	8
98	238	12
98	239	1
98	240	15
98	241	8
98	242	10
98	243	2
98	244	17
98	245	10
98	246	13
98	247	3
98	248	11
98	249	13
98	250	16
98	251	19
98	253	17
98	254	8
98	255	14
98	256	7
98	257	14
98	258	7
98	259	7
98	260	11
98	261	4
98	262	8
98	263	10
98	264	8
98	265	2
98	266	1
98	267	12
98	268	16
98	269	14
98	270	3
98	271	1
98	272	9
98	273	9
98	274	16
98	275	13
98	276	15
98	277	11
98	278	11
98	279	12
98	281	9
98	282	9
98	283	4
98	284	10
98	285	11
98	286	10
98	287	8
98	288	11
98	289	7
98	290	10
98	291	2
98	292	10
98	293	7
98	294	10
98	295	13
98	296	4
98	297	10
98	298	16
98	299	10
98	300	12
98	302	8
98	303	9
98	305	7
98	306	11
98	307	9
98	308	9
98	309	9
98	310	10
98	311	6
98	312	12
98	313	4
98	314	6
98	315	1
98	316	1
98	317	11
98	318	1
98	320	6
98	321	4
98	322	12
98	324	8
98	326	8
98	327	1
98	328	3
98	329	11
98	330	10
98	331	10
98	332	10
98	333	7
98	334	10
98	336	9
98	337	4
98	338	8
98	339	17
98	340	1
98	341	8
98	342	8
98	344	10
98	346	10
98	347	7
98	348	3
98	349	2
98	350	10
98	351	7
98	352	8
98	353	14
98	354	3
98	355	1
98	357	16
98	358	11
98	359	8
98	360	5
98	361	1
99	100	8
99	101	10
99	102	6
99	103	5
99	104	7
99	105	8
99	106	5
99	107	8
99	108	10
99	109	7
99	110	8
99	111	5
99	112	11
99	113	4
99	114	8
99	115	8
99	116	4
99	117	7
99	118	7
99	119	10
99	120	5
99	121	9
99	122	7
99	123	7
99	124	6
99	125	6
99	126	8
99	127	7
99	128	7
99	129	12
99	130	7
99	131	4
99	132	7
99	133	6
99	134	9
99	135	5
99	136	7
99	137	4
99	138	8
99	139	7
99	140	8
99	141	4
99	142	11
99	143	7
99	144	9
99	146	7
99	147	5
99	148	8
99	149	3
99	150	8
99	152	9
99	153	9
99	154	7
99	155	7
99	156	6
99	157	8
99	158	8
99	159	7
99	160	6
99	161	5
99	162	8
99	163	8
99	164	6
99	165	10
99	166	7
99	167	7
99	168	3
99	169	5
99	170	7
99	171	6
99	172	8
99	173	5
99	174	7
99	175	1
99	176	6
99	177	6
99	178	7
99	179	6
99	180	7
99	181	8
99	182	6
99	183	4
99	184	7
99	185	8
99	187	9
99	188	7
99	189	10
99	190	7
99	191	5
99	192	6
99	193	7
99	194	8
99	195	6
99	197	5
99	198	7
99	200	7
99	201	5
99	202	8
99	203	5
99	204	6
99	205	9
99	206	5
99	207	2
99	208	5
99	210	6
99	211	7
99	212	4
99	213	9
99	214	5
99	215	8
99	216	6
99	217	2
99	218	6
99	219	5
99	220	8
99	221	5
99	222	6
99	223	8
99	224	3
99	225	5
99	226	5
99	227	7
99	228	7
99	229	4
99	230	5
99	231	4
99	232	7
99	233	3
99	234	6
99	235	2
99	236	5
99	237	7
99	238	8
99	240	7
99	241	5
99	242	9
99	243	1
99	244	6
99	245	5
99	246	8
99	247	6
99	248	10
99	249	7
99	250	9
99	251	8
99	252	1
99	253	7
99	254	8
99	255	8
99	256	8
99	257	6
99	258	4
99	259	10
99	260	7
99	261	4
99	262	8
99	263	6
99	264	7
99	265	1
99	266	1
99	267	8
99	268	6
99	269	7
99	270	3
99	271	1
99	272	8
99	273	6
99	274	10
99	275	5
99	276	5
99	277	7
99	278	7
99	279	6
99	281	8
99	282	8
99	283	4
99	284	8
99	285	7
99	286	10
99	287	5
99	288	6
99	289	8
99	290	6
99	292	9
99	293	8
99	294	6
99	295	6
99	296	4
99	297	9
99	298	8
99	299	7
99	300	7
99	302	7
99	303	8
99	305	6
99	306	7
99	307	9
99	308	6
99	309	4
99	310	4
99	311	5
99	312	9
99	313	4
99	314	2
99	315	2
99	316	1
99	317	7
99	318	2
99	320	9
99	321	3
99	322	8
99	324	6
99	326	6
99	327	2
99	328	2
99	329	7
99	330	8
99	331	6
99	332	8
99	333	4
99	334	6
99	335	2
99	336	9
99	337	5
99	338	5
99	339	9
99	340	1
99	341	6
99	342	9
99	344	6
99	346	5
99	347	5
99	348	3
99	349	3
99	350	6
99	351	6
99	352	7
99	353	4
99	354	5
99	357	9
99	358	10
99	359	8
99	360	4
100	101	9
100	102	8
100	103	4
100	104	9
100	105	11
100	106	8
100	107	6
100	108	9
100	109	7
100	110	11
100	111	8
100	112	12
100	113	9
100	114	16
100	115	7
100	116	6
100	117	9
100	118	10
100	119	6
100	120	5
100	121	9
100	122	8
100	123	6
100	124	6
100	125	8
100	126	9
100	127	10
100	128	6
100	129	15
100	130	9
100	131	7
100	132	8
100	133	7
100	134	12
100	135	7
100	136	13
100	137	7
100	138	12
100	139	5
100	140	6
100	141	8
100	142	11
100	143	9
100	144	11
100	146	8
100	147	9
100	148	9
100	149	4
100	150	6
100	152	7
100	153	13
100	154	7
100	155	8
100	156	7
100	157	6
100	158	10
100	159	6
100	160	9
100	161	7
100	162	10
100	163	7
100	164	6
100	165	8
100	166	10
100	167	7
100	168	4
100	169	6
100	170	6
100	171	7
100	172	12
100	173	7
100	174	5
100	175	1
100	176	5
100	177	6
100	178	8
100	179	7
100	180	7
100	181	9
100	182	8
100	183	8
100	184	10
100	185	12
100	187	11
100	188	9
100	189	13
100	190	7
100	191	4
100	192	11
100	193	6
100	194	8
100	195	7
100	197	5
100	198	8
100	200	10
100	201	10
100	202	7
100	203	9
100	204	6
100	205	7
100	206	9
100	207	1
100	208	4
100	209	2
100	210	4
100	211	6
100	212	3
100	213	8
100	214	6
100	215	8
100	216	6
100	217	2
100	218	10
100	219	11
100	220	7
100	221	5
100	222	6
100	223	8
100	224	3
100	225	4
100	226	3
100	227	9
100	228	4
100	230	4
100	231	6
100	232	4
100	233	4
100	234	10
100	235	1
100	236	6
100	237	6
100	238	10
100	240	9
100	241	5
100	242	12
100	243	1
100	244	8
100	245	8
100	246	8
100	247	7
100	248	11
100	249	7
100	250	11
100	251	11
100	253	11
100	254	7
100	255	11
100	256	3
100	257	5
100	258	5
100	259	10
100	260	7
100	261	3
100	262	6
100	263	10
100	264	8
100	266	1
100	267	5
100	268	10
100	269	7
100	272	7
100	273	11
100	274	8
100	275	8
100	276	5
100	277	7
100	278	10
100	279	8
100	281	8
100	282	12
100	283	2
100	284	8
100	285	5
100	286	6
100	287	7
100	288	7
100	289	6
100	290	4
100	292	10
100	293	6
100	294	5
100	295	9
100	296	6
100	297	8
100	298	11
100	299	7
100	300	6
100	302	8
100	303	4
100	305	5
100	306	10
100	307	8
100	308	7
100	309	4
100	310	5
100	311	5
100	312	8
100	313	3
100	314	2
100	315	1
100	317	9
100	318	3
100	320	6
100	321	2
100	322	7
100	324	6
100	326	7
100	328	3
100	329	8
100	330	8
100	331	6
100	332	12
100	333	4
100	334	6
100	335	2
100	336	6
100	337	4
100	338	8
100	339	7
100	340	1
100	341	6
100	342	10
100	344	5
100	346	8
100	347	7
100	348	2
100	349	1
100	350	5
100	351	5
100	352	6
100	353	6
100	354	2
100	357	10
100	358	9
100	359	6
100	360	6
101	102	6
101	103	7
101	104	10
101	105	10
101	106	6
101	107	8
101	108	8
101	109	9
101	110	9
101	111	6
101	112	13
101	113	10
101	114	11
101	115	8
101	116	7
101	117	7
101	118	12
101	119	11
101	120	6
101	121	9
101	122	7
101	123	5
101	124	9
101	125	7
101	126	7
101	127	10
101	128	8
101	129	14
101	130	10
101	131	4
101	132	9
101	133	7
101	134	8
101	135	8
101	136	7
101	137	8
101	138	10
101	139	7
101	140	8
101	141	7
101	142	12
101	143	10
101	144	14
101	146	6
101	147	9
101	148	13
101	149	4
101	150	8
101	152	8
101	153	9
101	154	11
101	155	5
101	156	7
101	157	8
101	158	12
101	159	9
101	160	10
101	161	10
101	162	7
101	163	9
101	164	7
101	165	8
101	166	7
101	167	10
101	168	7
101	169	7
101	170	7
101	171	9
101	172	9
101	173	8
101	174	6
101	175	2
101	176	9
101	177	7
101	178	8
101	179	9
101	180	11
101	181	10
101	182	10
101	183	8
101	184	12
101	185	10
101	186	1
101	187	13
101	188	7
101	189	11
101	190	6
101	191	4
101	192	8
101	193	10
101	194	13
101	195	8
101	196	1
101	197	13
101	198	8
101	200	8
101	201	7
101	202	6
101	203	7
101	204	8
101	205	11
101	206	7
101	208	7
101	209	1
101	210	7
101	211	7
101	212	7
101	213	7
101	214	8
101	215	7
101	216	6
101	217	2
101	218	7
101	219	7
101	220	6
101	221	5
101	222	8
101	223	6
101	224	5
101	225	3
101	226	5
101	227	9
101	228	5
101	229	2
101	230	5
101	231	5
101	232	7
101	233	5
101	234	10
101	235	2
101	236	7
101	237	8
101	238	10
101	240	6
101	241	7
101	242	8
101	243	1
101	244	5
101	245	6
101	246	7
101	247	6
101	248	9
101	249	7
101	250	8
101	251	7
101	253	13
101	254	10
101	255	4
101	256	6
101	257	5
101	258	8
101	259	23
101	260	7
101	261	4
101	262	9
101	263	9
101	264	8
101	267	5
101	268	7
101	269	8
101	271	1
101	272	8
101	273	8
101	274	10
101	275	8
101	276	6
101	277	6
101	278	6
101	279	7
101	281	6
101	282	7
101	283	4
101	284	10
101	285	8
101	286	9
101	287	8
101	288	6
101	289	6
101	290	5
101	292	10
101	293	7
101	294	5
101	295	6
101	296	8
101	297	8
101	298	11
101	299	6
101	300	7
101	302	7
101	303	10
101	304	1
101	305	8
101	306	7
101	307	9
101	308	8
101	309	5
101	310	8
101	311	7
101	312	8
101	313	3
101	314	4
101	315	1
101	317	7
101	318	2
101	320	8
101	321	2
101	322	8
101	324	6
101	326	7
101	328	1
101	329	10
101	330	8
101	331	6
101	332	7
101	333	8
101	334	9
101	335	3
101	336	8
101	337	5
101	338	9
101	339	10
101	340	1
101	341	5
101	342	9
101	344	6
101	346	11
101	347	7
101	348	4
101	349	1
101	350	7
101	351	8
101	352	7
101	353	8
101	354	2
101	355	1
101	357	10
101	358	10
101	359	7
101	360	5
102	103	6
102	104	10
102	105	14
102	106	8
102	107	7
102	108	7
102	109	7
102	110	8
102	111	9
102	112	7
102	113	8
102	114	12
102	115	10
102	116	6
102	117	8
102	118	10
102	119	3
102	120	8
102	121	8
102	122	7
102	123	9
102	124	5
102	125	12
102	126	11
102	127	6
102	128	9
102	129	13
102	130	12
102	131	9
102	132	6
102	133	7
102	134	11
102	135	6
102	136	8
102	137	5
102	138	9
102	139	6
102	140	7
102	141	9
102	142	11
102	143	8
102	144	10
102	146	12
102	147	10
102	148	8
102	149	2
102	150	5
102	152	8
102	153	8
102	154	6
102	155	11
102	156	4
102	157	7
102	158	9
102	159	6
102	160	8
102	161	8
102	162	10
102	163	5
102	164	7
102	165	7
102	166	10
102	167	7
102	168	8
102	169	9
102	170	6
102	171	6
102	172	10
102	173	6
102	174	5
102	175	1
102	176	6
102	177	8
102	178	7
102	179	6
102	180	7
102	181	11
102	182	4
102	183	7
102	184	7
102	185	7
102	187	10
102	188	10
102	189	11
102	190	9
102	191	6
102	192	10
102	193	6
102	194	8
102	195	6
102	197	5
102	198	7
102	200	9
102	201	7
102	202	6
102	203	7
102	204	7
102	205	8
102	206	8
102	207	2
102	208	8
102	209	1
102	210	3
102	211	7
102	212	5
102	213	8
102	214	8
102	215	10
102	216	8
102	217	3
102	218	8
102	219	7
102	220	8
102	221	6
102	222	7
102	223	11
102	224	4
102	225	6
102	226	4
102	227	11
102	228	5
102	229	2
102	230	6
102	231	8
102	232	6
102	233	7
102	234	11
102	235	1
102	236	12
102	237	7
102	238	13
102	240	8
102	241	5
102	242	7
102	243	1
102	244	10
102	245	9
102	246	8
102	247	5
102	248	9
102	249	9
102	250	10
102	251	11
102	253	11
102	254	7
102	255	11
102	256	6
102	257	9
102	258	6
102	259	7
102	260	6
102	261	2
102	262	5
102	263	7
102	264	5
102	266	1
102	267	10
102	268	11
102	269	9
102	270	2
102	272	10
102	273	8
102	274	12
102	275	8
102	276	11
102	277	9
102	278	8
102	279	6
102	281	7
102	282	6
102	283	3
102	284	8
102	285	7
102	286	8
102	287	7
102	288	7
102	289	7
102	290	7
102	291	1
102	292	6
102	293	8
102	294	8
102	295	8
102	296	6
102	297	8
102	298	10
102	299	6
102	300	9
102	302	7
102	303	5
102	305	6
102	306	8
102	307	6
102	308	8
102	309	5
102	310	5
102	311	5
102	312	6
102	313	4
102	314	3
102	315	1
102	317	7
102	318	3
102	320	7
102	321	2
102	322	9
102	324	8
102	326	7
102	327	2
102	328	1
102	329	7
102	330	6
102	331	6
102	332	7
102	333	4
102	334	5
102	335	2
102	336	9
102	337	4
102	338	6
102	339	8
102	340	1
102	341	6
102	342	7
102	344	5
102	346	6
102	347	10
102	348	2
102	349	2
102	350	8
102	351	4
102	352	6
102	353	6
102	354	4
102	355	1
102	357	8
102	358	9
102	359	6
102	360	5
103	104	10
103	105	6
103	106	6
103	107	9
103	108	5
103	109	10
103	110	8
103	111	7
103	112	9
103	113	6
103	114	6
103	115	5
103	116	8
103	117	7
103	118	11
103	119	5
103	120	7
103	121	8
103	122	8
103	123	6
103	124	6
103	125	7
103	126	8
103	127	10
103	128	6
103	129	14
103	130	7
103	131	5
103	132	7
103	133	8
103	134	9
103	135	6
103	136	6
103	137	8
103	138	9
103	139	10
103	140	7
103	141	6
103	142	10
103	143	7
103	144	10
103	146	5
103	147	6
103	148	6
103	149	2
103	150	6
103	151	1
103	152	6
103	153	9
103	154	4
103	155	6
103	156	8
103	157	7
103	158	12
103	159	5
103	160	6
103	161	6
103	162	5
103	163	7
103	164	7
103	165	5
103	166	8
103	167	6
103	168	7
103	169	5
103	170	5
103	171	7
103	172	10
103	173	7
103	174	7
103	175	2
103	176	7
103	177	6
103	178	7
103	179	7
103	180	6
103	181	10
103	182	7
103	183	7
103	184	6
103	185	8
103	187	6
103	188	7
103	189	9
103	190	7
103	191	6
103	192	10
103	193	4
103	194	5
103	195	8
103	197	6
103	198	7
103	200	6
103	201	7
103	202	7
103	203	8
103	204	6
103	205	8
103	206	8
103	208	7
103	209	1
103	210	4
103	211	7
103	212	6
103	213	6
103	214	5
103	215	6
103	216	6
103	217	1
103	218	5
103	219	4
103	220	6
103	221	8
103	222	8
103	223	9
103	224	3
103	225	6
103	226	5
103	227	7
103	228	7
103	229	3
103	230	5
103	231	6
103	232	6
103	233	5
103	234	8
103	235	2
103	236	7
103	237	7
103	238	8
103	240	7
103	241	2
103	242	5
103	243	1
103	244	7
103	245	5
103	246	9
103	247	4
103	248	4
103	249	6
103	250	7
103	251	7
103	253	8
103	254	8
103	255	5
103	256	4
103	257	7
103	258	6
103	259	6
103	260	5
103	261	4
103	262	9
103	263	5
103	264	6
103	267	5
103	268	6
103	269	6
103	270	1
103	271	1
103	272	7
103	273	6
103	274	8
103	275	7
103	276	5
103	277	7
103	278	7
103	279	6
103	281	4
103	282	6
103	283	3
103	284	9
103	285	9
103	286	5
103	287	7
103	288	3
103	289	8
103	290	6
103	291	2
103	292	6
103	293	6
103	294	5
103	295	3
103	296	5
103	297	7
103	298	8
103	299	7
103	300	5
103	302	7
103	303	6
103	305	7
103	306	7
103	307	7
103	308	8
103	309	5
103	310	7
103	311	5
103	312	6
103	313	3
103	314	3
103	315	1
103	317	5
103	318	2
103	319	1
103	320	4
103	321	3
103	322	8
103	324	7
103	325	1
103	326	6
103	329	6
103	330	8
103	331	7
103	332	6
103	333	4
103	334	6
103	335	1
103	336	5
103	337	2
103	338	6
103	339	11
103	340	1
103	341	7
103	342	8
103	344	7
103	346	6
103	347	5
103	348	3
103	349	1
103	350	8
103	351	7
103	352	6
103	353	6
103	354	2
103	355	1
103	357	9
103	358	8
103	359	5
103	360	3
104	105	11
104	106	9
104	107	16
104	108	7
104	109	16
104	110	10
104	111	9
104	112	14
104	113	12
104	114	15
104	115	7
104	116	10
104	117	9
104	118	12
104	119	10
104	120	8
104	121	10
104	122	10
104	123	7
104	124	7
104	125	13
104	126	11
104	127	13
104	128	9
104	129	16
104	130	11
104	131	9
104	132	7
104	133	8
104	134	10
104	135	10
104	136	9
104	137	9
104	138	14
104	139	11
104	140	9
104	141	8
104	142	15
104	143	11
104	144	13
104	146	9
104	147	13
104	148	14
104	149	2
104	150	11
104	152	9
104	153	12
104	154	9
104	155	6
104	156	12
104	157	11
104	158	17
104	159	8
104	160	10
104	161	9
104	162	10
104	163	7
104	164	8
104	165	12
104	166	9
104	167	8
104	168	9
104	169	7
104	170	13
104	171	11
104	172	13
104	173	10
104	174	9
104	175	2
104	176	12
104	177	10
104	178	12
104	179	8
104	180	9
104	181	16
104	182	7
104	183	12
104	184	12
104	185	10
104	187	11
104	188	8
104	189	13
104	190	11
104	191	7
104	192	12
104	193	11
104	194	12
104	195	11
104	197	10
104	198	9
104	200	10
104	201	9
104	202	8
104	203	11
104	204	7
104	205	10
104	206	9
104	207	1
104	208	8
104	209	2
104	210	6
104	211	9
104	212	12
104	213	8
104	214	9
104	215	8
104	216	15
104	217	2
104	218	7
104	219	11
104	220	8
104	221	9
104	222	10
104	223	8
104	224	4
104	225	6
104	226	5
104	227	14
104	228	6
104	229	3
104	230	12
104	231	9
104	232	9
104	233	5
104	234	13
104	235	2
104	236	11
104	237	8
104	238	12
104	240	12
104	241	7
104	242	6
104	243	2
104	244	7
104	245	9
104	246	8
104	247	5
104	248	10
104	249	8
104	250	14
104	251	12
104	253	15
104	254	8
104	255	11
104	256	5
104	257	10
104	258	9
104	259	9
104	260	7
104	261	3
104	262	11
104	263	8
104	264	5
104	265	2
104	266	1
104	267	9
104	268	9
104	269	11
104	271	1
104	272	9
104	273	8
104	274	13
104	275	7
104	276	8
104	277	7
104	278	11
104	279	11
104	281	7
104	282	6
104	283	4
104	284	15
104	285	10
104	286	10
104	287	9
104	288	6
104	289	6
104	290	7
104	291	1
104	292	9
104	293	9
104	294	7
104	295	8
104	296	10
104	297	8
104	298	12
104	299	7
104	300	10
104	302	9
104	303	10
104	304	1
104	305	10
104	306	8
104	307	7
104	308	9
104	309	10
104	310	9
104	311	6
104	312	8
104	313	3
104	314	5
104	315	2
104	317	9
104	318	3
104	320	6
104	321	3
104	322	8
104	324	8
104	326	7
104	327	1
104	328	2
104	329	11
104	330	10
104	331	9
104	332	8
104	333	11
104	334	14
104	335	3
104	336	11
104	337	5
104	338	11
104	339	15
104	340	1
104	341	9
104	342	11
104	344	7
104	346	10
104	347	8
104	348	3
104	349	1
104	350	12
104	351	9
104	352	8
104	353	14
104	354	3
104	355	1
104	357	9
104	358	15
104	359	13
104	360	4
105	106	10
105	107	9
105	108	8
105	109	14
105	110	10
105	111	12
105	112	11
105	113	13
105	114	18
105	115	9
105	116	7
105	117	9
105	118	15
105	119	9
105	120	10
105	121	10
105	122	8
105	123	13
105	124	7
105	125	11
105	126	18
105	127	12
105	128	12
105	129	17
105	130	12
105	131	14
105	132	8
105	133	10
105	134	16
105	135	5
105	136	14
105	137	8
105	138	9
105	139	6
105	140	9
105	141	11
105	142	12
105	143	11
105	144	15
105	145	1
105	146	14
105	147	13
105	148	12
105	149	5
105	150	9
105	152	13
105	153	16
105	154	7
105	155	17
105	156	7
105	157	14
105	158	14
105	159	5
105	160	12
105	161	9
105	162	11
105	163	8
105	164	14
105	165	11
105	166	16
105	167	11
105	168	9
105	169	12
105	170	6
105	171	14
105	172	14
105	173	7
105	174	8
105	175	2
105	176	7
105	177	12
105	178	11
105	179	6
105	180	10
105	181	14
105	182	6
105	183	8
105	184	9
105	185	12
105	186	1
105	187	15
105	188	13
105	189	17
105	190	12
105	191	8
105	192	13
105	193	9
105	194	9
105	195	8
105	196	1
105	197	5
105	198	7
105	200	13
105	201	11
105	202	10
105	203	15
105	204	11
105	205	8
105	206	10
105	207	3
105	208	13
105	209	3
105	210	4
105	211	10
105	212	9
105	213	11
105	214	9
105	215	17
105	216	9
105	217	1
105	218	13
105	219	7
105	220	9
105	221	7
105	222	11
105	223	10
105	224	3
105	225	4
105	226	5
105	227	15
105	228	9
105	229	3
105	230	7
105	231	11
105	232	9
105	233	7
105	234	17
105	235	2
105	236	18
105	237	6
105	238	13
105	239	1
105	240	15
105	241	10
105	242	8
105	243	1
105	244	17
105	245	12
105	246	10
105	247	3
105	248	11
105	249	15
105	250	14
105	251	16
105	252	1
105	253	15
105	254	10
105	255	14
105	256	7
105	257	14
105	258	10
105	259	9
105	260	12
105	261	4
105	262	10
105	263	11
105	264	9
105	266	2
105	267	10
105	268	11
105	269	14
105	270	1
105	271	1
105	272	9
105	273	12
105	274	12
105	275	12
105	276	14
105	277	11
105	278	7
105	279	7
105	281	12
105	282	10
105	283	5
105	284	10
105	285	9
105	286	7
105	287	7
105	288	10
105	289	10
105	290	7
105	291	1
105	292	9
105	293	9
105	294	12
105	295	11
105	296	9
105	297	11
105	298	17
105	299	9
105	300	12
105	302	6
105	303	9
105	305	10
105	306	12
105	307	11
105	308	13
105	309	10
105	310	8
105	311	6
105	312	10
105	313	5
105	314	3
105	315	2
105	317	12
105	318	4
105	320	8
105	321	4
105	322	12
105	324	10
105	326	11
105	327	3
105	328	3
105	329	11
105	330	8
105	331	9
105	332	10
105	333	7
105	334	11
105	335	1
105	336	8
105	337	4
105	338	11
105	339	13
105	340	1
105	341	8
105	342	6
105	344	9
105	346	12
105	347	7
105	348	2
105	349	2
105	350	8
105	351	7
105	352	11
105	353	10
105	354	4
105	357	19
105	358	11
105	359	9
105	360	4
105	361	1
106	107	6
106	108	3
106	109	7
106	110	5
106	111	7
106	112	7
106	113	6
106	114	8
106	115	8
106	116	7
106	117	7
106	118	8
106	119	6
106	120	6
106	121	9
106	122	8
106	123	10
106	124	6
106	125	10
106	126	11
106	127	7
106	128	7
106	129	14
106	130	7
106	131	5
106	132	7
106	133	10
106	134	10
106	135	7
106	136	10
106	137	8
106	138	11
106	139	7
106	140	6
106	141	7
106	142	9
106	143	8
106	144	10
106	146	8
106	147	10
106	148	8
106	149	1
106	150	3
106	152	7
106	153	11
106	154	6
106	155	9
106	156	5
106	157	8
106	158	10
106	159	5
106	160	8
106	161	6
106	162	10
106	163	4
106	164	9
106	165	7
106	166	10
106	167	5
106	168	7
106	169	6
106	170	7
106	171	7
106	172	10
106	173	4
106	174	7
106	175	2
106	176	9
106	177	4
106	178	7
106	179	6
106	180	7
106	181	14
106	182	5
106	183	9
106	184	7
106	185	8
106	187	9
106	188	10
106	189	9
106	190	8
106	191	4
106	192	12
106	193	6
106	194	6
106	195	9
106	197	5
106	198	6
106	200	9
106	201	7
106	202	7
106	203	11
106	204	7
106	205	8
106	206	12
106	208	8
106	209	3
106	210	4
106	211	8
106	212	8
106	213	8
106	214	7
106	215	8
106	216	7
106	218	10
106	219	5
106	220	7
106	221	13
106	222	9
106	223	7
106	224	3
106	225	6
106	226	4
106	227	7
106	228	7
106	229	1
106	230	6
106	231	7
106	232	3
106	233	4
106	234	7
106	235	1
106	236	9
106	237	6
106	238	8
106	239	1
106	240	8
106	241	3
106	242	6
106	243	1
106	244	7
106	245	8
106	246	7
106	247	5
106	248	5
106	249	9
106	250	9
106	251	8
106	253	14
106	254	7
106	255	8
106	256	7
106	257	6
106	258	6
106	259	6
106	260	7
106	261	4
106	262	6
106	263	7
106	264	4
106	266	1
106	267	6
106	268	5
106	269	7
106	270	1
106	271	1
106	272	10
106	273	11
106	274	9
106	275	9
106	276	9
106	277	7
106	278	11
106	279	8
106	281	6
106	282	8
106	283	3
106	284	7
106	285	9
106	286	4
106	287	7
106	288	7
106	289	6
106	290	7
106	291	2
106	292	6
106	293	6
106	294	8
106	295	8
106	296	8
106	297	7
106	298	8
106	299	9
106	300	5
106	302	6
106	303	5
106	304	3
106	305	7
106	306	9
106	307	7
106	308	9
106	309	6
106	310	3
106	311	4
106	312	4
106	313	4
106	314	4
106	315	1
106	317	7
106	318	3
106	320	3
106	321	5
106	322	9
106	324	6
106	326	7
106	328	2
106	329	9
106	330	7
106	331	8
106	332	7
106	333	4
106	334	7
106	335	2
106	336	8
106	337	2
106	338	7
106	339	10
106	340	1
106	341	6
106	342	8
106	344	5
106	346	5
106	347	8
106	348	3
106	350	6
106	351	5
106	352	6
106	353	7
106	354	3
106	355	2
106	357	9
106	358	9
106	359	5
106	360	4
106	361	1
107	108	5
107	109	10
107	110	7
107	111	6
107	112	11
107	113	7
107	114	11
107	115	7
107	116	7
107	117	7
107	118	12
107	119	8
107	120	6
107	121	9
107	122	7
107	123	6
107	124	6
107	125	11
107	126	9
107	127	10
107	128	6
107	129	13
107	130	8
107	131	7
107	132	4
107	133	8
107	134	9
107	135	7
107	136	8
107	137	5
107	138	10
107	139	6
107	140	7
107	141	4
107	142	12
107	143	10
107	144	12
107	146	5
107	147	9
107	148	10
107	149	3
107	150	6
107	152	7
107	153	9
107	154	6
107	155	7
107	156	8
107	157	8
107	158	12
107	159	7
107	160	8
107	161	6
107	162	7
107	163	8
107	164	7
107	165	9
107	166	8
107	167	9
107	168	7
107	169	6
107	170	10
107	171	8
107	172	8
107	173	10
107	174	6
107	175	3
107	176	8
107	177	5
107	178	8
107	179	7
107	180	9
107	181	12
107	182	8
107	183	6
107	184	7
107	185	8
107	187	11
107	188	8
107	189	10
107	190	10
107	191	5
107	192	9
107	193	9
107	194	6
107	195	8
107	197	6
107	198	6
107	200	9
107	201	7
107	202	5
107	203	6
107	204	5
107	205	8
107	206	6
107	207	1
107	208	6
107	209	1
107	210	5
107	211	10
107	212	9
107	213	6
107	214	7
107	215	9
107	216	8
107	217	2
107	218	7
107	219	6
107	220	4
107	221	6
107	222	5
107	223	8
107	224	2
107	225	5
107	226	3
107	227	9
107	228	5
107	229	4
107	230	6
107	231	6
107	232	5
107	233	3
107	234	10
107	235	2
107	236	7
107	237	8
107	238	7
107	240	5
107	241	8
107	242	7
107	243	1
107	244	7
107	245	6
107	246	8
107	247	3
107	248	7
107	249	7
107	250	8
107	251	8
107	252	1
107	253	11
107	254	7
107	255	6
107	256	7
107	257	6
107	258	4
107	259	7
107	260	6
107	261	4
107	262	9
107	263	8
107	264	4
107	265	1
107	267	5
107	268	8
107	269	7
107	270	2
107	271	1
107	272	8
107	273	9
107	274	11
107	275	7
107	276	7
107	277	6
107	278	4
107	279	4
107	281	4
107	282	7
107	283	4
107	284	11
107	285	7
107	286	8
107	287	7
107	288	5
107	289	5
107	290	4
107	292	6
107	293	9
107	294	4
107	295	7
107	296	5
107	297	8
107	298	11
107	299	5
107	300	8
107	302	6
107	303	7
107	304	1
107	305	5
107	306	8
107	307	6
107	308	7
107	309	3
107	310	8
107	311	3
107	312	7
107	313	2
107	314	2
107	315	2
107	317	8
107	318	2
107	319	1
107	320	9
107	321	2
107	322	8
107	324	6
107	326	6
107	327	1
107	329	7
107	330	7
107	331	5
107	332	8
107	333	6
107	334	7
107	335	1
107	336	8
107	337	3
107	338	8
107	339	10
107	341	5
107	342	5
107	344	4
107	346	8
107	347	7
107	348	2
107	349	2
107	350	5
107	351	7
107	352	4
107	353	5
107	354	2
107	357	10
107	358	9
107	359	8
107	360	3
108	109	7
108	110	11
108	111	7
108	112	8
108	113	9
108	114	9
108	115	8
108	116	5
108	117	7
108	118	14
108	119	8
108	120	7
108	121	6
108	122	6
108	123	6
108	124	6
108	125	9
108	126	7
108	127	12
108	128	7
108	129	11
108	130	9
108	131	9
108	132	9
108	133	5
108	134	8
108	135	7
108	136	6
108	137	4
108	138	10
108	139	5
108	140	6
108	141	8
108	142	9
108	143	6
108	144	9
108	145	1
108	146	8
108	147	8
108	148	8
108	149	4
108	150	7
108	151	3
108	152	8
108	153	9
108	154	7
108	155	6
108	156	7
108	157	6
108	158	7
108	159	9
108	160	6
108	161	7
108	162	13
108	163	7
108	164	5
108	165	6
108	166	6
108	167	9
108	168	4
108	169	6
108	170	5
108	171	8
108	172	7
108	173	5
108	174	6
108	175	1
108	176	4
108	177	8
108	178	7
108	179	6
108	180	7
108	181	7
108	182	8
108	183	5
108	184	8
108	185	10
108	187	9
108	188	6
108	189	8
108	190	6
108	191	4
108	192	7
108	193	7
108	194	11
108	195	6
108	197	7
108	198	7
108	200	7
108	201	8
108	202	7
108	203	7
108	204	8
108	205	8
108	206	7
108	207	6
108	208	8
108	209	1
108	210	4
108	211	8
108	212	5
108	213	7
108	214	9
108	215	8
108	216	6
108	217	1
108	218	5
108	219	9
108	220	8
108	221	4
108	222	8
108	223	8
108	224	4
108	225	4
108	226	6
108	227	8
108	228	8
108	229	2
108	230	5
108	231	6
108	232	6
108	233	3
108	234	8
108	235	2
108	236	5
108	237	10
108	238	12
108	240	7
108	241	6
108	242	9
108	243	1
108	244	12
108	245	6
108	246	5
108	247	7
108	248	8
108	249	6
108	250	6
108	251	9
108	252	2
108	253	7
108	254	9
108	255	8
108	256	6
108	257	9
108	258	5
108	259	10
108	260	9
108	261	3
108	262	7
108	263	8
108	264	11
108	265	3
108	266	1
108	267	7
108	268	7
108	269	9
108	270	2
108	272	7
108	273	6
108	274	12
108	275	6
108	276	5
108	277	7
108	278	6
108	279	8
108	281	9
108	282	8
108	283	4
108	284	10
108	285	7
108	286	8
108	287	6
108	288	6
108	289	6
108	290	6
108	292	7
108	293	6
108	294	8
108	295	6
108	296	5
108	297	8
108	298	9
108	299	6
108	300	7
108	302	8
108	303	7
108	305	5
108	306	7
108	307	9
108	308	8
108	309	6
108	310	5
108	311	7
108	312	10
108	313	5
108	314	3
108	315	2
108	316	1
108	317	9
108	318	2
108	320	10
108	321	2
108	322	6
108	324	6
108	325	1
108	326	6
108	327	1
108	328	3
108	329	9
108	330	6
108	331	9
108	332	10
108	333	5
108	334	6
108	335	2
108	336	8
108	337	6
108	338	7
108	339	9
108	340	2
108	341	6
108	342	7
108	344	9
108	346	7
108	347	6
108	348	4
108	349	3
108	350	5
108	351	8
108	352	6
108	353	5
108	354	3
108	357	11
108	358	9
108	359	8
108	360	5
109	110	8
109	111	7
109	112	9
109	113	8
109	114	13
109	115	5
109	116	9
109	117	14
109	118	15
109	119	7
109	120	7
109	121	11
109	122	9
109	123	6
109	124	6
109	125	12
109	126	11
109	127	16
109	128	8
109	129	16
109	130	9
109	131	10
109	132	8
109	133	7
109	134	10
109	135	9
109	136	8
109	137	7
109	138	14
109	139	11
109	140	9
109	141	11
109	142	14
109	143	7
109	144	10
109	146	7
109	147	10
109	148	9
109	149	3
109	150	7
109	152	10
109	153	14
109	154	6
109	155	8
109	156	8
109	157	11
109	158	13
109	159	9
109	160	8
109	161	10
109	162	5
109	163	9
109	164	10
109	165	12
109	166	11
109	167	10
109	168	6
109	169	8
109	170	8
109	171	9
109	172	12
109	173	6
109	174	10
109	175	2
109	176	12
109	177	10
109	178	9
109	179	9
109	180	6
109	181	15
109	182	8
109	183	10
109	184	8
109	185	9
109	186	3
109	187	9
109	188	9
109	189	13
109	190	10
109	191	5
109	192	10
109	193	13
109	194	8
109	195	7
109	197	7
109	198	5
109	200	9
109	201	8
109	202	15
109	203	11
109	204	9
109	205	10
109	206	9
109	207	4
109	208	10
109	209	1
109	210	7
109	211	9
109	212	13
109	213	8
109	214	5
109	215	9
109	216	13
109	217	1
109	218	5
109	219	7
109	220	7
109	221	9
109	222	14
109	223	10
109	224	5
109	225	6
109	226	7
109	227	10
109	228	9
109	229	4
109	230	8
109	231	6
109	232	6
109	233	7
109	234	8
109	235	2
109	236	11
109	237	7
109	238	10
109	240	13
109	241	7
109	242	8
109	243	1
109	244	9
109	245	8
109	246	9
109	247	4
109	248	6
109	249	7
109	250	15
109	251	13
109	252	2
109	253	18
109	254	7
109	255	13
109	256	9
109	257	11
109	258	7
109	259	7
109	260	8
109	261	2
109	262	8
109	263	6
109	264	7
109	265	1
109	266	2
109	267	9
109	268	10
109	269	10
109	270	1
109	271	1
109	272	9
109	273	9
109	274	12
109	275	7
109	276	7
109	277	8
109	278	7
109	279	14
109	281	8
109	282	9
109	283	5
109	284	9
109	285	10
109	286	7
109	287	7
109	288	7
109	289	8
109	290	7
109	291	1
109	292	8
109	293	7
109	294	7
109	295	9
109	296	7
109	297	9
109	298	10
109	299	10
109	300	11
109	302	6
109	303	8
109	304	3
109	305	10
109	306	8
109	307	7
109	308	7
109	309	11
109	310	9
109	311	8
109	312	7
109	313	4
109	314	5
109	315	2
109	316	3
109	317	5
109	318	4
109	320	6
109	321	7
109	322	8
109	324	10
109	326	10
109	327	2
109	328	2
109	329	10
109	330	9
109	331	9
109	332	10
109	333	6
109	334	6
109	335	3
109	336	8
109	337	5
109	338	9
109	339	13
109	341	12
109	342	11
109	344	11
109	346	9
109	347	7
109	348	3
109	349	2
109	350	8
109	351	6
109	352	7
109	353	13
109	354	5
109	355	2
109	357	20
109	358	13
109	359	11
109	360	7
110	111	7
110	112	12
110	113	10
110	114	10
110	115	7
110	116	8
110	117	10
110	118	18
110	119	7
110	120	9
110	121	9
110	122	8
110	123	8
110	124	6
110	125	10
110	126	9
110	127	12
110	128	8
110	129	19
110	130	13
110	131	9
110	132	7
110	133	5
110	134	10
110	135	8
110	136	8
110	137	7
110	138	11
110	139	7
110	140	8
110	141	9
110	142	14
110	143	11
110	144	12
110	146	7
110	147	8
110	148	9
110	149	7
110	150	7
110	152	8
110	153	13
110	154	8
110	155	8
110	156	6
110	157	9
110	158	10
110	159	10
110	160	5
110	161	13
110	162	8
110	163	8
110	164	5
110	165	7
110	166	11
110	167	12
110	168	7
110	169	9
110	170	6
110	171	7
110	172	13
110	173	7
110	174	7
110	175	1
110	176	8
110	177	11
110	178	9
110	179	7
110	180	8
110	181	12
110	182	11
110	183	7
110	184	8
110	185	11
110	186	1
110	187	17
110	188	5
110	189	11
110	190	9
110	191	3
110	192	7
110	193	7
110	194	9
110	195	8
110	196	2
110	197	7
110	198	13
110	200	6
110	201	8
110	202	5
110	203	8
110	204	8
110	205	12
110	206	12
110	207	2
110	208	8
110	209	2
110	210	3
110	211	6
110	212	4
110	213	8
110	214	6
110	215	8
110	216	7
110	217	1
110	218	7
110	219	8
110	220	7
110	221	9
110	222	12
110	223	8
110	224	4
110	225	5
110	226	4
110	227	10
110	228	5
110	229	2
110	230	8
110	231	9
110	232	6
110	233	6
110	234	9
110	235	2
110	236	7
110	237	11
110	238	12
110	240	10
110	241	4
110	242	10
110	243	1
110	244	8
110	245	5
110	246	12
110	247	8
110	248	8
110	249	7
110	250	12
110	251	10
110	253	10
110	254	11
110	255	6
110	256	8
110	257	5
110	258	7
110	259	11
110	260	5
110	261	4
110	262	13
110	263	6
110	264	7
110	266	1
110	267	6
110	268	8
110	269	6
110	270	2
110	272	7
110	273	11
110	274	13
110	275	7
110	276	5
110	277	7
110	278	8
110	279	6
110	281	8
110	282	13
110	283	3
110	284	9
110	285	12
110	286	8
110	287	5
110	288	5
110	289	7
110	290	6
110	291	1
110	292	9
110	293	6
110	294	7
110	295	6
110	296	7
110	297	8
110	298	9
110	299	9
110	300	5
110	302	10
110	303	7
110	305	5
110	306	9
110	307	8
110	308	5
110	309	7
110	310	7
110	311	7
110	312	13
110	313	4
110	314	3
110	315	1
110	317	5
110	318	2
110	320	6
110	321	5
110	322	11
110	324	7
110	325	1
110	326	6
110	328	3
110	329	8
110	330	8
110	331	9
110	332	10
110	333	5
110	334	5
110	335	2
110	336	6
110	337	5
110	338	7
110	339	10
110	340	1
110	341	7
110	342	12
110	344	7
110	346	6
110	347	5
110	348	3
110	349	4
110	350	8
110	351	6
110	352	6
110	353	8
110	354	3
110	355	1
110	357	12
110	358	9
110	359	8
110	360	6
111	112	5
111	113	9
111	114	12
111	115	7
111	116	8
111	117	6
111	118	8
111	119	6
111	120	7
111	121	8
111	122	4
111	123	8
111	124	7
111	125	7
111	126	8
111	127	9
111	128	7
111	129	13
111	130	7
111	131	8
111	132	6
111	133	9
111	134	11
111	135	5
111	136	6
111	137	7
111	138	10
111	139	6
111	140	9
111	141	5
111	142	7
111	143	9
111	144	9
111	146	8
111	147	11
111	148	8
111	149	4
111	150	6
111	151	1
111	152	9
111	153	9
111	154	4
111	155	8
111	156	5
111	157	10
111	158	12
111	159	5
111	160	9
111	161	5
111	162	9
111	163	7
111	164	8
111	165	6
111	166	9
111	167	7
111	168	8
111	169	8
111	170	6
111	171	8
111	172	9
111	173	4
111	174	6
111	175	2
111	176	6
111	177	5
111	178	9
111	179	5
111	180	7
111	181	7
111	182	6
111	183	6
111	184	6
111	185	9
111	187	10
111	188	8
111	189	10
111	190	9
111	191	8
111	192	11
111	193	6
111	194	4
111	195	7
111	197	4
111	198	5
111	200	12
111	201	9
111	202	8
111	203	6
111	204	7
111	205	6
111	206	8
111	207	1
111	208	9
111	209	1
111	210	3
111	211	8
111	212	5
111	213	7
111	214	10
111	215	9
111	216	6
111	217	1
111	218	7
111	219	6
111	220	7
111	221	5
111	222	6
111	223	5
111	224	4
111	225	4
111	226	4
111	227	10
111	228	7
111	229	3
111	230	6
111	231	7
111	232	6
111	233	4
111	234	10
111	235	2
111	236	9
111	237	6
111	238	9
111	240	8
111	241	8
111	242	7
111	243	1
111	244	10
111	245	7
111	246	7
111	247	5
111	248	8
111	249	10
111	250	9
111	251	10
111	253	10
111	254	6
111	255	9
111	256	3
111	257	10
111	258	8
111	259	6
111	260	6
111	261	3
111	262	5
111	263	9
111	264	5
111	266	1
111	267	8
111	268	6
111	269	8
111	270	1
111	271	1
111	272	8
111	273	8
111	274	8
111	275	9
111	276	9
111	277	9
111	278	6
111	279	6
111	281	7
111	282	7
111	283	5
111	284	7
111	285	8
111	286	3
111	287	7
111	288	8
111	289	7
111	290	5
111	291	3
111	292	5
111	293	7
111	294	7
111	295	9
111	296	5
111	297	5
111	298	11
111	299	6
111	300	9
111	302	4
111	303	5
111	305	6
111	306	8
111	307	6
111	308	8
111	309	6
111	310	7
111	311	6
111	312	7
111	313	3
111	314	2
111	315	1
111	317	10
111	318	2
111	320	6
111	321	3
111	322	6
111	324	5
111	326	8
111	328	3
111	329	8
111	330	7
111	331	8
111	332	9
111	333	4
111	334	9
111	335	1
111	336	6
111	337	4
111	338	8
111	339	7
111	340	1
111	341	7
111	342	8
111	344	6
111	346	10
111	347	7
111	348	3
111	349	1
111	350	9
111	351	5
111	352	5
111	353	5
111	354	1
111	357	8
111	358	9
111	359	8
111	360	5
112	113	7
112	114	12
112	115	7
112	116	7
112	117	9
112	118	13
112	119	10
112	120	5
112	121	12
112	122	9
112	123	7
112	124	7
112	125	8
112	126	11
112	127	12
112	128	8
112	129	15
112	130	9
112	131	3
112	132	7
112	133	7
112	134	12
112	135	7
112	136	14
112	137	5
112	138	14
112	139	8
112	140	8
112	141	7
112	142	16
112	143	8
112	144	13
112	146	7
112	147	9
112	148	12
112	149	3
112	150	8
112	152	10
112	153	12
112	154	10
112	155	10
112	156	10
112	157	9
112	158	13
112	159	5
112	160	8
112	161	8
112	162	7
112	163	8
112	164	7
112	165	14
112	166	10
112	167	9
112	168	5
112	169	6
112	170	5
112	171	9
112	172	12
112	173	6
112	174	7
112	175	1
112	176	8
112	177	7
112	178	7
112	179	7
112	180	9
112	181	12
112	182	8
112	183	8
112	184	10
112	185	16
112	186	1
112	187	13
112	188	8
112	189	15
112	190	6
112	191	3
112	192	9
112	193	7
112	194	9
112	195	6
112	196	1
112	197	7
112	198	9
112	200	7
112	201	6
112	202	7
112	203	9
112	204	8
112	205	15
112	206	8
112	208	7
112	209	1
112	210	6
112	211	6
112	212	5
112	213	10
112	214	6
112	215	8
112	216	5
112	217	1
112	218	8
112	219	9
112	220	7
112	221	7
112	222	8
112	223	8
112	224	3
112	225	6
112	226	4
112	227	10
112	228	4
112	229	1
112	230	5
112	231	6
112	232	7
112	233	5
112	234	10
112	235	1
112	236	6
112	237	7
112	238	10
112	240	11
112	241	5
112	242	10
112	243	2
112	244	6
112	245	7
112	246	8
112	247	7
112	248	9
112	249	8
112	250	11
112	251	9
112	253	12
112	254	10
112	255	6
112	256	7
112	257	4
112	258	7
112	259	12
112	260	5
112	261	4
112	262	10
112	263	9
112	264	7
112	267	5
112	268	9
112	269	8
112	270	1
112	271	1
112	272	7
112	273	10
112	274	10
112	275	6
112	276	5
112	277	6
112	278	8
112	279	5
112	281	7
112	282	10
112	283	3
112	284	10
112	285	16
112	286	8
112	287	6
112	288	5
112	289	7
112	290	5
112	292	10
112	293	7
112	294	6
112	295	6
112	296	5
112	297	9
112	298	12
112	299	7
112	300	6
112	302	9
112	303	9
112	305	7
112	306	7
112	307	8
112	308	6
112	309	6
112	310	6
112	311	5
112	312	11
112	313	3
112	314	2
112	315	1
112	317	9
112	318	4
112	320	7
112	321	2
112	322	11
112	324	9
112	326	7
112	328	3
112	329	9
112	330	12
112	331	5
112	332	10
112	333	6
112	334	8
112	335	2
112	336	7
112	337	5
112	338	9
112	339	10
112	340	1
112	341	6
112	342	10
112	344	6
112	346	7
112	347	6
112	348	2
112	349	1
112	350	7
112	351	6
112	352	8
112	353	8
112	354	4
112	357	9
112	358	13
112	359	7
112	360	4
113	114	12
113	115	8
113	116	9
113	117	10
113	118	15
113	119	8
113	120	9
113	121	7
113	122	5
113	123	6
113	124	9
113	125	12
113	126	10
113	127	12
113	128	6
113	129	11
113	130	13
113	131	8
113	132	6
113	133	6
113	134	14
113	135	10
113	136	7
113	137	9
113	138	11
113	139	7
113	140	6
113	141	10
113	142	7
113	143	7
113	144	12
113	146	10
113	147	9
113	148	11
113	149	5
113	150	12
113	152	7
113	153	12
113	154	11
113	155	6
113	156	8
113	157	11
113	158	12
113	159	10
113	160	9
113	161	12
113	162	7
113	163	6
113	164	8
113	165	7
113	166	8
113	167	9
113	168	10
113	169	8
113	170	12
113	171	7
113	172	11
113	173	8
113	174	5
113	175	3
113	176	8
113	177	7
113	178	10
113	179	5
113	180	6
113	181	18
113	182	6
113	183	11
113	184	7
113	185	10
113	186	1
113	187	12
113	188	7
113	189	10
113	190	6
113	191	5
113	192	9
113	193	7
113	194	10
113	195	5
113	196	1
113	197	13
113	198	10
113	200	10
113	201	7
113	202	5
113	203	7
113	204	7
113	205	10
113	206	10
113	207	1
113	208	7
113	209	1
113	210	4
113	211	7
113	212	9
113	213	6
113	214	8
113	215	12
113	216	9
113	217	1
113	218	8
113	219	8
113	220	7
113	221	4
113	222	7
113	223	4
113	224	5
113	225	4
113	226	5
113	227	10
113	228	6
113	229	4
113	230	6
113	231	12
113	232	11
113	233	5
113	234	17
113	235	2
113	236	8
113	237	8
113	238	10
113	240	6
113	241	15
113	242	7
113	243	2
113	244	12
113	245	7
113	246	5
113	247	7
113	248	8
113	249	7
113	250	7
113	251	9
113	252	1
113	253	10
113	254	8
113	255	7
113	256	6
113	257	7
113	258	10
113	259	11
113	260	8
113	261	5
113	262	6
113	263	13
113	264	12
113	265	3
113	266	1
113	267	6
113	268	11
113	269	11
113	270	1
113	272	6
113	273	6
113	274	12
113	275	11
113	276	7
113	277	8
113	278	11
113	279	8
113	281	8
113	282	8
113	283	3
113	284	11
113	285	6
113	286	7
113	287	9
113	288	9
113	289	6
113	290	7
113	292	7
113	293	8
113	294	7
113	295	10
113	296	8
113	297	6
113	298	13
113	299	7
113	300	6
113	302	9
113	303	8
113	304	2
113	305	6
113	306	10
113	307	11
113	308	5
113	309	8
113	310	11
113	311	7
113	312	12
113	313	4
113	314	4
113	315	2
113	316	1
113	317	12
113	318	2
113	320	8
113	321	4
113	322	9
113	324	5
113	326	9
113	328	4
113	329	7
113	330	6
113	331	7
113	332	10
113	333	17
113	334	13
113	335	1
113	336	7
113	337	4
113	338	7
113	339	7
113	340	1
113	341	8
113	342	6
113	344	11
113	346	13
113	347	9
113	348	5
113	349	2
113	350	9
113	351	13
113	352	9
113	353	6
113	354	2
113	355	1
113	357	13
113	358	6
113	359	10
113	360	4
114	115	10
114	116	12
114	117	8
114	118	13
114	119	10
114	120	11
114	121	10
114	122	9
114	123	9
114	124	9
114	125	10
114	126	13
114	127	12
114	128	10
114	129	21
114	130	13
114	131	23
114	132	9
114	133	9
114	134	14
114	135	10
114	136	10
114	137	9
114	138	11
114	139	7
114	140	10
114	141	8
114	142	14
114	143	11
114	144	12
114	146	12
114	147	14
114	148	13
114	149	5
114	150	9
114	151	1
114	152	14
114	153	14
114	154	10
114	155	13
114	156	8
114	157	11
114	158	16
114	159	6
114	160	12
114	161	11
114	162	10
114	163	12
114	164	9
114	165	13
114	166	13
114	167	13
114	168	8
114	169	12
114	170	11
114	171	10
114	172	12
114	173	9
114	174	8
114	175	2
114	176	9
114	177	11
114	178	14
114	179	8
114	180	11
114	181	17
114	182	10
114	183	10
114	184	11
114	185	14
114	186	1
114	187	12
114	188	12
114	189	14
114	190	13
114	191	6
114	192	14
114	193	11
114	194	9
114	195	7
114	196	1
114	197	8
114	198	11
114	200	15
114	201	11
114	202	12
114	203	10
114	204	7
114	205	10
114	206	11
114	207	2
114	208	11
114	209	1
114	210	4
114	211	11
114	212	9
114	213	10
114	214	10
114	215	13
114	216	11
114	217	3
114	218	11
114	219	12
114	220	11
114	221	7
114	222	9
114	223	10
114	224	5
114	225	7
114	226	5
114	227	17
114	228	7
114	229	3
114	230	7
114	231	10
114	232	9
114	233	6
114	234	16
114	235	2
114	236	14
114	237	9
114	238	14
114	240	11
114	241	9
114	242	13
114	243	2
114	244	11
114	245	15
114	246	10
114	247	5
114	248	15
114	249	13
114	250	13
114	251	13
114	253	15
114	254	9
114	255	14
114	256	7
114	257	12
114	258	10
114	259	10
114	260	10
114	261	4
114	262	7
114	263	14
114	264	13
114	265	2
114	266	1
114	267	12
114	268	16
114	269	11
114	270	1
114	271	1
114	272	10
114	273	14
114	274	11
114	275	10
114	276	8
114	277	11
114	278	9
114	279	8
114	281	10
114	282	14
114	283	5
114	284	13
114	285	10
114	286	5
114	287	8
114	288	13
114	289	8
114	290	7
114	292	11
114	293	9
114	294	10
114	295	14
114	296	8
114	297	10
114	298	16
114	299	11
114	300	13
114	302	8
114	303	10
114	305	9
114	306	12
114	307	10
114	308	9
114	309	8
114	310	10
114	311	6
114	312	9
114	313	4
114	314	3
114	315	2
114	316	1
114	317	14
114	318	3
114	320	9
114	321	3
114	322	9
114	324	11
114	325	1
114	326	9
114	327	1
114	328	3
114	329	13
114	330	9
114	331	9
114	332	13
114	333	9
114	334	11
114	335	3
114	336	9
114	337	6
114	338	12
114	339	11
114	340	1
114	341	7
114	342	13
114	344	6
114	346	13
114	347	8
114	348	3
114	349	3
114	350	11
114	351	8
114	352	9
114	353	7
114	354	4
114	357	11
114	358	13
114	359	10
114	360	6
115	116	4
115	117	10
115	118	9
115	119	7
115	120	7
115	121	8
115	122	6
115	123	8
115	124	6
115	125	9
115	126	7
115	127	7
115	128	9
115	129	14
115	130	9
115	131	5
115	132	6
115	133	9
115	134	12
115	135	5
115	136	5
115	137	8
115	138	9
115	139	7
115	140	10
115	141	8
115	142	8
115	143	6
115	144	15
115	146	11
115	147	8
115	148	9
115	149	3
115	150	6
115	152	10
115	153	10
115	154	7
115	155	10
115	156	5
115	157	7
115	158	11
115	159	7
115	160	6
115	161	9
115	162	9
115	163	6
115	164	10
115	165	8
115	166	10
115	167	9
115	168	6
115	169	9
115	170	5
115	171	6
115	172	8
115	173	6
115	174	8
115	175	1
115	176	8
115	177	5
115	178	8
115	179	5
115	180	7
115	181	9
115	182	7
115	183	6
115	184	6
115	185	7
115	186	1
115	187	10
115	188	11
115	189	8
115	190	6
115	191	4
115	192	9
115	193	10
115	194	10
115	195	7
115	196	1
115	197	6
115	198	8
115	200	8
115	201	5
115	202	8
115	203	8
115	204	6
115	205	9
115	206	7
115	207	3
115	208	7
115	210	4
115	211	8
115	212	5
115	213	8
115	214	6
115	215	10
115	216	7
115	217	2
115	218	8
115	219	5
115	220	7
115	221	5
115	222	8
115	223	10
115	224	4
115	225	6
115	226	4
115	227	10
115	228	6
115	229	2
115	230	4
115	231	6
115	232	5
115	233	4
115	234	6
115	235	1
115	236	9
115	237	6
115	238	10
115	240	6
115	241	3
115	242	8
115	243	2
115	244	8
115	245	7
115	246	10
115	247	7
115	248	10
115	249	8
115	250	7
115	251	11
115	253	10
115	254	7
115	255	8
115	256	7
115	257	6
115	258	5
115	259	10
115	260	9
115	261	4
115	262	6
115	263	8
115	264	6
115	265	1
115	266	1
115	267	8
115	268	8
115	269	8
115	270	4
115	272	9
115	273	11
115	274	15
115	275	5
115	276	10
115	277	8
115	278	8
115	279	7
115	281	6
115	282	11
115	283	3
115	284	10
115	285	9
115	286	7
115	287	6
115	288	7
115	289	8
115	290	4
115	292	11
115	293	10
115	294	5
115	295	7
115	296	6
115	297	8
115	298	8
115	299	7
115	300	6
115	302	6
115	303	6
115	304	1
115	305	6
115	306	7
115	307	9
115	308	8
115	309	5
115	310	6
115	311	7
115	312	6
115	313	5
115	314	4
115	315	2
115	317	7
115	318	2
115	320	6
115	321	4
115	322	10
115	324	7
115	326	7
115	327	2
115	328	1
115	329	7
115	330	6
115	331	8
115	332	9
115	333	5
115	334	7
115	335	2
115	336	8
115	337	3
115	338	4
115	339	6
115	340	2
115	341	5
115	342	8
115	344	9
115	346	8
115	347	10
115	348	3
115	349	2
115	350	6
115	351	7
115	352	8
115	353	4
115	354	4
115	355	1
115	357	8
115	358	8
115	359	5
115	360	5
116	117	7
116	118	16
116	119	5
116	120	8
116	121	7
116	122	6
116	123	6
116	124	9
116	125	14
116	126	10
116	127	14
116	128	6
116	129	14
116	130	9
116	131	7
116	132	6
116	133	6
116	134	5
116	135	5
116	136	6
116	137	7
116	138	15
116	139	5
116	140	8
116	141	8
116	142	9
116	143	7
116	144	9
116	146	6
116	147	6
116	148	6
116	149	5
116	150	6
116	152	6
116	153	10
116	154	8
116	155	5
116	156	7
116	157	8
116	158	12
116	159	6
116	160	8
116	161	10
116	162	7
116	163	8
116	164	8
116	165	6
116	166	8
116	167	6
116	168	9
116	169	6
116	170	6
116	171	6
116	172	8
116	173	7
116	174	7
116	175	2
116	176	7
116	177	7
116	178	9
116	179	8
116	180	5
116	181	10
116	182	7
116	183	8
116	184	6
116	185	7
116	187	7
116	188	4
116	189	9
116	190	10
116	191	4
116	192	10
116	193	4
116	194	7
116	195	5
116	197	5
116	198	8
116	200	6
116	201	6
116	202	8
116	203	7
116	204	8
116	205	8
116	206	10
116	207	1
116	208	8
116	209	3
116	210	6
116	211	7
116	212	8
116	213	6
116	214	7
116	215	7
116	216	6
116	217	2
116	218	7
116	219	3
116	220	8
116	221	6
116	222	7
116	223	9
116	224	5
116	225	6
116	226	6
116	227	7
116	228	7
116	229	3
116	230	10
116	231	5
116	232	6
116	233	5
116	234	8
116	235	2
116	236	6
116	237	8
116	238	8
116	239	1
116	240	6
116	241	9
116	242	5
116	243	1
116	244	6
116	245	5
116	246	6
116	247	6
116	248	8
116	249	7
116	250	10
116	251	7
116	252	1
116	253	8
116	254	9
116	255	6
116	256	6
116	257	6
116	258	8
116	259	6
116	260	4
116	261	4
116	262	8
116	263	9
116	264	5
116	266	2
116	267	8
116	268	9
116	269	6
116	270	2
116	271	1
116	272	8
116	273	6
116	274	11
116	275	10
116	276	6
116	277	7
116	278	6
116	279	16
116	281	5
116	282	7
116	283	7
116	284	8
116	285	9
116	286	4
116	287	7
116	288	4
116	289	8
116	290	10
116	291	1
116	292	6
116	293	6
116	294	5
116	295	4
116	296	8
116	297	7
116	298	7
116	299	10
116	300	6
116	302	8
116	303	9
116	304	3
116	305	6
116	306	8
116	307	6
116	308	5
116	309	7
116	310	8
116	311	9
116	312	5
116	313	3
116	314	3
116	315	1
116	317	5
116	318	2
116	320	10
116	321	6
116	322	7
116	324	5
116	326	6
116	327	1
116	328	4
116	329	7
116	330	11
116	331	7
116	332	7
116	333	5
116	334	7
116	335	1
116	336	5
116	337	4
116	338	10
116	339	7
116	340	1
116	341	10
116	342	8
116	344	6
116	346	7
116	347	5
116	348	3
116	349	2
116	350	9
116	351	6
116	352	5
116	353	8
116	354	2
116	355	2
116	357	14
116	358	10
116	359	10
116	360	7
117	118	12
117	119	10
117	120	7
117	121	8
117	122	6
117	123	9
117	124	6
117	125	14
117	126	8
117	127	9
117	128	6
117	129	16
117	130	13
117	131	4
117	132	6
117	133	7
117	134	11
117	135	7
117	136	7
117	137	7
117	138	19
117	139	7
117	140	9
117	141	9
117	142	14
117	143	4
117	144	14
117	146	9
117	147	8
117	148	8
117	149	3
117	150	5
117	152	10
117	153	9
117	154	8
117	155	9
117	156	7
117	157	12
117	158	11
117	159	8
117	160	6
117	161	9
117	162	6
117	163	7
117	164	6
117	165	10
117	166	9
117	167	11
117	168	6
117	169	6
117	170	6
117	171	8
117	172	11
117	173	7
117	174	10
117	175	1
117	176	12
117	177	7
117	178	7
117	179	7
117	180	5
117	181	21
117	182	9
117	183	7
117	184	7
117	185	11
117	186	1
117	187	10
117	188	9
117	189	11
117	190	9
117	191	2
117	192	8
117	193	8
117	194	8
117	195	4
117	197	8
117	198	9
117	200	9
117	201	4
117	202	7
117	203	7
117	204	8
117	205	11
117	206	8
117	207	2
117	208	7
117	209	2
117	210	4
117	211	7
117	212	8
117	213	9
117	214	5
117	215	7
117	216	9
117	217	2
117	218	6
117	219	4
117	220	7
117	221	8
117	222	10
117	223	12
117	224	4
117	225	7
117	226	3
117	227	8
117	228	4
117	229	2
117	230	7
117	231	7
117	232	6
117	233	3
117	234	6
117	235	1
117	236	8
117	237	7
117	238	9
117	239	1
117	240	10
117	241	4
117	242	10
117	243	1
117	244	8
117	245	6
117	246	11
117	247	7
117	248	10
117	249	5
117	250	13
117	251	10
117	253	12
117	254	7
117	255	9
117	256	9
117	257	3
117	258	5
117	259	7
117	260	7
117	261	4
117	262	9
117	263	9
117	264	6
117	266	1
117	267	7
117	268	6
117	269	8
117	270	3
117	272	6
117	273	11
117	274	9
117	275	6
117	276	5
117	277	9
117	278	8
117	279	12
117	281	5
117	282	13
117	283	5
117	284	9
117	285	9
117	286	5
117	287	5
117	288	4
117	289	8
117	290	5
117	291	1
117	292	8
117	293	7
117	294	5
117	295	5
117	296	4
117	297	7
117	298	6
117	299	7
117	300	7
117	302	10
117	303	6
117	304	1
117	305	6
117	306	9
117	307	8
117	308	5
117	309	5
117	310	6
117	311	5
117	312	11
117	313	4
117	314	3
117	315	2
117	317	6
117	318	3
117	320	8
117	321	8
117	322	11
117	324	5
117	326	8
117	327	1
117	328	3
117	329	8
117	330	9
117	331	7
117	332	12
117	333	5
117	334	6
117	335	2
117	336	8
117	337	5
117	338	9
117	339	7
117	340	1
117	341	5
117	342	9
117	344	10
117	346	7
117	347	7
117	348	3
117	349	2
117	350	5
117	351	7
117	352	8
117	353	11
117	354	5
117	355	1
117	357	11
117	358	9
117	359	6
117	360	6
117	361	1
118	119	9
118	120	10
118	121	7
118	122	10
118	123	8
118	124	10
118	125	21
118	126	11
118	127	17
118	128	10
118	129	26
118	130	16
118	131	10
118	132	9
118	133	8
118	134	15
118	135	11
118	136	8
118	137	9
118	138	28
118	139	9
118	140	11
118	141	15
118	142	19
118	143	12
118	144	11
118	146	12
118	147	15
118	148	11
118	149	6
118	150	8
118	151	1
118	152	10
118	153	13
118	154	14
118	155	7
118	156	9
118	157	13
118	158	14
118	159	16
118	160	9
118	161	20
118	162	10
118	163	10
118	164	9
118	165	11
118	166	11
118	167	12
118	168	10
118	169	17
118	170	8
118	171	8
118	172	17
118	173	10
118	174	10
118	175	2
118	176	9
118	177	12
118	178	14
118	179	9
118	180	11
118	181	18
118	182	13
118	183	9
118	184	10
118	185	12
118	186	2
118	187	16
118	188	7
118	189	13
118	190	9
118	191	5
118	192	9
118	193	10
118	194	11
118	195	10
118	196	1
118	197	9
118	198	10
118	200	6
118	201	8
118	202	11
118	203	12
118	204	8
118	205	11
118	206	14
118	207	4
118	208	8
118	209	3
118	210	4
118	211	7
118	212	11
118	213	8
118	214	12
118	215	11
118	216	7
118	217	2
118	218	13
118	219	9
118	220	9
118	221	8
118	222	12
118	223	15
118	224	6
118	225	8
118	226	4
118	227	15
118	228	6
118	229	4
118	230	11
118	231	7
118	232	8
118	233	7
118	234	14
118	235	2
118	236	8
118	237	11
118	238	14
118	239	1
118	240	13
118	241	12
118	242	9
118	243	1
118	244	9
118	245	6
118	246	11
118	247	7
118	248	8
118	249	9
118	250	16
118	251	12
118	253	15
118	254	13
118	255	7
118	256	11
118	257	7
118	258	9
118	259	11
118	260	9
118	261	5
118	262	15
118	263	11
118	264	10
118	265	1
118	266	1
118	267	8
118	268	12
118	269	10
118	270	3
118	272	10
118	273	12
118	274	12
118	275	11
118	276	11
118	277	7
118	278	8
118	279	16
118	281	7
118	282	10
118	283	6
118	284	11
118	285	10
118	286	10
118	287	8
118	288	6
118	289	8
118	290	8
118	291	2
118	292	8
118	293	8
118	294	9
118	295	6
118	296	9
118	297	9
118	298	13
118	299	9
118	300	9
118	302	11
118	303	10
118	305	8
118	306	12
118	307	8
118	308	8
118	309	9
118	310	9
118	311	10
118	312	20
118	313	4
118	314	4
118	315	2
118	317	8
118	318	2
118	320	9
118	321	5
118	322	8
118	324	8
118	326	9
118	327	1
118	328	4
118	329	10
118	330	11
118	331	5
118	332	10
118	333	10
118	334	6
118	335	2
118	336	7
118	337	5
118	338	9
118	339	12
118	340	1
118	341	6
118	342	10
118	344	8
118	346	8
118	347	7
118	348	3
118	349	3
118	350	8
118	351	6
118	352	6
118	353	13
118	354	4
118	355	2
118	357	20
118	358	13
118	359	9
118	360	5
119	120	5
119	121	8
119	122	7
119	123	6
119	124	8
119	125	5
119	126	8
119	127	11
119	128	6
119	129	13
119	130	10
119	131	5
119	132	7
119	133	7
119	134	8
119	135	7
119	136	7
119	137	6
119	138	12
119	139	7
119	140	8
119	141	6
119	142	10
119	143	6
119	144	11
119	146	7
119	147	5
119	148	10
119	149	5
119	150	8
119	152	8
119	153	10
119	154	7
119	155	5
119	156	9
119	157	8
119	158	8
119	159	10
119	160	5
119	161	10
119	162	6
119	163	8
119	164	6
119	165	9
119	166	6
119	167	9
119	168	6
119	169	6
119	170	7
119	171	7
119	172	8
119	173	5
119	174	6
119	175	2
119	176	11
119	177	6
119	178	10
119	179	5
119	180	8
119	181	8
119	182	7
119	183	6
119	184	8
119	185	10
119	186	1
119	187	8
119	188	5
119	189	11
119	190	6
119	191	3
119	192	5
119	193	8
119	194	10
119	195	7
119	196	1
119	197	6
119	198	9
119	200	7
119	201	5
119	202	11
119	203	6
119	204	6
119	205	8
119	206	6
119	207	1
119	208	4
119	209	1
119	210	3
119	211	6
119	212	7
119	213	6
119	214	5
119	215	7
119	216	7
119	217	3
119	218	6
119	219	6
119	220	8
119	221	3
119	222	7
119	223	6
119	224	5
119	225	3
119	226	6
119	227	9
119	228	6
119	229	5
119	230	6
119	231	7
119	232	8
119	233	2
119	234	10
119	235	2
119	236	10
119	237	5
119	238	9
119	240	7
119	241	7
119	242	7
119	243	1
119	244	6
119	245	4
119	246	8
119	247	7
119	248	11
119	249	8
119	250	7
119	251	8
119	252	1
119	253	7
119	254	9
119	255	5
119	256	9
119	257	6
119	258	7
119	259	10
119	260	7
119	261	4
119	262	8
119	263	8
119	264	8
119	265	1
119	266	1
119	267	5
119	268	6
119	269	8
119	270	2
119	271	1
119	272	7
119	273	6
119	274	10
119	275	3
119	276	4
119	277	6
119	278	7
119	279	5
119	281	10
119	282	10
119	283	4
119	284	7
119	285	8
119	286	6
119	287	6
119	288	8
119	289	5
119	290	4
119	291	1
119	292	7
119	293	5
119	294	8
119	295	8
119	296	7
119	297	8
119	298	11
119	299	8
119	300	7
119	302	5
119	303	8
119	304	1
119	305	5
119	306	7
119	307	10
119	308	8
119	309	6
119	310	6
119	311	6
119	312	8
119	313	3
119	314	4
119	315	2
119	316	1
119	317	10
119	318	1
119	320	7
119	321	5
119	322	6
119	324	5
119	326	5
119	327	1
119	328	3
119	329	9
119	330	7
119	331	8
119	332	9
119	333	7
119	334	10
119	335	2
119	336	8
119	337	4
119	338	7
119	339	9
119	340	1
119	341	5
119	342	8
119	344	7
119	346	8
119	347	3
119	348	4
119	349	1
119	350	7
119	351	7
119	352	7
119	353	5
119	354	2
119	355	1
119	357	8
119	358	8
119	359	7
119	360	4
120	121	5
120	122	7
120	123	9
120	124	5
120	125	7
120	126	11
120	127	10
120	128	7
120	129	12
120	130	7
120	131	8
120	132	8
120	133	6
120	134	11
120	135	4
120	136	4
120	137	7
120	138	5
120	139	5
120	140	8
120	141	8
120	142	8
120	143	7
120	144	10
120	146	7
120	147	8
120	148	7
120	149	5
120	150	8
120	152	8
120	153	7
120	154	5
120	155	7
120	156	9
120	157	8
120	158	11
120	159	9
120	160	8
120	161	7
120	162	8
120	163	9
120	164	6
120	165	6
120	166	6
120	167	7
120	168	10
120	169	8
120	170	6
120	171	7
120	172	8
120	173	6
120	174	7
120	175	2
120	176	9
120	177	7
120	178	7
120	179	5
120	180	8
120	181	11
120	182	7
120	183	8
120	184	11
120	185	5
120	186	1
120	187	7
120	188	7
120	189	10
120	190	10
120	191	4
120	192	8
120	193	7
120	194	6
120	195	5
120	196	1
120	197	6
120	198	8
120	200	9
120	201	7
120	202	7
120	203	9
120	204	7
120	205	9
120	206	8
120	207	2
120	208	8
120	209	2
120	210	3
120	211	7
120	212	7
120	213	6
120	214	8
120	215	10
120	216	9
120	217	1
120	218	7
120	219	8
120	220	8
120	221	6
120	222	7
120	223	5
120	224	4
120	225	3
120	226	5
120	227	6
120	228	6
120	229	4
120	230	7
120	231	6
120	232	8
120	233	7
120	234	12
120	235	3
120	236	10
120	237	8
120	238	10
120	239	1
120	240	8
120	241	6
120	242	8
120	243	1
120	244	8
120	245	6
120	246	8
120	247	4
120	248	8
120	249	11
120	250	8
120	251	8
120	253	11
120	254	8
120	255	8
120	256	6
120	257	7
120	258	23
120	259	5
120	260	5
120	261	3
120	262	6
120	263	5
120	264	6
120	266	1
120	267	9
120	268	7
120	269	7
120	270	1
120	271	1
120	272	7
120	273	6
120	274	10
120	275	7
120	276	7
120	277	9
120	278	8
120	279	7
120	281	6
120	282	6
120	283	4
120	284	10
120	285	11
120	286	4
120	287	8
120	288	8
120	289	7
120	290	7
120	291	2
120	292	6
120	293	6
120	294	7
120	295	9
120	296	4
120	297	4
120	298	10
120	299	7
120	300	7
120	302	5
120	303	5
120	305	6
120	306	6
120	307	9
120	308	6
120	309	6
120	310	7
120	311	6
120	312	7
120	313	4
120	314	4
120	315	1
120	317	7
120	318	1
120	320	4
120	321	5
120	322	7
120	324	10
120	326	6
120	327	1
120	328	2
120	329	9
120	330	6
120	331	6
120	332	7
120	333	7
120	334	6
120	336	5
120	337	2
120	338	5
120	339	10
120	340	1
120	341	6
120	342	7
120	344	7
120	346	8
120	347	6
120	348	4
120	349	4
120	350	9
120	351	7
120	352	8
120	353	6
120	354	2
120	355	1
120	357	9
120	358	7
120	359	8
120	360	4
120	361	1
121	122	9
121	123	10
121	124	6
121	125	9
121	126	9
121	127	10
121	128	7
121	129	15
121	130	9
121	131	6
121	132	6
121	133	7
121	134	11
121	135	6
121	136	13
121	137	7
121	138	11
121	139	8
121	140	9
121	141	7
121	142	13
121	143	7
121	144	13
121	146	6
121	147	7
121	148	8
121	149	3
121	150	6
121	152	9
121	153	12
121	154	8
121	155	10
121	156	6
121	157	9
121	158	18
121	159	4
121	160	11
121	161	5
121	162	6
121	163	7
121	164	9
121	165	9
121	166	13
121	167	8
121	168	6
121	169	6
121	170	4
121	171	6
121	172	13
121	173	4
121	174	13
121	175	1
121	176	7
121	177	6
121	178	6
121	179	7
121	180	7
121	181	12
121	182	7
121	183	6
121	184	7
121	185	9
121	187	10
121	188	10
121	189	13
121	190	9
121	191	5
121	192	11
121	193	8
121	194	7
121	195	8
121	197	5
121	198	11
121	200	8
121	201	7
121	202	8
121	203	7
121	204	8
121	205	9
121	206	9
121	207	1
121	208	8
121	210	5
121	211	9
121	212	4
121	213	10
121	214	5
121	215	8
121	216	7
121	218	7
121	219	7
121	220	7
121	221	8
121	222	9
121	223	6
121	224	4
121	225	6
121	226	6
121	227	9
121	228	5
121	229	3
121	230	5
121	231	6
121	232	5
121	233	4
121	234	8
121	235	1
121	236	9
121	237	7
121	238	8
121	240	8
121	241	5
121	242	7
121	243	1
121	244	8
121	245	8
121	246	7
121	247	6
121	248	7
121	249	9
121	250	11
121	251	10
121	253	12
121	254	9
121	255	8
121	256	6
121	257	8
121	258	5
121	259	8
121	260	6
121	261	3
121	262	8
121	263	8
121	264	9
121	266	1
121	267	6
121	268	7
121	269	8
121	270	2
121	271	1
121	272	7
121	273	9
121	274	10
121	275	7
121	276	5
121	277	7
121	278	8
121	279	7
121	281	6
121	282	10
121	283	4
121	284	9
121	285	7
121	286	5
121	287	8
121	288	6
121	289	8
121	290	6
121	292	7
121	293	7
121	294	6
121	295	7
121	296	5
121	297	9
121	298	9
121	299	8
121	300	6
121	302	6
121	303	7
121	304	1
121	305	7
121	306	7
121	307	8
121	308	6
121	309	4
121	310	7
121	311	6
121	312	7
121	313	4
121	314	2
121	315	1
121	317	7
121	318	3
121	320	7
121	321	4
121	322	11
121	324	7
121	326	8
121	327	1
121	328	2
121	329	10
121	330	10
121	331	8
121	332	9
121	333	4
121	334	6
121	335	2
121	336	8
121	337	3
121	338	7
121	339	10
121	340	1
121	341	6
121	342	10
121	344	6
121	346	7
121	347	7
121	348	3
121	349	2
121	350	8
121	351	6
121	352	7
121	353	7
121	354	5
121	355	1
121	357	11
121	358	12
121	359	5
121	360	5
122	123	8
122	124	6
122	125	8
122	126	9
122	127	8
122	128	6
122	129	13
122	130	8
122	131	5
122	132	6
122	133	7
122	134	7
122	135	8
122	136	8
122	137	6
122	138	7
122	139	7
122	140	7
122	141	6
122	142	13
122	143	6
122	144	8
122	146	6
122	147	5
122	148	7
122	149	3
122	150	7
122	152	7
122	153	10
122	154	5
122	155	6
122	156	11
122	157	7
122	158	10
122	159	5
122	160	7
122	161	6
122	162	4
122	163	8
122	164	7
122	165	6
122	166	7
122	167	8
122	168	7
122	169	6
122	170	4
122	171	6
122	172	9
122	173	5
122	174	6
122	175	2
122	176	7
122	177	8
122	178	7
122	179	8
122	180	7
122	181	10
122	182	8
122	183	7
122	184	9
122	185	7
122	186	1
122	187	6
122	188	8
122	189	13
122	190	8
122	191	4
122	192	12
122	193	8
122	194	7
122	195	8
122	197	5
122	198	8
122	200	6
122	201	6
122	202	9
122	203	7
122	204	6
122	205	7
122	206	10
122	207	1
122	208	6
122	209	1
122	210	3
122	211	6
122	212	4
122	213	7
122	214	4
122	215	7
122	216	7
122	217	2
122	218	9
122	219	6
122	220	7
122	221	7
122	222	9
122	223	8
122	224	4
122	225	6
122	226	5
122	227	9
122	228	6
122	229	1
122	230	5
122	231	5
122	232	6
122	233	7
122	234	8
122	235	2
122	236	8
122	237	8
122	238	11
122	240	8
122	241	5
122	242	9
122	243	1
122	244	5
122	245	5
122	246	6
122	247	4
122	248	6
122	249	7
122	250	8
122	251	8
122	253	11
122	254	8
122	255	9
122	256	5
122	257	6
122	258	8
122	259	7
122	260	5
122	261	4
122	262	10
122	263	6
122	264	7
122	267	5
122	268	7
122	269	8
122	270	1
122	272	7
122	273	8
122	274	8
122	275	7
122	276	6
122	277	7
122	278	8
122	279	6
122	281	7
122	282	7
122	283	3
122	284	11
122	285	7
122	286	6
122	287	6
122	288	6
122	289	6
122	290	7
122	291	1
122	292	8
122	293	7
122	294	6
122	295	7
122	296	6
122	297	8
122	298	10
122	299	7
122	300	4
122	302	7
122	303	7
122	305	8
122	306	7
122	307	8
122	308	6
122	309	6
122	310	7
122	311	5
122	312	4
122	313	4
122	314	3
122	315	2
122	317	6
122	318	3
122	320	4
122	321	3
122	322	8
122	324	12
122	326	8
122	327	2
122	328	1
122	329	9
122	330	7
122	331	6
122	332	8
122	333	8
122	334	6
122	335	1
122	336	7
122	337	2
122	338	7
122	339	13
122	340	2
122	341	6
122	342	8
122	344	7
122	346	5
122	347	5
122	348	3
122	349	1
122	350	7
122	351	14
122	352	7
122	353	4
122	354	3
122	355	1
122	357	12
122	358	10
122	359	8
122	360	3
123	124	6
123	125	9
123	126	9
123	127	10
123	128	9
123	129	13
123	130	7
123	131	7
123	132	5
123	133	8
123	134	14
123	135	5
123	136	7
123	137	4
123	138	8
123	139	6
123	140	9
123	141	7
123	142	9
123	143	7
123	144	10
123	146	10
123	147	10
123	148	9
123	149	3
123	150	9
123	152	10
123	153	10
123	154	4
123	155	12
123	156	7
123	157	9
123	158	9
123	159	4
123	160	7
123	161	3
123	162	6
123	163	6
123	164	10
123	165	9
123	166	33
123	167	6
123	168	7
123	169	7
123	170	4
123	171	8
123	172	8
123	173	3
123	174	8
123	175	1
123	176	7
123	177	5
123	178	7
123	179	5
123	180	7
123	181	10
123	182	5
123	183	6
123	184	6
123	185	9
123	187	10
123	188	10
123	189	9
123	190	10
123	191	4
123	192	9
123	193	7
123	194	7
123	195	6
123	197	4
123	198	8
123	200	9
123	201	7
123	202	10
123	203	9
123	204	9
123	205	7
123	206	6
123	207	1
123	208	9
123	209	2
123	210	4
123	211	9
123	212	6
123	213	13
123	214	5
123	215	9
123	216	7
123	218	8
123	219	7
123	220	8
123	221	9
123	222	10
123	223	9
123	224	3
123	225	5
123	226	5
123	227	8
123	228	7
123	229	2
123	230	6
123	231	7
123	232	5
123	233	4
123	234	11
123	235	1
123	236	10
123	237	7
123	238	10
123	239	1
123	240	9
123	241	6
123	242	8
123	243	1
123	244	10
123	245	7
123	246	8
123	247	6
123	248	8
123	249	9
123	250	8
123	251	10
123	253	11
123	254	9
123	255	9
123	256	5
123	257	9
123	258	6
123	259	6
123	260	5
123	261	3
123	262	9
123	263	8
123	264	9
123	266	1
123	267	10
123	268	6
123	269	7
123	270	2
123	271	1
123	272	8
123	273	8
123	274	9
123	275	5
123	276	10
123	277	12
123	278	8
123	279	6
123	281	9
123	282	6
123	283	4
123	284	8
123	285	9
123	286	6
123	287	8
123	288	7
123	289	9
123	290	7
123	291	2
123	292	7
123	293	8
123	294	10
123	295	8
123	296	4
123	297	7
123	298	11
123	299	6
123	300	6
123	302	6
123	303	5
123	304	1
123	305	8
123	306	9
123	307	10
123	308	7
123	309	6
123	310	6
123	311	7
123	312	9
123	313	5
123	314	3
123	315	3
123	316	1
123	317	10
123	318	3
123	320	6
123	321	4
123	322	10
123	324	8
123	326	8
123	327	2
123	328	2
123	329	8
123	330	7
123	331	8
123	332	6
123	333	5
123	334	7
123	335	1
123	336	8
123	337	2
123	338	6
123	339	10
123	340	2
123	341	7
123	342	7
123	344	7
123	346	8
123	347	7
123	348	2
123	349	3
123	350	7
123	351	6
123	352	9
123	353	6
123	354	4
123	355	1
123	357	8
123	358	10
123	359	7
123	360	3
123	361	1
124	125	10
124	126	7
124	127	11
124	128	6
124	129	9
124	130	8
124	131	6
124	132	8
124	133	7
124	134	8
124	135	8
124	136	5
124	137	5
124	138	9
124	139	8
124	140	8
124	141	4
124	142	9
124	143	6
124	144	8
124	146	5
124	147	6
124	148	9
124	149	4
124	150	7
124	152	6
124	153	10
124	154	8
124	155	5
124	156	7
124	157	8
124	158	9
124	159	10
124	160	6
124	161	10
124	162	6
124	163	5
124	164	8
124	165	7
124	166	6
124	167	6
124	168	6
124	169	5
124	170	8
124	171	5
124	172	10
124	173	9
124	174	7
124	175	2
124	176	6
124	177	5
124	178	6
124	179	6
124	180	6
124	181	8
124	182	7
124	183	6
124	184	9
124	185	7
124	187	7
124	188	7
124	189	9
124	190	6
124	191	4
124	192	8
124	193	4
124	194	5
124	195	6
124	197	11
124	198	5
124	200	5
124	201	6
124	202	7
124	203	5
124	204	8
124	205	9
124	206	7
124	208	5
124	209	2
124	210	4
124	211	6
124	212	7
124	213	7
124	214	6
124	215	5
124	216	5
124	217	2
124	218	8
124	219	6
124	220	6
124	221	5
124	222	8
124	223	9
124	224	5
124	225	4
124	226	4
124	227	7
124	228	8
124	229	4
124	230	6
124	231	5
124	232	5
124	233	4
124	234	7
124	235	2
124	236	5
124	237	6
124	238	8
124	239	1
124	240	5
124	241	7
124	242	4
124	243	2
124	244	5
124	245	5
124	246	5
124	247	6
124	248	8
124	249	5
124	250	4
124	251	7
124	253	6
124	254	7
124	255	4
124	256	8
124	257	4
124	258	11
124	259	10
124	260	6
124	261	4
124	262	7
124	263	8
124	264	6
124	267	4
124	268	7
124	269	8
124	270	1
124	271	1
124	272	7
124	273	7
124	274	9
124	275	7
124	276	5
124	277	8
124	278	5
124	279	7
124	281	6
124	282	7
124	283	5
124	284	9
124	285	6
124	286	5
124	287	6
124	288	5
124	289	5
124	290	4
124	291	1
124	292	7
124	293	7
124	294	7
124	295	4
124	296	9
124	297	7
124	298	9
124	299	5
124	300	5
124	302	10
124	303	8
124	304	1
124	305	6
124	306	7
124	307	6
124	308	7
124	309	6
124	310	8
124	311	6
124	312	5
124	313	3
124	314	5
124	315	2
124	316	1
124	317	6
124	318	3
124	320	8
124	321	5
124	322	8
124	324	6
124	326	7
124	327	1
124	328	2
124	329	7
124	330	6
124	331	7
124	332	6
124	333	7
124	334	6
124	335	3
124	336	7
124	337	6
124	338	7
124	339	8
124	340	2
124	341	5
124	342	8
124	344	8
124	346	7
124	347	4
124	348	4
124	350	6
124	351	8
124	352	5
124	353	5
124	354	1
124	355	2
124	357	8
124	358	6
124	359	4
124	360	6
125	126	10
125	127	17
125	128	8
125	129	13
125	130	11
125	131	5
125	132	7
125	133	7
125	134	14
125	135	11
125	136	6
125	137	7
125	138	16
125	139	9
125	140	8
125	141	17
125	142	13
125	143	7
125	144	10
125	146	11
125	147	11
125	148	9
125	149	5
125	150	9
125	152	9
125	153	10
125	154	11
125	155	9
125	156	5
125	157	16
125	158	12
125	159	11
125	160	7
125	161	15
125	162	7
125	163	6
125	164	9
125	165	8
125	166	9
125	167	9
125	168	9
125	169	7
125	170	14
125	171	6
125	172	12
125	173	9
125	174	6
125	175	4
125	176	8
125	177	6
125	178	6
125	179	7
125	180	10
125	181	18
125	182	5
125	183	11
125	184	10
125	185	11
125	187	10
125	188	9
125	189	9
125	190	13
125	191	3
125	192	8
125	193	7
125	194	9
125	195	6
125	197	9
125	198	9
125	200	6
125	201	7
125	202	6
125	203	10
125	204	9
125	205	9
125	206	14
125	207	2
125	208	7
125	209	2
125	210	7
125	211	9
125	212	15
125	213	9
125	214	6
125	215	12
125	216	9
125	217	2
125	218	12
125	219	10
125	220	7
125	221	7
125	222	6
125	223	16
125	224	5
125	225	5
125	226	4
125	227	9
125	228	7
125	229	3
125	230	13
125	231	6
125	232	7
125	233	6
125	234	11
125	235	1
125	236	10
125	237	11
125	238	16
125	239	1
125	240	6
125	241	12
125	242	5
125	243	1
125	244	11
125	245	7
125	246	9
125	247	8
125	248	10
125	249	8
125	250	10
125	251	7
125	252	1
125	253	13
125	254	8
125	255	9
125	256	10
125	257	6
125	258	7
125	259	7
125	260	4
125	261	3
125	262	8
125	263	10
125	264	9
125	266	1
125	267	7
125	268	11
125	269	10
125	270	1
125	272	8
125	273	7
125	274	12
125	275	9
125	276	9
125	277	8
125	278	7
125	279	16
125	281	6
125	282	7
125	283	5
125	284	11
125	285	8
125	286	10
125	287	7
125	288	5
125	289	7
125	290	8
125	291	1
125	292	6
125	293	7
125	294	6
125	295	7
125	296	12
125	297	8
125	298	11
125	299	8
125	300	8
125	302	11
125	303	10
125	304	1
125	305	6
125	306	8
125	307	5
125	308	8
125	309	9
125	310	6
125	311	11
125	312	10
125	313	4
125	314	6
125	315	1
125	316	2
125	317	7
125	318	3
125	320	10
125	321	4
125	322	9
125	324	8
125	326	7
125	328	3
125	329	7
125	330	7
125	331	6
125	332	7
125	333	10
125	334	8
125	335	2
125	336	9
125	337	5
125	338	8
125	339	11
125	340	1
125	341	8
125	342	8
125	344	10
125	346	6
125	347	12
125	348	2
125	349	2
125	350	7
125	351	7
125	352	6
125	353	14
125	354	5
125	355	2
125	357	14
125	358	9
125	359	8
125	360	8
126	127	9
126	128	7
126	129	15
126	130	9
126	131	12
126	132	7
126	133	9
126	134	13
126	135	6
126	136	14
126	137	5
126	138	11
126	139	6
126	140	8
126	141	6
126	142	12
126	143	6
126	144	9
126	145	1
126	146	10
126	147	8
126	148	8
126	149	2
126	150	6
126	152	13
126	153	14
126	154	4
126	155	14
126	156	9
126	157	7
126	158	13
126	159	5
126	160	10
126	161	7
126	162	9
126	163	7
126	164	10
126	165	7
126	166	16
126	167	9
126	168	7
126	169	8
126	170	4
126	171	6
126	172	13
126	173	3
126	174	5
126	175	1
126	176	8
126	177	10
126	178	8
126	179	6
126	180	8
126	181	13
126	182	6
126	183	9
126	184	9
126	185	8
126	187	9
126	188	11
126	189	14
126	190	8
126	191	7
126	192	12
126	193	5
126	194	7
126	195	5
126	197	4
126	198	6
126	200	9
126	201	8
126	202	11
126	203	10
126	204	7
126	205	9
126	206	7
126	207	3
126	208	9
126	209	1
126	210	4
126	211	9
126	212	8
126	213	9
126	214	8
126	215	12
126	216	9
126	217	1
126	218	7
126	219	7
126	220	10
126	221	7
126	222	12
126	223	11
126	224	3
126	225	6
126	226	7
126	227	13
126	228	7
126	229	4
126	230	7
126	231	9
126	232	5
126	233	4
126	234	14
126	235	1
126	236	15
126	237	7
126	238	11
126	240	12
126	241	11
126	242	10
126	244	16
126	245	9
126	246	9
126	247	5
126	248	7
126	249	10
126	250	15
126	251	15
126	252	1
126	253	12
126	254	9
126	255	15
126	256	5
126	257	10
126	258	8
126	259	7
126	260	6
126	261	5
126	262	9
126	263	8
126	264	8
126	265	1
126	266	3
126	267	11
126	268	11
126	269	11
126	270	2
126	271	1
126	272	10
126	273	11
126	274	14
126	275	10
126	276	8
126	277	11
126	278	9
126	279	9
126	281	10
126	282	11
126	283	3
126	284	7
126	285	11
126	286	7
126	287	8
126	288	9
126	289	9
126	290	10
126	291	1
126	292	10
126	293	7
126	294	10
126	295	10
126	296	6
126	297	9
126	298	14
126	299	11
126	300	10
126	302	5
126	303	8
126	304	1
126	305	7
126	306	11
126	307	9
126	308	8
126	309	8
126	310	5
126	311	6
126	312	8
126	313	4
126	314	2
126	315	1
126	316	1
126	317	9
126	318	2
126	320	7
126	321	4
126	322	11
126	324	9
126	326	9
126	327	2
126	328	3
126	329	7
126	330	8
126	331	7
126	332	11
126	333	6
126	334	7
126	336	7
126	337	1
126	338	12
126	339	9
126	340	2
126	341	9
126	342	8
126	344	6
126	346	7
126	347	7
126	348	3
126	349	3
126	350	7
126	351	5
126	352	7
126	353	11
126	354	6
126	355	1
126	357	17
126	358	11
126	359	8
126	360	3
127	128	9
127	129	17
127	130	11
127	131	6
127	132	10
127	133	7
127	134	13
127	135	12
127	136	10
127	137	8
127	138	17
127	139	10
127	140	10
127	141	15
127	142	12
127	143	8
127	144	16
127	146	7
127	147	8
127	148	10
127	149	7
127	150	11
127	151	1
127	152	8
127	153	14
127	154	10
127	155	11
127	156	10
127	157	10
127	158	15
127	159	9
127	160	8
127	161	9
127	162	8
127	163	8
127	164	8
127	165	11
127	166	9
127	167	12
127	168	10
127	169	7
127	170	8
127	171	11
127	172	11
127	173	14
127	174	9
127	175	6
127	176	9
127	177	8
127	178	8
127	179	8
127	180	8
127	181	14
127	182	7
127	183	11
127	184	7
127	185	10
127	186	3
127	187	9
127	188	8
127	189	10
127	190	10
127	191	4
127	192	9
127	193	9
127	194	14
127	195	9
127	196	2
127	197	10
127	198	10
127	200	9
127	201	8
127	202	14
127	203	7
127	204	11
127	205	12
127	206	14
127	207	5
127	208	9
127	209	4
127	210	7
127	211	9
127	212	13
127	213	7
127	214	6
127	215	7
127	216	7
127	217	1
127	218	9
127	219	11
127	220	10
127	221	10
127	222	9
127	223	15
127	224	5
127	225	6
127	226	6
127	227	8
127	228	12
127	229	5
127	230	14
127	231	8
127	232	10
127	233	6
127	234	14
127	235	2
127	236	9
127	237	11
127	238	10
127	239	1
127	240	12
127	241	9
127	242	6
127	243	2
127	244	13
127	245	7
127	246	9
127	247	9
127	248	9
127	249	12
127	250	13
127	251	13
127	252	6
127	253	12
127	254	11
127	255	8
127	256	10
127	257	8
127	258	12
127	259	11
127	260	9
127	261	4
127	262	9
127	263	9
127	264	10
127	265	1
127	266	1
127	267	9
127	268	12
127	269	11
127	270	2
127	271	1
127	272	10
127	273	8
127	274	14
127	275	9
127	276	8
127	277	10
127	278	7
127	279	13
127	281	7
127	282	11
127	283	8
127	284	9
127	285	10
127	286	7
127	287	18
127	288	8
127	289	8
127	290	9
127	291	3
127	292	8
127	293	8
127	294	10
127	295	9
127	296	9
127	297	5
127	298	14
127	299	11
127	300	7
127	302	10
127	303	9
127	304	2
127	305	8
127	306	9
127	307	8
127	308	9
127	309	13
127	310	12
127	311	17
127	312	15
127	313	5
127	314	4
127	315	1
127	317	9
127	318	2
127	319	1
127	320	12
127	321	7
127	322	9
127	324	6
127	325	3
127	326	9
127	327	4
127	328	6
127	329	10
127	330	13
127	331	8
127	332	9
127	333	14
127	334	12
127	335	1
127	336	8
127	337	7
127	338	7
127	339	13
127	340	1
127	341	10
127	342	9
127	344	11
127	346	10
127	347	7
127	348	3
127	349	2
127	350	8
127	351	9
127	352	9
127	353	11
127	354	4
127	355	2
127	357	16
127	358	11
127	359	11
127	360	6
128	129	13
128	130	9
128	131	6
128	132	8
128	133	9
128	134	11
128	135	4
128	136	6
128	137	5
128	138	7
128	139	5
128	140	7
128	141	10
128	142	7
128	143	9
128	144	9
128	146	12
128	147	11
128	148	9
128	149	3
128	150	9
128	152	10
128	153	11
128	154	5
128	155	8
128	156	5
128	157	8
128	158	10
128	159	5
128	160	7
128	161	6
128	162	9
128	163	7
128	164	8
128	165	7
128	166	10
128	167	6
128	168	6
128	169	12
128	170	5
128	171	8
128	172	7
128	173	7
128	174	6
128	175	1
128	176	6
128	177	6
128	178	8
128	179	5
128	180	8
128	181	9
128	182	4
128	183	6
128	184	6
128	185	9
128	186	1
128	187	9
128	188	9
128	189	8
128	190	6
128	191	4
128	192	9
128	193	6
128	194	7
128	195	6
128	196	1
128	197	6
128	198	6
128	200	7
128	201	5
128	202	9
128	203	8
128	204	7
128	205	9
128	206	7
128	207	3
128	208	8
128	209	1
128	210	4
128	211	7
128	212	5
128	213	9
128	214	5
128	215	9
128	216	6
128	217	1
128	218	7
128	219	6
128	220	8
128	221	5
128	222	6
128	223	7
128	224	4
128	225	4
128	226	6
128	227	8
128	228	7
128	229	2
128	230	5
128	231	5
128	232	7
128	233	5
128	234	8
128	235	1
128	236	8
128	237	5
128	238	10
128	240	6
128	241	2
128	242	6
128	243	1
128	244	7
128	245	8
128	246	8
128	247	5
128	248	8
128	249	8
128	250	10
128	251	8
128	253	9
128	254	8
128	255	8
128	256	5
128	257	8
128	258	7
128	259	9
128	260	6
128	261	2
128	262	6
128	263	7
128	264	7
128	266	1
128	267	9
128	268	8
128	269	8
128	270	2
128	271	1
128	272	9
128	273	6
128	274	11
128	275	7
128	276	8
128	277	9
128	278	5
128	279	4
128	281	8
128	282	5
128	283	3
128	284	7
128	285	10
128	286	7
128	287	6
128	288	7
128	289	6
128	290	6
128	292	3
128	293	8
128	294	5
128	295	7
128	296	4
128	297	9
128	298	10
128	299	6
128	300	7
128	302	5
128	303	7
128	305	7
128	306	8
128	307	8
128	308	10
128	309	6
128	310	6
128	311	5
128	312	7
128	313	5
128	314	2
128	315	2
128	317	6
128	318	2
128	320	5
128	321	2
128	322	9
128	324	8
128	326	7
128	327	1
128	328	1
128	329	6
128	330	6
128	331	8
128	332	5
128	333	5
128	334	6
128	335	2
128	336	9
128	337	4
128	338	5
128	339	10
128	340	2
128	341	6
128	342	8
128	344	7
128	346	4
128	347	6
128	348	2
128	349	2
128	350	8
128	351	6
128	352	9
128	353	4
128	354	2
128	357	7
128	358	10
128	359	5
128	360	5
129	130	17
129	131	11
129	132	9
129	133	11
129	134	15
129	135	12
129	136	13
129	137	13
129	138	24
129	139	12
129	140	14
129	141	13
129	142	25
129	143	24
129	144	24
129	146	12
129	147	15
129	148	15
129	149	6
129	150	10
129	151	1
129	152	16
129	153	19
129	154	10
129	155	13
129	156	10
129	157	16
129	158	22
129	159	11
129	160	16
129	161	17
129	162	11
129	163	14
129	164	16
129	165	14
129	166	16
129	167	15
129	168	11
129	169	12
129	170	10
129	171	14
129	172	17
129	173	7
129	174	11
129	175	2
129	176	16
129	177	15
129	178	16
129	179	13
129	180	13
129	181	19
129	182	15
129	183	9
129	184	14
129	185	16
129	186	1
129	187	22
129	188	13
129	189	22
129	190	13
129	191	9
129	192	18
129	193	14
129	194	13
129	195	11
129	196	1
129	197	10
129	198	13
129	200	14
129	201	11
129	202	14
129	203	11
129	204	11
129	205	14
129	206	14
129	207	3
129	208	14
129	209	3
129	210	5
129	211	13
129	212	10
129	213	13
129	214	11
129	215	17
129	216	12
129	217	2
129	218	14
129	219	9
129	220	12
129	221	10
129	222	11
129	223	13
129	224	6
129	225	8
129	226	6
129	227	22
129	228	10
129	229	3
129	230	12
129	231	9
129	232	8
129	233	7
129	234	17
129	235	2
129	236	16
129	237	12
129	238	16
129	239	1
129	240	19
129	241	11
129	242	17
129	243	1
129	244	14
129	245	9
129	246	17
129	247	8
129	248	13
129	249	16
129	250	21
129	251	15
129	253	21
129	254	12
129	255	12
129	256	12
129	257	11
129	258	10
129	259	13
129	260	10
129	261	6
129	262	15
129	263	14
129	264	11
129	266	1
129	267	11
129	268	13
129	269	14
129	270	4
129	271	1
129	272	12
129	273	16
129	274	18
129	275	11
129	276	15
129	277	10
129	278	13
129	279	17
129	281	12
129	282	15
129	283	10
129	284	14
129	285	14
129	286	13
129	287	13
129	288	9
129	289	11
129	290	9
129	291	3
129	292	13
129	293	11
129	294	13
129	295	10
129	296	8
129	297	13
129	298	15
129	299	14
129	300	12
129	302	10
129	303	11
129	304	1
129	305	10
129	306	19
129	307	11
129	308	10
129	309	10
129	310	12
129	311	11
129	312	13
129	313	4
129	314	7
129	315	1
129	316	1
129	317	13
129	318	3
129	320	8
129	321	7
129	322	13
129	324	10
129	325	4
129	326	10
129	328	5
129	329	12
129	330	13
129	331	11
129	332	13
129	333	8
129	334	10
129	335	3
129	336	12
129	337	7
129	338	15
129	339	17
129	340	1
129	341	14
129	342	14
129	344	11
129	346	13
129	347	11
129	348	4
129	349	3
129	350	13
129	351	7
129	352	12
129	353	15
129	354	6
129	355	2
129	357	19
129	358	21
129	359	16
129	360	7
129	361	1
130	131	11
130	132	8
130	133	8
130	134	17
130	135	9
130	136	10
130	137	6
130	138	13
130	139	8
130	140	8
130	141	8
130	142	19
130	143	9
130	144	13
130	146	11
130	147	11
130	148	9
130	149	4
130	150	7
130	152	9
130	153	11
130	154	8
130	155	10
130	156	6
130	157	9
130	158	10
130	159	8
130	160	9
130	161	12
130	162	11
130	163	7
130	164	9
130	165	11
130	166	12
130	167	11
130	168	5
130	169	9
130	170	7
130	171	8
130	172	10
130	173	9
130	174	6
130	175	2
130	176	7
130	177	10
130	178	10
130	179	7
130	180	5
130	181	14
130	182	9
130	183	6
130	184	8
130	185	11
130	187	12
130	188	11
130	189	13
130	190	7
130	191	4
130	192	12
130	193	7
130	194	7
130	195	10
130	197	7
130	198	8
130	200	7
130	201	7
130	202	10
130	203	6
130	204	10
130	205	11
130	206	8
130	207	5
130	208	8
130	209	2
130	210	2
130	211	7
130	212	6
130	213	8
130	214	7
130	215	9
130	216	9
130	217	5
130	218	9
130	219	8
130	220	6
130	221	8
130	222	7
130	223	13
130	224	6
130	225	6
130	226	4
130	227	11
130	228	5
130	229	4
130	230	6
130	231	9
130	232	5
130	233	3
130	234	8
130	235	2
130	236	13
130	237	9
130	238	12
130	240	15
130	241	6
130	242	6
130	243	1
130	244	12
130	245	7
130	246	9
130	247	7
130	248	12
130	249	6
130	250	12
130	251	12
130	253	10
130	254	7
130	255	7
130	256	7
130	257	6
130	258	6
130	259	10
130	260	7
130	261	4
130	262	7
130	263	7
130	264	9
130	265	1
130	266	1
130	267	9
130	268	13
130	269	10
130	270	3
130	272	8
130	273	11
130	274	14
130	275	7
130	276	8
130	277	7
130	278	9
130	279	5
130	281	8
130	282	11
130	283	3
130	284	10
130	285	7
130	286	9
130	287	6
130	288	4
130	289	7
130	290	6
130	292	8
130	293	8
130	294	8
130	295	6
130	296	5
130	297	7
130	298	6
130	299	7
130	300	7
130	302	7
130	303	5
130	304	1
130	305	7
130	306	10
130	307	6
130	308	9
130	309	6
130	310	8
130	311	3
130	312	8
130	313	4
130	314	4
130	315	1
130	317	6
130	318	2
130	320	8
130	321	7
130	322	10
130	324	7
130	326	6
130	327	1
130	328	2
130	329	8
130	330	7
130	331	6
130	332	10
130	333	6
130	334	5
130	335	2
130	336	10
130	337	5
130	338	8
130	339	11
130	340	1
130	341	4
130	342	9
130	344	7
130	346	8
130	347	7
130	348	4
130	349	3
130	350	8
130	351	4
130	352	5
130	353	12
130	354	6
130	355	1
130	357	12
130	358	15
130	359	6
130	360	6
131	132	3
131	133	7
131	134	14
131	135	3
131	136	7
131	137	6
131	138	9
131	139	4
131	140	7
131	141	4
131	142	12
131	143	7
131	144	6
131	146	6
131	147	5
131	148	5
131	149	5
131	150	6
131	151	1
131	152	12
131	153	12
131	154	3
131	155	9
131	156	4
131	157	6
131	158	10
131	159	10
131	160	8
131	161	8
131	162	10
131	163	5
131	164	5
131	165	6
131	166	16
131	167	8
131	168	7
131	169	9
131	170	6
131	171	6
131	172	6
131	173	2
131	174	3
131	175	2
131	176	4
131	177	10
131	178	8
131	179	4
131	180	5
131	181	8
131	182	5
131	183	5
131	184	4
131	185	6
131	187	8
131	188	7
131	189	6
131	190	11
131	191	7
131	192	8
131	193	4
131	194	4
131	195	9
131	197	4
131	198	4
131	200	7
131	201	10
131	202	8
131	203	9
131	204	9
131	205	6
131	206	5
131	207	2
131	208	9
131	210	2
131	211	8
131	212	6
131	213	5
131	214	9
131	215	8
131	216	6
131	217	1
131	218	6
131	219	7
131	220	6
131	221	7
131	222	11
131	223	11
131	224	3
131	225	4
131	226	6
131	227	17
131	228	5
131	229	2
131	230	6
131	231	9
131	232	5
131	233	3
131	234	12
131	235	2
131	236	14
131	237	9
131	238	14
131	240	10
131	241	10
131	242	12
131	243	2
131	244	11
131	245	8
131	246	5
131	247	3
131	248	5
131	249	8
131	250	14
131	251	14
131	253	8
131	254	6
131	255	9
131	256	3
131	257	17
131	258	5
131	259	5
131	260	7
131	261	3
131	262	8
131	263	7
131	264	8
131	266	2
131	267	10
131	268	10
131	269	10
131	270	2
131	272	8
131	273	7
131	274	9
131	275	7
131	276	9
131	277	7
131	278	6
131	279	6
131	281	6
131	282	7
131	283	4
131	284	6
131	285	7
131	286	9
131	287	4
131	288	7
131	289	4
131	290	7
131	292	8
131	293	4
131	294	10
131	295	7
131	296	5
131	297	7
131	298	13
131	299	6
131	300	8
131	302	2
131	303	6
131	304	1
131	305	4
131	306	9
131	307	7
131	308	9
131	309	7
131	310	6
131	311	3
131	312	5
131	313	3
131	314	2
131	315	3
131	317	7
131	318	1
131	320	4
131	321	3
131	322	6
131	324	7
131	325	1
131	326	5
131	327	2
131	328	1
131	329	7
131	330	2
131	331	9
131	332	7
131	333	6
131	334	4
131	335	1
131	336	5
131	337	3
131	338	8
131	339	13
131	340	2
131	341	4
131	342	4
131	344	4
131	346	9
131	347	7
131	348	2
131	349	2
131	350	6
131	351	5
131	352	3
131	353	8
131	354	3
131	356	1
131	357	10
131	358	10
131	359	6
131	360	2
132	133	7
132	134	6
132	135	4
132	136	6
132	137	5
132	138	8
132	139	7
132	140	7
132	141	7
132	142	8
132	143	7
132	144	7
132	146	7
132	147	7
132	148	7
132	149	2
132	150	6
132	152	6
132	153	9
132	154	5
132	155	5
132	156	6
132	157	8
132	158	8
132	159	6
132	160	6
132	161	6
132	162	10
132	163	7
132	164	5
132	165	8
132	166	5
132	167	6
132	168	5
132	169	6
132	170	6
132	171	7
132	172	7
132	173	7
132	174	8
132	175	1
132	176	4
132	177	10
132	178	7
132	179	5
132	180	7
132	181	9
132	182	6
132	183	6
132	184	27
132	185	9
132	187	8
132	188	6
132	189	9
132	190	5
132	191	3
132	192	9
132	193	6
132	194	8
132	195	7
132	197	6
132	198	6
132	200	9
132	201	5
132	202	7
132	203	6
132	204	6
132	205	7
132	206	7
132	207	1
132	208	9
132	209	2
132	210	4
132	211	6
132	212	3
132	213	7
132	214	5
132	215	8
132	216	7
132	217	1
132	218	6
132	219	5
132	220	7
132	221	5
132	222	5
132	223	6
132	224	4
132	225	5
132	226	7
132	227	6
132	228	12
132	229	3
132	230	6
132	231	6
132	232	7
132	233	4
132	234	6
132	235	1
132	236	6
132	237	6
132	238	8
132	240	8
132	241	5
132	242	5
132	243	1
132	244	7
132	245	5
132	246	6
132	247	5
132	248	7
132	249	6
132	250	6
132	251	7
132	252	1
132	253	7
132	254	9
132	255	7
132	256	5
132	257	7
132	258	7
132	259	10
132	260	9
132	261	3
132	262	6
132	263	5
132	264	10
132	265	1
132	266	1
132	267	5
132	268	7
132	269	6
132	270	1
132	271	1
132	272	8
132	273	5
132	274	8
132	275	8
132	276	4
132	277	6
132	278	7
132	279	8
132	281	9
132	282	7
132	283	3
132	284	7
132	285	6
132	286	6
132	287	6
132	288	7
132	289	7
132	290	6
132	292	5
132	293	6
132	294	8
132	295	7
132	296	5
132	297	7
132	298	7
132	299	6
132	300	6
132	302	6
132	303	5
132	305	6
132	306	6
132	307	9
132	308	9
132	309	7
132	310	4
132	311	6
132	312	7
132	313	4
132	314	2
132	315	1
132	316	1
132	317	6
132	318	3
132	320	7
132	321	3
132	322	6
132	324	8
132	326	6
132	328	2
132	329	8
132	330	7
132	331	7
132	332	6
132	333	2
132	334	7
132	335	2
132	336	9
132	337	5
132	338	5
132	339	9
132	340	1
132	341	7
132	342	9
132	344	7
132	346	5
132	347	4
132	348	3
132	349	2
132	350	6
132	351	6
132	352	7
132	353	4
132	354	2
132	357	8
132	358	10
132	359	8
132	360	5
133	134	11
133	135	5
133	136	9
133	137	9
133	138	7
133	139	8
133	140	7
133	141	5
133	142	8
133	143	10
133	144	9
133	146	7
133	147	8
133	148	8
133	149	2
133	150	7
133	152	9
133	153	11
133	154	4
133	155	9
133	156	9
133	157	5
133	158	12
133	159	4
133	160	9
133	161	4
133	162	10
133	163	7
133	164	17
133	165	6
133	166	9
133	167	7
133	168	6
133	169	8
133	170	6
133	171	8
133	172	7
133	173	6
133	174	6
133	175	2
133	176	8
133	177	4
133	178	8
133	179	7
133	180	9
133	181	8
133	182	7
133	183	8
133	184	7
133	185	11
133	187	9
133	188	10
133	189	11
133	190	6
133	191	6
133	192	12
133	193	6
133	194	5
133	195	9
133	197	5
133	198	5
133	200	10
133	201	7
133	202	9
133	203	9
133	204	5
133	205	6
133	206	6
133	208	6
133	209	1
133	210	4
133	211	8
133	212	6
133	213	9
133	214	7
133	215	7
133	216	4
133	217	1
133	218	8
133	219	8
133	220	7
133	221	7
133	222	8
133	223	8
133	224	3
133	225	4
133	226	4
133	227	10
133	228	8
133	229	2
133	230	3
133	231	7
133	232	6
133	233	3
133	234	7
133	235	2
133	236	7
133	237	6
133	238	10
133	240	8
133	241	4
133	242	7
133	243	2
133	244	7
133	245	8
133	246	9
133	247	5
133	248	6
133	249	9
133	250	9
133	251	11
133	253	10
133	254	7
133	255	7
133	256	3
133	257	7
133	258	6
133	259	8
133	260	7
133	261	4
133	262	7
133	263	7
133	264	5
133	267	7
133	268	7
133	269	7
133	270	1
133	271	1
133	272	31
133	273	9
133	274	9
133	275	9
133	276	8
133	277	10
133	278	7
133	279	4
133	281	6
133	282	8
133	283	3
133	284	7
133	285	10
133	286	5
133	287	7
133	288	7
133	289	7
133	290	4
133	292	7
133	293	8
133	294	6
133	295	7
133	296	5
133	297	8
133	298	12
133	299	6
133	300	8
133	302	5
133	303	7
133	305	8
133	306	11
133	307	9
133	308	43
133	309	5
133	310	4
133	311	3
133	312	5
133	313	4
133	314	2
133	315	2
133	317	6
133	318	2
133	320	4
133	321	2
133	322	8
133	324	7
133	326	8
133	327	1
133	329	7
133	330	7
133	331	8
133	332	9
133	333	4
133	334	8
133	335	1
133	336	6
133	337	2
133	338	6
133	339	9
133	340	2
133	341	6
133	342	7
133	343	1
133	344	8
133	346	6
133	347	7
133	348	3
133	349	1
133	350	6
133	351	7
133	352	7
133	353	5
133	354	2
133	357	8
133	358	9
133	359	6
133	360	4
134	135	8
134	136	10
134	137	8
134	138	9
134	139	10
134	140	10
134	141	9
134	142	14
134	143	7
134	144	14
134	146	15
134	147	15
134	148	10
134	149	5
134	150	9
134	151	1
134	152	15
134	153	14
134	154	8
134	155	15
134	156	7
134	157	14
134	158	13
134	159	12
134	160	8
134	161	10
134	162	11
134	163	7
134	164	12
134	165	15
134	166	23
134	167	10
134	168	6
134	169	11
134	170	7
134	171	8
134	172	14
134	173	7
134	174	9
134	175	1
134	176	9
134	177	7
134	178	9
134	179	7
134	180	8
134	181	18
134	182	7
134	183	10
134	184	6
134	185	14
134	186	1
134	187	22
134	188	18
134	189	13
134	190	10
134	191	6
134	192	10
134	193	7
134	194	8
134	195	7
134	196	1
134	197	7
134	198	8
134	200	12
134	201	8
134	202	13
134	203	15
134	204	14
134	205	12
134	206	10
134	207	4
134	208	13
134	210	4
134	211	9
134	212	12
134	213	12
134	214	9
134	215	18
134	216	7
134	217	1
134	218	10
134	219	15
134	220	10
134	221	10
134	222	13
134	223	19
134	224	4
134	225	9
134	226	5
134	227	12
134	228	7
134	229	3
134	230	5
134	231	8
134	232	8
134	233	5
134	234	14
134	235	1
134	236	15
134	237	8
134	238	14
134	240	11
134	241	7
134	242	12
134	243	3
134	244	18
134	245	14
134	246	12
134	247	10
134	248	11
134	249	13
134	250	10
134	251	15
134	253	15
134	254	9
134	255	11
134	256	8
134	257	12
134	258	8
134	259	12
134	260	8
134	261	3
134	262	6
134	263	10
134	264	9
134	266	1
134	267	13
134	268	13
134	269	12
134	270	3
134	271	1
134	272	10
134	273	9
134	274	18
134	275	9
134	276	12
134	277	14
134	278	10
134	279	8
134	281	8
134	282	11
134	283	4
134	284	10
134	285	11
134	286	7
134	287	9
134	288	11
134	289	10
134	290	6
134	291	2
134	292	8
134	293	9
134	294	8
134	295	12
134	296	4
134	297	8
134	298	18
134	299	13
134	300	8
134	302	6
134	303	7
134	304	1
134	305	9
134	306	9
134	307	11
134	308	9
134	309	7
134	310	6
134	311	7
134	312	13
134	313	5
134	314	2
134	315	2
134	317	11
134	318	4
134	320	8
134	321	5
134	322	14
134	324	11
134	326	9
134	327	2
134	328	3
134	329	9
134	330	9
134	331	9
134	332	10
134	333	6
134	334	7
134	335	2
134	336	13
134	337	3
134	338	7
134	339	12
134	340	2
134	341	7
134	342	9
134	343	1
134	344	11
134	346	10
134	347	8
134	348	3
134	349	3
134	350	6
134	351	6
134	352	11
134	353	13
134	354	6
134	355	1
134	356	1
134	357	16
134	358	11
134	359	6
134	360	6
135	136	4
135	137	6
135	138	9
135	139	9
135	140	7
135	141	8
135	142	9
135	143	7
135	144	8
135	146	5
135	147	7
135	148	10
135	149	3
135	150	7
135	152	6
135	153	7
135	154	9
135	155	4
135	156	7
135	157	8
135	158	7
135	159	11
135	160	4
135	161	9
135	162	4
135	163	5
135	164	5
135	165	8
135	166	5
135	167	7
135	168	5
135	169	4
135	170	11
135	171	5
135	172	8
135	173	8
135	174	7
135	175	2
135	176	10
135	177	4
135	178	6
135	179	7
135	180	7
135	181	12
135	182	8
135	183	8
135	184	7
135	185	8
135	187	7
135	188	7
135	189	7
135	190	9
135	191	2
135	192	6
135	193	9
135	194	8
135	195	9
135	197	10
135	198	10
135	200	4
135	201	6
135	202	4
135	203	5
135	204	6
135	205	8
135	206	5
135	208	6
135	209	1
135	210	3
135	211	6
135	212	9
135	213	6
135	214	5
135	215	3
135	216	9
135	217	3
135	218	11
135	219	9
135	220	4
135	221	6
135	222	8
135	223	7
135	224	5
135	225	5
135	226	2
135	227	5
135	228	5
135	229	2
135	230	7
135	231	6
135	232	7
135	233	4
135	234	6
135	235	2
135	236	5
135	237	7
135	238	9
135	240	3
135	241	6
135	242	5
135	243	1
135	244	3
135	245	5
135	246	5
135	247	7
135	248	6
135	249	6
135	250	4
135	251	5
135	253	10
135	254	5
135	255	5
135	256	7
135	257	2
135	258	8
135	259	7
135	260	4
135	261	4
135	262	6
135	263	6
135	264	8
135	265	1
135	267	3
135	268	4
135	269	6
135	270	1
135	272	7
135	273	5
135	274	12
135	275	5
135	276	6
135	277	7
135	278	7
135	279	8
135	281	5
135	282	6
135	283	4
135	284	9
135	285	6
135	286	6
135	287	6
135	288	2
135	289	5
135	290	3
135	291	1
135	292	5
135	293	6
135	294	5
135	295	6
135	296	8
135	297	5
135	298	7
135	299	6
135	300	6
135	302	9
135	303	5
135	304	1
135	305	6
135	306	4
135	307	4
135	308	5
135	309	6
135	310	5
135	311	7
135	312	7
135	313	2
135	314	5
135	315	1
135	317	3
135	318	4
135	320	3
135	321	3
135	322	6
135	324	5
135	326	5
135	328	1
135	329	7
135	330	6
135	331	7
135	332	6
135	333	13
135	334	6
135	335	3
135	336	7
135	337	3
135	338	6
135	339	9
135	340	1
135	341	5
135	342	7
135	344	6
135	346	7
135	347	7
135	348	4
135	350	8
135	351	9
135	352	5
135	353	5
135	354	3
135	355	2
135	357	9
135	358	5
135	359	6
135	360	5
136	137	6
136	138	12
136	139	6
136	140	6
136	141	8
136	142	14
136	143	7
136	144	9
136	146	6
136	147	7
136	148	7
136	149	2
136	150	6
136	152	9
136	153	15
136	154	4
136	155	10
136	156	8
136	157	7
136	158	12
136	159	1
136	160	9
136	161	2
136	162	9
136	163	6
136	164	9
136	165	8
136	166	12
136	167	7
136	168	4
136	169	4
136	170	3
136	171	7
136	172	12
136	173	4
136	174	6
136	175	1
136	176	6
136	177	5
136	178	6
136	179	7
136	180	7
136	181	11
136	182	6
136	183	6
136	184	6
136	185	10
136	187	10
136	188	9
136	189	17
136	190	5
136	191	5
136	192	12
136	193	4
136	194	5
136	195	8
136	197	3
136	198	6
136	200	8
136	201	8
136	202	9
136	203	9
136	204	5
136	205	6
136	206	7
136	208	7
136	209	1
136	210	3
136	211	10
136	212	3
136	213	9
136	214	6
136	215	7
136	216	4
136	218	7
136	219	9
136	220	7
136	221	7
136	222	8
136	223	6
136	224	2
136	225	4
136	226	4
136	227	9
136	228	5
136	229	1
136	230	2
136	231	7
136	232	4
136	233	3
136	234	11
136	235	1
136	236	8
136	237	6
136	238	7
136	240	13
136	241	5
136	242	11
136	243	2
136	244	9
136	245	8
136	246	6
136	247	4
136	248	7
136	249	7
136	250	11
136	251	12
136	253	10
136	254	7
136	255	7
136	256	2
136	257	7
136	258	5
136	259	7
136	260	7
136	261	3
136	262	6
136	263	7
136	264	7
136	267	6
136	268	10
136	269	7
136	270	1
136	271	1
136	272	5
136	273	13
136	274	8
136	275	11
136	276	5
136	277	7
136	278	8
136	279	4
136	281	7
136	282	11
136	283	1
136	284	9
136	285	7
136	286	6
136	287	6
136	288	6
136	289	7
136	290	7
136	292	10
136	293	5
136	294	5
136	295	7
136	296	3
136	297	9
136	298	12
136	299	7
136	300	5
136	302	6
136	303	6
136	305	6
136	306	9
136	307	7
136	308	7
136	309	4
136	310	5
136	311	2
136	312	5
136	313	3
136	314	1
136	315	1
136	317	8
136	318	2
136	320	5
136	321	2
136	322	8
136	324	7
136	326	7
136	328	1
136	329	7
136	330	10
136	331	7
136	332	12
136	333	4
136	334	6
136	336	5
136	337	1
136	338	8
136	339	10
136	340	1
136	341	6
136	342	7
136	344	4
136	346	7
136	347	5
136	348	2
136	349	1
136	350	5
136	351	6
136	352	6
136	353	5
136	354	4
136	357	10
136	358	12
136	359	4
136	360	3
137	138	7
137	139	7
137	140	7
137	141	8
137	142	6
137	143	8
137	144	11
137	145	1
137	146	5
137	147	7
137	148	7
137	149	4
137	150	5
137	151	1
137	152	4
137	153	9
137	154	8
137	155	3
137	156	5
137	157	7
137	158	8
137	159	9
137	160	4
137	161	7
137	162	5
137	163	6
137	164	5
137	165	3
137	166	5
137	167	6
137	168	11
137	169	5
137	170	5
137	171	8
137	172	8
137	173	8
137	174	8
137	175	2
137	176	11
137	177	5
137	178	6
137	179	7
137	180	9
137	181	10
137	182	7
137	183	9
137	184	8
137	185	8
137	186	1
137	187	7
137	188	7
137	189	6
137	190	6
137	191	4
137	192	6
137	193	8
137	194	8
137	195	10
137	196	1
137	197	7
137	198	8
137	200	6
137	201	10
137	202	3
137	203	7
137	204	5
137	205	6
137	206	10
137	208	5
137	209	2
137	210	2
137	211	6
137	212	6
137	213	4
137	214	6
137	215	6
137	216	6
137	217	1
137	218	10
137	219	4
137	220	5
137	221	5
137	222	8
137	223	4
137	224	4
137	225	3
137	226	2
137	227	9
137	228	6
137	229	1
137	230	7
137	231	7
137	232	5
137	233	5
137	234	9
137	235	2
137	236	8
137	237	6
137	238	10
137	240	1
137	241	4
137	242	5
137	243	1
137	244	2
137	245	6
137	246	6
137	247	4
137	248	5
137	249	7
137	250	4
137	251	6
137	253	9
137	254	8
137	255	4
137	256	5
137	257	4
137	258	7
137	259	7
137	260	5
137	261	3
137	262	6
137	263	6
137	264	4
137	267	4
137	268	5
137	269	7
137	272	7
137	273	6
137	274	7
137	275	6
137	276	7
137	277	5
137	278	8
137	279	8
137	281	3
137	282	6
137	283	3
137	284	5
137	285	9
137	286	4
137	287	7
137	288	5
137	289	4
137	290	3
137	291	2
137	292	6
137	293	4
137	294	5
137	295	5
137	296	9
137	297	5
137	298	10
137	299	5
137	300	4
137	302	6
137	303	4
137	304	1
137	305	7
137	306	4
137	307	8
137	308	9
137	309	5
137	310	9
137	311	6
137	312	5
137	313	2
137	314	4
137	315	1
137	317	5
137	318	2
137	320	3
137	321	3
137	322	6
137	324	5
137	326	5
137	329	7
137	330	5
137	331	8
137	332	7
137	333	6
137	334	8
137	335	2
137	336	5
137	337	2
137	338	6
137	339	8
137	340	1
137	341	7
137	342	8
137	344	6
137	346	8
137	347	6
137	348	4
137	350	6
137	351	6
137	352	4
137	353	7
137	355	2
137	357	10
137	358	4
137	359	7
137	360	4
138	139	11
138	140	12
138	141	12
138	142	25
138	143	8
138	144	11
138	146	7
138	147	8
138	148	9
138	149	3
138	150	4
138	151	1
138	152	9
138	153	16
138	154	12
138	155	10
138	156	10
138	157	14
138	158	12
138	159	13
138	160	9
138	161	13
138	162	11
138	163	6
138	164	6
138	165	7
138	166	11
138	167	10
138	168	7
138	169	9
138	170	6
138	171	8
138	172	17
138	173	7
138	174	8
138	175	1
138	176	11
138	177	10
138	178	10
138	179	10
138	180	8
138	181	15
138	182	8
138	183	8
138	184	8
138	185	12
138	187	11
138	188	8
138	189	12
138	190	8
138	191	4
138	192	11
138	193	6
138	194	6
138	195	11
138	197	8
138	198	8
138	200	8
138	201	7
138	202	11
138	203	11
138	204	10
138	205	12
138	206	10
138	208	11
138	209	2
138	210	7
138	211	5
138	212	14
138	213	7
138	214	8
138	215	7
138	216	6
138	217	2
138	218	7
138	219	6
138	220	9
138	221	8
138	222	12
138	223	15
138	224	5
138	225	6
138	226	7
138	227	10
138	228	7
138	229	1
138	230	7
138	231	7
138	232	4
138	233	5
138	234	12
138	235	1
138	236	11
138	237	11
138	238	11
138	240	15
138	241	7
138	242	9
138	243	1
138	244	8
138	245	6
138	246	9
138	247	10
138	248	9
138	249	5
138	250	20
138	251	14
138	252	1
138	253	16
138	254	8
138	255	6
138	256	9
138	257	8
138	258	6
138	259	10
138	260	10
138	261	3
138	262	17
138	263	12
138	264	11
138	266	1
138	267	10
138	268	13
138	269	6
138	270	1
138	271	1
138	272	8
138	273	11
138	274	12
138	275	10
138	276	7
138	277	8
138	278	9
138	279	12
138	281	8
138	282	11
138	283	4
138	284	8
138	285	12
138	286	8
138	287	10
138	288	4
138	289	9
138	290	8
138	291	2
138	292	9
138	293	5
138	294	7
138	295	6
138	296	9
138	297	9
138	298	10
138	299	12
138	300	7
138	302	11
138	303	8
138	304	2
138	305	5
138	306	11
138	307	5
138	308	8
138	309	8
138	310	4
138	311	6
138	312	14
138	313	2
138	314	4
138	315	3
138	317	11
138	318	2
138	320	8
138	321	6
138	322	7
138	324	7
138	326	6
138	328	3
138	329	7
138	330	12
138	331	9
138	332	11
138	333	4
138	334	8
138	335	3
138	336	8
138	337	5
138	338	12
138	339	13
138	340	1
138	341	8
138	342	11
138	344	5
138	346	6
138	347	9
138	348	3
138	349	1
138	350	9
138	351	5
138	352	5
138	353	13
138	354	3
138	355	2
138	357	15
138	358	16
138	359	7
138	360	7
139	140	7
139	141	8
139	142	9
139	143	9
139	144	10
139	146	5
139	147	7
139	148	8
139	149	2
139	150	7
139	151	1
139	152	7
139	153	8
139	154	6
139	155	6
139	156	7
139	157	11
139	158	9
139	159	8
139	160	4
139	161	6
139	162	6
139	163	6
139	164	8
139	165	8
139	166	7
139	167	5
139	168	4
139	169	5
139	170	7
139	171	7
139	172	10
139	173	6
139	174	8
139	175	2
139	176	7
139	177	6
139	178	5
139	179	7
139	180	6
139	181	10
139	182	7
139	183	8
139	184	7
139	185	8
139	187	9
139	188	8
139	189	8
139	190	8
139	191	6
139	192	9
139	193	6
139	194	10
139	195	11
139	197	6
139	198	5
139	200	5
139	201	6
139	202	6
139	203	7
139	204	7
139	205	7
139	206	5
139	207	1
139	208	9
139	209	1
139	210	4
139	211	6
139	212	6
139	213	7
139	214	4
139	215	5
139	216	8
139	217	2
139	218	9
139	219	7
139	220	5
139	221	8
139	222	9
139	223	8
139	224	4
139	225	4
139	226	3
139	227	8
139	228	7
139	229	2
139	230	9
139	231	6
139	232	7
139	233	3
139	234	5
139	235	2
139	236	7
139	237	6
139	238	10
139	240	7
139	241	3
139	242	4
139	243	2
139	244	4
139	245	7
139	246	8
139	247	7
139	248	6
139	249	7
139	250	7
139	251	8
139	252	1
139	253	8
139	254	6
139	255	4
139	256	6
139	257	5
139	258	6
139	259	7
139	260	10
139	261	3
139	262	7
139	263	5
139	264	6
139	267	4
139	268	7
139	269	5
139	270	1
139	271	1
139	272	8
139	273	5
139	274	10
139	275	5
139	276	4
139	277	6
139	278	9
139	279	8
139	281	5
139	282	6
139	283	3
139	284	8
139	285	5
139	286	8
139	287	7
139	288	2
139	289	6
139	290	5
139	291	2
139	292	6
139	293	6
139	294	6
139	295	3
139	296	6
139	297	6
139	298	7
139	299	7
139	300	7
139	302	7
139	303	6
139	304	1
139	305	7
139	306	5
139	307	5
139	308	8
139	309	7
139	310	4
139	311	4
139	312	5
139	313	2
139	314	5
139	315	1
139	317	5
139	318	3
139	320	4
139	321	3
139	322	7
139	324	7
139	326	6
139	329	7
139	330	6
139	331	8
139	332	7
139	333	3
139	334	5
139	335	3
139	336	7
139	337	3
139	338	5
139	339	11
139	341	6
139	342	9
139	344	7
139	346	5
139	347	5
139	348	3
139	349	1
139	350	8
139	351	5
139	352	8
139	353	5
139	354	3
139	355	2
139	357	7
139	358	5
139	359	9
139	360	4
140	141	7
140	142	14
140	143	6
140	144	8
140	146	8
140	147	7
140	148	8
140	149	4
140	150	8
140	152	10
140	153	8
140	154	7
140	155	7
140	156	6
140	157	9
140	158	14
140	159	10
140	160	8
140	161	9
140	162	5
140	163	8
140	164	8
140	165	7
140	166	7
140	167	11
140	168	8
140	169	6
140	170	5
140	171	6
140	172	8
140	173	7
140	174	8
140	175	2
140	176	10
140	177	5
140	178	8
140	179	9
140	180	7
140	181	9
140	182	6
140	183	9
140	184	8
140	185	10
140	186	1
140	187	8
140	188	8
140	189	10
140	190	6
140	191	6
140	192	8
140	193	7
140	194	8
140	195	7
140	196	1
140	197	6
140	198	9
140	200	6
140	201	6
140	202	9
140	203	7
140	204	7
140	205	8
140	206	6
140	207	3
140	208	8
140	209	1
140	210	3
140	211	6
140	212	7
140	213	9
140	214	5
140	215	6
140	216	7
140	217	3
140	218	7
140	219	4
140	220	8
140	221	6
140	222	6
140	223	9
140	224	5
140	225	7
140	226	4
140	227	8
140	228	10
140	229	3
140	230	8
140	231	5
140	232	7
140	233	5
140	234	8
140	235	2
140	236	9
140	237	8
140	238	10
140	240	9
140	241	4
140	242	7
140	243	2
140	244	7
140	245	4
140	246	10
140	247	8
140	248	9
140	249	7
140	250	8
140	251	10
140	253	9
140	254	9
140	255	7
140	256	7
140	257	7
140	258	7
140	259	6
140	260	3
140	261	5
140	262	7
140	263	5
140	264	5
140	266	2
140	267	7
140	268	11
140	269	7
140	270	2
140	271	1
140	272	8
140	273	6
140	274	11
140	275	6
140	276	9
140	277	9
140	278	6
140	279	7
140	281	6
140	282	6
140	283	4
140	284	8
140	285	9
140	286	5
140	287	6
140	288	5
140	289	20
140	290	5
140	291	1
140	292	8
140	293	7
140	294	7
140	295	5
140	296	6
140	297	7
140	298	9
140	299	7
140	300	8
140	302	7
140	303	5
140	305	8
140	306	7
140	307	7
140	308	6
140	309	7
140	310	6
140	311	7
140	312	8
140	313	3
140	314	5
140	315	1
140	317	5
140	318	2
140	320	5
140	321	3
140	322	6
140	324	7
140	326	7
140	328	1
140	329	6
140	330	9
140	331	7
140	332	8
140	333	5
140	334	9
140	335	2
140	336	7
140	337	4
140	338	6
140	339	10
140	340	1
140	341	8
140	342	10
140	344	6
140	346	7
140	347	5
140	348	3
140	349	1
140	350	9
140	351	5
140	352	6
140	353	9
140	354	5
140	355	1
140	357	11
140	358	9
140	359	7
140	360	6
141	142	7
141	143	5
141	144	10
141	146	7
141	147	8
141	148	7
141	149	5
141	150	5
141	151	1
141	152	7
141	153	8
141	154	8
141	155	6
141	156	4
141	157	11
141	158	9
141	159	10
141	160	4
141	161	10
141	162	6
141	163	5
141	164	6
141	165	6
141	166	6
141	167	7
141	168	11
141	169	7
141	170	7
141	171	5
141	172	9
141	173	8
141	174	5
141	175	3
141	176	8
141	177	7
141	178	5
141	179	5
141	180	7
141	181	12
141	182	4
141	183	11
141	184	7
141	185	8
141	186	1
141	187	7
141	188	4
141	189	8
141	190	8
141	191	1
141	192	6
141	193	9
141	194	10
141	195	6
141	196	1
141	197	6
141	198	7
141	200	4
141	201	4
141	202	5
141	203	9
141	204	5
141	205	8
141	206	10
141	207	2
141	208	7
141	209	3
141	210	3
141	211	5
141	212	7
141	213	6
141	214	4
141	215	7
141	216	8
141	217	1
141	218	6
141	219	7
141	220	7
141	221	6
141	222	7
141	223	8
141	224	5
141	225	4
141	226	4
141	227	8
141	228	6
141	229	3
141	230	10
141	231	5
141	232	6
141	233	5
141	234	7
141	235	1
141	236	7
141	237	7
141	238	11
141	239	1
141	240	5
141	241	3
141	242	4
141	243	1
141	244	9
141	245	4
141	246	6
141	247	6
141	248	6
141	249	7
141	250	8
141	251	7
141	252	2
141	253	9
141	254	11
141	255	5
141	256	8
141	257	3
141	258	5
141	259	8
141	260	6
141	261	2
141	262	5
141	263	7
141	264	8
141	265	1
141	266	1
141	267	6
141	268	9
141	269	7
141	270	1
141	272	7
141	273	5
141	274	14
141	275	6
141	276	5
141	277	5
141	278	6
141	279	8
141	281	5
141	282	6
141	283	3
141	284	8
141	285	8
141	286	10
141	287	5
141	288	6
141	289	6
141	290	9
141	291	3
141	292	4
141	293	5
141	294	9
141	295	8
141	296	8
141	297	6
141	298	8
141	299	7
141	300	6
141	302	9
141	303	6
141	304	1
141	305	6
141	306	6
141	307	6
141	308	6
141	309	7
141	310	8
141	311	8
141	312	10
141	313	4
141	314	4
141	315	2
141	317	6
141	318	2
141	320	4
141	321	3
141	322	6
141	324	6
141	326	5
141	327	2
141	328	2
141	329	8
141	330	5
141	331	5
141	332	6
141	333	5
141	334	3
141	335	1
141	336	6
141	337	4
141	338	4
141	339	10
141	340	1
141	341	6
141	342	6
141	344	6
141	346	4
141	347	4
141	348	2
141	349	2
141	350	7
141	351	5
141	352	7
141	353	6
141	354	3
141	355	2
141	357	12
141	358	5
141	359	5
141	360	6
142	143	8
142	144	14
142	146	10
142	147	7
142	148	12
142	149	4
142	150	7
142	152	11
142	153	19
142	154	8
142	155	10
142	156	7
142	157	13
142	158	12
142	159	11
142	160	9
142	161	15
142	162	12
142	163	10
142	164	11
142	165	12
142	166	12
142	167	13
142	168	5
142	169	11
142	170	8
142	171	10
142	172	19
142	173	8
142	174	8
142	175	2
142	176	10
142	177	11
142	178	12
142	179	12
142	180	9
142	181	13
142	182	13
142	183	9
142	184	11
142	185	11
142	187	14
142	188	12
142	189	19
142	190	12
142	191	6
142	192	12
142	193	8
142	194	8
142	195	9
142	197	8
142	198	9
142	200	9
142	201	10
142	202	12
142	203	10
142	204	10
142	205	13
142	206	6
142	207	2
142	208	10
142	210	7
142	211	9
142	212	9
142	213	11
142	214	9
142	215	10
142	216	10
142	217	5
142	218	9
142	219	8
142	220	8
142	221	10
142	222	14
142	223	12
142	224	5
142	225	14
142	226	6
142	227	14
142	228	6
142	229	3
142	230	6
142	231	6
142	232	7
142	233	5
142	234	12
142	235	2
142	236	11
142	237	11
142	238	13
142	240	27
142	241	7
142	242	13
142	243	2
142	244	12
142	245	7
142	246	13
142	247	7
142	248	11
142	249	7
142	250	21
142	251	15
142	253	14
142	254	9
142	255	11
142	256	8
142	257	7
142	258	7
142	259	10
142	260	7
142	261	6
142	262	17
142	263	11
142	264	11
142	266	1
142	267	11
142	268	16
142	269	8
142	270	2
142	271	1
142	272	9
142	273	15
142	274	14
142	275	9
142	276	11
142	277	8
142	278	9
142	279	8
142	281	8
142	282	14
142	283	5
142	284	14
142	285	9
142	286	9
142	287	8
142	288	5
142	289	10
142	290	6
142	292	13
142	293	9
142	294	11
142	295	7
142	296	8
142	297	10
142	298	12
142	299	10
142	300	9
142	302	9
142	303	8
142	304	3
142	305	8
142	306	12
142	307	7
142	308	8
142	309	7
142	310	7
142	311	5
142	312	12
142	313	3
142	314	4
142	315	1
142	317	10
142	318	3
142	320	10
142	321	5
142	322	11
142	324	9
142	325	1
142	326	8
142	327	1
142	328	1
142	329	12
142	330	11
142	331	7
142	332	12
142	333	6
142	334	8
142	335	3
142	336	10
142	337	3
142	338	11
142	339	14
142	340	1
142	341	7
142	342	10
142	344	6
142	346	9
142	347	8
142	348	4
142	349	1
142	350	9
142	351	7
142	352	6
142	353	16
142	354	7
142	355	1
142	357	21
142	358	26
142	359	9
142	360	7
143	144	13
143	146	6
143	147	10
143	148	10
143	149	3
143	150	7
143	152	6
143	153	9
143	154	9
143	155	6
143	156	7
143	157	6
143	158	10
143	159	6
143	160	8
143	161	6
143	162	10
143	163	7
143	164	7
143	165	6
143	166	7
143	167	7
143	168	5
143	169	6
143	170	7
143	171	11
143	172	8
143	173	6
143	174	5
143	175	2
143	176	5
143	177	6
143	178	7
143	179	7
143	180	10
143	181	10
143	182	9
143	183	7
143	184	10
143	185	9
143	187	13
143	188	7
143	189	10
143	190	9
143	191	6
143	192	10
143	193	6
143	194	6
143	195	10
143	197	7
143	198	9
143	200	8
143	201	10
143	202	5
143	203	7
143	204	5
143	205	5
143	206	7
143	208	6
143	209	3
143	210	4
143	211	8
143	212	7
143	213	6
143	214	7
143	215	8
143	216	6
143	217	2
143	218	8
143	219	7
143	220	5
143	221	6
143	222	6
143	223	6
143	224	3
143	225	2
143	226	2
143	227	11
143	228	6
143	229	2
143	230	6
143	231	7
143	232	7
143	233	3
143	234	10
143	235	2
143	236	7
143	237	6
143	238	8
143	240	7
143	241	7
143	242	6
143	243	2
143	244	5
143	245	7
143	246	8
143	247	4
143	248	7
143	249	8
143	250	10
143	251	9
143	253	11
143	254	7
143	255	4
143	256	5
143	257	6
143	258	7
143	259	9
143	260	7
143	261	3
143	262	8
143	263	8
143	264	4
143	267	5
143	268	6
143	269	5
143	270	2
143	271	1
143	272	9
143	273	9
143	274	8
143	275	8
143	276	7
143	277	6
143	278	9
143	279	6
143	281	6
143	282	7
143	283	3
143	284	7
143	285	6
143	286	10
143	287	10
143	288	4
143	289	5
143	290	4
143	291	1
143	292	8
143	293	7
143	294	7
143	295	4
143	296	6
143	297	7
143	298	10
143	299	5
143	300	7
143	302	7
143	303	6
143	305	6
143	306	9
143	307	5
143	308	10
143	309	7
143	310	5
143	311	4
143	312	6
143	313	2
143	314	4
143	315	1
143	317	7
143	318	2
143	320	6
143	321	1
143	322	5
143	324	5
143	325	1
143	326	6
143	328	1
143	329	7
143	330	8
143	331	8
143	332	8
143	333	5
143	334	8
143	335	2
143	336	5
143	337	4
143	338	6
143	339	10
143	341	5
143	342	8
143	344	5
143	346	8
143	347	7
143	348	2
143	349	2
143	350	7
143	351	6
143	352	5
143	353	5
143	354	1
143	355	1
143	357	7
143	358	8
143	359	10
143	360	3
144	146	10
144	147	13
144	148	12
144	149	6
144	150	8
144	152	9
144	153	10
144	154	9
144	155	11
144	156	9
144	157	11
144	158	18
144	159	9
144	160	10
144	161	12
144	162	10
144	163	10
144	164	10
144	165	9
144	166	10
144	167	12
144	168	10
144	169	7
144	170	9
144	171	13
144	172	12
144	173	9
144	174	10
144	175	2
144	176	12
144	177	9
144	178	9
144	179	7
144	180	9
144	181	16
144	182	10
144	183	9
144	184	12
144	185	11
144	186	1
144	187	12
144	188	10
144	189	14
144	190	10
144	191	5
144	192	12
144	193	10
144	194	14
144	195	10
144	196	1
144	197	9
144	198	11
144	200	10
144	201	7
144	202	7
144	203	7
144	204	11
144	205	14
144	206	11
144	207	5
144	208	9
144	209	2
144	210	4
144	211	10
144	212	7
144	213	9
144	214	7
144	215	13
144	216	9
144	217	2
144	218	10
144	219	9
144	220	8
144	221	7
144	222	10
144	223	7
144	224	5
144	225	6
144	226	5
144	227	12
144	228	7
144	229	4
144	230	9
144	231	5
144	232	9
144	233	5
144	234	12
144	235	2
144	236	11
144	237	8
144	238	11
144	239	1
144	240	7
144	241	8
144	242	8
144	243	1
144	244	13
144	245	8
144	246	10
144	247	7
144	248	12
144	249	10
144	250	9
144	251	12
144	252	1
144	253	14
144	254	10
144	255	8
144	256	8
144	257	6
144	258	9
144	259	13
144	260	11
144	261	4
144	262	9
144	263	9
144	264	8
144	266	1
144	267	7
144	268	10
144	269	10
144	270	2
144	271	1
144	272	10
144	273	12
144	274	14
144	275	10
144	276	9
144	277	6
144	278	10
144	279	11
144	281	7
144	282	11
144	283	7
144	284	13
144	285	9
144	286	8
144	287	9
144	288	6
144	289	6
144	290	7
144	291	1
144	292	10
144	293	11
144	294	10
144	295	8
144	296	6
144	297	8
144	298	11
144	299	8
144	300	7
144	302	8
144	303	7
144	304	1
144	305	7
144	306	9
144	307	10
144	308	9
144	309	8
144	310	10
144	311	5
144	312	7
144	313	4
144	314	5
144	315	1
144	317	7
144	318	3
144	320	8
144	321	5
144	322	14
144	324	7
144	325	2
144	326	9
144	327	1
144	328	3
144	329	11
144	330	11
144	331	7
144	332	10
144	333	9
144	334	8
144	335	2
144	336	9
144	337	6
144	338	10
144	339	12
144	340	1
144	341	7
144	342	8
144	344	11
144	346	13
144	347	7
144	348	4
144	349	2
144	350	7
144	351	9
144	352	9
144	353	10
144	354	3
144	355	1
144	357	13
144	358	10
144	359	9
144	360	6
144	361	1
145	151	2
145	166	1
145	168	1
145	177	1
145	196	1
145	201	1
145	206	1
145	210	1
145	219	1
145	224	1
145	225	1
145	229	2
145	230	1
145	234	1
145	235	3
145	241	1
145	243	1
145	245	1
145	247	1
145	258	1
145	261	1
145	278	1
145	282	1
145	283	1
145	298	1
145	305	1
145	308	1
145	324	1
145	332	1
145	338	1
145	342	1
145	353	1
145	360	2
146	147	14
146	148	11
146	149	3
146	150	8
146	151	1
146	152	12
146	153	14
146	154	8
146	155	11
146	156	5
146	157	11
146	158	9
146	159	7
146	160	7
146	161	10
146	162	10
146	163	6
146	164	8
146	165	9
146	166	10
146	167	6
146	168	6
146	169	9
146	170	7
146	171	9
146	172	6
146	173	8
146	174	7
146	175	1
146	176	6
146	177	8
146	178	10
146	179	6
146	180	7
146	181	15
146	182	5
146	183	11
146	184	6
146	185	9
146	186	1
146	187	8
146	188	13
146	189	9
146	190	8
146	191	7
146	192	8
146	193	7
146	194	8
146	195	5
146	196	1
146	197	6
146	198	8
146	200	9
146	201	4
146	202	9
146	203	13
146	204	7
146	205	9
146	206	7
146	207	3
146	208	8
146	210	4
146	211	6
146	212	7
146	213	9
146	214	5
146	215	14
146	216	9
146	217	3
146	218	9
146	219	7
146	220	8
146	221	6
146	222	8
146	223	13
146	224	4
146	225	9
146	226	5
146	227	10
146	228	6
146	229	2
146	230	7
146	231	5
146	232	6
146	233	4
146	234	9
146	235	1
146	236	9
146	237	5
146	238	13
146	240	8
146	241	5
146	242	7
146	243	2
146	244	11
146	245	10
146	246	10
146	247	6
146	248	13
146	249	8
146	250	8
146	251	11
146	253	12
146	254	6
146	255	14
146	256	8
146	257	8
146	258	6
146	259	8
146	260	5
146	261	4
146	262	6
146	263	10
146	264	8
146	266	2
146	267	10
146	268	9
146	269	9
146	270	3
146	272	10
146	273	7
146	274	13
146	275	5
146	276	14
146	277	11
146	278	7
146	279	8
146	281	10
146	282	5
146	283	3
146	284	7
146	285	9
146	286	6
146	287	7
146	288	8
146	289	7
146	290	6
146	292	4
146	293	10
146	294	8
146	295	8
146	296	5
146	297	8
146	298	11
146	299	7
146	300	8
146	302	6
146	303	5
146	304	1
146	305	7
146	306	7
146	307	8
146	308	8
146	309	8
146	310	6
146	311	6
146	312	11
146	313	5
146	314	2
146	315	2
146	317	7
146	318	3
146	320	7
146	321	3
146	322	9
146	324	7
146	326	8
146	327	2
146	328	1
146	329	6
146	330	6
146	331	6
146	332	6
146	333	5
146	334	7
146	335	2
146	336	10
146	337	4
146	338	6
146	339	8
146	340	2
146	341	6
146	342	6
146	344	7
146	346	5
146	347	8
146	348	2
146	349	2
146	350	6
146	351	5
146	352	9
146	353	9
146	354	5
146	357	8
146	358	10
146	359	7
146	360	6
147	148	12
147	149	2
147	150	7
147	151	1
147	152	12
147	153	9
147	154	7
147	155	9
147	156	5
147	157	13
147	158	11
147	159	4
147	160	9
147	161	5
147	162	11
147	163	6
147	164	9
147	165	9
147	166	10
147	167	8
147	168	6
147	169	8
147	170	7
147	171	11
147	172	9
147	173	8
147	174	7
147	175	1
147	176	7
147	177	7
147	178	9
147	179	5
147	180	9
147	181	16
147	182	5
147	183	9
147	184	9
147	185	12
147	186	1
147	187	11
147	188	12
147	189	10
147	190	6
147	191	6
147	192	12
147	193	7
147	194	8
147	195	6
147	196	1
147	197	6
147	198	6
147	200	10
147	201	7
147	202	7
147	203	9
147	204	5
147	205	7
147	206	7
147	207	1
147	208	8
147	209	1
147	210	4
147	211	9
147	212	7
147	213	13
147	214	8
147	215	12
147	216	7
147	217	1
147	218	11
147	219	11
147	220	7
147	221	6
147	222	7
147	223	7
147	224	3
147	225	4
147	226	3
147	227	9
147	228	5
147	229	2
147	230	5
147	231	6
147	232	6
147	233	4
147	234	11
147	235	1
147	236	7
147	237	4
147	238	9
147	240	7
147	241	6
147	242	6
147	243	1
147	244	10
147	245	10
147	246	7
147	247	4
147	248	10
147	249	9
147	250	8
147	251	9
147	253	14
147	254	7
147	255	8
147	256	4
147	257	7
147	258	8
147	259	8
147	260	8
147	261	2
147	262	5
147	263	10
147	264	7
147	265	2
147	267	8
147	268	11
147	269	8
147	271	1
147	272	8
147	273	9
147	274	10
147	275	8
147	276	10
147	277	7
147	278	7
147	279	5
147	281	9
147	282	6
147	283	2
147	284	8
147	285	6
147	286	3
147	287	7
147	288	7
147	289	6
147	290	5
147	291	1
147	292	5
147	293	8
147	294	8
147	295	9
147	296	4
147	297	7
147	298	11
147	299	6
147	300	9
147	302	7
147	303	4
147	305	8
147	306	7
147	307	7
147	308	9
147	309	5
147	310	7
147	311	5
147	312	10
147	313	3
147	314	2
147	315	1
147	317	10
147	318	3
147	319	1
147	320	6
147	321	1
147	322	7
147	324	9
147	326	8
147	328	1
147	329	8
147	330	8
147	331	5
147	332	7
147	333	6
147	334	7
147	335	2
147	336	7
147	337	4
147	338	7
147	339	8
147	340	1
147	341	5
147	342	8
147	344	4
147	346	8
147	347	8
147	348	2
147	349	1
147	350	6
147	351	5
147	352	7
147	353	8
147	354	2
147	357	8
147	358	9
147	359	6
147	360	4
148	149	4
148	150	8
148	152	9
148	153	9
148	154	10
148	155	8
148	156	8
148	157	10
148	158	12
148	159	8
148	160	11
148	161	7
148	162	9
148	163	9
148	164	8
148	165	10
148	166	8
148	167	9
148	168	7
148	169	7
148	170	8
148	171	12
148	172	10
148	173	9
148	174	7
148	175	2
148	176	10
148	177	8
148	178	10
148	179	9
148	180	12
148	181	11
148	182	9
148	183	9
148	184	11
148	185	12
148	186	1
148	187	13
148	188	9
148	189	12
148	190	8
148	191	4
148	192	10
148	193	12
148	194	10
148	195	8
148	196	1
148	197	11
148	198	8
148	200	7
148	201	7
148	202	6
148	203	8
148	204	6
148	205	9
148	206	6
148	208	7
148	209	1
148	210	7
148	211	8
148	212	9
148	213	7
148	214	8
148	215	8
148	216	9
148	217	2
148	218	11
148	219	7
148	220	6
148	221	7
148	222	8
148	223	6
148	224	5
148	225	5
148	226	3
148	227	9
148	228	5
148	229	2
148	230	7
148	231	6
148	232	7
148	233	4
148	234	12
148	235	2
148	236	7
148	237	6
148	238	11
148	240	8
148	241	7
148	242	8
148	243	1
148	244	6
148	245	8
148	246	7
148	247	6
148	248	13
148	249	7
148	250	7
148	251	7
148	253	11
148	254	8
148	255	6
148	256	7
148	257	4
148	258	8
148	259	11
148	260	7
148	261	4
148	262	8
148	263	10
148	264	8
148	265	1
148	267	6
148	268	7
148	269	8
148	271	1
148	272	8
148	273	10
148	274	11
148	275	6
148	276	6
148	277	6
148	278	8
148	279	6
148	281	7
148	282	7
148	283	4
148	284	10
148	285	7
148	286	7
148	287	9
148	288	5
148	289	5
148	290	4
148	292	8
148	293	12
148	294	7
148	295	8
148	296	7
148	297	9
148	298	11
148	299	6
148	300	9
148	302	8
148	303	6
148	304	1
148	305	7
148	306	7
148	307	8
148	308	9
148	309	6
148	310	8
148	311	5
148	312	9
148	313	3
148	314	4
148	315	1
148	317	9
148	318	3
148	320	8
148	321	2
148	322	7
148	324	6
148	326	7
148	328	1
148	329	11
148	330	6
148	331	7
148	332	7
148	333	10
148	334	8
148	335	3
148	336	9
148	337	4
148	338	9
148	339	11
148	340	1
148	341	5
148	342	9
148	344	6
148	346	9
148	347	10
148	348	4
148	349	1
148	350	7
148	351	8
148	352	7
148	353	6
148	354	2
148	355	1
148	357	7
148	358	11
148	359	8
148	360	5
149	150	4
149	152	3
149	153	6
149	154	4
149	155	2
149	156	2
149	157	8
149	158	5
149	159	7
149	160	2
149	161	6
149	162	2
149	163	5
149	164	2
149	165	2
149	166	3
149	167	5
149	168	4
149	169	4
149	170	3
149	171	4
149	172	3
149	173	5
149	174	3
149	175	2
149	176	3
149	177	6
149	178	5
149	179	3
149	180	4
149	181	3
149	182	3
149	183	4
149	184	3
149	185	4
149	186	1
149	187	2
149	188	1
149	189	5
149	190	7
149	191	1
149	192	2
149	193	5
149	194	4
149	195	3
149	196	1
149	197	3
149	198	5
149	200	1
149	201	3
149	202	3
149	203	2
149	204	3
149	205	5
149	206	5
149	207	2
149	208	2
149	209	1
149	210	1
149	211	4
149	212	3
149	213	2
149	214	2
149	215	3
149	216	3
149	217	1
149	218	6
149	219	3
149	220	4
149	221	2
149	222	1
149	223	3
149	224	3
149	225	2
149	226	2
149	227	4
149	228	3
149	229	2
149	230	6
149	231	2
149	232	4
149	233	2
149	234	4
149	235	2
149	236	5
149	237	5
149	238	7
149	239	1
149	240	2
149	241	5
149	242	3
149	243	1
149	244	3
149	245	1
149	246	3
149	247	4
149	248	5
149	249	4
149	250	3
149	251	3
149	253	2
149	254	5
149	255	2
149	256	4
149	257	2
149	258	4
149	259	4
149	260	1
149	261	2
149	262	4
149	263	3
149	264	4
149	266	1
149	267	3
149	268	4
149	269	4
149	270	1
149	272	3
149	273	3
149	274	5
149	275	3
149	276	3
149	277	2
149	278	2
149	279	4
149	281	3
149	282	4
149	283	3
149	284	3
149	285	5
149	286	4
149	287	2
149	288	3
149	289	2
149	290	3
149	292	4
149	293	3
149	294	1
149	295	4
149	296	5
149	297	2
149	298	4
149	299	4
149	300	3
149	302	4
149	303	5
149	305	2
149	306	3
149	307	4
149	308	2
149	309	5
149	310	6
149	311	5
149	312	4
149	313	2
149	314	2
149	315	1
149	317	2
149	318	1
149	320	5
149	321	3
149	322	2
149	324	2
149	326	3
149	328	2
149	329	4
149	330	2
149	331	4
149	332	5
149	333	4
149	334	3
149	336	2
149	337	2
149	338	4
149	339	4
149	341	2
149	342	2
149	344	4
149	346	3
149	347	1
149	348	2
149	349	1
149	350	3
149	351	3
149	352	3
149	353	2
149	354	1
149	355	1
149	357	7
149	358	3
149	359	4
149	360	3
150	152	8
150	153	7
150	154	6
150	155	7
150	156	8
150	157	10
150	158	8
150	159	5
150	160	5
150	161	6
150	162	5
150	163	7
150	164	8
150	165	5
150	166	8
150	167	5
150	168	5
150	169	5
150	170	12
150	171	7
150	172	5
150	173	10
150	174	6
150	175	2
150	176	6
150	177	6
150	178	6
150	179	7
150	180	8
150	181	8
150	182	5
150	183	6
150	184	8
150	185	8
150	187	8
150	188	6
150	189	8
150	190	7
150	191	5
150	192	5
150	193	6
150	194	12
150	195	5
150	196	1
150	197	6
150	198	8
150	200	9
150	201	5
150	202	8
150	203	5
150	204	6
150	205	7
150	206	4
150	207	2
150	208	7
150	210	5
150	211	8
150	212	4
150	213	7
150	214	4
150	215	6
150	216	6
150	217	2
150	218	6
150	219	7
150	220	6
150	221	4
150	222	6
150	223	7
150	224	5
150	225	3
150	226	5
150	227	7
150	228	9
150	229	4
150	230	4
150	231	6
150	232	11
150	233	2
150	234	9
150	235	2
150	236	6
150	237	8
150	238	8
150	240	5
150	241	8
150	242	4
150	243	2
150	244	6
150	245	7
150	246	5
150	247	6
150	248	7
150	249	7
150	250	4
150	251	7
150	253	8
150	254	6
150	255	5
150	256	4
150	257	7
150	258	12
150	259	9
150	260	4
150	261	4
150	262	6
150	263	6
150	264	9
150	265	1
150	266	1
150	267	7
150	268	7
150	269	7
150	270	1
150	271	1
150	272	8
150	273	4
150	274	9
150	275	5
150	276	6
150	277	8
150	278	7
150	279	4
150	281	17
150	282	5
150	283	3
150	284	10
150	285	7
150	286	9
150	287	8
150	288	7
150	289	7
150	290	5
150	292	8
150	293	11
150	294	6
150	295	5
150	296	7
150	297	7
150	298	10
150	299	4
150	300	6
150	302	6
150	303	7
150	305	8
150	306	5
150	307	8
150	308	7
150	309	9
150	310	9
150	311	5
150	312	4
150	313	5
150	314	9
150	315	2
150	316	1
150	317	8
150	318	1
150	320	5
150	321	3
150	322	8
150	324	5
150	326	9
150	327	1
150	328	1
150	329	7
150	330	5
150	331	6
150	332	7
150	333	18
150	334	11
150	335	2
150	336	8
150	337	4
150	338	5
150	339	9
150	340	2
150	341	10
150	342	9
150	344	11
150	346	12
150	347	8
150	348	3
150	349	2
150	350	8
150	351	13
150	352	16
150	353	3
150	354	2
150	357	7
150	358	7
150	359	10
150	360	5
151	157	1
151	158	3
151	159	1
151	160	1
151	172	1
151	175	1
151	179	2
151	181	1
151	187	1
151	191	1
151	196	1
151	203	2
151	204	1
151	207	3
151	208	1
151	213	1
151	223	2
151	224	2
151	225	1
151	226	1
151	227	1
151	229	4
151	235	4
151	240	1
151	242	1
151	243	1
151	245	1
151	246	1
151	247	1
151	251	1
151	252	3
151	255	1
151	257	1
151	261	1
151	263	1
151	267	2
151	268	1
151	270	1
151	273	1
151	276	1
151	278	1
151	283	1
151	286	1
151	291	1
151	299	1
151	300	1
151	306	1
151	309	1
151	312	2
151	313	1
151	316	2
151	317	1
151	324	1
151	325	4
151	327	1
151	332	1
151	337	3
151	339	1
151	342	1
151	353	1
151	357	2
151	358	1
151	360	6
152	153	11
152	154	6
152	155	13
152	156	7
152	157	10
152	158	12
152	159	5
152	160	9
152	161	4
152	162	7
152	163	9
152	164	10
152	165	11
152	166	13
152	167	10
152	168	5
152	169	9
152	170	5
152	171	10
152	172	9
152	173	5
152	174	7
152	175	1
152	176	10
152	177	7
152	178	9
152	179	6
152	180	8
152	181	11
152	182	8
152	183	8
152	184	8
152	185	12
152	186	1
152	187	10
152	188	12
152	189	11
152	190	8
152	191	7
152	192	10
152	193	7
152	194	8
152	195	5
152	196	1
152	197	6
152	198	8
152	200	9
152	201	6
152	202	9
152	203	10
152	204	7
152	205	9
152	206	6
152	207	2
152	208	8
152	210	5
152	211	8
152	212	6
152	213	11
152	214	7
152	215	11
152	216	5
152	218	7
152	219	7
152	220	10
152	221	7
152	222	9
152	223	10
152	224	3
152	225	6
152	226	5
152	227	11
152	228	7
152	229	2
152	230	5
152	231	7
152	232	6
152	233	4
152	234	10
152	235	1
152	236	8
152	237	6
152	238	10
152	240	9
152	241	5
152	242	9
152	243	1
152	244	9
152	245	10
152	246	9
152	247	5
152	248	10
152	249	9
152	250	9
152	251	10
152	253	10
152	254	8
152	255	10
152	256	6
152	257	8
152	258	9
152	259	7
152	260	6
152	261	4
152	262	7
152	263	11
152	264	7
152	266	1
152	267	11
152	268	7
152	269	11
152	270	2
152	271	1
152	272	7
152	273	8
152	274	11
152	275	7
152	276	9
152	277	11
152	278	5
152	279	7
152	281	8
152	282	8
152	283	4
152	284	9
152	285	12
152	286	6
152	287	7
152	288	8
152	289	11
152	290	6
152	292	7
152	293	9
152	294	9
152	295	9
152	296	3
152	297	7
152	298	12
152	299	8
152	300	9
152	302	5
152	303	7
152	305	10
152	306	9
152	307	10
152	308	7
152	309	7
152	310	6
152	311	7
152	312	9
152	313	5
152	314	1
152	315	2
152	317	9
152	318	3
152	320	7
152	321	3
152	322	9
152	324	10
152	325	1
152	326	9
152	327	1
152	328	1
152	329	7
152	330	9
152	331	8
152	332	10
152	333	7
152	334	6
152	335	1
152	336	8
152	337	3
152	338	8
152	339	8
152	340	2
152	341	7
152	342	9
152	344	6
152	346	7
152	347	7
152	348	2
152	349	2
152	350	7
152	351	6
152	352	10
152	353	8
152	354	5
152	357	8
152	358	12
152	359	8
152	360	5
153	154	8
153	155	10
153	156	8
153	157	14
153	158	14
153	159	6
153	160	9
153	161	10
153	162	13
153	163	9
153	164	10
153	165	12
153	166	15
153	167	7
153	168	6
153	169	11
153	170	4
153	171	11
153	172	16
153	173	7
153	174	9
153	175	1
153	176	8
153	177	9
153	178	15
153	179	7
153	180	9
153	181	12
153	182	9
153	183	8
153	184	7
153	185	13
153	186	2
153	187	13
153	188	11
153	189	13
153	190	12
153	191	8
153	192	15
153	193	8
153	194	8
153	195	10
153	196	1
153	197	6
153	198	8
153	200	15
153	201	11
153	202	14
153	203	13
153	204	8
153	205	10
153	206	12
153	208	9
153	209	2
153	210	5
153	211	8
153	212	7
153	213	10
153	214	7
153	215	14
153	216	10
153	218	12
153	219	7
153	220	12
153	221	9
153	222	13
153	223	11
153	224	3
153	225	5
153	226	9
153	227	13
153	228	9
153	229	3
153	230	8
153	231	11
153	232	6
153	233	7
153	234	14
153	235	1
153	236	14
153	237	7
153	238	12
153	239	1
153	240	15
153	241	8
153	242	11
153	243	1
153	244	12
153	245	9
153	246	11
153	247	6
153	248	9
153	249	9
153	250	19
153	251	16
153	252	2
153	253	15
153	254	12
153	255	13
153	256	8
153	257	16
153	258	7
153	259	11
153	260	11
153	261	4
153	262	11
153	263	10
153	264	11
153	265	1
153	266	1
153	267	11
153	268	16
153	269	11
153	270	1
153	271	1
153	272	8
153	273	15
153	274	14
153	275	11
153	276	12
153	277	10
153	278	11
153	279	13
153	281	12
153	282	15
153	283	2
153	284	9
153	285	11
153	286	8
153	287	8
153	288	11
153	289	9
153	290	8
153	292	9
153	293	6
153	294	8
153	295	11
153	296	10
153	297	13
153	298	14
153	299	11
153	300	8
153	302	9
153	303	10
153	304	3
153	305	8
153	306	10
153	307	12
153	308	12
153	309	7
153	310	9
153	311	12
153	312	8
153	313	5
153	314	3
153	315	2
153	316	1
153	317	12
153	318	3
153	320	8
153	321	7
153	322	12
153	324	9
153	326	9
153	327	2
153	328	1
153	329	8
153	330	8
153	331	14
153	332	11
153	333	5
153	334	10
153	335	2
153	336	9
153	337	2
153	338	9
153	339	14
153	340	2
153	341	13
153	342	11
153	344	8
153	346	11
153	347	7
153	348	4
153	349	1
153	350	11
153	351	7
153	352	9
153	353	7
153	354	3
153	355	2
153	357	18
153	358	16
153	359	9
153	360	6
154	155	3
154	156	6
154	157	8
154	158	8
154	159	10
154	160	6
154	161	9
154	162	6
154	163	6
154	164	2
154	165	6
154	166	4
154	167	7
154	168	6
154	169	4
154	170	6
154	171	6
154	172	7
154	173	9
154	174	7
154	175	2
154	176	8
154	177	5
154	178	6
154	179	7
154	180	8
154	181	16
154	182	7
154	183	7
154	184	7
154	185	8
154	186	1
154	187	9
154	188	4
154	189	7
154	190	6
154	191	1
154	192	5
154	193	7
154	194	8
154	195	8
154	196	1
154	197	8
154	198	8
154	200	5
154	201	6
154	202	2
154	203	7
154	204	8
154	205	8
154	206	9
154	207	1
154	208	5
154	209	3
154	210	5
154	211	3
154	212	8
154	213	5
154	214	5
154	215	6
154	216	6
154	217	2
154	218	7
154	219	5
154	220	6
154	221	4
154	222	6
154	223	9
154	224	5
154	225	4
154	226	2
154	227	7
154	228	4
154	229	1
154	230	7
154	231	6
154	232	5
154	233	5
154	234	7
154	235	1
154	236	4
154	237	6
154	238	7
154	239	1
154	240	3
154	241	9
154	242	7
154	243	2
154	244	3
154	245	6
154	246	7
154	247	9
154	248	7
154	249	4
154	250	4
154	251	5
154	253	7
154	254	8
154	255	5
154	256	9
154	257	2
154	258	6
154	259	11
154	260	5
154	261	4
154	262	7
154	263	10
154	264	7
154	267	5
154	268	8
154	269	5
154	270	1
154	272	6
154	273	7
154	274	10
154	275	5
154	276	8
154	277	5
154	278	7
154	279	9
154	281	4
154	282	6
154	283	4
154	284	7
154	285	7
154	286	10
154	287	6
154	288	3
154	289	4
154	290	5
154	291	1
154	292	9
154	293	5
154	294	6
154	295	4
154	296	8
154	297	5
154	298	8
154	299	5
154	300	4
154	302	8
154	303	5
154	304	1
154	305	4
154	306	5
154	307	5
154	308	4
154	309	10
154	310	6
154	311	8
154	312	6
154	313	2
154	314	4
154	315	2
154	317	6
154	318	2
154	320	8
154	321	3
154	322	5
154	324	4
154	326	3
154	327	2
154	328	1
154	329	6
154	330	6
154	331	6
154	332	7
154	333	6
154	334	7
154	335	3
154	336	6
154	337	4
154	338	7
154	339	6
154	340	1
154	341	5
154	342	8
154	344	5
154	346	6
154	347	7
154	348	3
154	350	7
154	351	4
154	352	5
154	353	8
154	355	3
154	357	8
154	358	6
154	359	9
154	360	6
155	156	6
155	157	6
155	158	11
155	159	2
155	160	11
155	161	6
155	162	8
155	163	5
155	164	12
155	165	8
155	166	27
155	167	9
155	168	6
155	169	7
155	170	4
155	171	6
155	172	9
155	173	4
155	174	8
155	175	1
155	176	6
155	177	5
155	178	6
155	179	4
155	180	6
155	181	10
155	182	4
155	183	7
155	184	5
155	185	8
155	187	16
155	188	14
155	189	11
155	190	8
155	191	6
155	192	10
155	193	5
155	194	5
155	195	5
155	197	3
155	198	6
155	200	8
155	201	5
155	202	10
155	203	10
155	204	8
155	205	7
155	206	7
155	207	1
155	208	7
155	209	1
155	210	4
155	211	9
155	212	5
155	213	11
155	214	6
155	215	9
155	216	6
155	217	1
155	218	9
155	219	8
155	220	8
155	221	8
155	222	10
155	223	13
155	224	3
155	225	5
155	226	5
155	227	9
155	228	6
155	229	3
155	230	4
155	231	8
155	232	5
155	233	2
155	234	7
155	235	1
155	236	11
155	237	5
155	238	9
155	239	1
155	240	11
155	241	4
155	242	6
155	243	1
155	244	12
155	245	11
155	246	8
155	247	5
155	248	10
155	249	10
155	250	11
155	251	13
155	252	1
155	253	13
155	254	7
155	255	11
155	256	5
155	257	7
155	258	6
155	259	5
155	260	8
155	261	3
155	262	9
155	263	9
155	264	8
155	266	1
155	267	9
155	268	8
155	269	10
155	270	2
155	271	1
155	272	8
155	273	10
155	274	10
155	275	8
155	276	9
155	277	9
155	278	8
155	279	5
155	281	10
155	282	7
155	283	5
155	284	6
155	285	7
155	286	4
155	287	7
155	288	9
155	289	8
155	290	7
155	291	1
155	292	7
155	293	9
155	294	10
155	295	11
155	296	4
155	297	9
155	298	8
155	299	6
155	300	8
155	302	6
155	303	5
155	305	7
155	306	10
155	307	9
155	308	8
155	309	6
155	310	5
155	311	4
155	312	6
155	313	5
155	314	2
155	315	2
155	317	7
155	318	2
155	319	1
155	320	7
155	321	4
155	322	12
155	324	7
155	325	1
155	326	9
155	327	2
155	328	2
155	329	7
155	330	8
155	331	6
155	332	8
155	333	4
155	334	5
155	335	1
155	336	7
155	337	2
155	338	6
155	339	7
155	340	2
155	341	5
155	342	6
155	344	6
155	346	6
155	347	9
155	348	2
155	349	2
155	350	4
155	351	5
155	352	8
155	353	8
155	354	6
155	357	11
155	358	11
155	359	4
155	360	3
155	361	1
156	157	4
156	158	12
156	159	5
156	160	8
156	161	5
156	162	5
156	163	7
156	164	7
156	165	8
156	166	6
156	167	7
156	168	7
156	169	7
156	170	4
156	171	7
156	172	9
156	173	5
156	174	6
156	175	2
156	176	7
156	177	4
156	178	6
156	179	5
156	180	6
156	181	8
156	182	8
156	183	8
156	184	8
156	185	8
156	187	7
156	188	7
156	189	10
156	190	5
156	191	4
156	192	11
156	193	5
156	194	5
156	195	6
156	197	6
156	198	8
156	200	8
156	201	6
156	202	8
156	203	8
156	204	6
156	205	7
156	206	6
156	207	1
156	208	5
156	209	2
156	210	6
156	211	6
156	212	7
156	213	6
156	214	6
156	215	6
156	216	7
156	217	1
156	218	6
156	219	8
156	220	6
156	221	7
156	222	7
156	223	6
156	224	3
156	225	3
156	226	5
156	227	6
156	228	6
156	229	2
156	230	3
156	231	7
156	232	7
156	233	4
156	234	12
156	235	2
156	236	6
156	237	8
156	238	7
156	240	9
156	241	6
156	242	7
156	243	2
156	244	5
156	245	5
156	246	6
156	247	5
156	248	5
156	249	6
156	250	10
156	251	10
156	253	8
156	254	7
156	255	5
156	256	4
156	257	4
156	258	9
156	259	7
156	260	6
156	261	4
156	262	9
156	263	6
156	264	5
156	267	7
156	268	6
156	269	5
156	270	1
156	271	1
156	272	8
156	273	5
156	274	10
156	275	5
156	276	5
156	277	8
156	278	8
156	279	6
156	281	6
156	282	5
156	283	3
156	284	8
156	285	9
156	286	6
156	287	7
156	288	5
156	289	6
156	290	5
156	291	1
156	292	10
156	293	6
156	294	5
156	295	5
156	296	5
156	297	7
156	298	13
156	299	6
156	300	5
156	302	8
156	303	7
156	305	7
156	306	8
156	307	9
156	308	7
156	309	7
156	310	6
156	311	6
156	312	6
156	313	4
156	314	3
156	315	2
156	317	6
156	318	1
156	320	5
156	321	4
156	322	7
156	324	18
156	326	6
156	327	1
156	328	1
156	329	7
156	330	8
156	331	6
156	332	7
156	333	7
156	334	8
156	336	5
156	337	4
156	338	6
156	339	7
156	340	2
156	341	6
156	342	8
156	344	8
156	346	11
156	347	5
156	348	3
156	349	1
156	350	6
156	351	7
156	352	8
156	353	8
156	354	2
156	355	1
156	357	8
156	358	9
156	359	9
156	360	2
157	158	14
157	159	9
157	160	5
157	161	7
157	162	7
157	163	8
157	164	9
157	165	13
157	166	8
157	167	6
157	168	11
157	169	9
157	170	11
157	171	10
157	172	10
157	173	9
157	174	10
157	175	1
157	176	8
157	177	12
157	178	13
157	179	6
157	180	7
157	181	18
157	182	7
157	183	8
157	184	7
157	185	11
157	186	1
157	187	10
157	188	11
157	189	10
157	190	9
157	191	5
157	192	11
157	193	10
157	194	9
157	195	7
157	196	1
157	197	6
157	198	7
157	200	8
157	201	5
157	202	6
157	203	8
157	204	6
157	205	9
157	206	8
157	207	1
157	208	15
157	209	1
157	210	3
157	211	9
157	212	13
157	213	8
157	214	5
157	215	12
157	216	8
157	217	1
157	218	12
157	219	7
157	220	6
157	221	5
157	222	8
157	223	7
157	224	6
157	225	6
157	226	6
157	227	10
157	228	7
157	229	2
157	230	11
157	231	6
157	232	6
157	233	5
157	234	9
157	235	1
157	236	9
157	237	8
157	238	12
157	239	1
157	240	10
157	241	7
157	242	7
157	243	1
157	244	8
157	245	6
157	246	9
157	247	8
157	248	11
157	249	7
157	250	10
157	251	7
157	252	1
157	253	11
157	254	9
157	255	7
157	256	8
157	257	9
157	258	6
157	259	8
157	260	7
157	261	3
157	262	6
157	263	9
157	264	10
157	265	2
157	266	1
157	267	5
157	268	10
157	269	8
157	270	2
157	271	1
157	272	6
157	273	6
157	274	12
157	275	7
157	276	7
157	277	6
157	278	6
157	279	11
157	281	8
157	282	6
157	283	3
157	284	8
157	285	8
157	286	9
157	287	6
157	288	6
157	289	6
157	290	6
157	291	1
157	292	3
157	293	6
157	294	7
157	295	9
157	296	6
157	297	7
157	298	10
157	299	9
157	300	7
157	302	8
157	303	6
157	304	1
157	305	5
157	306	5
157	307	10
157	308	6
157	309	9
157	310	10
157	311	7
157	312	10
157	313	2
157	314	4
157	315	1
157	317	6
157	318	3
157	320	6
157	321	6
157	322	9
157	324	8
157	326	6
157	328	2
157	329	8
157	330	6
157	331	9
157	332	5
157	333	8
157	334	10
157	335	3
157	336	8
157	337	4
157	338	6
157	339	13
157	341	10
157	342	8
157	344	4
157	346	6
157	347	5
157	348	2
157	349	1
157	350	8
157	351	7
157	352	8
157	353	9
157	354	3
157	355	2
157	357	11
157	358	10
157	359	12
157	360	7
158	159	6
158	160	17
158	161	9
158	162	10
158	163	11
158	164	12
158	165	12
158	166	13
158	167	12
158	168	13
158	169	10
158	170	11
158	171	11
158	172	13
158	173	9
158	174	14
158	175	2
158	176	12
158	177	11
158	178	13
158	179	11
158	180	9
158	181	18
158	182	11
158	183	8
158	184	9
158	185	12
158	186	1
158	187	11
158	188	11
158	189	16
158	190	11
158	191	10
158	192	19
158	193	10
158	194	8
158	195	10
158	196	1
158	197	8
158	198	11
158	200	12
158	201	7
158	202	11
158	203	9
158	204	9
158	205	12
158	206	13
158	207	2
158	208	11
158	209	3
158	210	4
158	211	10
158	212	9
158	213	12
158	214	10
158	215	15
158	216	13
158	217	1
158	218	13
158	219	7
158	220	10
158	221	9
158	222	10
158	223	9
158	224	4
158	225	7
158	226	6
158	227	14
158	228	8
158	229	3
158	230	11
158	231	7
158	232	8
158	233	6
158	234	12
158	235	2
158	236	13
158	237	10
158	238	13
158	239	2
158	240	13
158	241	11
158	242	11
158	243	1
158	244	14
158	245	8
158	246	12
158	247	5
158	248	12
158	249	10
158	250	14
158	251	15
158	253	14
158	254	11
158	255	12
158	256	7
158	257	12
158	258	9
158	259	9
158	260	10
158	261	4
158	262	10
158	263	11
158	264	8
158	265	1
158	266	1
158	267	9
158	268	11
158	269	12
158	270	2
158	271	1
158	272	8
158	273	12
158	274	13
158	275	13
158	276	10
158	277	9
158	278	11
158	279	12
158	281	6
158	282	10
158	283	6
158	284	15
158	285	11
158	286	9
158	287	8
158	288	9
158	289	9
158	290	10
158	291	1
158	292	9
158	293	10
158	294	6
158	295	11
158	296	6
158	297	9
158	298	11
158	299	9
158	300	11
158	302	10
158	303	8
158	305	11
158	306	12
158	307	11
158	308	9
158	309	9
158	310	10
158	311	8
158	312	8
158	313	4
158	314	4
158	315	1
158	316	1
158	317	7
158	318	3
158	320	8
158	321	7
158	322	13
158	324	9
158	325	1
158	326	9
158	328	3
158	329	9
158	330	11
158	331	9
158	332	10
158	333	9
158	334	10
158	335	1
158	336	10
158	337	5
158	338	10
158	339	17
158	340	1
158	341	10
158	342	11
158	344	9
158	346	11
158	347	7
158	348	3
158	349	2
158	350	10
158	351	9
158	352	11
158	353	13
158	354	5
158	355	1
158	357	13
158	358	14
158	359	11
158	360	5
158	361	1
159	160	4
159	161	17
159	162	6
159	163	6
159	164	3
159	165	7
159	166	3
159	167	10
159	168	9
159	169	6
159	170	9
159	171	6
159	172	8
159	173	6
159	174	5
159	175	2
159	176	11
159	177	7
159	178	5
159	179	8
159	180	9
159	181	9
159	182	7
159	183	8
159	184	7
159	185	10
159	186	1
159	187	7
159	188	4
159	189	7
159	190	9
159	191	2
159	192	4
159	193	9
159	194	8
159	195	7
159	196	1
159	197	9
159	198	6
159	200	5
159	201	6
159	202	5
159	203	5
159	204	6
159	205	12
159	206	7
159	207	3
159	208	6
159	209	1
159	210	4
159	211	4
159	212	14
159	213	4
159	214	7
159	215	7
159	216	7
159	217	3
159	218	8
159	219	8
159	220	5
159	221	3
159	222	10
159	223	6
159	224	5
159	225	5
159	226	3
159	227	7
159	228	7
159	229	4
159	230	9
159	231	3
159	232	7
159	233	5
159	234	5
159	235	2
159	236	8
159	237	7
159	238	12
159	240	5
159	241	6
159	242	7
159	243	1
159	244	5
159	245	3
159	246	7
159	247	9
159	248	8
159	249	8
159	250	7
159	251	6
159	253	11
159	254	7
159	255	5
159	256	9
159	257	4
159	258	6
159	259	9
159	260	4
159	261	2
159	262	7
159	263	7
159	264	7
159	266	1
159	267	6
159	268	7
159	269	7
159	270	2
159	272	8
159	273	6
159	274	14
159	275	5
159	276	5
159	277	6
159	278	7
159	279	10
159	281	4
159	282	5
159	283	5
159	284	5
159	285	9
159	286	9
159	287	7
159	288	4
159	289	4
159	290	3
159	291	1
159	292	6
159	293	5
159	294	11
159	295	5
159	296	10
159	297	3
159	298	8
159	299	7
159	300	6
159	302	6
159	303	6
159	304	1
159	305	5
159	306	5
159	307	5
159	308	6
159	309	6
159	310	6
159	311	7
159	312	10
159	313	2
159	314	5
159	315	1
159	317	3
159	318	3
159	320	6
159	321	3
159	322	7
159	324	4
159	326	4
159	327	1
159	328	2
159	329	7
159	330	4
159	331	9
159	332	6
159	333	6
159	334	5
159	335	3
159	336	7
159	337	5
159	338	5
159	339	10
159	341	4
159	342	6
159	344	7
159	346	4
159	347	5
159	348	3
159	349	1
159	350	6
159	351	5
159	352	4
159	353	5
159	354	2
159	355	2
159	357	12
159	358	4
159	359	7
159	360	6
160	161	5
160	162	10
160	163	8
160	164	9
160	165	9
160	166	12
160	167	9
160	168	7
160	169	7
160	170	5
160	171	8
160	172	10
160	173	4
160	174	10
160	175	2
160	176	6
160	177	4
160	178	8
160	179	7
160	180	8
160	181	7
160	182	7
160	183	7
160	184	8
160	185	7
160	187	13
160	188	10
160	189	13
160	190	6
160	191	7
160	192	15
160	193	6
160	194	6
160	195	5
160	197	5
160	198	6
160	200	10
160	201	7
160	202	8
160	203	6
160	204	7
160	205	7
160	206	9
160	208	6
160	209	2
160	210	5
160	211	7
160	212	5
160	213	7
160	214	10
160	215	9
160	216	6
160	217	1
160	218	8
160	219	6
160	220	6
160	221	5
160	222	6
160	223	6
160	224	3
160	225	3
160	226	5
160	227	7
160	228	4
160	229	2
160	230	3
160	231	6
160	232	4
160	233	4
160	234	12
160	235	2
160	236	9
160	237	5
160	238	10
160	239	1
160	240	9
160	241	7
160	242	7
160	243	1
160	244	10
160	245	8
160	246	7
160	247	2
160	248	9
160	249	8
160	250	12
160	251	9
160	253	14
160	254	6
160	255	7
160	256	3
160	257	8
160	258	5
160	259	6
160	260	7
160	261	3
160	262	9
160	263	9
160	264	4
160	267	6
160	268	8
160	269	10
160	271	1
160	272	7
160	273	7
160	274	7
160	275	10
160	276	8
160	277	6
160	278	8
160	279	7
160	281	7
160	282	6
160	283	4
160	284	8
160	285	6
160	286	4
160	287	7
160	288	7
160	289	5
160	290	8
160	291	1
160	292	7
160	293	6
160	294	7
160	295	8
160	296	3
160	297	8
160	298	11
160	299	6
160	300	8
160	302	5
160	303	7
160	305	6
160	306	13
160	307	8
160	308	8
160	309	4
160	310	5
160	311	5
160	312	7
160	313	3
160	314	3
160	315	1
160	317	10
160	318	1
160	320	7
160	321	3
160	322	7
160	324	6
160	326	6
160	328	2
160	329	6
160	330	7
160	331	4
160	332	7
160	333	4
160	334	6
160	336	4
160	337	2
160	338	9
160	339	7
160	340	1
160	341	5
160	342	6
160	343	1
160	344	5
160	346	9
160	347	8
160	348	3
160	349	1
160	350	5
160	351	5
160	352	6
160	353	7
160	354	2
160	357	8
160	358	11
160	359	7
160	360	2
160	361	1
161	162	9
161	163	6
161	164	3
161	165	9
161	166	8
161	167	9
161	168	9
161	169	10
161	170	8
161	171	5
161	172	10
161	173	8
161	174	7
161	175	3
161	176	8
161	177	10
161	178	9
161	179	6
161	180	6
161	181	10
161	182	7
161	183	12
161	184	6
161	185	8
161	186	1
161	187	9
161	188	4
161	189	7
161	190	9
161	191	2
161	192	5
161	193	7
161	194	6
161	195	5
161	196	1
161	197	10
161	198	9
161	200	4
161	201	4
161	202	8
161	203	9
161	204	10
161	205	12
161	206	10
161	207	4
161	208	8
161	209	2
161	210	3
161	211	4
161	212	11
161	213	5
161	214	9
161	215	7
161	216	8
161	217	4
161	218	6
161	219	4
161	220	5
161	221	6
161	222	11
161	223	10
161	224	5
161	225	5
161	226	4
161	227	9
161	228	6
161	229	5
161	230	8
161	231	5
161	232	7
161	233	5
161	234	7
161	235	2
161	236	12
161	237	8
161	238	14
161	240	11
161	241	8
161	242	4
161	243	1
161	244	8
161	245	5
161	246	8
161	247	7
161	248	9
161	249	8
161	250	12
161	251	9
161	253	9
161	254	9
161	255	8
161	256	13
161	257	6
161	258	6
161	259	9
161	260	7
161	261	3
161	262	12
161	263	7
161	264	7
161	266	3
161	267	7
161	268	11
161	269	6
161	270	4
161	272	9
161	273	9
161	274	14
161	275	5
161	276	7
161	277	4
161	278	9
161	279	9
161	281	6
161	282	9
161	283	4
161	284	10
161	285	9
161	286	12
161	287	8
161	288	5
161	289	6
161	290	5
161	291	1
161	292	7
161	293	6
161	294	7
161	295	6
161	296	11
161	297	7
161	298	9
161	299	9
161	300	6
161	302	9
161	303	11
161	304	4
161	305	4
161	306	9
161	307	4
161	308	5
161	309	8
161	310	6
161	311	5
161	312	8
161	313	2
161	314	5
161	315	1
161	317	4
161	318	3
161	320	9
161	321	4
161	322	8
161	324	6
161	325	1
161	326	5
161	327	1
161	328	4
161	329	8
161	330	5
161	331	7
161	332	8
161	333	8
161	334	7
161	335	3
161	336	8
161	337	5
161	338	12
161	339	11
161	341	6
161	342	7
161	344	9
161	346	4
161	347	5
161	348	3
161	349	2
161	350	7
161	351	4
161	352	4
161	353	11
161	354	3
161	355	2
161	357	15
161	358	6
161	359	7
161	360	6
162	163	6
162	164	8
162	165	10
162	166	9
162	167	8
162	168	4
162	169	6
162	170	7
162	171	9
162	172	9
162	173	7
162	174	7
162	175	1
162	176	5
162	177	7
162	178	10
162	179	6
162	180	8
162	181	8
162	182	6
162	183	6
162	184	7
162	185	10
162	187	12
162	188	9
162	189	9
162	190	7
162	191	7
162	192	13
162	193	4
162	194	7
162	195	8
162	197	5
162	198	5
162	200	11
162	201	9
162	202	6
162	203	9
162	204	7
162	205	9
162	206	7
162	207	3
162	208	7
162	209	2
162	210	5
162	211	7
162	212	6
162	213	7
162	214	13
162	215	10
162	216	8
162	217	2
162	218	8
162	219	9
162	220	8
162	221	7
162	222	9
162	223	11
162	224	3
162	225	5
162	226	5
162	227	8
162	228	7
162	229	4
162	230	6
162	231	9
162	232	6
162	233	3
162	234	9
162	235	1
162	236	6
162	237	6
162	238	9
162	240	10
162	241	5
162	242	8
162	243	1
162	244	13
162	245	9
162	246	7
162	247	6
162	248	10
162	249	7
162	250	9
162	251	14
162	252	1
162	253	9
162	254	8
162	255	10
162	256	6
162	257	13
162	258	5
162	259	9
162	260	10
162	261	3
162	262	5
162	263	8
162	264	7
162	265	2
162	266	1
162	267	8
162	268	9
162	269	8
162	270	1
162	271	1
162	272	10
162	273	10
162	274	13
162	275	9
162	276	9
162	277	7
162	278	11
162	279	7
162	281	10
162	282	9
162	283	2
162	284	8
162	285	7
162	286	6
162	287	8
162	288	7
162	289	6
162	290	9
162	292	8
162	293	8
162	294	11
162	295	8
162	296	6
162	297	9
162	298	9
162	299	8
162	300	8
162	302	7
162	303	7
162	304	1
162	305	5
162	306	9
162	307	8
162	308	13
162	309	6
162	310	3
162	311	4
162	312	7
162	313	3
162	314	2
162	315	1
162	316	1
162	317	11
162	318	3
162	320	8
162	321	3
162	322	7
162	324	6
162	326	6
162	327	1
162	328	1
162	329	8
162	330	6
162	331	7
162	332	9
162	333	2
162	334	7
162	335	2
162	336	8
162	337	4
162	338	8
162	339	10
162	340	1
162	341	8
162	342	7
162	343	1
162	344	5
162	346	8
162	347	8
162	348	3
162	349	1
162	350	6
162	351	6
162	352	7
162	353	7
162	354	2
162	357	12
162	358	10
162	359	8
162	360	5
163	164	6
163	165	8
163	166	5
163	167	10
163	168	6
163	169	7
163	170	7
163	171	8
163	172	8
163	173	6
163	174	7
163	175	2
163	176	7
163	177	7
163	178	10
163	179	7
163	180	9
163	181	8
163	182	10
163	183	7
163	184	9
163	185	9
163	186	1
163	187	8
163	188	6
163	189	13
163	190	8
163	191	5
163	192	9
163	193	9
163	194	8
163	195	6
163	196	1
163	197	7
163	198	9
163	200	7
163	201	7
163	202	8
163	203	6
163	204	4
163	205	8
163	206	8
163	207	1
163	208	6
163	210	5
163	211	7
163	212	6
163	213	7
163	214	6
163	215	7
163	216	6
163	217	2
163	218	8
163	219	4
163	220	8
163	221	6
163	222	5
163	223	4
163	224	4
163	225	4
163	226	5
163	227	8
163	228	6
163	229	3
163	230	5
163	231	3
163	232	7
163	233	5
163	234	8
163	235	2
163	236	6
163	237	7
163	238	11
163	240	7
163	241	7
163	242	9
163	243	1
163	244	4
163	245	5
163	246	8
163	247	4
163	248	10
163	249	7
163	250	7
163	251	6
163	253	9
163	254	8
163	255	7
163	256	6
163	257	5
163	258	6
163	259	7
163	260	4
163	261	3
163	262	8
163	263	7
163	264	8
163	266	1
163	267	7
163	268	8
163	269	7
163	270	2
163	271	1
163	272	7
163	273	7
163	274	7
163	275	7
163	276	5
163	277	7
163	278	5
163	279	8
163	281	7
163	282	8
163	283	5
163	284	7
163	285	8
163	286	6
163	287	6
163	288	6
163	289	7
163	290	6
163	292	6
163	293	7
163	294	4
163	295	6
163	296	5
163	297	6
163	298	9
163	299	7
163	300	8
163	302	7
163	303	7
163	305	6
163	306	6
163	307	9
163	308	6
163	309	6
163	310	7
163	311	8
163	312	6
163	313	4
163	314	2
163	315	1
163	317	6
163	318	2
163	320	7
163	321	3
163	322	6
163	324	6
163	326	7
163	328	1
163	329	8
163	330	7
163	331	7
163	332	8
163	333	7
163	334	6
163	335	1
163	336	6
163	337	3
163	338	8
163	339	8
163	340	1
163	341	9
163	342	8
163	344	6
163	346	8
163	347	5
163	348	4
163	349	3
163	350	6
163	351	7
163	352	9
163	353	5
163	354	2
163	357	9
163	358	10
163	359	9
163	360	5
164	165	9
164	166	12
164	167	8
164	168	5
164	169	9
164	170	8
164	171	8
164	172	8
164	173	4
164	174	5
164	175	2
164	176	9
164	177	6
164	178	9
164	179	8
164	180	8
164	181	9
164	182	6
164	183	8
164	184	7
164	185	9
164	186	1
164	187	11
164	188	12
164	189	11
164	190	6
164	191	5
164	192	12
164	193	7
164	194	13
164	195	8
164	197	4
164	198	5
164	200	9
164	201	6
164	202	11
164	203	9
164	204	7
164	205	5
164	206	4
164	207	1
164	208	7
164	210	4
164	211	9
164	212	6
164	213	11
164	214	6
164	215	8
164	216	5
164	217	1
164	218	9
164	219	7
164	220	6
164	221	6
164	222	7
164	223	8
164	224	3
164	225	4
164	226	4
164	227	11
164	228	9
164	229	3
164	230	3
164	231	6
164	232	5
164	233	2
164	234	9
164	235	2
164	236	8
164	237	5
164	238	8
164	240	12
164	241	3
164	242	5
164	243	1
164	244	9
164	245	8
164	246	7
164	247	3
164	248	7
164	249	9
164	250	11
164	251	13
164	253	11
164	254	6
164	255	8
164	256	2
164	257	7
164	258	7
164	259	6
164	260	9
164	261	4
164	262	6
164	263	9
164	264	7
164	267	7
164	268	10
164	269	8
164	270	2
164	271	1
164	272	15
164	273	8
164	274	9
164	275	8
164	276	8
164	277	10
164	278	6
164	279	7
164	281	9
164	282	6
164	283	2
164	284	8
164	285	9
164	286	3
164	287	6
164	288	7
164	289	7
164	290	4
164	292	10
164	293	9
164	294	7
164	295	8
164	296	4
164	297	8
164	298	11
164	299	4
164	300	7
164	302	4
164	303	5
164	305	9
164	306	9
164	307	7
164	308	13
164	309	6
164	310	4
164	311	2
164	312	4
164	313	4
164	314	5
164	315	2
164	316	1
164	317	7
164	318	2
164	320	3
164	321	2
164	322	10
164	324	6
164	326	8
164	327	1
164	328	2
164	329	8
164	330	8
164	331	6
164	332	7
164	333	6
164	334	7
164	336	7
164	337	2
164	338	6
164	339	9
164	340	2
164	341	6
164	342	6
164	344	7
164	346	6
164	347	6
164	348	3
164	349	1
164	350	4
164	351	7
164	352	7
164	353	9
164	354	4
164	357	10
164	358	11
164	359	7
164	360	4
165	166	12
165	167	9
165	168	4
165	169	9
165	170	8
165	171	8
165	172	11
165	173	5
165	174	11
165	175	1
165	176	9
165	177	8
165	178	14
165	179	5
165	180	6
165	181	9
165	182	8
165	183	8
165	184	8
165	185	14
165	187	11
165	188	10
165	189	12
165	190	8
165	191	4
165	192	11
165	193	9
165	194	7
165	195	5
165	197	6
165	198	7
165	200	8
165	201	5
165	202	8
165	203	9
165	204	6
165	205	10
165	206	7
165	207	3
165	208	7
165	209	1
165	210	5
165	211	9
165	212	6
165	213	9
165	214	6
165	215	11
165	216	9
165	217	1
165	218	7
165	219	5
165	220	5
165	221	7
165	222	7
165	223	8
165	224	3
165	225	6
165	226	4
165	227	8
165	228	4
165	229	3
165	230	4
165	231	7
165	232	5
165	233	3
165	234	9
165	235	1
165	236	7
165	237	5
165	238	8
165	240	12
165	241	5
165	242	8
165	243	1
165	244	8
165	245	9
165	246	9
165	247	7
165	248	9
165	249	7
165	250	13
165	251	8
165	253	12
165	254	8
165	255	8
165	256	7
165	257	8
165	258	6
165	259	7
165	260	7
165	261	2
165	262	7
165	263	8
165	264	6
165	265	1
165	266	1
165	267	7
165	268	8
165	269	8
165	270	3
165	271	1
165	272	6
165	273	7
165	274	10
165	275	6
165	276	5
165	277	7
165	278	6
165	279	8
165	281	6
165	282	8
165	283	4
165	284	12
165	285	10
165	286	6
165	287	6
165	288	5
165	289	8
165	290	5
165	292	6
165	293	8
165	294	5
165	295	7
165	296	4
165	297	6
165	298	9
165	299	8
165	300	8
165	302	7
165	303	7
165	304	1
165	305	7
165	306	7
165	307	8
165	308	6
165	309	5
165	310	5
165	311	6
165	312	8
165	313	3
165	314	2
165	315	1
165	317	8
165	318	3
165	320	8
165	321	5
165	322	11
165	324	8
165	326	6
165	327	1
165	328	2
165	329	9
165	330	8
165	331	7
165	332	6
165	333	4
165	334	5
165	335	2
165	336	8
165	337	4
165	338	6
165	339	7
165	341	9
165	342	10
165	344	5
165	346	7
165	347	6
165	348	2
165	349	2
165	350	4
165	351	4
165	352	9
165	353	8
165	354	6
165	355	1
165	357	7
165	358	13
165	359	10
165	360	4
166	167	8
166	168	5
166	169	8
166	170	4
166	171	6
166	172	13
166	173	4
166	174	11
166	175	1
166	176	7
166	177	6
166	178	8
166	179	6
166	180	6
166	181	11
166	182	5
166	183	6
166	184	5
166	185	10
166	187	17
166	188	14
166	189	12
166	190	8
166	191	7
166	192	12
166	193	6
166	194	5
166	195	7
166	197	4
166	198	5
166	200	8
166	201	7
166	202	11
166	203	13
166	204	8
166	205	8
166	206	8
166	207	2
166	208	10
166	210	4
166	211	9
166	212	5
166	213	10
166	214	7
166	215	11
166	216	7
166	218	7
166	219	8
166	220	7
166	221	11
166	222	12
166	223	12
166	224	4
166	225	5
166	226	6
166	227	11
166	228	6
166	229	3
166	230	4
166	231	10
166	232	4
166	233	3
166	234	8
166	235	1
166	236	13
166	237	6
166	238	10
166	240	10
166	241	6
166	242	10
166	243	1
166	244	13
166	245	13
166	246	9
166	247	6
166	248	7
166	249	10
166	250	14
166	251	13
166	253	16
166	254	10
166	255	9
166	256	5
166	257	11
166	258	8
166	259	7
166	260	8
166	261	3
166	262	10
166	263	10
166	264	10
166	266	1
166	267	10
166	268	8
166	269	10
166	270	2
166	271	1
166	272	10
166	273	10
166	274	11
166	275	8
166	276	9
166	277	9
166	278	9
166	279	7
166	281	11
166	282	9
166	283	3
166	284	9
166	285	9
166	286	5
166	287	8
166	288	9
166	289	8
166	290	8
166	292	7
166	293	8
166	294	9
166	295	10
166	296	4
166	297	10
166	298	9
166	299	8
166	300	6
166	302	5
166	303	7
166	304	1
166	305	8
166	306	11
166	307	8
166	308	11
166	309	6
166	310	7
166	311	5
166	312	6
166	313	5
166	314	2
166	315	2
166	317	7
166	318	2
166	319	1
166	320	6
166	321	4
166	322	13
166	324	9
166	326	9
166	327	1
166	328	1
166	329	7
166	330	8
166	331	9
166	332	8
166	333	5
166	334	4
166	335	2
166	336	8
166	337	2
166	338	8
166	339	9
166	340	2
166	341	6
166	342	9
166	344	6
166	346	8
166	347	9
166	348	3
166	349	2
166	350	6
166	351	5
166	352	7
166	353	8
166	354	5
166	355	1
166	357	12
166	358	13
166	359	4
166	360	4
167	168	8
167	169	8
167	170	5
167	171	7
167	172	11
167	173	7
167	174	7
167	175	2
167	176	10
167	177	10
167	178	9
167	179	7
167	180	8
167	181	11
167	182	8
167	183	7
167	184	7
167	185	10
167	186	1
167	187	9
167	188	7
167	189	15
167	190	6
167	191	4
167	192	8
167	193	8
167	194	8
167	195	8
167	196	1
167	197	8
167	198	8
167	200	6
167	201	6
167	202	7
167	203	6
167	204	7
167	205	10
167	206	10
167	207	3
167	208	5
167	209	1
167	210	4
167	211	8
167	212	7
167	213	8
167	214	8
167	215	7
167	216	6
167	217	2
167	218	7
167	219	6
167	220	6
167	221	6
167	222	8
167	223	8
167	224	4
167	225	5
167	226	3
167	227	9
167	228	6
167	229	3
167	230	5
167	231	7
167	232	6
167	233	4
167	234	9
167	235	2
167	236	6
167	237	9
167	238	8
167	240	8
167	241	6
167	242	9
167	243	1
167	244	7
167	245	7
167	246	7
167	247	7
167	248	7
167	249	7
167	250	10
167	251	10
167	253	10
167	254	8
167	255	6
167	256	7
167	257	4
167	258	6
167	259	6
167	260	6
167	261	4
167	262	8
167	263	7
167	264	4
167	265	1
167	266	1
167	267	5
167	268	11
167	269	9
167	270	2
167	272	7
167	273	9
167	274	10
167	275	7
167	276	8
167	277	7
167	278	6
167	279	6
167	281	4
167	282	9
167	283	5
167	284	8
167	285	8
167	286	4
167	287	5
167	288	5
167	289	7
167	290	4
167	292	8
167	293	6
167	294	4
167	295	7
167	296	5
167	297	6
167	298	9
167	299	7
167	300	8
167	302	8
167	303	8
167	305	6
167	306	8
167	307	7
167	308	6
167	309	6
167	310	7
167	311	7
167	312	11
167	313	4
167	314	3
167	315	1
167	317	6
167	318	2
167	319	1
167	320	6
167	321	3
167	322	8
167	324	5
167	326	7
167	327	1
167	328	2
167	329	9
167	330	8
167	331	5
167	332	13
167	333	5
167	334	5
167	335	1
167	336	5
167	337	5
167	338	6
167	339	7
167	340	1
167	341	4
167	342	7
167	344	6
167	346	7
167	347	6
167	348	3
167	349	2
167	350	5
167	351	7
167	352	6
167	353	9
167	354	4
167	357	11
167	358	10
167	359	7
167	360	5
168	169	6
168	170	5
168	171	5
168	172	7
168	173	6
168	174	7
168	175	3
168	176	9
168	177	7
168	178	6
168	179	5
168	180	8
168	181	10
168	182	4
168	183	9
168	184	5
168	185	6
168	186	1
168	187	6
168	188	4
168	189	7
168	190	9
168	191	4
168	192	8
168	193	7
168	194	7
168	195	9
168	196	1
168	197	7
168	198	8
168	200	7
168	201	6
168	202	4
168	203	6
168	204	6
168	205	8
168	206	11
168	207	1
168	208	5
168	209	2
168	210	3
168	211	6
168	212	7
168	213	6
168	214	6
168	215	7
168	216	7
168	217	1
168	218	7
168	219	5
168	220	7
168	221	6
168	222	4
168	223	7
168	224	5
168	225	4
168	226	4
168	227	7
168	228	6
168	229	3
168	230	12
168	231	4
168	232	6
168	233	6
168	234	9
168	235	2
168	236	9
168	237	6
168	238	9
168	239	1
168	240	2
168	241	4
168	242	4
168	243	1
168	244	6
168	245	6
168	246	6
168	247	6
168	248	5
168	249	9
168	250	6
168	251	6
168	252	2
168	253	8
168	254	8
168	255	7
168	256	7
168	257	6
168	258	8
168	259	6
168	260	4
168	261	3
168	262	6
168	263	6
168	264	3
168	266	1
168	267	5
168	268	6
168	269	9
168	270	1
168	272	9
168	273	4
168	274	7
168	275	8
168	276	9
168	277	5
168	278	6
168	279	10
168	281	3
168	282	5
168	283	5
168	284	5
168	285	10
168	286	6
168	287	6
168	288	6
168	289	5
168	290	7
168	291	3
168	292	5
168	293	7
168	294	7
168	295	6
168	296	8
168	297	5
168	298	10
168	299	6
168	300	6
168	302	5
168	303	5
168	305	9
168	306	6
168	307	8
168	308	6
168	309	8
168	310	8
168	311	7
168	312	8
168	313	3
168	314	5
168	315	2
168	317	3
168	318	3
168	320	3
168	321	4
168	322	8
168	324	7
168	326	6
168	327	2
168	328	2
168	329	7
168	330	5
168	331	5
168	332	7
168	333	7
168	334	8
168	335	1
168	336	5
168	337	3
168	338	6
168	339	10
168	340	1
168	341	6
168	342	6
168	344	7
168	346	6
168	347	6
168	348	3
168	349	1
168	350	7
168	351	5
168	352	6
168	353	4
168	354	1
168	355	1
168	357	10
168	358	5
168	359	7
168	360	6
168	361	1
169	170	6
169	171	7
169	172	7
169	173	5
169	174	6
169	175	2
169	176	7
169	177	8
169	178	12
169	179	4
169	180	7
169	181	8
169	182	7
169	183	6
169	184	6
169	185	6
169	186	1
169	187	8
169	188	8
169	189	8
169	190	8
169	191	5
169	192	9
169	193	9
169	194	6
169	195	8
169	196	1
169	197	5
169	198	6
169	200	9
169	201	8
169	202	7
169	203	7
169	204	3
169	205	6
169	206	7
169	207	2
169	208	8
169	210	3
169	211	8
169	212	7
169	213	7
169	214	9
169	215	9
169	216	6
169	217	1
169	218	8
169	219	4
169	220	7
169	221	5
169	222	7
169	223	6
169	224	3
169	225	4
169	226	3
169	227	11
169	228	4
169	229	2
169	230	6
169	231	7
169	232	7
169	233	5
169	234	12
169	235	2
169	236	9
169	237	8
169	238	11
169	240	12
169	241	6
169	242	8
169	243	1
169	244	7
169	245	6
169	246	9
169	247	4
169	248	6
169	249	12
169	250	13
169	251	9
169	253	7
169	254	7
169	255	8
169	256	5
169	257	9
169	258	5
169	259	5
169	260	8
169	261	3
169	262	7
169	263	7
169	264	6
169	266	1
169	267	10
169	268	7
169	269	8
169	270	2
169	272	8
169	273	7
169	274	10
169	275	7
169	276	8
169	277	8
169	278	7
169	279	6
169	281	6
169	282	6
169	283	4
169	284	8
169	285	7
169	286	6
169	287	6
169	288	9
169	289	5
169	290	5
169	292	5
169	293	6
169	294	4
169	295	9
169	296	6
169	297	4
169	298	13
169	299	9
169	300	8
169	302	4
169	303	6
169	305	7
169	306	7
169	307	9
169	308	7
169	309	4
169	310	5
169	311	5
169	312	9
169	313	3
169	314	2
169	315	2
169	317	5
169	318	2
169	320	6
169	321	4
169	322	6
169	324	10
169	326	5
169	328	2
169	329	7
169	330	6
169	331	4
169	332	8
169	333	4
169	334	5
169	335	1
169	336	6
169	337	4
169	338	5
169	339	9
169	341	5
169	342	7
169	344	6
169	346	5
169	347	6
169	348	2
169	349	3
169	350	5
169	351	4
169	352	7
169	353	6
169	354	3
169	357	8
169	358	10
169	359	7
169	360	3
170	171	7
170	172	6
170	173	9
170	174	5
170	175	4
170	176	8
170	177	5
170	178	8
170	179	4
170	180	7
170	181	10
170	182	4
170	183	10
170	184	9
170	185	6
170	187	6
170	188	5
170	189	6
170	190	10
170	191	4
170	192	10
170	193	7
170	194	9
170	195	6
170	197	12
170	198	8
170	200	9
170	201	4
170	202	4
170	203	8
170	204	6
170	205	7
170	206	5
170	207	1
170	208	6
170	209	1
170	210	5
170	211	8
170	212	9
170	213	5
170	214	5
170	215	6
170	216	9
170	217	5
170	218	7
170	219	5
170	220	3
170	221	5
170	222	6
170	223	8
170	224	3
170	225	4
170	226	2
170	227	7
170	228	5
170	229	5
170	230	9
170	231	4
170	232	8
170	233	2
170	234	5
170	235	2
170	236	6
170	237	5
170	238	10
170	240	5
170	241	5
170	242	4
170	243	1
170	244	6
170	245	5
170	246	6
170	247	4
170	248	10
170	249	7
170	250	4
170	251	4
170	252	1
170	253	11
170	254	4
170	255	8
170	256	9
170	257	5
170	258	9
170	259	8
170	260	4
170	261	3
170	262	6
170	263	8
170	264	7
170	265	2
170	267	4
170	268	4
170	269	8
170	270	1
170	271	1
170	272	8
170	273	4
170	274	9
170	275	4
170	276	6
170	277	7
170	278	5
170	279	9
170	281	5
170	282	3
170	283	3
170	284	18
170	285	6
170	286	8
170	287	7
170	288	5
170	289	4
170	290	4
170	292	4
170	293	9
170	294	8
170	295	7
170	296	11
170	297	4
170	298	6
170	299	4
170	300	8
170	302	11
170	303	7
170	304	2
170	305	7
170	306	2
170	307	5
170	308	7
170	309	9
170	310	4
170	311	5
170	312	6
170	313	1
170	314	6
170	315	3
170	316	1
170	317	3
170	318	4
170	320	5
170	321	2
170	322	6
170	324	5
170	326	7
170	327	1
170	328	2
170	329	7
170	330	3
170	331	7
170	332	3
170	333	17
170	334	15
170	335	4
170	336	8
170	337	4
170	338	5
170	339	10
170	341	8
170	342	5
170	344	7
170	346	8
170	347	5
170	348	2
170	349	1
170	350	7
170	351	17
170	352	6
170	353	6
170	354	1
170	357	9
170	358	5
170	359	11
170	360	5
171	172	7
171	173	8
171	174	5
171	175	2
171	176	8
171	177	10
171	178	8
171	179	6
171	180	9
171	181	8
171	182	8
171	183	8
171	184	10
171	185	12
171	186	1
171	187	9
171	188	8
171	189	10
171	190	8
171	191	5
171	192	11
171	193	10
171	194	8
171	195	8
171	196	1
171	197	7
171	198	8
171	200	7
171	201	8
171	202	6
171	203	7
171	204	4
171	205	7
171	206	5
171	208	7
171	209	2
171	210	5
171	211	8
171	212	7
171	213	5
171	214	7
171	215	9
171	216	6
171	217	1
171	218	8
171	219	4
171	220	5
171	221	5
171	222	6
171	223	4
171	224	2
171	225	3
171	226	3
171	227	8
171	228	7
171	229	2
171	230	5
171	231	5
171	232	7
171	233	3
171	234	12
171	235	2
171	236	7
171	237	5
171	238	8
171	240	9
171	241	7
171	242	6
171	243	1
171	244	8
171	245	6
171	246	6
171	247	2
171	248	8
171	249	7
171	250	7
171	251	7
171	253	10
171	254	7
171	255	5
171	256	4
171	257	7
171	258	8
171	259	7
171	260	7
171	261	3
171	262	8
171	263	9
171	264	7
171	267	5
171	268	5
171	269	8
171	271	1
171	272	6
171	273	7
171	274	6
171	275	6
171	276	6
171	277	5
171	278	4
171	279	7
171	281	6
171	282	5
171	283	4
171	284	9
171	285	7
171	286	8
171	287	6
171	288	4
171	289	5
171	290	3
171	292	6
171	293	8
171	294	6
171	295	5
171	296	4
171	297	5
171	298	10
171	299	5
171	300	7
171	302	6
171	303	6
171	305	8
171	306	7
171	307	7
171	308	10
171	309	7
171	310	7
171	311	5
171	312	8
171	313	2
171	314	2
171	315	1
171	317	8
171	318	3
171	320	7
171	321	2
171	322	6
171	324	7
171	325	1
171	326	7
171	328	1
171	329	8
171	330	6
171	331	7
171	332	6
171	333	7
171	334	9
171	335	1
171	336	5
171	337	3
171	338	8
171	339	11
171	341	4
171	342	5
171	344	5
171	346	9
171	347	6
171	348	2
171	349	1
171	350	5
171	351	7
171	352	6
171	353	6
171	354	2
171	357	6
171	358	10
171	359	10
171	360	2
172	173	4
172	174	9
172	175	1
172	176	9
172	177	7
172	178	7
172	179	6
172	180	7
172	181	13
172	182	9
172	183	8
172	184	9
172	185	10
172	187	13
172	188	10
172	189	17
172	190	8
172	191	5
172	192	10
172	193	7
172	194	9
172	195	8
172	196	1
172	197	7
172	198	9
172	200	9
172	201	10
172	202	9
172	203	10
172	204	9
172	205	12
172	206	12
172	207	2
172	208	9
172	209	2
172	210	7
172	211	7
172	212	6
172	213	10
172	214	7
172	215	10
172	216	9
172	218	8
172	219	8
172	220	8
172	221	10
172	222	12
172	223	7
172	224	4
172	225	8
172	226	5
172	227	10
172	228	6
172	229	3
172	230	6
172	231	8
172	232	5
172	233	6
172	234	14
172	235	1
172	236	10
172	237	7
172	238	9
172	240	12
172	241	5
172	242	8
172	243	1
172	244	11
172	245	8
172	246	10
172	247	8
172	248	7
172	249	9
172	250	16
172	251	13
172	253	15
172	254	10
172	255	8
172	256	8
172	257	7
172	258	8
172	259	8
172	260	8
172	261	4
172	262	11
172	263	8
172	264	6
172	266	1
172	267	6
172	268	12
172	269	9
172	270	2
172	271	1
172	272	8
172	273	14
172	274	11
172	275	8
172	276	5
172	277	8
172	278	10
172	279	10
172	281	6
172	282	14
172	283	4
172	284	9
172	285	10
172	286	7
172	287	7
172	288	6
172	289	8
172	290	7
172	291	2
172	292	8
172	293	8
172	294	6
172	295	8
172	296	5
172	297	8
172	298	13
172	299	11
172	300	6
172	302	10
172	303	9
172	304	1
172	305	7
172	306	12
172	307	7
172	308	6
172	309	6
172	310	7
172	311	8
172	312	8
172	313	4
172	314	3
172	315	1
172	317	9
172	318	3
172	320	8
172	321	4
172	322	13
172	324	8
172	326	9
172	328	4
172	329	10
172	330	10
172	331	8
172	332	10
172	333	6
172	334	6
172	335	2
172	336	8
172	337	4
172	338	8
172	339	9
172	340	1
172	341	7
172	342	12
172	344	7
172	346	8
172	347	8
172	348	3
172	349	2
172	350	9
172	351	5
172	352	7
172	353	11
172	354	4
172	355	2
172	357	16
172	358	11
172	359	8
172	360	6
173	174	6
173	175	2
173	176	7
173	177	6
173	178	6
173	179	9
173	180	7
173	181	11
173	182	5
173	183	8
173	184	6
173	185	7
173	186	1
173	187	5
173	188	6
173	189	5
173	190	7
173	191	4
173	192	11
173	193	8
173	194	9
173	195	6
173	196	1
173	197	14
173	198	7
173	200	5
173	201	5
173	202	4
173	203	6
173	204	4
173	205	8
173	206	7
173	207	1
173	208	4
173	209	2
173	210	3
173	211	6
173	212	6
173	213	5
173	214	4
173	215	5
173	216	9
173	217	3
173	218	8
173	219	6
173	220	6
173	221	4
173	222	5
173	223	7
173	224	4
173	225	4
173	226	2
173	227	8
173	228	6
173	229	3
173	230	8
173	231	5
173	232	8
173	233	4
173	234	6
173	235	2
173	236	3
173	237	7
173	238	7
173	239	1
173	240	2
173	241	7
173	242	6
173	243	1
173	244	3
173	245	4
173	246	6
173	247	4
173	248	8
173	249	5
173	250	2
173	251	5
173	253	6
173	254	6
173	255	5
173	256	6
173	257	2
173	258	7
173	259	9
173	260	5
173	261	3
173	262	4
173	263	5
173	264	5
173	265	1
173	267	5
173	268	9
173	269	6
173	270	1
173	272	7
173	273	4
173	274	9
173	275	7
173	276	6
173	277	6
173	278	6
173	279	7
173	281	5
173	282	5
173	283	3
173	284	9
173	285	5
173	286	6
173	287	7
173	288	6
173	289	4
173	290	4
173	292	5
173	293	10
173	294	4
173	295	5
173	296	6
173	297	5
173	298	6
173	299	4
173	300	6
173	302	9
173	303	5
173	305	5
173	306	4
173	307	6
173	308	7
173	309	4
173	310	28
173	311	7
173	312	8
173	313	3
173	314	4
173	315	1
173	317	4
173	318	2
173	319	1
173	320	6
173	321	3
173	322	6
173	324	4
173	326	5
173	327	1
173	329	7
173	330	6
173	331	4
173	332	6
173	333	8
173	334	6
173	335	2
173	336	7
173	337	6
173	338	5
173	339	10
173	340	1
173	341	5
173	342	5
173	344	6
173	346	6
173	347	5
173	348	3
173	349	1
173	350	8
173	351	9
173	352	6
173	353	4
173	354	1
173	355	1
173	357	10
173	358	4
173	359	6
173	360	4
174	175	1
174	176	9
174	177	5
174	178	8
174	179	5
174	180	5
174	181	12
174	182	7
174	183	8
174	184	10
174	185	8
174	187	7
174	188	8
174	189	8
174	190	7
174	191	6
174	192	10
174	193	9
174	194	6
174	195	8
174	197	7
174	198	9
174	200	8
174	201	5
174	202	8
174	203	8
174	204	7
174	205	9
174	206	9
174	207	2
174	208	6
174	209	1
174	210	4
174	211	7
174	212	5
174	213	8
174	214	5
174	215	6
174	216	8
174	218	6
174	219	6
174	220	7
174	221	8
174	222	10
174	223	5
174	224	4
174	225	6
174	226	4
174	227	6
174	228	5
174	229	2
174	230	5
174	231	7
174	232	6
174	233	3
174	234	4
174	235	1
174	236	7
174	237	6
174	238	8
174	239	1
174	240	5
174	241	2
174	242	5
174	243	2
174	244	7
174	245	7
174	246	8
174	247	6
174	248	8
174	249	7
174	250	8
174	251	9
174	253	12
174	254	11
174	255	7
174	256	6
174	257	5
174	258	4
174	259	6
174	260	7
174	261	3
174	262	7
174	263	6
174	264	5
174	265	2
174	266	1
174	267	5
174	268	5
174	269	5
174	270	2
174	271	1
174	272	6
174	273	6
174	274	10
174	275	7
174	276	4
174	277	7
174	278	9
174	279	10
174	281	5
174	282	7
174	283	4
174	284	8
174	285	6
174	286	5
174	287	6
174	288	4
174	289	7
174	290	7
174	291	1
174	292	6
174	293	6
174	294	4
174	295	6
174	296	5
174	297	7
174	298	5
174	299	7
174	300	7
174	302	7
174	303	5
174	304	1
174	305	5
174	306	6
174	307	8
174	308	5
174	309	6
174	310	6
174	311	5
174	312	7
174	313	5
174	314	3
174	315	1
174	317	4
174	318	2
174	320	5
174	321	5
174	322	9
174	324	7
174	326	6
174	328	3
174	329	8
174	330	9
174	331	7
174	332	6
174	333	2
174	334	6
174	335	3
174	336	7
174	337	3
174	338	6
174	339	8
174	340	1
174	341	6
174	342	9
174	344	7
174	346	5
174	347	5
174	348	3
174	349	2
174	350	6
174	351	5
174	352	8
174	353	5
174	354	3
174	355	1
174	357	8
174	358	8
174	359	6
174	360	5
174	361	1
175	176	2
175	177	2
175	178	3
175	179	2
175	180	2
175	181	1
175	182	2
175	183	3
175	184	2
175	185	1
175	187	1
175	188	1
175	189	2
175	190	3
175	191	1
175	192	2
175	193	2
175	194	1
175	195	2
175	197	3
175	198	1
175	200	2
175	201	2
175	202	2
175	203	1
175	204	2
175	205	1
175	206	1
175	208	1
175	209	1
175	210	3
175	211	2
175	212	3
175	213	2
175	214	2
175	215	1
175	216	3
175	217	1
175	218	2
175	219	1
175	220	1
175	221	5
175	222	1
175	223	2
175	224	3
175	225	2
175	226	1
175	227	1
175	228	2
175	229	2
175	230	4
175	231	1
175	232	2
175	233	1
175	234	2
175	235	2
175	236	3
175	237	2
175	238	2
175	240	1
175	241	3
175	242	1
175	243	1
175	245	1
175	246	1
175	247	1
175	248	1
175	249	2
175	250	1
175	251	1
175	252	3
175	253	1
175	254	1
175	255	1
175	256	4
175	257	1
175	258	2
175	259	1
175	260	1
175	261	3
175	262	2
175	263	1
175	266	1
175	267	1
175	268	1
175	269	2
175	272	2
175	273	1
175	274	1
175	275	2
175	276	1
175	277	1
175	278	1
175	279	3
175	281	1
175	282	1
175	283	2
175	284	4
175	285	1
175	286	3
175	287	2
175	288	1
175	289	1
175	290	2
175	291	1
175	292	2
175	293	2
175	294	1
175	295	1
175	296	8
175	297	1
175	298	2
175	299	1
175	300	2
175	302	2
175	303	3
175	304	2
175	305	2
175	306	1
175	307	1
175	308	2
175	309	5
175	310	2
175	311	2
175	312	3
175	313	2
175	314	2
175	315	2
175	316	1
175	317	1
175	318	2
175	320	2
175	321	2
175	322	1
175	324	1
175	326	2
175	327	2
175	329	2
175	330	1
175	331	1
175	332	2
175	333	3
175	334	2
175	336	1
175	337	1
175	338	2
175	339	2
175	340	2
175	341	1
175	342	1
175	344	2
175	346	2
175	347	1
175	348	2
175	349	1
175	350	4
175	351	2
175	352	1
175	353	1
175	357	3
175	358	1
175	359	2
175	360	3
176	177	5
176	178	9
176	179	8
176	180	9
176	181	12
176	182	8
176	183	9
176	184	8
176	185	8
176	186	1
176	187	10
176	188	8
176	189	9
176	190	7
176	191	2
176	192	8
176	193	10
176	194	8
176	195	7
176	196	1
176	197	8
176	198	8
176	200	6
176	201	7
176	202	8
176	203	8
176	204	6
176	205	8
176	206	5
176	208	6
176	209	1
176	210	3
176	211	7
176	212	9
176	213	7
176	214	6
176	215	5
176	216	10
176	217	1
176	218	8
176	219	5
176	220	6
176	221	6
176	222	7
176	223	7
176	224	4
176	225	5
176	226	2
176	227	8
176	228	5
176	229	1
176	230	6
176	231	7
176	232	5
176	233	5
176	234	8
176	235	2
176	236	8
176	237	6
176	238	10
176	240	6
176	241	3
176	242	9
176	243	1
176	244	3
176	245	6
176	246	7
176	247	6
176	248	5
176	249	7
176	250	7
176	251	7
176	253	12
176	254	7
176	255	7
176	256	7
176	257	3
176	258	7
176	259	6
176	260	4
176	261	5
176	262	7
176	263	7
176	264	4
176	265	1
176	267	6
176	268	5
176	269	9
176	270	1
176	272	6
176	273	7
176	274	9
176	275	5
176	276	7
176	277	7
176	278	7
176	279	9
176	281	2
176	282	6
176	283	4
176	284	6
176	285	13
176	286	3
176	287	8
176	288	5
176	289	7
176	290	3
176	291	1
176	292	8
176	293	6
176	294	6
176	295	7
176	296	8
176	297	4
176	298	9
176	299	6
176	300	7
176	302	7
176	303	4
176	304	1
176	305	8
176	306	5
176	307	7
176	308	6
176	309	6
176	310	7
176	311	6
176	312	6
176	313	2
176	314	4
176	315	1
176	317	4
176	318	3
176	320	3
176	321	4
176	322	7
176	324	6
176	326	5
176	329	8
176	330	7
176	331	7
176	332	7
176	333	7
176	334	8
176	335	2
176	336	5
176	337	2
176	338	8
176	339	8
176	340	1
176	341	5
176	342	8
176	344	6
176	346	6
176	347	7
176	348	4
176	350	6
176	351	5
176	352	5
176	353	8
176	354	3
176	355	2
176	357	10
176	358	8
176	359	7
176	360	5
177	178	12
177	179	7
177	180	6
177	181	10
177	182	7
177	183	7
177	184	11
177	185	9
177	186	1
177	187	5
177	188	4
177	189	11
177	190	9
177	191	6
177	192	8
177	193	10
177	194	8
177	195	8
177	196	1
177	197	5
177	198	7
177	200	4
177	201	4
177	202	6
177	203	8
177	204	4
177	205	6
177	206	8
177	207	2
177	208	11
177	209	1
177	210	4
177	211	8
177	212	10
177	213	5
177	214	7
177	215	9
177	216	7
177	217	1
177	218	6
177	219	3
177	220	6
177	221	7
177	222	6
177	223	6
177	224	4
177	225	7
177	226	4
177	227	11
177	228	10
177	229	3
177	230	9
177	231	5
177	232	6
177	233	4
177	234	8
177	235	3
177	236	8
177	237	8
177	238	10
177	240	12
177	241	6
177	242	5
177	243	1
177	244	7
177	245	7
177	246	6
177	247	4
177	248	7
177	249	6
177	250	9
177	251	7
177	252	1
177	253	4
177	254	7
177	255	8
177	256	4
177	257	5
177	258	8
177	259	7
177	260	10
177	261	2
177	262	8
177	263	8
177	264	11
177	266	2
177	267	7
177	268	5
177	269	8
177	270	1
177	272	7
177	273	8
177	274	6
177	275	7
177	276	6
177	277	4
177	278	3
177	279	7
177	281	5
177	282	7
177	283	4
177	284	9
177	285	5
177	286	6
177	287	4
177	288	3
177	289	4
177	290	4
177	292	7
177	293	6
177	294	5
177	295	4
177	296	6
177	297	4
177	298	7
177	299	7
177	300	7
177	302	5
177	303	7
177	304	1
177	305	9
177	306	6
177	307	6
177	308	5
177	309	10
177	310	7
177	311	4
177	312	8
177	313	3
177	314	2
177	315	1
177	317	4
177	318	4
177	320	6
177	321	3
177	322	5
177	324	6
177	326	6
177	327	1
177	328	2
177	329	8
177	330	5
177	331	6
177	332	10
177	333	7
177	334	5
177	335	1
177	336	6
177	337	4
177	338	8
177	339	11
177	341	4
177	342	6
177	344	5
177	346	5
177	347	3
177	348	3
177	349	3
177	350	5
177	351	5
177	352	6
177	353	7
177	354	4
177	357	8
177	358	11
177	359	10
177	360	4
178	179	7
178	180	7
178	181	8
178	182	10
178	183	8
178	184	7
178	185	10
178	186	1
178	187	8
178	188	7
178	189	12
178	190	9
178	191	6
178	192	12
178	193	9
178	194	10
178	195	9
178	196	1
178	197	7
178	198	9
178	200	9
178	201	6
178	202	10
178	203	9
178	204	7
178	205	7
178	206	7
178	207	2
178	208	5
178	209	2
178	210	4
178	211	9
178	212	8
178	213	7
178	214	7
178	215	10
178	216	10
178	217	1
178	218	11
178	219	4
178	220	8
178	221	6
178	222	5
178	223	7
178	224	4
178	225	7
178	226	6
178	227	12
178	228	7
178	229	3
178	230	8
178	231	9
178	232	6
178	233	5
178	234	11
178	235	2
178	236	8
178	237	8
178	238	11
178	240	13
178	241	10
178	242	8
178	243	1
178	244	7
178	245	6
178	246	9
178	247	5
178	248	10
178	249	6
178	250	14
178	251	8
178	252	2
178	253	9
178	254	9
178	255	10
178	256	7
178	257	8
178	258	8
178	259	8
178	260	7
178	261	6
178	262	7
178	263	10
178	264	8
178	265	2
178	266	2
178	267	9
178	268	7
178	269	9
178	270	2
178	272	7
178	273	9
178	274	10
178	275	6
178	276	9
178	277	9
178	278	8
178	279	10
178	281	10
178	282	9
178	283	4
178	284	10
178	285	8
178	286	5
178	287	7
178	288	8
178	289	7
178	290	6
178	292	8
178	293	6
178	294	4
178	295	8
178	296	8
178	297	7
178	298	9
178	299	7
178	300	8
178	302	8
178	303	5
178	304	2
178	305	5
178	306	7
178	307	10
178	308	7
178	309	9
178	310	7
178	311	8
178	312	6
178	313	3
178	314	2
178	315	1
178	316	1
178	317	8
178	318	2
178	320	7
178	321	5
178	322	6
178	324	7
178	326	6
178	328	2
178	329	9
178	330	7
178	331	9
178	332	9
178	333	8
178	334	10
178	335	1
178	336	7
178	337	4
178	338	8
178	339	9
178	340	1
178	341	10
178	342	9
178	344	7
178	346	6
178	347	5
178	348	4
178	349	1
178	350	5
178	351	7
178	352	9
178	353	7
178	354	3
178	357	12
178	358	16
178	359	13
178	360	6
179	180	7
179	181	11
179	182	9
179	183	6
179	184	7
179	185	8
179	187	8
179	188	6
179	189	9
179	190	6
179	191	5
179	192	11
179	193	7
179	194	8
179	195	6
179	197	7
179	198	6
179	200	5
179	201	6
179	202	6
179	203	7
179	204	6
179	205	6
179	206	5
179	207	1
179	208	6
179	209	1
179	210	3
179	211	5
179	212	6
179	213	7
179	214	6
179	215	6
179	216	7
179	217	2
179	218	6
179	219	5
179	220	6
179	221	5
179	222	6
179	223	8
179	224	5
179	225	5
179	226	2
179	227	7
179	228	6
179	229	1
179	230	8
179	231	6
179	232	6
179	233	4
179	234	6
179	235	2
179	236	5
179	237	9
179	238	8
179	240	6
179	241	5
179	242	7
179	243	1
179	244	4
179	245	5
179	246	7
179	247	5
179	248	6
179	249	5
179	250	6
179	251	6
179	253	7
179	254	6
179	255	6
179	256	6
179	257	3
179	258	6
179	259	7
179	260	4
179	261	4
179	262	7
179	263	7
179	264	6
179	267	7
179	268	5
179	269	5
179	272	7
179	273	8
179	274	7
179	275	8
179	276	7
179	277	6
179	278	6
179	279	8
179	281	6
179	282	7
179	283	3
179	284	6
179	285	5
179	286	6
179	287	7
179	288	3
179	289	7
179	290	5
179	291	1
179	292	8
179	293	6
179	294	4
179	295	2
179	296	8
179	297	7
179	298	7
179	299	6
179	300	6
179	302	7
179	303	4
179	304	1
179	305	8
179	306	6
179	307	5
179	308	6
179	309	5
179	310	7
179	311	4
179	312	5
179	313	3
179	314	5
179	315	1
179	317	4
179	318	2
179	320	5
179	321	2
179	322	5
179	324	5
179	326	5
179	329	7
179	330	8
179	331	7
179	332	9
179	333	4
179	334	5
179	335	3
179	336	7
179	337	3
179	338	6
179	339	10
179	340	1
179	341	5
179	342	9
179	344	6
179	346	7
179	347	6
179	348	4
179	349	1
179	350	7
179	351	7
179	352	4
179	353	6
179	354	2
179	355	2
179	357	11
179	358	9
179	359	7
179	360	6
180	181	9
180	182	7
180	183	8
180	184	11
180	185	10
180	186	1
180	187	10
180	188	7
180	189	9
180	190	7
180	191	5
180	192	8
180	193	8
180	194	9
180	195	7
180	196	1
180	197	8
180	198	6
180	200	9
180	201	9
180	202	5
180	203	8
180	204	4
180	205	8
180	206	6
180	208	5
180	210	5
180	211	8
180	212	7
180	213	7
180	214	8
180	215	7
180	216	5
180	217	2
180	218	10
180	219	6
180	220	6
180	221	6
180	222	5
180	223	6
180	224	4
180	225	3
180	226	3
180	227	10
180	228	5
180	229	2
180	230	5
180	231	4
180	232	8
180	233	4
180	234	11
180	235	2
180	236	6
180	237	6
180	238	10
180	240	4
180	241	5
180	242	7
180	243	1
180	244	5
180	245	7
180	246	7
180	247	4
180	248	8
180	249	9
180	250	6
180	251	7
180	253	9
180	254	8
180	255	5
180	256	5
180	257	5
180	258	6
180	259	9
180	260	5
180	261	3
180	262	7
180	263	9
180	264	8
180	267	6
180	268	7
180	269	8
180	271	1
180	272	9
180	273	7
180	274	8
180	275	7
180	276	6
180	277	6
180	278	5
180	279	4
180	281	6
180	282	6
180	283	4
180	284	7
180	285	9
180	286	6
180	287	9
180	288	7
180	289	5
180	290	4
180	292	5
180	293	6
180	294	5
180	295	7
180	296	7
180	297	8
180	298	12
180	299	5
180	300	8
180	302	6
180	303	6
180	305	7
180	306	5
180	307	8
180	308	10
180	309	6
180	310	6
180	311	6
180	312	6
180	313	3
180	314	3
180	315	1
180	317	8
180	318	2
180	320	6
180	321	2
180	322	6
180	324	5
180	326	7
180	329	8
180	330	6
180	331	6
180	332	7
180	333	7
180	334	8
180	335	2
180	336	6
180	337	3
180	338	7
180	339	8
180	340	1
180	341	4
180	342	6
180	344	5
180	346	8
180	347	7
180	348	3
180	349	1
180	350	6
180	351	7
180	352	6
180	353	4
180	354	1
180	357	7
180	358	8
180	359	8
180	360	5
181	182	8
181	183	12
181	184	8
181	185	11
181	186	1
181	187	14
181	188	12
181	189	13
181	190	9
181	191	6
181	192	11
181	193	11
181	194	10
181	195	8
181	196	1
181	197	11
181	198	11
181	200	9
181	201	7
181	202	8
181	203	9
181	204	8
181	205	12
181	206	12
181	207	1
181	208	11
181	209	1
181	210	4
181	211	11
181	212	14
181	213	11
181	214	6
181	215	12
181	216	11
181	217	1
181	218	8
181	219	12
181	220	10
181	221	8
181	222	11
181	223	9
181	224	5
181	225	8
181	226	5
181	227	12
181	228	6
181	229	2
181	230	11
181	231	8
181	232	9
181	233	6
181	234	11
181	235	1
181	236	12
181	237	9
181	238	12
181	240	11
181	241	8
181	242	9
181	243	2
181	244	9
181	245	10
181	246	11
181	247	8
181	248	10
181	249	10
181	250	12
181	251	11
181	253	15
181	254	10
181	255	10
181	256	10
181	257	9
181	258	7
181	259	10
181	260	10
181	261	5
181	262	9
181	263	12
181	264	12
181	265	1
181	266	1
181	267	10
181	268	13
181	269	9
181	270	2
181	271	1
181	272	9
181	273	13
181	274	17
181	275	10
181	276	10
181	277	10
181	278	13
181	279	10
181	281	8
181	282	12
181	283	4
181	284	10
181	285	12
181	286	8
181	287	9
181	288	9
181	289	8
181	290	8
181	291	1
181	292	8
181	293	8
181	294	10
181	295	12
181	296	6
181	297	10
181	298	12
181	299	11
181	300	8
181	302	9
181	303	8
181	304	1
181	305	7
181	306	11
181	307	10
181	308	7
181	309	9
181	310	9
181	311	6
181	312	9
181	313	4
181	314	5
181	315	3
181	317	8
181	318	3
181	320	7
181	321	6
181	322	12
181	324	10
181	325	1
181	326	9
181	328	4
181	329	11
181	330	11
181	331	7
181	332	12
181	333	8
181	334	8
181	335	3
181	336	12
181	337	4
181	338	8
181	339	15
181	340	1
181	341	8
181	342	11
181	344	8
181	346	9
181	347	9
181	348	3
181	349	3
181	350	9
181	351	10
181	352	9
181	353	12
181	354	4
181	355	2
181	357	12
181	358	10
181	359	8
181	360	6
182	183	5
182	184	10
182	185	9
182	187	11
182	188	8
182	189	13
182	190	5
182	191	4
182	192	9
182	193	8
182	194	6
182	195	8
182	197	7
182	198	9
182	200	7
182	201	6
182	202	7
182	203	4
182	204	5
182	205	7
182	206	7
182	208	7
182	209	1
182	210	4
182	211	6
182	212	6
182	213	6
182	214	8
182	215	6
182	216	6
182	217	1
182	218	8
182	219	4
182	220	5
182	221	5
182	222	8
182	223	5
182	224	4
182	225	5
182	226	3
182	227	8
182	228	4
182	229	1
182	230	3
182	231	6
182	232	4
182	233	4
182	234	7
182	235	2
182	236	4
182	237	9
182	238	9
182	240	10
182	241	6
182	242	9
182	243	1
182	244	4
182	245	5
182	246	6
182	247	5
182	248	8
182	249	5
182	250	9
182	251	7
182	253	8
182	254	8
182	255	7
182	256	6
182	257	4
182	258	6
182	259	7
182	260	7
182	261	5
182	262	10
182	263	7
182	264	6
182	267	4
182	268	5
182	269	5
182	270	2
182	272	5
182	273	11
182	274	8
182	275	6
182	276	4
182	277	6
182	278	7
182	279	8
182	281	7
182	282	11
182	283	4
182	284	9
182	285	6
182	286	7
182	287	6
182	288	4
182	289	6
182	290	3
182	292	9
182	293	7
182	294	6
182	295	4
182	296	6
182	297	6
182	298	7
182	299	6
182	300	6
182	302	7
182	303	5
182	304	1
182	305	5
182	306	7
182	307	7
182	308	5
182	309	5
182	310	7
182	311	5
182	312	6
182	313	3
182	314	3
182	315	1
182	317	6
182	318	2
182	320	7
182	321	4
182	322	6
182	324	5
182	325	1
182	326	5
182	328	1
182	329	9
182	330	7
182	331	7
182	332	10
182	333	6
182	334	6
182	335	2
182	336	7
182	337	3
182	338	8
182	339	8
182	340	1
182	341	5
182	342	9
182	344	8
182	346	9
182	347	6
182	348	4
182	349	2
182	350	4
182	351	6
182	352	5
182	353	5
182	354	2
182	355	1
182	357	9
182	358	11
182	359	10
182	360	5
183	184	9
183	185	9
183	186	1
183	187	6
183	188	9
183	189	8
183	190	9
183	191	6
183	192	7
183	193	8
183	194	8
183	195	6
183	196	1
183	197	8
183	198	9
183	200	6
183	201	6
183	202	7
183	203	11
183	204	7
183	205	8
183	206	7
183	208	7
183	209	1
183	210	6
183	211	7
183	212	9
183	213	7
183	214	5
183	215	6
183	216	8
183	217	2
183	218	7
183	219	8
183	220	8
183	221	8
183	222	10
183	223	7
183	224	4
183	225	5
183	226	4
183	227	8
183	228	6
183	229	3
183	230	8
183	231	5
183	232	7
183	233	5
183	234	8
183	235	2
183	236	7
183	237	7
183	238	13
183	240	6
183	241	3
183	242	6
183	243	2
183	244	6
183	245	9
183	246	6
183	247	8
183	248	8
183	249	8
183	250	7
183	251	6
183	253	13
183	254	9
183	255	7
183	256	6
183	257	4
183	258	8
183	259	9
183	260	5
183	261	3
183	262	7
183	263	8
183	264	6
183	265	1
183	266	1
183	267	7
183	268	9
183	269	6
183	271	1
183	272	10
183	273	5
183	274	14
183	275	6
183	276	6
183	277	6
183	278	6
183	279	9
183	281	5
183	282	4
183	283	3
183	284	10
183	285	7
183	286	7
183	287	8
183	288	5
183	289	8
183	290	7
183	291	1
183	292	6
183	293	7
183	294	7
183	295	7
183	296	8
183	297	7
183	298	10
183	299	9
183	300	6
183	302	9
183	303	8
183	304	2
183	305	9
183	306	4
183	307	9
183	308	7
183	309	9
183	310	6
183	311	6
183	312	6
183	313	3
183	314	4
183	315	1
183	317	4
183	318	3
183	320	5
183	321	2
183	322	6
183	324	7
183	326	7
183	328	3
183	329	9
183	330	7
183	331	5
183	332	6
183	333	7
183	334	8
183	335	1
183	336	6
183	337	2
183	338	10
183	339	10
183	340	2
183	341	7
183	342	6
183	344	8
183	346	6
183	347	6
183	348	3
183	349	1
183	350	6
183	351	7
183	352	8
183	353	8
183	354	4
183	355	1
183	357	7
183	358	6
183	359	7
183	360	4
184	185	10
184	187	9
184	188	8
184	189	12
184	190	8
184	191	4
184	192	9
184	193	11
184	194	11
184	195	7
184	197	8
184	198	7
184	200	8
184	201	7
184	202	6
184	203	7
184	204	5
184	205	7
184	206	7
184	208	5
184	209	1
184	210	5
184	211	6
184	212	6
184	213	8
184	214	7
184	215	7
184	216	7
184	217	2
184	218	9
184	219	6
184	220	5
184	221	6
184	222	6
184	223	6
184	224	4
184	225	4
184	226	4
184	227	9
184	228	6
184	229	2
184	230	5
184	231	4
184	232	6
184	233	5
184	234	10
184	235	2
184	236	8
184	237	7
184	238	11
184	240	6
184	241	6
184	242	7
184	243	1
184	244	5
184	245	6
184	246	5
184	247	4
184	248	7
184	249	6
184	250	6
184	251	6
184	253	9
184	254	8
184	255	7
184	256	4
184	257	4
184	258	11
184	259	10
184	260	6
184	261	4
184	262	9
184	263	9
184	264	8
184	267	4
184	268	6
184	269	7
184	271	1
184	272	8
184	273	7
184	274	7
184	275	7
184	276	4
184	277	5
184	278	7
184	279	7
184	281	8
184	282	6
184	283	4
184	284	9
184	285	6
184	286	7
184	287	7
184	288	6
184	289	5
184	290	4
184	292	8
184	293	8
184	294	7
184	295	6
184	296	8
184	297	7
184	298	9
184	299	5
184	300	7
184	302	7
184	303	6
184	305	9
184	306	6
184	307	9
184	308	8
184	309	7
184	310	5
184	311	5
184	312	6
184	313	3
184	314	3
184	315	1
184	317	7
184	318	3
184	320	7
184	321	2
184	322	6
184	324	13
184	325	1
184	326	7
184	328	1
184	329	10
184	330	7
184	331	5
184	332	8
184	333	7
184	334	9
184	335	2
184	336	8
184	337	4
184	338	10
184	339	9
184	340	1
184	341	5
184	342	9
184	344	6
184	346	8
184	347	5
184	348	3
184	349	2
184	350	6
184	351	9
184	352	7
184	353	6
184	354	3
184	357	7
184	358	9
184	359	10
184	360	4
185	186	1
185	187	12
185	188	8
185	189	12
185	190	7
185	191	5
185	192	12
185	193	7
185	194	10
185	195	9
185	196	1
185	197	7
185	198	9
185	200	9
185	201	9
185	202	8
185	203	7
185	204	7
185	205	11
185	206	9
185	207	1
185	208	7
185	209	2
185	210	5
185	211	7
185	212	8
185	213	11
185	214	8
185	215	11
185	216	5
185	217	1
185	218	10
185	219	9
185	220	7
185	221	7
185	222	7
185	223	9
185	224	3
185	225	5
185	226	4
185	227	10
185	228	7
185	229	1
185	230	5
185	231	7
185	232	6
185	233	4
185	234	10
185	235	1
185	236	8
185	237	7
185	238	10
185	240	8
185	241	6
185	242	9
185	243	1
185	244	10
185	245	8
185	246	10
185	247	8
185	248	10
185	249	7
185	250	10
185	251	8
185	253	12
185	254	11
185	255	6
185	256	7
185	257	7
185	258	8
185	259	10
185	260	9
185	261	3
185	262	8
185	263	10
185	264	9
185	267	8
185	268	10
185	269	9
185	270	1
185	271	1
185	272	7
185	273	9
185	274	9
185	275	8
185	276	6
185	277	8
185	278	8
185	279	6
185	281	7
185	282	10
185	283	4
185	284	10
185	285	9
185	286	7
185	287	5
185	288	5
185	289	9
185	290	4
185	292	7
185	293	6
185	294	8
185	295	6
185	296	5
185	297	10
185	298	10
185	299	8
185	300	7
185	302	8
185	303	6
185	305	8
185	306	10
185	307	8
185	308	11
185	309	6
185	310	6
185	311	6
185	312	10
185	313	3
185	314	2
185	315	1
185	317	9
185	318	3
185	320	7
185	321	2
185	322	8
185	324	9
185	326	8
185	328	2
185	329	8
185	330	8
185	331	8
185	332	9
185	333	7
185	334	8
185	335	3
185	336	8
185	337	4
185	338	9
185	339	13
185	340	1
185	341	6
185	342	10
185	344	6
185	346	9
185	347	6
185	348	2
185	349	1
185	350	6
185	351	6
185	352	7
185	353	9
185	354	4
185	357	7
185	358	11
185	359	8
185	360	5
186	191	1
186	193	3
186	194	1
186	196	1
186	197	1
186	198	1
186	201	1
186	202	1
186	203	1
186	205	1
186	206	1
186	207	1
186	208	1
186	212	1
186	215	1
186	218	1
186	219	1
186	220	1
186	222	2
186	223	1
186	224	1
186	227	2
186	230	1
186	232	1
186	233	2
186	234	2
186	236	1
186	238	1
186	241	1
186	242	1
186	246	1
186	248	1
186	249	1
186	251	1
186	253	1
186	254	1
186	255	2
186	256	1
186	257	2
186	258	1
186	259	1
186	260	1
186	261	2
186	263	1
186	264	1
186	267	1
186	268	2
186	269	2
186	273	2
186	274	1
186	276	1
186	282	1
186	284	1
186	285	1
186	288	2
186	294	2
186	295	2
186	298	1
186	299	1
186	305	1
186	307	1
186	309	1
186	310	2
186	311	1
186	312	2
186	317	1
186	324	1
186	326	1
186	327	1
186	332	1
186	333	2
186	339	2
186	344	1
186	352	1
186	353	1
186	357	1
186	359	1
187	188	12
187	189	13
187	190	8
187	191	5
187	192	11
187	193	7
187	194	8
187	195	8
187	197	8
187	198	8
187	200	11
187	201	11
187	202	6
187	203	9
187	204	9
187	205	10
187	206	9
187	208	10
187	209	2
187	210	5
187	211	9
187	212	6
187	213	10
187	214	9
187	215	10
187	216	6
187	217	1
187	218	10
187	219	9
187	220	7
187	221	7
187	222	6
187	223	12
187	224	4
187	225	5
187	226	4
187	227	11
187	228	4
187	229	1
187	230	4
187	231	7
187	232	7
187	233	4
187	234	13
187	235	1
187	236	8
187	237	5
187	238	10
187	239	1
187	240	10
187	241	6
187	242	9
187	243	2
187	244	10
187	245	10
187	246	9
187	247	9
187	248	11
187	249	10
187	250	13
187	251	8
187	253	14
187	254	8
187	255	9
187	256	7
187	257	8
187	258	5
187	259	12
187	260	9
187	261	2
187	262	12
187	263	12
187	264	6
187	267	6
187	268	11
187	269	11
187	271	1
187	272	8
187	273	11
187	274	12
187	275	10
187	276	9
187	277	7
187	278	12
187	279	7
187	281	9
187	282	10
187	283	4
187	284	9
187	285	7
187	286	8
187	287	10
187	288	8
187	289	7
187	290	7
187	291	1
187	292	8
187	293	6
187	294	8
187	295	8
187	296	7
187	297	10
187	298	15
187	299	7
187	300	9
187	302	9
187	303	8
187	304	1
187	305	6
187	306	12
187	307	11
187	308	9
187	309	4
187	310	7
187	311	5
187	312	11
187	313	3
187	314	4
187	315	2
187	317	11
187	318	2
187	320	8
187	321	3
187	322	12
187	324	6
187	326	6
187	328	3
187	329	9
187	330	8
187	331	8
187	332	11
187	333	5
187	334	8
187	335	3
187	336	7
187	337	5
187	338	10
187	339	8
187	340	1
187	341	6
187	342	9
187	344	8
187	346	12
187	347	10
187	348	3
187	349	2
187	350	7
187	351	7
187	352	8
187	353	7
187	354	2
187	355	1
187	357	15
187	358	13
187	359	8
187	360	5
187	361	1
188	189	11
188	190	6
188	191	6
188	192	12
188	193	7
188	194	5
188	195	7
188	197	5
188	198	6
188	200	10
188	201	6
188	202	12
188	203	8
188	204	9
188	205	7
188	206	6
188	208	9
188	210	4
188	211	8
188	212	5
188	213	10
188	214	7
188	215	11
188	216	7
188	217	1
188	218	11
188	219	9
188	220	7
188	221	7
188	222	10
188	223	10
188	224	3
188	225	7
188	226	5
188	227	9
188	228	6
188	229	2
188	230	3
188	231	7
188	232	4
188	233	4
188	234	10
188	235	1
188	236	11
188	237	6
188	238	11
188	240	9
188	241	4
188	242	7
188	243	2
188	244	8
188	245	11
188	246	6
188	247	5
188	248	9
188	249	9
188	250	9
188	251	11
188	253	15
188	254	6
188	255	10
188	256	4
188	257	9
188	258	6
188	259	7
188	260	8
188	261	4
188	262	6
188	263	9
188	264	7
188	267	7
188	268	11
188	269	9
188	270	1
188	271	1
188	272	8
188	273	11
188	274	12
188	275	7
188	276	10
188	277	10
188	278	9
188	279	7
188	281	9
188	282	8
188	283	2
188	284	7
188	285	8
188	286	4
188	287	8
188	288	8
188	289	9
188	290	5
188	292	5
188	293	8
188	294	6
188	295	9
188	296	4
188	297	9
188	298	12
188	299	9
188	300	6
188	302	6
188	303	5
188	304	1
188	305	8
188	306	9
188	307	10
188	308	9
188	309	5
188	310	5
188	311	4
188	312	8
188	313	4
188	314	2
188	315	2
188	317	8
188	318	3
188	319	1
188	320	6
188	321	4
188	322	11
188	324	9
188	326	8
188	327	1
188	329	7
188	330	9
188	331	8
188	332	7
188	333	4
188	334	7
188	335	2
188	336	9
188	337	2
188	338	6
188	339	8
188	340	2
188	341	6
188	342	8
188	344	7
188	346	7
188	347	10
188	348	3
188	349	1
188	350	4
188	351	6
188	352	9
188	353	8
188	354	6
188	355	1
188	357	10
188	358	10
188	359	5
188	360	4
189	190	8
189	191	6
189	192	14
189	193	10
189	194	8
189	195	10
189	197	6
189	198	9
189	200	11
189	201	8
189	202	12
189	203	7
189	204	8
189	205	10
189	206	11
189	207	2
189	208	8
189	209	1
189	210	5
189	211	10
189	212	5
189	213	11
189	214	8
189	215	12
189	216	7
189	217	2
189	218	10
189	219	9
189	220	8
189	221	7
189	222	8
189	223	6
189	224	5
189	225	8
189	226	6
189	227	12
189	228	6
189	229	3
189	230	5
189	231	5
189	232	7
189	233	6
189	234	11
189	235	2
189	236	10
189	237	8
189	238	11
189	240	17
189	241	9
189	242	11
189	243	2
189	244	10
189	245	8
189	246	10
189	247	7
189	248	10
189	249	9
189	250	16
189	251	12
189	253	17
189	254	10
189	255	10
189	256	5
189	257	7
189	258	8
189	259	9
189	260	6
189	261	4
189	262	13
189	263	10
189	264	8
189	266	1
189	267	6
189	268	12
189	269	10
189	270	2
189	271	1
189	272	9
189	273	13
189	274	10
189	275	10
189	276	8
189	277	9
189	278	10
189	279	9
189	281	9
189	282	13
189	283	5
189	284	13
189	285	10
189	286	7
189	287	6
189	288	7
189	289	10
189	290	6
189	292	11
189	293	9
189	294	4
189	295	9
189	296	5
189	297	9
189	298	11
189	299	8
189	300	8
189	302	9
189	303	10
189	305	8
189	306	13
189	307	9
189	308	8
189	309	7
189	310	7
189	311	7
189	312	8
189	313	4
189	314	2
189	315	1
189	317	9
189	318	3
189	320	8
189	321	4
189	322	10
189	324	8
189	326	10
189	328	3
189	329	11
189	330	11
189	331	7
189	332	14
189	333	7
189	334	9
189	335	1
189	336	7
189	337	4
189	338	11
189	339	9
189	340	1
189	341	9
189	342	11
189	344	7
189	346	9
189	347	7
189	348	3
189	349	2
189	350	8
189	351	7
189	352	9
189	353	10
189	354	5
189	357	13
189	358	18
189	359	10
189	360	6
190	191	6
190	192	7
190	193	7
190	194	7
190	195	8
190	197	4
190	198	8
190	200	12
190	201	8
190	202	6
190	203	9
190	204	8
190	205	9
190	206	10
190	207	2
190	208	8
190	209	4
190	210	5
190	211	8
190	212	9
190	213	7
190	214	6
190	215	10
190	216	13
190	217	3
190	218	10
190	219	5
190	220	8
190	221	12
190	222	10
190	223	11
190	224	4
190	225	6
190	226	4
190	227	11
190	228	7
190	229	5
190	230	13
190	231	6
190	232	7
190	233	4
190	234	8
190	235	2
190	236	11
190	237	8
190	238	12
190	239	2
190	240	8
190	241	7
190	242	6
190	243	1
190	244	10
190	245	7
190	246	10
190	247	5
190	248	10
190	249	10
190	250	9
190	251	10
190	252	2
190	253	10
190	254	8
190	255	11
190	256	8
190	257	7
190	258	9
190	259	7
190	260	6
190	261	4
190	262	8
190	263	7
190	264	9
190	266	2
190	267	9
190	268	5
190	269	7
190	270	2
190	271	1
190	272	10
190	273	6
190	274	10
190	275	7
190	276	11
190	277	9
190	278	6
190	279	12
190	281	6
190	282	5
190	283	5
190	284	10
190	285	7
190	286	6
190	287	7
190	288	5
190	289	6
190	290	8
190	291	2
190	292	7
190	293	8
190	294	7
190	295	6
190	296	9
190	297	5
190	298	9
190	299	11
190	300	8
190	302	7
190	303	7
190	304	3
190	305	7
190	306	7
190	307	7
190	308	6
190	309	8
190	310	7
190	311	7
190	312	10
190	313	3
190	314	4
190	315	1
190	317	6
190	318	3
190	320	10
190	321	5
190	322	8
190	324	7
190	326	7
190	327	1
190	328	3
190	329	11
190	330	6
190	331	8
190	332	7
190	333	4
190	334	7
190	335	1
190	336	7
190	337	3
190	338	8
190	339	15
190	341	6
190	342	7
190	344	8
190	346	6
190	347	6
190	348	3
190	349	3
190	350	9
190	351	7
190	352	7
190	353	7
190	354	5
190	355	2
190	357	12
190	358	9
190	359	9
190	360	5
190	361	1
191	192	9
191	193	4
191	194	2
191	195	5
191	197	3
191	198	2
191	200	7
191	201	6
191	202	4
191	203	7
191	204	4
191	205	3
191	206	4
191	207	1
191	208	4
191	210	3
191	211	6
191	212	4
191	213	6
191	214	7
191	215	8
191	216	4
191	217	1
191	218	4
191	219	5
191	220	6
191	221	4
191	222	5
191	223	5
191	224	1
191	225	3
191	226	2
191	227	8
191	228	5
191	229	2
191	230	4
191	231	3
191	232	4
191	233	1
191	234	7
191	235	1
191	236	7
191	237	5
191	238	6
191	240	4
191	241	5
191	242	4
191	243	1
191	244	8
191	245	6
191	246	6
191	247	1
191	248	4
191	249	7
191	250	5
191	251	8
191	253	6
191	254	3
191	255	7
191	256	1
191	257	9
191	258	4
191	259	4
191	260	7
191	261	2
191	262	6
191	263	6
191	264	4
191	267	5
191	268	4
191	269	5
191	270	1
191	271	1
191	272	6
191	273	3
191	274	5
191	275	7
191	276	8
191	277	5
191	278	5
191	279	2
191	281	5
191	282	3
191	283	2
191	284	4
191	285	3
191	286	5
191	287	5
191	288	4
191	289	5
191	290	5
191	292	2
191	293	5
191	294	4
191	295	4
191	296	2
191	297	6
191	298	8
191	299	5
191	300	7
191	302	3
191	303	5
191	305	8
191	306	6
191	307	5
191	308	6
191	309	4
191	310	3
191	311	3
191	312	2
191	313	2
191	314	1
191	315	1
191	317	5
191	318	1
191	320	4
191	322	5
191	324	5
191	326	7
191	327	1
191	329	6
191	330	3
191	331	4
191	332	5
191	333	3
191	334	5
191	335	1
191	336	6
191	337	1
191	338	4
191	339	11
191	340	1
191	341	4
191	342	4
191	344	4
191	346	7
191	347	4
191	348	1
191	349	1
191	350	5
191	351	5
191	352	5
191	353	4
191	354	1
191	357	5
191	358	5
191	359	6
191	360	2
192	193	8
192	194	5
192	195	10
192	197	6
192	198	7
192	200	11
192	201	8
192	202	10
192	203	8
192	204	6
192	205	7
192	206	8
192	208	9
192	209	2
192	210	4
192	211	11
192	212	6
192	213	9
192	214	10
192	215	11
192	216	7
192	217	1
192	218	11
192	219	7
192	220	7
192	221	7
192	222	7
192	223	7
192	224	3
192	225	5
192	226	6
192	227	12
192	228	7
192	229	2
192	230	4
192	231	8
192	232	6
192	233	5
192	234	10
192	235	2
192	236	9
192	237	7
192	238	11
192	240	13
192	241	7
192	242	10
192	243	1
192	244	11
192	245	9
192	246	7
192	247	4
192	248	10
192	249	8
192	250	12
192	251	10
192	253	11
192	254	8
192	255	9
192	256	3
192	257	10
192	258	7
192	259	7
192	260	9
192	261	4
192	262	8
192	263	9
192	264	6
192	265	1
192	267	7
192	268	11
192	269	10
192	270	1
192	271	1
192	272	8
192	273	11
192	274	9
192	275	12
192	276	7
192	277	10
192	278	9
192	279	6
192	281	7
192	282	8
192	283	3
192	284	12
192	285	8
192	286	6
192	287	8
192	288	8
192	289	7
192	290	8
192	292	8
192	293	9
192	294	8
192	295	8
192	296	5
192	297	9
192	298	10
192	299	8
192	300	8
192	302	7
192	303	6
192	305	8
192	306	11
192	307	8
192	308	11
192	309	7
192	310	10
192	311	4
192	312	6
192	313	3
192	314	2
192	315	1
192	317	8
192	318	3
192	320	6
192	321	3
192	322	9
192	324	12
192	326	8
192	328	1
192	329	9
192	330	8
192	331	9
192	332	10
192	333	5
192	334	8
192	335	1
192	336	6
192	337	4
192	338	10
192	339	11
192	340	1
192	341	8
192	342	9
192	344	5
192	346	10
192	347	8
192	348	3
192	349	1
192	350	9
192	351	8
192	352	8
192	353	6
192	354	3
192	357	11
192	358	13
192	359	10
192	360	4
193	194	10
193	195	7
193	196	1
193	197	7
193	198	9
193	200	5
193	201	6
193	202	7
193	203	6
193	204	3
193	205	7
193	206	6
193	207	3
193	208	7
193	210	4
193	211	7
193	212	9
193	213	5
193	214	5
193	215	7
193	216	14
193	217	1
193	218	8
193	219	5
193	220	5
193	221	4
193	222	6
193	223	3
193	224	5
193	225	4
193	226	3
193	227	9
193	228	6
193	229	4
193	230	7
193	231	5
193	232	6
193	233	5
193	234	8
193	235	3
193	236	8
193	237	8
193	238	11
193	240	6
193	241	8
193	242	7
193	243	1
193	244	4
193	245	6
193	246	5
193	247	4
193	248	5
193	249	8
193	250	7
193	251	5
193	253	12
193	254	7
193	255	11
193	256	6
193	257	6
193	258	5
193	259	7
193	260	9
193	261	2
193	262	7
193	263	8
193	264	9
193	265	2
193	266	1
193	267	4
193	268	6
193	269	8
193	270	1
193	272	7
193	273	9
193	274	8
193	275	5
193	276	5
193	277	4
193	278	6
193	279	10
193	281	7
193	282	7
193	283	5
193	284	9
193	285	6
193	286	6
193	287	6
193	288	7
193	289	4
193	290	3
193	292	5
193	293	9
193	294	7
193	295	11
193	296	9
193	297	4
193	298	9
193	299	7
193	300	8
193	302	6
193	303	6
193	304	1
193	305	9
193	306	5
193	307	8
193	308	6
193	309	7
193	310	10
193	311	6
193	312	7
193	313	3
193	314	3
193	315	1
193	317	5
193	318	4
193	320	6
193	321	4
193	322	6
193	324	6
193	326	7
193	327	2
193	328	1
193	329	10
193	330	4
193	331	6
193	332	8
193	333	11
193	334	10
193	335	2
193	336	8
193	337	3
193	338	7
193	339	11
193	341	5
193	342	6
193	344	8
193	346	8
193	347	8
193	348	4
193	349	3
193	350	5
193	351	7
193	352	7
193	353	3
193	354	3
193	355	1
193	357	12
193	358	9
193	359	13
193	360	4
194	195	7
194	196	1
194	197	8
194	198	9
194	200	10
194	201	6
194	202	5
194	203	8
194	204	9
194	205	8
194	206	8
194	207	4
194	208	6
194	209	1
194	210	6
194	211	6
194	212	6
194	213	8
194	214	4
194	215	8
194	216	9
194	217	1
194	218	7
194	219	5
194	220	9
194	221	6
194	222	8
194	223	6
194	224	4
194	225	6
194	226	4
194	227	8
194	228	8
194	229	2
194	230	8
194	231	7
194	232	11
194	233	5
194	234	9
194	235	1
194	236	6
194	237	7
194	238	11
194	240	4
194	241	8
194	242	7
194	243	1
194	244	8
194	245	5
194	246	8
194	247	5
194	248	7
194	249	8
194	250	7
194	251	6
194	252	1
194	253	10
194	254	10
194	255	8
194	256	10
194	257	6
194	258	13
194	259	15
194	260	12
194	261	4
194	262	6
194	263	11
194	264	11
194	265	1
194	266	1
194	267	7
194	268	6
194	269	13
194	270	1
194	272	9
194	273	5
194	274	12
194	275	4
194	276	5
194	277	9
194	278	7
194	279	9
194	281	11
194	282	7
194	283	5
194	284	10
194	285	8
194	286	8
194	287	9
194	288	10
194	289	7
194	290	6
194	291	2
194	292	11
194	293	8
194	294	9
194	295	8
194	296	8
194	297	7
194	298	12
194	299	6
194	300	7
194	302	7
194	303	7
194	305	7
194	306	7
194	307	11
194	308	7
194	309	8
194	310	8
194	311	14
194	312	9
194	313	4
194	314	6
194	315	1
194	316	1
194	317	8
194	318	4
194	320	10
194	321	2
194	322	6
194	324	6
194	325	1
194	326	9
194	328	1
194	329	8
194	330	6
194	331	7
194	332	6
194	333	13
194	334	9
194	335	3
194	336	8
194	337	4
194	338	7
194	339	8
194	340	1
194	341	10
194	342	7
194	343	1
194	344	6
194	346	10
194	347	9
194	348	3
194	349	2
194	350	7
194	351	8
194	352	12
194	353	7
194	354	3
194	355	1
194	357	10
194	358	7
194	359	12
194	360	5
195	197	7
195	198	7
195	200	6
195	201	10
195	202	6
195	203	6
195	204	5
195	205	4
195	206	6
195	207	2
195	208	5
195	209	2
195	210	2
195	211	6
195	212	7
195	213	6
195	214	5
195	215	4
195	216	6
195	217	1
195	218	11
195	219	5
195	220	4
195	221	6
195	222	6
195	223	6
195	224	3
195	225	5
195	226	3
195	227	7
195	228	9
195	229	1
195	230	6
195	231	6
195	232	3
195	233	4
195	234	8
195	235	2
195	236	7
195	237	8
195	238	9
195	240	6
195	241	5
195	242	5
195	243	1
195	244	5
195	245	5
195	246	5
195	247	5
195	248	7
195	249	7
195	250	7
195	251	8
195	253	8
195	254	7
195	255	3
195	256	4
195	257	6
195	258	7
195	259	6
195	260	7
195	261	4
195	262	7
195	263	5
195	264	4
195	267	4
195	268	5
195	269	6
195	270	1
195	272	10
195	273	7
195	274	7
195	275	6
195	276	6
195	277	5
195	278	8
195	279	5
195	281	6
195	282	6
195	283	3
195	284	10
195	285	6
195	286	9
195	287	6
195	288	4
195	289	5
195	290	4
195	291	1
195	292	6
195	293	7
195	294	6
195	295	5
195	296	7
195	297	6
195	298	10
195	299	5
195	300	3
195	302	7
195	303	4
195	305	7
195	306	8
195	307	6
195	308	10
195	309	6
195	310	5
195	311	5
195	312	7
195	313	2
195	314	3
195	315	1
195	317	4
195	318	2
195	320	3
195	321	2
195	322	5
195	324	5
195	326	5
195	329	6
195	330	6
195	331	9
195	332	7
195	333	6
195	334	6
195	335	1
195	336	4
195	337	2
195	338	5
195	339	12
195	340	1
195	341	6
195	342	7
195	344	4
195	346	5
195	347	8
195	348	3
195	350	6
195	351	7
195	352	4
195	353	6
195	354	1
195	355	1
195	357	8
195	358	9
195	359	7
195	360	3
196	197	4
196	198	1
196	203	1
196	205	1
196	206	1
196	212	1
196	215	1
196	218	1
196	220	1
196	227	2
196	229	3
196	230	1
196	232	1
196	233	2
196	234	2
196	235	2
196	236	1
196	238	1
196	242	1
196	246	1
196	248	1
196	249	1
196	254	1
196	256	1
196	258	1
196	259	1
196	263	1
196	264	1
196	267	1
196	268	1
196	269	1
196	274	1
196	276	1
196	278	1
196	282	1
196	285	1
196	288	1
196	295	1
196	298	2
196	299	1
196	307	1
196	309	1
196	310	1
196	311	1
196	312	1
196	324	1
196	333	1
196	339	1
196	352	1
197	198	8
197	200	4
197	201	5
197	202	4
197	203	5
197	204	4
197	205	9
197	206	6
197	208	4
197	210	5
197	211	5
197	212	6
197	213	6
197	214	5
197	215	4
197	216	7
197	217	2
197	218	6
197	219	4
197	220	5
197	221	5
197	222	7
197	223	5
197	224	5
197	225	3
197	226	2
197	227	8
197	228	5
197	229	2
197	230	6
197	231	4
197	232	7
197	233	4
197	234	9
197	235	2
197	236	5
197	237	6
197	238	8
197	240	2
197	241	4
197	242	7
197	243	1
197	244	2
197	245	5
197	246	5
197	247	5
197	248	8
197	249	5
197	250	3
197	251	3
197	253	7
197	254	5
197	255	4
197	256	8
197	257	2
197	258	7
197	259	9
197	260	4
197	261	3
197	262	5
197	263	6
197	264	6
197	267	4
197	268	5
197	269	6
197	272	6
197	273	5
197	274	8
197	275	5
197	276	4
197	277	6
197	278	8
197	279	8
197	281	5
197	282	6
197	283	4
197	284	10
197	285	6
197	286	7
197	287	9
197	288	4
197	289	4
197	290	3
197	292	5
197	293	8
197	294	3
197	295	4
197	296	8
197	297	5
197	298	8
197	299	5
197	300	6
197	302	9
197	303	8
197	304	2
197	305	5
197	306	3
197	307	7
197	308	6
197	309	5
197	310	11
197	311	6
197	312	7
197	313	4
197	314	5
197	315	1
197	317	4
197	318	3
197	320	4
197	321	3
197	322	6
197	324	4
197	326	8
197	328	1
197	329	6
197	330	4
197	331	6
197	332	6
197	333	11
197	334	6
197	335	3
197	336	7
197	337	4
197	338	5
197	339	7
197	340	1
197	341	3
197	342	7
197	344	8
197	346	9
197	347	7
197	348	4
197	349	1
197	350	5
197	351	14
197	352	6
197	353	4
197	354	1
197	355	1
197	357	9
197	358	5
197	359	6
197	360	5
198	200	6
198	201	5
198	202	8
198	203	6
198	204	6
198	205	8
198	206	10
198	207	1
198	208	5
198	209	2
198	210	5
198	211	7
198	212	4
198	213	6
198	214	4
198	215	6
198	216	5
198	217	2
198	218	7
198	219	5
198	220	8
198	221	7
198	222	6
198	223	7
198	224	3
198	225	5
198	226	3
198	227	10
198	228	5
198	229	1
198	230	6
198	231	6
198	232	7
198	233	5
198	234	10
198	235	1
198	236	6
198	237	8
198	238	9
198	240	6
198	241	5
198	242	8
198	243	1
198	244	4
198	245	4
198	246	7
198	247	6
198	248	9
198	249	7
198	250	7
198	251	8
198	253	9
198	254	10
198	255	8
198	256	7
198	257	3
198	258	8
198	259	9
198	260	4
198	261	4
198	262	7
198	263	7
198	264	7
198	266	1
198	267	7
198	268	6
198	269	7
198	270	2
198	272	7
198	273	10
198	274	9
198	275	4
198	276	7
198	277	9
198	278	8
198	279	8
198	281	7
198	282	10
198	283	3
198	284	8
198	285	8
198	286	6
198	287	8
198	288	5
198	289	8
198	290	5
198	291	1
198	292	9
198	293	6
198	294	6
198	295	6
198	296	6
198	297	7
198	298	9
198	299	8
198	300	4
198	302	10
198	303	5
198	305	5
198	306	6
198	307	10
198	308	4
198	309	7
198	310	7
198	311	7
198	312	8
198	313	4
198	314	3
198	315	1
198	317	6
198	318	2
198	320	7
198	321	4
198	322	7
198	324	6
198	325	1
198	326	6
198	328	3
198	329	9
198	330	9
198	331	6
198	332	9
198	333	12
198	334	10
198	335	1
198	336	7
198	337	5
198	338	5
198	339	10
198	340	1
198	341	5
198	342	9
198	344	6
198	346	9
198	347	6
198	348	3
198	349	3
198	350	6
198	351	8
198	352	7
198	353	5
198	354	4
198	355	1
198	357	9
198	358	11
198	359	10
198	360	4
199	207	1
199	226	1
199	229	1
199	270	1
199	283	1
199	318	3
199	328	1
200	201	9
200	202	11
200	203	10
200	204	11
200	205	7
200	206	12
200	207	2
200	208	9
200	209	3
200	210	7
200	211	8
200	212	5
200	213	9
200	214	9
200	215	14
200	216	10
200	217	1
200	218	7
200	219	9
200	220	13
200	221	11
200	222	11
200	223	10
200	224	2
200	225	4
200	226	5
200	227	11
200	228	9
200	229	4
200	230	8
200	231	16
200	232	7
200	233	6
200	234	14
200	235	1
200	236	13
200	237	4
200	238	9
200	239	1
200	240	9
200	241	9
200	242	11
200	243	1
200	244	15
200	245	11
200	246	12
200	247	3
200	248	11
200	249	13
200	250	11
200	251	19
200	252	4
200	253	18
200	254	8
200	255	16
200	256	8
200	257	14
200	258	10
200	259	11
200	260	13
200	261	6
200	262	7
200	263	9
200	264	7
200	265	2
200	267	12
200	268	11
200	269	11
200	270	6
200	271	1
200	272	10
200	273	10
200	274	11
200	275	10
200	276	13
200	277	13
200	278	11
200	279	11
200	281	10
200	282	10
200	283	3
200	284	10
200	285	9
200	286	4
200	287	11
200	288	15
200	289	9
200	290	8
200	291	1
200	292	9
200	293	7
200	294	10
200	295	14
200	296	6
200	297	9
200	298	16
200	299	8
200	300	11
200	302	6
200	303	7
200	304	1
200	305	8
200	306	11
200	307	12
200	308	9
200	309	6
200	310	4
200	311	9
200	312	5
200	313	4
200	314	3
200	315	1
200	316	1
200	317	19
200	318	3
200	320	12
200	321	4
200	322	9
200	324	9
200	326	8
200	327	2
200	328	3
200	329	9
200	330	8
200	331	8
200	332	10
200	333	4
200	334	15
200	335	3
200	336	13
200	337	3
200	338	10
200	339	7
200	340	1
200	341	9
200	342	12
200	344	12
200	346	13
200	347	11
200	348	3
200	349	1
200	350	11
200	351	11
200	352	8
200	353	6
200	354	1
200	357	12
200	358	10
200	359	11
200	360	7
200	361	1
201	202	5
201	203	8
201	204	6
201	205	5
201	206	7
201	207	1
201	208	7
201	209	2
201	210	4
201	211	8
201	212	7
201	213	8
201	214	11
201	215	9
201	216	5
201	217	1
201	218	7
201	219	7
201	220	7
201	221	7
201	222	8
201	223	5
201	224	3
201	225	3
201	226	3
201	227	8
201	228	8
201	229	2
201	230	5
201	231	9
201	232	5
201	233	5
201	234	14
201	235	2
201	236	9
201	237	6
201	238	9
201	240	5
201	241	7
201	242	9
201	243	1
201	244	9
201	245	6
201	246	7
201	247	4
201	248	5
201	249	10
201	250	15
201	251	9
201	253	9
201	254	6
201	255	6
201	256	4
201	257	9
201	258	6
201	259	6
201	260	6
201	261	3
201	262	7
201	263	10
201	264	5
201	267	6
201	268	7
201	269	10
201	271	2
201	272	8
201	273	6
201	274	6
201	275	9
201	276	7
201	277	8
201	278	6
201	279	7
201	281	6
201	282	7
201	283	4
201	284	8
201	285	8
201	286	5
201	287	8
201	288	6
201	289	5
201	290	5
201	291	1
201	292	7
201	293	5
201	294	6
201	295	6
201	296	6
201	297	6
201	298	14
201	299	5
201	300	7
201	302	5
201	303	5
201	305	6
201	306	9
201	307	7
201	308	9
201	309	4
201	310	5
201	311	6
201	312	5
201	313	2
201	314	3
201	315	1
201	317	9
201	318	2
201	320	7
201	321	1
201	322	6
201	324	7
201	326	7
201	329	8
201	330	5
201	331	9
201	332	7
201	333	5
201	334	6
201	335	1
201	336	4
201	337	2
201	338	9
201	339	9
201	340	1
201	341	5
201	342	6
201	344	5
201	346	9
201	347	8
201	348	3
201	350	8
201	351	7
201	352	4
201	353	8
201	355	1
201	357	8
201	358	7
201	359	6
201	360	3
202	203	12
202	204	20
202	205	8
202	206	10
202	207	5
202	208	8
202	210	4
202	211	6
202	212	9
202	213	9
202	214	7
202	215	7
202	216	14
202	217	2
202	218	6
202	219	10
202	220	9
202	221	10
202	222	10
202	223	10
202	224	5
202	225	8
202	226	8
202	227	11
202	228	8
202	229	4
202	230	9
202	231	5
202	232	5
202	233	5
202	234	7
202	235	2
202	236	10
202	237	6
202	238	9
202	240	14
202	241	7
202	242	9
202	243	1
202	244	14
202	245	6
202	246	7
202	247	5
202	248	8
202	249	9
202	250	14
202	251	15
202	252	2
202	253	13
202	254	11
202	255	12
202	256	7
202	257	10
202	258	6
202	259	7
202	260	13
202	261	6
202	262	8
202	263	4
202	264	8
202	265	2
202	266	2
202	267	10
202	268	12
202	269	11
202	270	2
202	271	1
202	272	11
202	273	11
202	274	11
202	275	8
202	276	8
202	277	11
202	278	9
202	279	9
202	281	10
202	282	9
202	283	4
202	284	7
202	285	8
202	286	5
202	287	5
202	288	13
202	289	9
202	290	6
202	291	5
202	292	9
202	293	8
202	294	8
202	295	10
202	296	5
202	297	12
202	298	11
202	299	14
202	300	10
202	302	5
202	303	7
202	304	1
202	305	8
202	306	9
202	307	8
202	308	8
202	309	8
202	310	7
202	311	8
202	312	6
202	313	6
202	314	2
202	315	3
202	316	1
202	317	10
202	318	3
202	320	8
202	321	12
202	322	10
202	324	6
202	326	8
202	327	3
202	328	4
202	329	7
202	330	9
202	331	8
202	332	8
202	333	5
202	334	9
202	335	1
202	336	10
202	337	3
202	338	9
202	339	10
202	340	2
202	341	11
202	342	9
202	344	10
202	346	9
202	347	7
202	348	3
202	349	2
202	350	7
202	351	7
202	352	8
202	353	8
202	354	6
202	357	17
202	358	14
202	359	7
202	360	5
203	204	12
203	205	7
203	206	10
203	207	3
203	208	6
203	209	1
203	210	5
203	211	7
203	212	10
203	213	8
203	214	5
203	215	16
203	216	8
203	218	8
203	219	8
203	220	11
203	221	15
203	222	17
203	223	14
203	224	2
203	225	10
203	226	5
203	227	14
203	228	6
203	229	1
203	230	8
203	231	9
203	232	7
203	233	5
203	234	9
203	235	1
203	236	10
203	237	6
203	238	14
203	240	10
203	241	4
203	242	9
203	243	2
203	244	12
203	245	12
203	246	12
203	247	4
203	248	7
203	249	10
203	250	21
203	251	16
203	253	15
203	254	9
203	255	10
203	256	5
203	257	7
203	258	9
203	259	8
203	260	5
203	261	6
203	262	7
203	263	10
203	264	6
203	265	1
203	266	1
203	267	12
203	268	8
203	269	8
203	270	1
203	271	1
203	272	11
203	273	8
203	274	11
203	275	6
203	276	10
203	277	10
203	278	7
203	279	8
203	281	7
203	282	6
203	283	2
203	284	9
203	285	11
203	286	7
203	287	8
203	288	9
203	289	11
203	290	8
203	291	1
203	292	7
203	293	8
203	294	8
203	295	9
203	296	8
203	297	8
203	298	14
203	299	10
203	300	8
203	302	8
203	303	5
203	304	1
203	305	9
203	306	6
203	307	9
203	308	9
203	309	10
203	310	4
203	311	6
203	312	5
203	313	4
203	314	2
203	315	2
203	317	8
203	318	4
203	320	9
203	321	3
203	322	7
203	324	11
203	326	8
203	327	1
203	328	1
203	329	8
203	330	6
203	331	9
203	332	8
203	333	6
203	334	6
203	335	1
203	336	10
203	337	3
203	338	7
203	339	9
203	340	2
203	341	8
203	342	8
203	343	1
203	344	6
203	346	6
203	347	7
203	348	2
203	349	1
203	350	6
203	351	9
203	352	8
203	353	12
203	354	3
203	355	1
203	357	17
203	358	19
203	359	7
203	360	4
204	205	9
204	206	10
204	207	5
204	208	8
204	209	4
204	210	4
204	211	4
204	212	10
204	213	10
204	214	6
204	215	10
204	216	11
204	217	1
204	218	4
204	219	8
204	220	9
204	221	11
204	222	12
204	223	13
204	224	3
204	225	7
204	226	6
204	227	6
204	228	9
204	229	3
204	230	10
204	231	9
204	232	6
204	233	6
204	234	9
204	235	1
204	236	13
204	237	5
204	238	9
204	239	1
204	240	5
204	241	6
204	242	4
204	243	2
204	244	16
204	245	8
204	246	7
204	247	6
204	248	6
204	249	9
204	250	10
204	251	13
204	252	2
204	253	12
204	254	12
204	255	9
204	256	10
204	257	8
204	258	7
204	259	11
204	260	18
204	261	7
204	262	12
204	263	7
204	264	7
204	265	3
204	267	7
204	268	9
204	269	13
204	270	1
204	271	1
204	272	11
204	273	8
204	274	16
204	275	7
204	276	11
204	277	9
204	278	7
204	279	10
204	281	6
204	282	8
204	283	4
204	284	8
204	285	9
204	286	4
204	287	7
204	288	6
204	289	8
204	290	8
204	291	6
204	292	7
204	293	5
204	294	8
204	295	7
204	296	6
204	297	8
204	298	15
204	299	7
204	300	7
204	302	6
204	303	5
204	304	4
204	305	7
204	306	7
204	307	7
204	308	5
204	309	7
204	310	5
204	311	5
204	312	6
204	313	3
204	314	5
204	315	2
204	316	2
204	317	8
204	318	3
204	320	8
204	321	11
204	322	13
204	324	7
204	326	5
204	327	1
204	328	4
204	329	7
204	330	8
204	331	7
204	332	6
204	333	3
204	334	8
204	335	2
204	336	11
204	337	4
204	338	7
204	339	9
204	340	2
204	341	9
204	342	7
204	343	1
204	344	10
204	346	10
204	347	7
204	348	4
204	349	1
204	350	9
204	351	5
204	352	7
204	353	12
204	354	2
204	355	2
204	356	1
204	357	14
204	358	9
204	359	5
204	360	8
204	361	1
205	206	11
205	207	4
205	208	7
205	209	1
205	210	6
205	211	7
205	212	8
205	213	9
205	214	6
205	215	8
205	216	9
205	217	2
205	218	7
205	219	9
205	220	8
205	221	8
205	222	9
205	223	8
205	224	6
205	225	8
205	226	7
205	227	8
205	228	5
205	229	4
205	230	7
205	231	5
205	232	8
205	233	5
205	234	8
205	235	1
205	236	7
205	237	7
205	238	11
205	239	1
205	240	6
205	241	4
205	242	9
205	243	3
205	244	11
205	245	7
205	246	10
205	247	9
205	248	10
205	249	7
205	250	8
205	251	8
205	253	12
205	254	9
205	255	8
205	256	12
205	257	5
205	258	5
205	259	12
205	260	6
205	261	4
205	262	8
205	263	7
205	264	8
205	265	1
205	266	2
205	267	8
205	268	10
205	269	9
205	270	4
205	271	1
205	272	9
205	273	8
205	274	16
205	275	7
205	276	7
205	277	7
205	278	10
205	279	9
205	281	7
205	282	8
205	283	6
205	284	8
205	285	16
205	286	8
205	287	6
205	288	5
205	289	7
205	290	9
205	291	1
205	292	5
205	293	7
205	294	8
205	295	6
205	296	6
205	297	8
205	298	8
205	299	10
205	300	9
205	302	7
205	303	7
205	304	3
205	305	5
205	306	8
205	307	10
205	308	6
205	309	7
205	310	8
205	311	6
205	312	10
205	313	4
205	314	4
205	315	2
205	317	5
205	318	2
205	320	7
205	321	9
205	322	33
205	324	8
205	326	6
205	327	2
205	328	4
205	329	7
205	330	7
205	331	6
205	332	7
205	333	5
205	334	5
205	335	5
205	336	10
205	337	5
205	338	8
205	339	9
205	340	1
205	341	7
205	342	9
205	344	11
205	346	7
205	347	6
205	348	3
205	349	2
205	350	7
205	351	6
205	352	8
205	353	6
205	354	4
205	355	1
205	357	10
205	358	10
205	359	6
205	360	8
205	361	1
206	207	2
206	208	6
206	209	4
206	210	3
206	211	5
206	212	6
206	213	8
206	214	6
206	215	10
206	216	9
206	218	8
206	219	8
206	220	12
206	221	15
206	222	9
206	223	12
206	224	4
206	225	5
206	226	5
206	227	9
206	228	5
206	229	2
206	230	10
206	231	6
206	232	7
206	233	8
206	234	11
206	235	1
206	236	13
206	237	8
206	238	12
206	239	2
206	240	6
206	241	8
206	242	7
206	243	2
206	244	10
206	245	7
206	246	10
206	247	6
206	248	8
206	249	12
206	250	12
206	251	11
206	252	2
206	253	14
206	254	10
206	255	10
206	256	11
206	257	7
206	258	7
206	259	8
206	260	6
206	261	3
206	262	9
206	263	8
206	264	8
206	265	1
206	266	1
206	267	8
206	268	10
206	269	9
206	270	1
206	272	7
206	273	8
206	274	10
206	275	8
206	276	9
206	277	6
206	278	9
206	279	12
206	281	6
206	282	10
206	283	5
206	284	6
206	285	8
206	286	5
206	287	6
206	288	8
206	289	6
206	290	10
206	291	2
206	292	7
206	293	5
206	294	6
206	295	8
206	296	6
206	297	7
206	298	11
206	299	14
206	300	8
206	302	8
206	303	7
206	305	7
206	306	9
206	307	8
206	308	6
206	309	7
206	310	7
206	311	11
206	312	8
206	313	12
206	314	3
206	315	1
206	317	7
206	318	5
206	320	8
206	321	8
206	322	8
206	324	9
206	326	6
206	327	1
206	328	6
206	329	7
206	330	8
206	331	6
206	332	9
206	333	3
206	334	6
206	335	1
206	336	6
206	337	4
206	338	8
206	339	9
206	340	1
206	341	8
206	342	11
206	343	2
206	344	10
206	346	7
206	347	6
206	348	2
206	349	2
206	350	8
206	351	4
206	352	8
206	353	12
206	354	2
206	355	2
206	357	14
206	358	10
206	359	7
206	360	6
206	361	1
207	208	4
207	210	1
207	211	1
207	212	2
207	213	3
207	214	2
207	215	2
207	216	2
207	217	3
207	219	6
207	220	1
207	221	1
207	222	1
207	223	3
207	224	3
207	225	9
207	226	2
207	227	3
207	228	2
207	229	3
207	230	1
207	232	1
207	233	1
207	235	2
207	236	4
207	237	1
207	238	2
207	240	3
207	241	3
207	242	1
207	243	2
207	244	7
207	245	2
207	246	4
207	247	3
207	248	3
207	249	4
207	250	3
207	251	7
207	252	3
207	253	1
207	254	2
207	255	6
207	256	3
207	257	3
207	258	1
207	259	2
207	260	4
207	261	2
207	263	1
207	264	1
207	265	2
207	266	3
207	267	5
207	268	5
207	269	2
207	270	10
207	271	1
207	272	3
207	273	3
207	274	8
207	275	1
207	276	4
207	277	1
207	278	1
207	279	3
207	280	1
207	281	1
207	282	2
207	283	1
207	284	5
207	285	2
207	286	3
207	288	3
207	289	2
207	290	1
207	292	1
207	293	2
207	294	4
207	295	4
207	297	1
207	299	3
207	300	3
207	303	2
207	304	1
207	305	1
207	306	1
207	307	2
207	309	2
207	310	2
207	311	1
207	312	1
207	313	1
207	314	1
207	315	1
207	317	1
207	318	2
207	319	1
207	320	3
207	321	2
207	322	2
207	324	4
207	325	2
207	326	2
207	327	2
207	328	4
207	329	1
207	330	1
207	331	1
207	332	3
207	333	2
207	334	1
207	336	3
207	337	1
207	339	1
207	341	2
207	342	3
207	344	2
207	349	1
207	350	1
207	352	2
207	353	4
207	354	1
207	357	6
207	358	4
207	359	3
207	360	9
208	210	3
208	211	5
208	212	7
208	213	6
208	214	10
208	215	13
208	216	6
208	218	6
208	219	7
208	220	5
208	221	7
208	222	10
208	223	4
208	224	5
208	225	5
208	226	6
208	227	9
208	228	12
208	229	2
208	230	4
208	231	5
208	232	6
208	233	6
208	234	9
208	235	2
208	236	10
208	237	9
208	238	9
208	240	10
208	241	9
208	242	5
208	243	2
208	244	14
208	245	11
208	246	5
208	247	6
208	248	6
208	249	8
208	250	6
208	251	13
208	252	1
208	253	12
208	254	7
208	255	9
208	256	5
208	257	14
208	258	6
208	259	8
208	260	12
208	261	3
208	262	4
208	263	6
208	264	10
208	266	2
208	267	6
208	268	10
208	269	9
208	270	1
208	271	1
208	272	5
208	273	7
208	274	11
208	275	7
208	276	9
208	277	8
208	278	5
208	279	7
208	281	6
208	282	6
208	283	3
208	284	11
208	285	8
208	286	7
208	287	7
208	288	10
208	289	8
208	290	6
208	291	1
208	292	5
208	293	6
208	294	10
208	295	9
208	296	4
208	297	6
208	298	11
208	299	6
208	300	7
208	302	3
208	303	7
208	304	1
208	305	6
208	306	5
208	307	5
208	308	6
208	309	8
208	310	7
208	311	5
208	312	5
208	313	3
208	314	3
208	315	1
208	316	1
208	317	9
208	318	4
208	319	1
208	320	5
208	321	4
208	322	9
208	324	6
208	326	9
208	327	1
208	328	1
208	329	8
208	330	6
208	331	9
208	332	6
208	333	5
208	334	9
208	335	2
208	336	10
208	337	4
208	338	6
208	339	12
208	340	1
208	341	8
208	342	7
208	344	9
208	346	8
208	347	6
208	348	4
208	349	3
208	350	8
208	351	4
208	352	8
208	353	8
208	354	2
208	355	1
208	357	11
208	358	7
208	359	8
208	360	5
209	212	1
209	213	1
209	214	1
209	215	1
209	216	3
209	218	2
209	220	3
209	221	3
209	222	1
209	223	3
209	227	1
209	228	2
209	230	4
209	231	3
209	233	1
209	234	2
209	236	3
209	237	1
209	238	1
209	239	4
209	240	1
209	241	3
209	244	2
209	246	2
209	248	2
209	249	2
209	250	2
209	251	2
209	252	1
209	253	2
209	254	3
209	255	1
209	256	4
209	258	2
209	259	1
209	260	3
209	261	1
209	262	3
209	263	1
209	267	1
209	268	1
209	269	1
209	272	1
209	273	1
209	274	1
209	275	3
209	276	3
209	277	1
209	278	2
209	279	4
209	282	1
209	283	1
209	284	2
209	285	1
209	286	2
209	287	1
209	289	1
209	290	3
209	291	2
209	292	2
209	294	2
209	296	3
209	298	1
209	299	1
209	300	1
209	302	3
209	303	1
209	304	1
209	305	1
209	306	4
209	307	1
209	308	1
209	309	3
209	310	1
209	311	2
209	312	3
209	314	2
209	317	1
209	320	3
209	321	2
209	322	1
209	324	1
209	325	1
209	327	2
209	328	2
209	329	1
209	330	2
209	331	2
209	332	1
209	334	1
209	337	1
209	338	2
209	339	3
209	341	1
209	342	2
209	344	1
209	346	1
209	347	1
209	350	1
209	352	1
209	353	2
209	355	10
209	357	4
209	358	1
209	359	2
209	360	1
209	361	1
210	211	6
210	212	9
210	213	4
210	214	4
210	215	4
210	216	3
210	218	2
210	219	3
210	220	4
210	221	6
210	222	6
210	223	7
210	224	4
210	225	6
210	226	3
210	227	4
210	228	4
210	229	4
210	230	5
210	231	3
210	232	5
210	233	2
210	234	5
210	235	1
210	236	2
210	237	3
210	238	4
210	240	4
210	241	4
210	242	4
210	243	3
210	244	2
210	245	4
210	246	4
210	247	7
210	248	3
210	249	4
210	250	6
210	251	3
210	252	1
210	253	6
210	254	4
210	255	4
210	256	5
210	257	3
210	258	4
210	259	6
210	260	5
210	261	4
210	262	6
210	263	7
210	264	5
210	266	1
210	267	5
210	268	3
210	269	3
210	270	1
210	271	1
210	272	5
210	273	3
210	274	6
210	275	4
210	276	3
210	277	7
210	278	3
210	279	6
210	280	1
210	281	5
210	282	3
210	283	5
210	284	5
210	285	4
210	286	6
210	287	6
210	288	2
210	289	4
210	290	6
210	291	2
210	292	4
210	293	6
210	294	3
210	295	2
210	296	4
210	297	4
210	298	6
210	299	5
210	300	5
210	302	3
210	303	5
210	304	2
210	305	4
210	306	5
210	307	4
210	308	4
210	309	5
210	310	2
210	311	7
210	312	7
210	313	2
210	314	2
210	315	3
210	316	1
210	317	4
210	318	2
210	319	1
210	320	7
210	321	4
210	322	5
210	324	5
210	325	1
210	326	5
210	327	2
210	328	2
210	329	4
210	330	4
210	331	3
210	332	3
210	333	3
210	334	4
210	335	2
210	336	4
210	337	4
210	338	5
210	339	5
210	341	5
210	342	5
210	344	6
210	346	5
210	347	7
210	348	1
210	349	1
210	350	4
210	351	6
210	352	6
210	353	5
210	354	3
210	357	6
210	358	8
210	359	6
210	360	6
210	361	1
211	212	8
211	213	8
211	214	7
211	215	7
211	216	5
211	217	1
211	218	7
211	219	7
211	220	7
211	221	5
211	222	5
211	223	8
211	224	3
211	225	4
211	226	3
211	227	10
211	228	7
211	229	4
211	230	4
211	231	5
211	232	7
211	233	2
211	234	11
211	235	2
211	236	7
211	237	8
211	238	10
211	240	7
211	241	6
211	242	6
211	243	1
211	244	7
211	245	8
211	246	8
211	247	4
211	248	8
211	249	9
211	250	9
211	251	8
211	253	7
211	254	8
211	255	6
211	256	4
211	257	8
211	258	4
211	259	6
211	260	7
211	261	3
211	262	9
211	263	8
211	264	6
211	265	1
211	266	1
211	267	7
211	268	7
211	269	7
211	270	2
211	271	1
211	272	8
211	273	8
211	274	10
211	275	7
211	276	5
211	277	8
211	278	6
211	279	5
211	281	7
211	282	7
211	283	5
211	284	8
211	285	7
211	286	4
211	287	8
211	288	6
211	289	6
211	290	5
211	292	8
211	293	6
211	294	6
211	295	7
211	296	4
211	297	8
211	298	9
211	299	8
211	300	10
211	302	7
211	303	7
211	305	5
211	306	7
211	307	10
211	308	7
211	309	5
211	310	7
211	311	6
211	312	5
211	313	3
211	314	3
211	315	1
211	316	1
211	317	8
211	318	2
211	320	9
211	321	4
211	322	8
211	324	6
211	326	8
211	328	1
211	329	9
211	330	6
211	331	6
211	332	10
211	333	4
211	334	8
211	335	1
211	336	5
211	337	4
211	338	7
211	339	9
211	340	1
211	341	5
211	342	6
211	344	7
211	346	9
211	347	7
211	348	2
211	349	2
211	350	5
211	351	7
211	352	5
211	353	5
211	354	4
211	357	8
211	358	10
211	359	8
211	360	4
212	213	6
212	214	11
212	215	11
212	216	10
212	217	1
212	218	9
212	219	8
212	220	8
212	221	7
212	222	6
212	223	12
212	224	3
212	225	4
212	226	4
212	227	7
212	228	10
212	229	4
212	230	12
212	231	6
212	232	5
212	233	4
212	234	9
212	235	2
212	236	9
212	237	6
212	238	9
212	240	7
212	241	10
212	242	4
212	243	1
212	244	10
212	245	6
212	246	8
212	247	4
212	248	6
212	249	8
212	250	11
212	251	7
212	252	2
212	253	10
212	254	7
212	255	10
212	256	8
212	257	5
212	258	7
212	259	6
212	260	13
212	261	4
212	262	8
212	263	11
212	264	5
212	265	2
212	266	1
212	267	10
212	268	4
212	269	9
212	271	1
212	272	8
212	273	5
212	274	14
212	275	9
212	276	7
212	277	6
212	278	4
212	279	10
212	281	5
212	282	4
212	283	6
212	284	6
212	285	9
212	286	9
212	287	7
212	288	7
212	289	4
212	290	6
212	291	4
212	292	6
212	293	6
212	294	7
212	295	9
212	296	7
212	297	6
212	298	11
212	299	9
212	300	9
212	302	4
212	303	5
212	304	2
212	305	7
212	306	5
212	307	4
212	308	6
212	309	11
212	310	4
212	311	8
212	312	8
212	313	1
212	314	5
212	315	2
212	316	1
212	317	5
212	318	4
212	320	7
212	321	4
212	322	5
212	324	5
212	326	5
212	327	1
212	328	2
212	329	6
212	330	4
212	331	7
212	332	5
212	333	6
212	334	8
212	335	1
212	336	9
212	337	5
212	338	7
212	339	15
212	341	7
212	342	4
212	344	7
212	346	7
212	347	8
212	348	2
212	349	1
212	350	7
212	351	7
212	352	4
212	353	11
212	354	1
212	355	1
212	357	10
212	358	9
212	359	8
212	360	5
213	214	5
213	215	11
213	216	7
213	217	1
213	218	8
213	219	8
213	220	12
213	221	8
213	222	8
213	223	10
213	224	4
213	225	8
213	226	5
213	227	10
213	228	6
213	229	2
213	230	6
213	231	5
213	232	7
213	233	3
213	234	7
213	235	1
213	236	8
213	237	6
213	238	11
213	239	1
213	240	9
213	241	5
213	242	6
213	243	2
213	244	11
213	245	9
213	246	12
213	247	6
213	248	8
213	249	8
213	250	14
213	251	11
213	253	9
213	254	8
213	255	13
213	256	8
213	257	7
213	258	6
213	259	7
213	260	9
213	261	5
213	262	8
213	263	8
213	264	8
213	266	1
213	267	8
213	268	9
213	269	9
213	270	3
213	271	1
213	272	9
213	273	7
213	274	10
213	275	9
213	276	8
213	277	9
213	278	7
213	279	8
213	281	7
213	282	8
213	283	4
213	284	9
213	285	8
213	286	5
213	287	5
213	288	7
213	289	9
213	290	7
213	291	1
213	292	6
213	293	8
213	294	9
213	295	8
213	296	4
213	297	9
213	298	8
213	299	7
213	300	12
213	302	6
213	303	6
213	305	8
213	306	10
213	307	10
213	308	8
213	309	5
213	310	4
213	311	4
213	312	7
213	313	5
213	314	3
213	315	2
213	317	7
213	318	5
213	320	6
213	321	4
213	322	12
213	324	8
213	326	9
213	327	1
213	328	2
213	329	7
213	330	9
213	331	7
213	332	8
213	333	4
213	334	4
213	335	2
213	336	10
213	337	4
213	338	8
213	339	9
213	340	3
213	341	6
213	342	9
213	343	1
213	344	8
213	346	7
213	347	6
213	348	2
213	349	3
213	350	7
213	351	6
213	352	10
213	353	8
213	354	5
213	357	12
213	358	9
213	359	4
213	360	8
213	361	1
214	215	11
214	216	3
214	217	1
214	218	7
214	219	10
214	220	6
214	221	5
214	222	10
214	223	5
214	224	3
214	225	3
214	226	3
214	227	9
214	228	5
214	229	4
214	230	3
214	231	7
214	232	5
214	233	4
214	234	11
214	235	3
214	236	8
214	237	9
214	238	7
214	240	9
214	241	11
214	242	7
214	243	1
214	244	10
214	245	8
214	246	4
214	247	3
214	248	6
214	249	8
214	250	9
214	251	10
214	253	7
214	254	6
214	255	7
214	256	3
214	257	10
214	258	6
214	259	5
214	260	12
214	261	3
214	262	6
214	263	10
214	264	2
214	265	1
214	267	7
214	268	5
214	269	9
214	271	1
214	272	7
214	273	7
214	274	8
214	275	11
214	276	9
214	277	7
214	278	5
214	279	7
214	281	4
214	282	6
214	283	4
214	284	9
214	285	6
214	286	5
214	287	7
214	288	9
214	289	4
214	290	5
214	292	4
214	293	5
214	294	7
214	295	9
214	296	4
214	297	7
214	298	10
214	299	5
214	300	8
214	302	4
214	303	6
214	305	5
214	306	6
214	307	5
214	308	7
214	309	4
214	310	3
214	311	4
214	312	8
214	313	2
214	314	2
214	315	1
214	317	9
214	318	3
214	320	7
214	321	1
214	322	5
214	324	5
214	326	6
214	328	1
214	329	8
214	330	5
214	331	5
214	332	9
214	333	5
214	334	7
214	335	2
214	336	6
214	337	3
214	338	8
214	339	10
214	340	1
214	341	4
214	342	5
214	344	4
214	346	9
214	347	7
214	348	4
214	349	1
214	350	6
214	351	6
214	352	4
214	353	7
214	357	7
214	358	8
214	359	6
214	360	3
215	216	8
215	217	1
215	218	9
215	219	7
215	220	10
215	221	6
215	222	9
215	223	7
215	224	2
215	225	7
215	226	7
215	227	14
215	228	9
215	229	4
215	230	6
215	231	8
215	232	9
215	233	6
215	234	13
215	235	1
215	236	13
215	237	5
215	238	11
215	240	11
215	241	13
215	242	9
215	243	1
215	244	30
215	245	8
215	246	13
215	247	3
215	248	8
215	249	10
215	250	14
215	251	11
215	252	1
215	253	12
215	254	9
215	255	15
215	256	7
215	257	14
215	258	8
215	259	11
215	260	10
215	261	3
215	262	8
215	263	12
215	264	12
215	265	1
215	266	1
215	267	12
215	268	10
215	269	11
215	270	2
215	271	1
215	272	8
215	273	6
215	274	13
215	275	9
215	276	11
215	277	12
215	278	5
215	279	7
215	281	8
215	282	7
215	283	3
215	284	9
215	285	8
215	286	7
215	287	7
215	288	11
215	289	7
215	290	7
215	292	6
215	293	8
215	294	9
215	295	12
215	296	3
215	297	9
215	298	14
215	299	8
215	300	8
215	302	5
215	303	7
215	305	7
215	306	11
215	307	9
215	308	7
215	309	8
215	310	7
215	311	7
215	312	10
215	313	4
215	314	1
215	315	2
215	316	1
215	317	10
215	318	4
215	319	1
215	320	9
215	321	3
215	322	11
215	324	10
215	326	9
215	327	2
215	328	2
215	329	8
215	330	7
215	331	6
215	332	6
215	333	4
215	334	7
215	335	1
215	336	9
215	337	4
215	338	6
215	339	10
215	340	1
215	341	9
215	342	7
215	343	1
215	344	6
215	346	8
215	347	6
215	348	2
215	349	2
215	350	7
215	351	5
215	352	9
215	353	8
215	354	3
215	357	13
215	358	10
215	359	9
215	360	3
216	217	3
216	218	7
216	219	6
216	220	7
216	221	10
216	222	9
216	223	9
216	224	6
216	225	7
216	226	6
216	227	9
216	228	6
216	229	4
216	230	15
216	231	9
216	232	6
216	233	5
216	234	6
216	235	2
216	236	10
216	237	6
216	238	10
216	239	1
216	240	6
216	241	13
216	242	6
216	243	1
216	244	9
216	245	5
216	246	8
216	247	5
216	248	8
216	249	6
216	250	9
216	251	9
216	252	4
216	253	10
216	254	7
216	255	14
216	256	10
216	257	6
216	258	6
216	259	8
216	260	8
216	261	7
216	262	6
216	263	6
216	264	9
216	265	3
216	266	2
216	267	8
216	268	8
216	269	9
216	270	2
216	272	11
216	273	6
216	274	14
216	275	5
216	276	8
216	277	6
216	278	11
216	279	14
216	281	10
216	282	8
216	283	4
216	284	11
216	285	4
216	286	8
216	287	8
216	288	9
216	289	6
216	290	8
216	291	3
216	292	8
216	293	9
216	294	9
216	295	13
216	296	16
216	297	10
216	298	7
216	299	9
216	300	9
216	302	7
216	303	5
216	304	3
216	305	10
216	306	6
216	307	8
216	308	6
216	309	10
216	310	9
216	311	9
216	312	5
216	313	5
216	314	8
216	315	1
216	316	2
216	317	5
216	318	3
216	320	8
216	321	10
216	322	9
216	324	6
216	326	6
216	327	2
216	328	2
216	329	8
216	330	5
216	331	8
216	332	5
216	333	8
216	334	7
216	335	2
216	336	11
216	337	3
216	338	6
216	339	11
216	340	1
216	341	11
216	342	10
216	344	12
216	346	11
216	347	10
216	348	5
216	349	2
216	350	9
216	351	7
216	352	10
216	353	11
216	354	4
216	355	2
216	357	14
216	358	7
216	359	11
216	360	7
216	361	1
217	218	2
217	219	1
217	223	3
217	224	4
217	225	2
217	227	2
217	228	1
217	229	3
217	230	2
217	232	2
217	234	1
217	235	2
217	236	2
217	237	1
217	238	3
217	240	1
217	241	1
217	242	2
217	244	1
217	246	3
217	247	1
217	248	6
217	249	2
217	251	1
217	253	1
217	255	1
217	256	2
217	258	1
217	259	3
217	260	1
217	261	2
217	262	1
217	264	2
217	265	1
217	267	1
217	268	4
217	269	1
217	270	2
217	272	4
217	273	1
217	274	5
217	275	1
217	276	3
217	277	1
217	278	1
217	279	1
217	281	1
217	283	1
217	284	2
217	286	2
217	287	1
217	289	1
217	292	2
217	293	2
217	294	2
217	296	2
217	297	2
217	298	1
217	300	2
217	302	2
217	303	2
217	305	1
217	308	2
217	309	1
217	310	1
217	312	2
217	314	2
217	315	1
217	318	1
217	320	2
217	322	1
217	326	1
217	327	1
217	329	1
217	330	1
217	332	1
217	333	1
217	334	2
217	335	1
217	336	2
217	337	1
217	338	1
217	339	2
217	342	1
217	343	1
217	344	1
217	346	1
217	347	1
217	348	1
217	350	2
217	351	1
217	353	1
217	354	1
217	357	2
217	359	1
217	360	5
218	219	7
218	220	6
218	221	6
218	222	5
218	223	8
218	224	4
218	225	5
218	226	3
218	227	10
218	228	4
218	229	1
218	230	10
218	231	5
218	232	6
218	233	5
218	234	8
218	235	2
218	236	8
218	237	6
218	238	12
218	239	2
218	240	7
218	241	6
218	242	7
218	243	1
218	244	5
218	245	6
218	246	7
218	247	5
218	248	11
218	249	9
218	250	7
218	251	5
218	253	11
218	254	7
218	255	8
218	256	7
218	257	5
218	258	7
218	259	6
218	260	4
218	261	4
218	262	6
218	263	10
218	264	8
218	267	4
218	268	8
218	269	11
218	270	1
218	272	7
218	273	9
218	274	8
218	275	7
218	276	9
218	277	5
218	278	9
218	279	10
218	281	7
218	282	7
218	283	4
218	284	7
218	285	6
218	286	5
218	287	5
218	288	6
218	289	4
218	290	5
218	291	1
218	292	6
218	293	7
218	294	5
218	295	7
218	296	8
218	297	7
218	298	9
218	299	5
218	300	6
218	302	9
218	303	4
218	305	5
218	306	5
218	307	9
218	308	8
218	309	6
218	310	6
218	311	7
218	312	5
218	313	2
218	314	4
218	315	1
218	317	5
218	318	3
218	320	5
218	321	5
218	322	7
218	324	6
218	326	6
218	328	1
218	329	6
218	330	4
218	331	6
218	332	7
218	333	7
218	334	6
218	335	2
218	336	5
218	337	3
218	338	7
218	339	9
218	340	1
218	341	6
218	342	6
218	344	5
218	346	5
218	347	6
218	348	3
218	350	5
218	351	6
218	352	8
218	353	3
218	354	2
218	355	1
218	357	10
218	358	9
218	359	8
218	360	4
218	361	1
219	220	6
219	221	6
219	222	9
219	223	10
219	224	5
219	225	4
219	226	6
219	227	10
219	228	5
219	229	3
219	230	5
219	231	7
219	232	5
219	233	3
219	234	10
219	235	1
219	236	7
219	237	5
219	238	9
219	240	5
219	241	5
219	242	7
219	243	3
219	244	11
219	245	9
219	246	4
219	247	6
219	248	7
219	249	9
219	250	7
219	251	11
219	252	1
219	253	13
219	254	4
219	255	8
219	256	2
219	257	7
219	258	6
219	259	8
219	260	9
219	261	3
219	262	4
219	263	7
219	264	7
219	265	3
219	267	7
219	268	10
219	269	9
219	270	2
219	271	1
219	272	10
219	273	6
219	274	13
219	275	9
219	276	9
219	277	9
219	278	8
219	279	5
219	281	8
219	282	6
219	283	2
219	284	7
219	285	9
219	286	6
219	287	7
219	288	8
219	289	4
219	290	6
219	292	4
219	293	7
219	294	8
219	295	11
219	296	3
219	297	8
219	298	14
219	299	7
219	300	6
219	302	5
219	303	5
219	305	7
219	306	6
219	307	7
219	308	8
219	309	5
219	310	6
219	311	3
219	312	5
219	313	5
219	314	2
219	315	3
219	317	8
219	318	3
219	320	4
219	321	4
219	322	7
219	324	9
219	325	2
219	326	8
219	327	3
219	328	1
219	329	7
219	330	6
219	331	5
219	332	8
219	333	7
219	334	4
219	335	3
219	336	8
219	337	3
219	338	7
219	339	9
219	340	2
219	341	4
219	342	7
219	344	8
219	346	7
219	347	5
219	348	2
219	349	1
219	350	4
219	351	6
219	352	7
219	353	9
219	354	3
219	357	11
219	358	5
219	359	5
219	360	5
220	221	8
220	222	10
220	223	10
220	224	3
220	225	6
220	226	7
220	227	9
220	228	9
220	229	3
220	230	9
220	231	8
220	232	8
220	233	5
220	234	11
220	235	1
220	236	12
220	237	7
220	238	10
220	239	2
220	240	7
220	241	7
220	242	8
220	243	1
220	244	10
220	245	10
220	246	10
220	247	4
220	248	10
220	249	12
220	250	10
220	251	15
220	252	1
220	253	8
220	254	12
220	255	14
220	256	10
220	257	9
220	258	7
220	259	8
220	260	11
220	261	4
220	262	8
220	263	9
220	264	10
220	265	1
220	266	1
220	267	12
220	268	10
220	269	10
220	270	1
220	271	1
220	272	8
220	273	6
220	274	12
220	275	9
220	276	10
220	277	10
220	278	8
220	279	11
220	281	10
220	282	8
220	283	4
220	284	5
220	285	9
220	286	6
220	287	8
220	288	10
220	289	11
220	290	11
220	291	2
220	292	8
220	293	7
220	294	10
220	295	11
220	296	5
220	297	8
220	298	11
220	299	12
220	300	13
220	302	6
220	303	8
220	305	7
220	306	11
220	307	11
220	308	6
220	309	6
220	310	6
220	311	8
220	312	5
220	313	5
220	314	3
220	315	2
220	316	1
220	317	10
220	318	5
220	320	11
220	321	5
220	322	8
220	324	8
220	326	7
220	327	1
220	328	3
220	329	7
220	330	9
220	331	9
220	332	8
220	333	5
220	334	7
220	335	1
220	336	11
220	337	3
220	338	10
220	339	9
220	340	3
220	341	8
220	342	9
220	343	2
220	344	8
220	346	8
220	347	6
220	348	3
220	349	2
220	350	7
220	351	7
220	352	9
220	353	7
220	354	2
220	355	2
220	357	14
220	358	9
220	359	6
220	360	5
220	361	1
221	222	13
221	223	12
221	224	2
221	225	10
221	226	5
221	227	9
221	228	6
221	229	3
221	230	9
221	231	8
221	232	4
221	233	4
221	234	8
221	235	1
221	236	8
221	237	6
221	238	8
221	239	1
221	240	8
221	241	2
221	242	6
221	243	1
221	244	8
221	245	9
221	246	10
221	247	5
221	248	5
221	249	10
221	250	11
221	251	11
221	252	2
221	253	11
221	254	8
221	255	7
221	256	7
221	257	4
221	258	7
221	259	5
221	260	6
221	261	4
221	262	8
221	263	5
221	264	5
221	265	1
221	266	1
221	267	7
221	268	7
221	269	5
221	270	1
221	271	1
221	272	8
221	273	5
221	274	8
221	275	7
221	276	9
221	277	8
221	278	9
221	279	10
221	281	5
221	282	5
221	283	3
221	284	8
221	285	8
221	286	4
221	287	8
221	288	3
221	289	8
221	290	8
221	291	3
221	292	7
221	293	6
221	294	7
221	295	4
221	296	9
221	297	7
221	298	9
221	299	9
221	300	6
221	302	6
221	303	6
221	304	2
221	305	7
221	306	8
221	307	9
221	308	6
221	309	9
221	310	3
221	311	7
221	312	6
221	313	7
221	314	3
221	315	2
221	317	4
221	318	3
221	320	7
221	321	7
221	322	8
221	324	8
221	326	6
221	327	1
221	328	2
221	329	6
221	330	7
221	331	8
221	332	5
221	333	3
221	334	4
221	335	2
221	336	8
221	337	3
221	338	8
221	339	9
221	340	1
221	341	7
221	342	8
221	344	6
221	346	4
221	347	6
221	348	2
221	349	1
221	350	6
221	351	6
221	352	7
221	353	9
221	354	6
221	355	1
221	356	1
221	357	10
221	358	13
221	359	5
221	360	6
221	361	1
222	223	13
222	224	4
222	225	8
222	226	6
222	227	10
222	228	6
222	229	2
222	230	7
222	231	9
222	232	5
222	233	7
222	234	8
222	235	1
222	236	10
222	237	8
222	238	11
222	240	11
222	241	3
222	242	9
222	243	1
222	244	6
222	245	11
222	246	8
222	247	5
222	248	6
222	249	7
222	250	11
222	251	17
222	252	1
222	253	13
222	254	8
222	255	12
222	256	8
222	257	8
222	258	7
222	259	7
222	260	10
222	261	3
222	262	8
222	263	6
222	264	7
222	266	1
222	267	9
222	268	6
222	269	6
222	270	1
222	271	1
222	272	9
222	273	13
222	274	15
222	275	5
222	276	8
222	277	9
222	278	9
222	279	11
222	281	9
222	282	12
222	283	2
222	284	11
222	285	8
222	286	6
222	287	7
222	288	8
222	289	7
222	290	6
222	291	1
222	292	6
222	293	7
222	294	13
222	295	9
222	296	8
222	297	8
222	298	10
222	299	11
222	300	7
222	302	9
222	303	7
222	304	3
222	305	9
222	306	8
222	307	7
222	308	6
222	309	8
222	310	5
222	311	6
222	312	10
222	313	6
222	314	3
222	315	2
222	317	8
222	318	6
222	319	1
222	320	7
222	321	7
222	322	10
222	324	9
222	326	9
222	327	4
222	329	9
222	330	10
222	331	10
222	332	10
222	333	6
222	334	6
222	335	2
222	336	11
222	337	2
222	338	9
222	339	12
222	340	2
222	341	7
222	342	9
222	343	1
222	344	9
222	346	8
222	347	6
222	348	3
222	349	1
222	350	7
222	351	8
222	352	7
222	353	14
222	354	4
222	355	2
222	357	17
222	358	11
222	359	6
222	360	5
223	224	4
223	225	13
223	226	4
223	227	9
223	228	7
223	229	2
223	230	10
223	231	8
223	232	4
223	233	5
223	234	8
223	235	1
223	236	11
223	237	7
223	238	13
223	239	1
223	240	8
223	241	5
223	242	9
223	243	2
223	244	7
223	245	10
223	246	10
223	247	13
223	248	10
223	249	9
223	250	16
223	251	14
223	252	6
223	253	8
223	254	7
223	255	13
223	256	12
223	257	7
223	258	6
223	259	7
223	260	5
223	261	5
223	262	8
223	263	9
223	264	5
223	266	1
223	267	11
223	268	14
223	269	7
223	270	3
223	272	10
223	273	8
223	274	15
223	275	7
223	276	14
223	277	9
223	278	8
223	279	13
223	281	10
223	282	9
223	283	2
223	284	9
223	285	7
223	286	7
223	287	7
223	288	7
223	289	10
223	290	9
223	291	1
223	292	10
223	293	6
223	294	9
223	295	7
223	296	12
223	297	9
223	298	10
223	299	17
223	300	11
223	302	10
223	303	5
223	304	2
223	305	9
223	306	6
223	307	8
223	308	8
223	309	8
223	310	4
223	311	10
223	312	11
223	313	5
223	314	4
223	315	5
223	316	1
223	317	6
223	318	5
223	320	10
223	321	8
223	322	8
223	324	7
223	325	3
223	326	5
223	327	4
223	328	3
223	329	4
223	330	7
223	331	6
223	332	8
223	333	3
223	334	7
223	335	3
223	336	8
223	337	4
223	338	6
223	339	9
223	340	2
223	341	7
223	342	7
223	343	1
223	344	8
223	346	8
223	347	8
223	348	3
223	349	1
223	350	6
223	351	5
223	352	7
223	353	13
223	354	6
223	355	2
223	356	1
223	357	18
223	358	9
223	359	7
223	360	10
223	361	1
224	225	6
224	226	4
224	227	4
224	228	4
224	229	3
224	230	6
224	231	3
224	232	4
224	233	3
224	234	3
224	235	2
224	236	4
224	237	4
224	238	5
224	240	2
224	241	4
224	242	2
224	243	4
224	244	2
224	245	3
224	246	3
224	247	12
224	248	5
224	249	4
224	250	2
224	251	4
224	252	1
224	253	4
224	254	3
224	255	4
224	256	4
224	257	3
224	258	3
224	259	5
224	260	4
224	261	6
224	262	2
224	263	2
224	264	4
224	265	2
224	266	2
224	267	3
224	268	3
224	269	5
224	270	4
224	272	5
224	273	4
224	274	6
224	275	3
224	276	3
224	277	3
224	278	4
224	279	6
224	280	1
224	281	4
224	282	4
224	283	3
224	284	4
224	285	3
224	286	4
224	287	4
224	288	4
224	289	3
224	290	4
224	292	3
224	293	4
224	294	4
224	295	4
224	296	5
224	297	3
224	298	3
224	299	4
224	300	4
224	302	3
224	303	4
224	304	1
224	305	3
224	306	2
224	307	3
224	308	4
224	309	5
224	310	6
224	311	4
224	312	6
224	313	4
224	314	4
224	315	4
224	316	1
224	317	3
224	318	2
224	320	2
224	321	6
224	322	4
224	324	1
224	325	1
224	326	5
224	327	1
224	328	2
224	329	5
224	330	3
224	331	4
224	332	4
224	333	4
224	334	3
224	335	4
224	336	5
224	337	3
224	338	3
224	339	4
224	340	1
224	341	3
224	342	5
224	344	6
224	346	4
224	347	3
224	348	4
224	349	2
224	350	5
224	351	3
224	352	3
224	353	2
224	354	2
224	355	1
224	357	6
224	358	3
224	359	4
224	360	11
225	226	5
225	227	9
225	228	4
225	229	4
225	230	6
225	231	3
225	232	3
225	233	4
225	234	5
225	235	5
225	236	3
225	237	6
225	238	7
225	240	10
225	241	4
225	242	5
225	243	6
225	244	6
225	245	6
225	246	8
225	247	7
225	248	4
225	249	5
225	250	12
225	251	7
225	252	1
225	253	4
225	254	6
225	255	9
225	256	5
225	257	3
225	258	4
225	259	4
225	260	2
225	261	10
225	262	5
225	263	8
225	264	5
225	265	4
225	266	4
225	267	6
225	268	6
225	269	5
225	270	6
225	271	1
225	272	7
225	273	5
225	274	7
225	275	5
225	276	8
225	277	5
225	278	4
225	279	8
225	281	5
225	282	6
225	283	4
225	284	8
225	285	5
225	286	3
225	287	3
225	288	3
225	289	7
225	290	4
225	292	5
225	293	6
225	294	5
225	295	4
225	296	4
225	297	4
225	298	6
225	299	9
225	300	5
225	302	4
225	303	3
225	304	2
225	305	4
225	306	8
225	307	6
225	308	3
225	309	5
225	310	3
225	311	4
225	312	8
225	313	4
225	314	1
225	315	7
225	316	3
225	317	2
225	318	5
225	319	1
225	320	6
225	321	11
225	322	7
225	324	4
225	326	5
225	327	1
225	328	4
225	329	5
225	330	6
225	331	4
225	332	5
225	333	3
225	334	3
225	335	4
225	336	7
225	337	3
225	338	5
225	339	4
225	340	1
225	341	6
225	342	5
225	344	4
225	346	3
225	347	4
225	348	4
225	349	2
225	350	4
225	351	3
225	352	6
225	353	6
225	354	5
225	357	7
225	358	15
225	359	4
225	360	14
226	227	5
226	228	7
226	229	3
226	230	5
226	231	3
226	232	4
226	233	4
226	234	5
226	235	1
226	236	6
226	237	3
226	238	7
226	240	7
226	241	4
226	242	3
226	243	2
226	244	7
226	245	3
226	246	3
226	247	3
226	248	4
226	249	4
226	250	6
226	251	6
226	252	2
226	253	5
226	254	6
226	255	8
226	256	3
226	257	8
226	258	5
226	259	6
226	260	5
226	261	4
226	262	5
226	263	4
226	264	7
226	265	2
226	266	2
226	267	6
226	268	7
226	269	7
226	270	2
226	271	1
226	272	8
226	273	2
226	274	9
226	275	4
226	276	4
226	277	6
226	278	5
226	279	6
226	281	9
226	282	4
226	283	4
226	284	4
226	285	6
226	286	5
226	287	4
226	288	7
226	289	5
226	290	7
226	292	3
226	293	5
226	294	6
226	295	7
226	296	3
226	297	7
226	298	6
226	299	5
226	300	4
226	302	2
226	303	5
226	304	1
226	305	4
226	306	5
226	307	7
226	308	5
226	309	6
226	310	4
226	311	5
226	312	3
226	313	4
226	314	1
226	315	4
226	316	1
226	317	4
226	318	2
226	320	4
226	321	5
226	322	6
226	324	6
226	326	5
226	327	1
226	328	3
226	329	4
226	330	4
226	331	6
226	332	3
226	333	3
226	334	4
226	335	1
226	336	6
226	337	2
226	338	6
226	339	5
226	340	2
226	341	8
226	342	5
226	344	5
226	346	3
226	347	2
226	348	3
226	349	1
226	350	5
226	351	4
226	352	6
226	353	6
226	354	2
226	357	7
226	358	7
226	359	5
226	360	4
227	228	4
227	229	2
227	230	8
227	231	9
227	232	9
227	233	5
227	234	14
227	235	1
227	236	12
227	237	8
227	238	16
227	240	13
227	241	11
227	242	10
227	243	1
227	244	12
227	245	8
227	246	13
227	247	6
227	248	11
227	249	12
227	250	15
227	251	16
227	253	9
227	254	10
227	255	14
227	256	5
227	257	12
227	258	7
227	259	10
227	260	9
227	261	4
227	262	8
227	263	10
227	264	10
227	265	1
227	266	2
227	267	12
227	268	11
227	269	13
227	270	5
227	271	1
227	272	11
227	273	12
227	274	13
227	275	9
227	276	10
227	277	10
227	278	10
227	279	6
227	281	7
227	282	11
227	283	6
227	284	13
227	285	9
227	286	10
227	287	6
227	288	12
227	289	5
227	290	5
227	292	8
227	293	7
227	294	8
227	295	13
227	296	6
227	297	10
227	298	15
227	299	8
227	300	10
227	302	7
227	303	7
227	304	1
227	305	6
227	306	11
227	307	9
227	308	8
227	309	10
227	310	8
227	311	4
227	312	9
227	313	3
227	314	2
227	315	1
227	317	9
227	318	2
227	320	7
227	321	5
227	322	8
227	324	9
227	325	2
227	326	8
227	327	2
227	328	3
227	329	10
227	330	8
227	331	7
227	332	12
227	333	7
227	334	7
227	335	2
227	336	9
227	337	7
227	338	10
227	339	15
227	340	1
227	341	10
227	342	8
227	344	9
227	346	9
227	347	8
227	348	1
227	349	2
227	350	8
227	351	7
227	352	9
227	353	8
227	354	5
227	357	19
227	358	16
227	359	11
227	360	4
228	229	5
228	230	7
228	231	8
228	232	7
228	233	5
228	234	8
228	235	2
228	236	6
228	237	6
228	238	9
228	240	4
228	241	5
228	242	3
228	243	1
228	244	10
228	245	5
228	246	5
228	247	4
228	248	5
228	249	7
228	250	5
228	251	9
228	252	1
228	253	6
228	254	7
228	255	6
228	256	6
228	257	8
228	258	9
228	259	7
228	260	14
228	261	4
228	262	6
228	263	6
228	264	12
228	265	1
228	266	1
228	267	6
228	268	5
228	269	11
228	270	1
228	271	1
228	272	13
228	273	7
228	274	10
228	275	6
228	276	6
228	277	10
228	278	4
228	279	7
228	281	9
228	282	5
228	283	5
228	284	6
228	285	7
228	286	6
228	287	7
228	288	8
228	289	9
228	290	7
228	291	2
228	292	7
228	293	8
228	294	11
228	295	6
228	296	5
228	297	6
228	298	11
228	299	5
228	300	5
228	302	4
228	303	7
228	305	10
228	306	8
228	307	7
228	308	8
228	309	13
228	310	5
228	311	8
228	312	5
228	313	4
228	314	5
228	315	2
228	316	2
228	317	7
228	318	3
228	320	7
228	321	2
228	322	6
228	324	5
228	326	9
228	327	1
228	328	1
228	329	7
228	330	6
228	331	10
228	332	7
228	333	4
228	334	8
228	335	1
228	336	9
228	337	5
228	338	5
228	339	11
228	340	2
228	341	10
228	342	6
228	344	9
228	346	5
228	347	5
228	348	4
228	349	1
228	350	9
228	351	6
228	352	6
228	353	7
228	354	2
228	355	1
228	357	9
228	358	5
228	359	10
228	360	5
229	230	4
229	231	1
229	232	5
229	234	3
229	235	7
229	236	3
229	237	2
229	238	2
229	240	3
229	241	3
229	242	2
229	243	1
229	244	5
229	245	1
229	246	3
229	247	1
229	248	5
229	249	5
229	250	3
229	251	4
229	252	3
229	253	1
229	254	3
229	255	3
229	256	5
229	257	3
229	258	2
229	259	3
229	260	2
229	261	2
229	262	2
229	263	1
229	264	4
229	265	1
229	266	1
229	267	4
229	268	2
229	269	3
229	270	3
229	271	1
229	272	4
229	274	4
229	275	2
229	276	1
229	277	2
229	278	2
229	279	3
229	281	4
229	282	2
229	283	3
229	284	3
229	285	2
229	286	4
229	287	3
229	288	3
229	289	3
229	290	4
229	291	1
229	292	4
229	293	4
229	294	4
229	295	3
229	296	2
229	297	2
229	298	3
229	299	2
229	300	4
229	302	1
229	303	5
229	305	2
229	306	2
229	307	3
229	308	2
229	309	5
229	310	3
229	311	3
229	312	3
229	313	2
229	314	2
229	316	5
229	317	2
229	318	2
229	319	1
229	320	4
229	321	1
229	322	3
229	324	1
229	326	3
229	327	4
229	328	3
229	329	3
229	330	3
229	331	2
229	332	4
229	333	2
229	334	3
229	335	1
229	336	4
229	337	3
229	338	2
229	339	3
229	341	5
229	342	2
229	344	5
229	346	2
229	348	6
229	349	2
229	350	4
229	351	2
229	352	2
229	353	1
229	354	1
229	357	7
229	358	2
229	359	3
229	360	6
230	231	6
230	232	9
230	233	4
230	234	6
230	235	2
230	236	9
230	237	5
230	238	9
230	239	2
230	240	5
230	241	10
230	242	4
230	243	1
230	244	5
230	245	4
230	246	9
230	247	7
230	248	7
230	249	9
230	250	7
230	251	7
230	252	6
230	253	6
230	254	8
230	255	10
230	256	11
230	257	5
230	258	11
230	259	5
230	260	6
230	261	5
230	262	6
230	263	7
230	264	7
230	265	1
230	266	2
230	267	5
230	268	4
230	269	10
230	270	1
230	272	9
230	273	3
230	274	10
230	275	6
230	276	12
230	277	4
230	278	7
230	279	32
230	281	6
230	282	5
230	283	5
230	284	7
230	285	5
230	286	9
230	287	5
230	288	5
230	289	5
230	290	10
230	291	4
230	292	4
230	293	6
230	294	7
230	295	6
230	296	11
230	297	4
230	298	8
230	299	8
230	300	8
230	302	6
230	303	5
230	304	2
230	305	6
230	306	4
230	307	6
230	308	4
230	309	11
230	310	5
230	311	13
230	312	7
230	313	3
230	314	6
230	315	2
230	316	1
230	317	2
230	318	3
230	320	10
230	321	9
230	322	6
230	324	7
230	325	1
230	326	5
230	327	3
230	328	3
230	329	6
230	330	6
230	331	5
230	332	6
230	333	8
230	334	6
230	335	2
230	336	10
230	337	4
230	338	6
230	339	13
230	341	7
230	342	8
230	344	6
230	346	4
230	347	5
230	348	3
230	349	1
230	350	7
230	351	5
230	352	6
230	353	8
230	354	3
230	355	2
230	357	12
230	358	4
230	359	9
230	360	8
230	361	1
231	232	7
231	233	4
231	234	9
231	235	1
231	236	9
231	237	5
231	238	8
231	240	6
231	241	8
231	242	7
231	243	1
231	244	9
231	245	8
231	246	8
231	247	4
231	248	6
231	249	7
231	250	10
231	251	12
231	252	1
231	253	8
231	254	7
231	255	11
231	256	5
231	257	7
231	258	6
231	259	7
231	260	8
231	261	4
231	262	6
231	263	9
231	264	6
231	265	2
231	267	9
231	268	5
231	269	7
231	270	1
231	272	6
231	273	8
231	274	9
231	275	6
231	276	8
231	277	10
231	278	9
231	279	8
231	281	6
231	282	7
231	283	1
231	284	7
231	285	8
231	286	4
231	287	9
231	288	8
231	289	7
231	290	7
231	291	1
231	292	9
231	293	5
231	294	10
231	295	8
231	296	7
231	297	5
231	298	9
231	299	7
231	300	7
231	302	6
231	303	4
231	304	1
231	305	4
231	306	10
231	307	8
231	308	7
231	309	4
231	310	4
231	311	6
231	312	6
231	313	3
231	314	5
231	315	1
231	316	1
231	317	11
231	318	1
231	320	7
231	321	3
231	322	5
231	324	8
231	326	4
231	327	1
231	328	3
231	329	6
231	330	7
231	331	10
231	332	7
231	333	8
231	334	7
231	335	1
231	336	6
231	337	2
231	338	6
231	339	6
231	340	1
231	341	5
231	342	9
231	344	6
231	346	8
231	347	9
231	348	4
231	349	1
231	350	6
231	351	8
231	352	7
231	353	7
231	354	2
231	355	2
231	357	6
231	358	6
231	359	9
231	360	3
232	233	4
232	234	8
232	235	2
232	236	7
232	237	5
232	238	8
232	240	6
232	241	10
232	242	5
232	243	2
232	244	5
232	245	5
232	246	7
232	247	5
232	248	6
232	249	9
232	250	5
232	251	4
232	252	1
232	253	4
232	254	7
232	255	8
232	256	7
232	257	6
232	258	7
232	259	8
232	260	6
232	261	5
232	262	5
232	263	6
232	264	9
232	265	1
232	266	1
232	267	6
232	268	6
232	269	8
232	270	1
232	271	1
232	272	7
232	273	3
232	274	10
232	275	5
232	276	5
232	277	7
232	278	8
232	279	6
232	281	7
232	282	5
232	283	4
232	284	7
232	285	6
232	286	6
232	287	6
232	288	8
232	289	7
232	290	5
232	292	5
232	293	6
232	294	4
232	295	7
232	296	4
232	297	6
232	298	9
232	299	6
232	300	8
232	302	6
232	303	7
232	305	5
232	306	4
232	307	8
232	308	6
232	309	6
232	310	6
232	311	6
232	312	8
232	313	4
232	314	3
232	315	1
232	316	2
232	317	6
232	318	5
232	320	7
232	321	3
232	322	6
232	324	7
232	326	6
232	328	1
232	329	8
232	330	5
232	331	4
232	332	6
232	333	10
232	334	9
232	335	2
232	336	8
232	337	5
232	338	4
232	339	8
232	341	6
232	342	6
232	343	1
232	344	10
232	346	7
232	347	3
232	348	3
232	349	3
232	350	7
232	351	10
232	352	9
232	353	3
232	354	2
232	357	7
232	358	6
232	359	8
232	360	4
233	234	7
233	235	1
233	236	6
233	237	4
233	238	16
233	240	3
233	241	4
233	242	6
233	243	2
233	244	4
233	245	3
233	246	4
233	247	3
233	248	4
233	249	5
233	250	5
233	251	5
233	252	2
233	253	7
233	254	6
233	255	7
233	256	6
233	257	6
233	258	6
233	259	5
233	260	3
233	261	2
233	262	4
233	263	4
233	264	3
233	267	6
233	268	5
233	269	6
233	271	5
233	272	4
233	273	5
233	274	7
233	275	4
233	276	6
233	277	5
233	278	4
233	279	6
233	281	3
233	282	4
233	283	4
233	284	6
233	285	6
233	286	3
233	287	4
233	288	7
233	289	4
233	290	5
233	291	1
233	292	3
233	293	3
233	294	4
233	295	7
233	296	6
233	297	5
233	298	7
233	299	6
233	300	3
233	302	4
233	303	3
233	304	1
233	305	5
233	306	3
233	307	5
233	308	3
233	309	5
233	310	5
233	311	7
233	312	4
233	313	3
233	314	2
233	315	1
233	316	1
233	317	5
233	318	5
233	320	2
233	321	3
233	322	4
233	324	7
233	326	4
233	327	3
233	329	4
233	330	4
233	331	4
233	332	3
233	333	5
233	334	4
233	335	1
233	336	3
233	337	3
233	338	4
233	339	6
233	340	1
233	341	8
233	342	5
233	344	5
233	345	4
233	346	4
233	347	4
233	348	2
233	350	6
233	351	3
233	352	5
233	353	3
233	354	1
233	355	1
233	357	7
233	358	5
233	359	5
233	360	4
234	235	2
234	236	13
234	237	8
234	238	12
234	240	11
234	241	11
234	242	8
234	243	2
234	244	14
234	245	11
234	246	8
234	247	2
234	248	10
234	249	12
234	250	14
234	251	13
234	252	1
234	253	11
234	254	11
234	255	8
234	256	6
234	257	14
234	258	9
234	259	9
234	260	9
234	261	4
234	262	10
234	263	11
234	264	7
234	265	1
234	267	12
234	268	13
234	269	11
234	271	1
234	272	9
234	273	7
234	274	12
234	275	9
234	276	11
234	277	9
234	278	9
234	279	6
234	281	9
234	282	8
234	283	3
234	284	10
234	285	10
234	286	9
234	287	12
234	288	9
234	289	8
234	290	8
234	291	1
234	292	10
234	293	6
234	294	9
234	295	9
234	296	6
234	297	8
234	298	43
234	299	7
234	300	8
234	302	7
234	303	6
234	305	8
234	306	10
234	307	10
234	308	7
234	309	7
234	310	9
234	311	7
234	312	9
234	313	3
234	314	3
234	315	1
234	316	1
234	317	16
234	318	1
234	320	9
234	321	2
234	322	9
234	324	10
234	326	8
234	328	1
234	329	9
234	330	8
234	331	6
234	332	9
234	333	9
234	334	12
234	336	8
234	337	2
234	338	11
234	339	10
234	340	2
234	341	8
234	342	7
234	344	8
234	346	16
234	347	8
234	348	4
234	349	1
234	350	8
234	351	8
234	352	7
234	353	11
234	354	2
234	355	1
234	357	14
234	358	10
234	359	10
234	360	2
235	236	2
235	237	3
235	238	2
235	240	1
235	241	2
235	242	1
235	243	2
235	245	2
235	246	1
235	247	1
235	248	1
235	249	2
235	250	1
235	251	1
235	253	1
235	254	1
235	255	1
235	256	1
235	257	1
235	258	2
235	259	1
235	260	2
235	261	2
235	262	2
235	263	1
235	267	1
235	268	1
235	269	2
235	271	1
235	272	2
235	273	1
235	274	1
235	275	3
235	276	1
235	277	1
235	278	2
235	279	1
235	281	1
235	282	1
235	283	3
235	284	3
235	285	1
235	286	1
235	287	2
235	288	1
235	289	1
235	290	1
235	292	2
235	293	2
235	294	1
235	295	1
235	296	2
235	297	1
235	298	2
235	299	1
235	300	2
235	302	1
235	303	2
235	305	2
235	306	1
235	307	1
235	308	2
235	309	2
235	310	2
235	311	1
235	312	2
235	313	4
235	314	2
235	315	2
235	316	3
235	317	1
235	318	1
235	319	1
235	320	1
235	321	2
235	322	1
235	324	1
235	326	2
235	328	1
235	329	2
235	330	1
235	331	1
235	332	3
235	333	2
235	334	2
235	335	1
235	336	1
235	337	1
235	338	2
235	339	2
235	340	1
235	341	1
235	342	1
235	344	2
235	346	2
235	347	1
235	348	11
235	349	1
235	350	2
235	351	2
235	352	1
235	353	1
235	357	2
235	358	1
235	359	2
235	360	6
236	237	6
236	238	17
236	239	1
236	240	14
236	241	9
236	242	6
236	243	1
236	244	14
236	245	10
236	246	9
236	247	3
236	248	9
236	249	13
236	250	16
236	251	18
236	252	1
236	253	14
236	254	7
236	255	13
236	256	9
236	257	15
236	258	9
236	259	7
236	260	9
236	261	5
236	262	9
236	263	10
236	264	10
236	266	3
236	267	13
236	268	13
236	269	11
236	270	2
236	271	1
236	272	7
236	273	6
236	274	12
236	275	8
236	276	14
236	277	9
236	278	10
236	279	9
236	281	9
236	282	6
236	283	4
236	284	7
236	285	10
236	286	6
236	287	7
236	288	11
236	289	7
236	290	7
236	291	2
236	292	7
236	293	6
236	294	10
236	295	12
236	296	7
236	297	6
236	298	13
236	299	11
236	300	12
236	302	3
236	303	8
236	304	2
236	305	7
236	306	11
236	307	8
236	308	8
236	309	10
236	310	6
236	311	7
236	312	4
236	313	3
236	314	5
236	315	2
236	317	10
236	318	3
236	320	6
236	321	6
236	322	10
236	324	10
236	326	7
236	327	2
236	328	5
236	329	8
236	330	5
236	331	9
236	332	6
236	333	5
236	334	10
236	335	1
236	336	11
236	337	2
236	338	10
236	339	16
236	340	1
236	341	7
236	342	8
236	343	1
236	344	8
236	346	7
236	347	7
236	348	3
236	349	1
236	350	9
236	351	4
236	352	9
236	353	14
236	354	3
236	355	2
236	357	13
236	358	11
236	359	6
236	360	4
236	361	1
237	238	10
237	240	7
237	241	8
237	242	7
237	243	2
237	244	5
237	245	5
237	246	6
237	247	6
237	248	5
237	249	6
237	250	9
237	251	8
237	253	6
237	254	9
237	255	5
237	256	6
237	257	6
237	258	5
237	259	7
237	260	6
237	261	4
237	262	7
237	263	5
237	264	6
237	266	1
237	267	6
237	268	4
237	269	5
237	270	3
237	272	7
237	273	7
237	274	9
237	275	7
237	276	6
237	277	7
237	278	6
237	279	6
237	281	6
237	282	8
237	283	4
237	284	12
237	285	6
237	286	7
237	287	7
237	288	4
237	289	8
237	290	6
237	291	1
237	292	7
237	293	6
237	294	4
237	295	4
237	296	6
237	297	7
237	298	8
237	299	8
237	300	6
237	302	7
237	303	5
237	305	6
237	306	6
237	307	7
237	308	5
237	309	5
237	310	7
237	311	5
237	312	7
237	313	4
237	314	3
237	315	1
237	317	5
237	318	2
237	320	8
237	321	4
237	322	6
237	324	6
237	326	6
237	328	2
237	329	10
237	330	7
237	331	6
237	332	11
237	333	6
237	334	5
237	335	1
237	336	7
237	337	4
237	338	6
237	339	11
237	340	1
237	341	9
237	342	8
237	344	7
237	346	5
237	347	6
237	348	4
237	349	3
237	350	6
237	351	8
237	352	5
237	353	8
237	354	4
237	355	1
237	357	9
237	358	8
237	359	8
237	360	4
238	240	9
238	241	7
238	242	9
238	243	1
238	244	12
238	245	8
238	246	9
238	247	6
238	248	12
238	249	13
238	250	11
238	251	10
238	253	13
238	254	11
238	255	12
238	256	7
238	257	10
238	258	9
238	259	11
238	260	5
238	261	3
238	262	12
238	263	9
238	264	11
238	266	2
238	267	11
238	268	10
238	269	11
238	270	1
238	271	1
238	272	12
238	273	9
238	274	17
238	275	7
238	276	10
238	277	11
238	278	10
238	279	10
238	281	11
238	282	7
238	283	4
238	284	11
238	285	11
238	286	10
238	287	8
238	288	10
238	289	7
238	290	10
238	291	1
238	292	9
238	293	8
238	294	10
238	295	11
238	296	10
238	297	10
238	298	14
238	299	12
238	300	8
238	302	10
238	303	8
238	304	1
238	305	10
238	306	10
238	307	12
238	308	10
238	309	11
238	310	8
238	311	8
238	312	9
238	313	5
238	314	4
238	315	2
238	317	11
238	318	5
238	320	8
238	321	4
238	322	8
238	324	12
238	326	8
238	327	1
238	328	2
238	329	10
238	330	6
238	331	10
238	332	9
238	333	7
238	334	9
238	335	2
238	336	8
238	337	4
238	338	12
238	339	12
238	340	3
238	341	10
238	342	8
238	344	11
238	346	8
238	347	8
238	348	3
238	349	2
238	350	9
238	351	7
238	352	11
238	353	9
238	354	5
238	355	1
238	357	12
238	358	11
238	359	11
238	360	6
239	241	1
239	244	1
239	246	1
239	248	1
239	249	1
239	253	1
239	254	1
239	255	1
239	256	2
239	260	1
239	262	1
239	268	1
239	269	1
239	275	2
239	276	2
239	278	1
239	279	2
239	283	1
239	290	2
239	291	1
239	294	1
239	296	2
239	300	1
239	302	1
239	303	1
239	306	1
239	307	1
239	310	1
239	311	1
239	314	1
239	320	1
239	321	2
239	322	1
239	328	1
239	338	1
239	339	1
239	344	1
239	352	1
239	355	3
239	357	2
239	361	1
240	241	7
240	242	8
240	243	2
240	244	12
240	245	6
240	246	13
240	247	4
240	248	9
240	249	7
240	250	25
240	251	17
240	253	10
240	254	8
240	255	12
240	256	3
240	257	12
240	258	4
240	259	5
240	260	7
240	261	3
240	262	9
240	263	9
240	264	9
240	266	3
240	267	14
240	268	12
240	269	6
240	270	2
240	271	1
240	272	7
240	273	12
240	274	10
240	275	5
240	276	10
240	277	8
240	278	9
240	279	7
240	281	9
240	282	11
240	283	2
240	284	10
240	285	6
240	286	8
240	287	4
240	288	8
240	289	8
240	290	5
240	292	11
240	293	6
240	294	6
240	295	9
240	296	3
240	297	5
240	298	10
240	299	9
240	300	9
240	302	5
240	303	7
240	304	1
240	305	5
240	306	12
240	307	6
240	308	7
240	309	8
240	310	3
240	311	3
240	312	9
240	313	3
240	314	1
240	315	1
240	317	9
240	318	3
240	320	7
240	321	7
240	322	7
240	324	10
240	326	6
240	328	3
240	329	10
240	330	10
240	331	6
240	332	10
240	333	2
240	334	7
240	336	7
240	337	3
240	338	6
240	339	10
240	341	7
240	342	10
240	344	4
240	346	6
240	347	4
240	348	1
240	349	2
240	350	5
240	351	3
240	352	8
240	353	17
240	354	6
240	357	14
240	358	24
240	359	9
240	360	3
241	242	6
241	243	2
241	244	8
241	245	3
241	246	2
241	247	4
241	248	5
241	249	5
241	250	10
241	251	7
241	252	3
241	253	8
241	254	7
241	255	9
241	256	7
241	257	10
241	258	6
241	259	7
241	260	7
241	261	6
241	262	6
241	263	12
241	264	10
241	265	1
241	266	1
241	267	5
241	268	6
241	269	7
241	270	2
241	272	5
241	273	6
241	274	6
241	275	7
241	276	11
241	277	5
241	278	5
241	279	11
241	281	8
241	282	7
241	283	5
241	284	13
241	285	3
241	286	8
241	287	4
241	288	9
241	289	5
241	290	5
241	292	7
241	293	4
241	294	5
241	295	8
241	296	6
241	297	5
241	298	10
241	299	5
241	300	7
241	302	4
241	303	6
241	304	1
241	305	4
241	306	7
241	307	6
241	308	4
241	309	6
241	310	8
241	311	9
241	312	9
241	313	2
241	314	3
241	315	1
241	316	2
241	317	11
241	318	2
241	320	11
241	321	5
241	322	4
241	324	4
241	326	7
241	327	1
241	328	3
241	329	6
241	330	4
241	331	3
241	332	7
241	333	10
241	334	7
241	336	6
241	337	4
241	338	7
241	339	10
241	341	6
241	342	5
241	343	1
241	344	7
241	346	10
241	347	9
241	348	3
241	349	1
241	350	5
241	351	6
241	352	8
241	353	12
241	354	1
241	355	1
241	357	13
241	358	10
241	359	13
241	360	4
242	243	1
242	244	6
242	245	6
242	246	8
242	247	5
242	248	9
242	249	7
242	250	10
242	251	10
242	253	10
242	254	7
242	255	10
242	256	6
242	257	8
242	258	4
242	259	7
242	260	4
242	261	3
242	262	6
242	263	8
242	264	5
242	267	11
242	268	10
242	269	6
242	270	2
242	272	7
242	273	9
242	274	9
242	275	7
242	276	8
242	277	9
242	278	7
242	279	8
242	281	7
242	282	9
242	283	4
242	284	9
242	285	9
242	286	5
242	287	7
242	288	7
242	289	7
242	290	5
242	291	1
242	292	9
242	293	5
242	294	4
242	295	7
242	296	4
242	297	7
242	298	10
242	299	9
242	300	8
242	302	7
242	303	5
242	305	5
242	306	8
242	307	10
242	308	5
242	309	3
242	310	6
242	311	6
242	312	9
242	313	3
242	314	1
242	315	1
242	317	9
242	318	2
242	320	7
242	321	5
242	322	6
242	324	10
242	325	2
242	326	5
242	327	1
242	328	1
242	329	8
242	330	7
242	331	6
242	332	10
242	333	5
242	334	5
242	335	1
242	336	5
242	337	2
242	338	8
242	339	8
242	340	1
242	341	6
242	342	9
242	344	4
242	346	8
242	347	7
242	348	3
242	349	1
242	350	6
242	351	7
242	352	6
242	353	3
242	354	2
242	357	8
242	358	10
242	359	6
242	360	4
243	245	3
243	246	2
243	247	3
243	248	2
243	249	1
243	250	1
243	251	2
243	252	1
243	253	1
243	254	2
243	255	2
243	256	1
243	257	1
243	258	1
243	259	2
243	260	1
243	261	4
243	262	1
243	263	1
243	265	1
243	266	1
243	267	1
243	268	2
243	269	2
243	270	4
243	272	1
243	273	1
243	274	2
243	275	1
243	276	2
243	277	1
243	278	2
243	279	1
243	280	1
243	281	1
243	282	1
243	283	2
243	284	1
243	285	1
243	286	2
243	287	1
243	288	1
243	289	2
243	290	2
243	292	2
243	293	1
243	294	2
243	295	1
243	296	2
243	297	1
243	298	3
243	299	1
243	300	2
243	302	1
243	303	2
243	305	1
243	306	1
243	307	1
243	308	1
243	309	2
243	310	1
243	311	1
243	312	1
243	313	1
243	314	1
243	315	4
243	316	1
243	317	1
243	318	1
243	320	1
243	321	7
243	322	1
243	324	1
243	325	1
243	326	1
243	327	1
243	329	1
243	330	1
243	331	1
243	332	2
243	333	1
243	334	2
243	335	3
243	336	1
243	337	1
243	338	1
243	339	1
243	341	2
243	342	1
243	344	2
243	346	1
243	347	1
243	348	2
243	349	1
243	350	1
243	351	1
243	352	2
243	353	2
243	354	3
243	357	1
243	358	1
243	359	2
243	360	5
244	245	10
244	246	12
244	247	4
244	248	9
244	249	12
244	250	12
244	251	16
244	252	1
244	253	10
244	254	10
244	255	15
244	256	6
244	257	15
244	258	6
244	259	11
244	260	13
244	261	3
244	262	9
244	263	10
244	264	12
244	265	2
244	266	2
244	267	12
244	268	13
244	269	13
244	270	2
244	271	1
244	272	9
244	273	6
244	274	17
244	275	10
244	276	12
244	277	11
244	278	7
244	279	6
244	281	9
244	282	9
244	283	3
244	284	9
244	285	8
244	286	8
244	287	7
244	288	11
244	289	8
244	290	10
244	291	3
244	292	6
244	293	7
244	294	16
244	295	12
244	296	1
244	297	8
244	298	15
244	299	9
244	300	10
244	302	3
244	303	5
244	304	1
244	305	6
244	306	13
244	307	8
244	308	9
244	309	8
244	310	5
244	311	5
244	312	9
244	313	4
244	314	2
244	315	2
244	316	1
244	317	11
244	318	1
244	320	9
244	321	4
244	322	12
244	324	7
244	326	9
244	327	5
244	328	5
244	329	7
244	330	6
244	331	6
244	332	7
244	333	4
244	334	8
244	335	1
244	336	9
244	337	2
244	338	9
244	339	10
244	340	3
244	341	6
244	342	5
244	344	10
244	346	11
244	347	6
244	348	2
244	349	2
244	350	6
244	351	4
244	352	7
244	353	10
244	354	3
244	357	17
244	358	9
244	359	6
244	360	3
244	361	1
245	246	6
245	247	5
245	248	7
245	249	7
245	250	8
245	251	13
245	253	11
245	254	6
245	255	9
245	256	5
245	257	8
245	258	8
245	259	7
245	260	10
245	261	3
245	262	5
245	263	10
245	264	6
245	267	7
245	268	11
245	269	7
245	270	1
245	271	1
245	272	6
245	273	8
245	274	10
245	275	9
245	276	8
245	277	8
245	278	7
245	279	6
245	281	6
245	282	6
245	283	2
245	284	9
245	285	7
245	286	3
245	287	9
245	288	6
245	289	5
245	290	5
245	292	7
245	293	6
245	294	9
245	295	7
245	296	5
245	297	7
245	298	12
245	299	9
245	300	10
245	302	4
245	303	6
245	304	2
245	305	8
245	306	5
245	307	6
245	308	7
245	309	6
245	310	4
245	311	3
245	312	4
245	313	3
245	314	2
245	315	1
245	317	10
245	318	4
245	320	5
245	321	3
245	322	9
245	324	8
245	326	7
245	327	1
245	328	1
245	329	7
245	330	5
245	331	6
245	332	10
245	333	4
245	334	8
245	335	2
245	336	10
245	337	2
245	338	9
245	339	6
245	340	2
245	341	5
245	342	8
245	343	1
245	344	8
245	346	10
245	347	8
245	348	4
245	349	2
245	350	4
245	351	6
245	352	8
245	353	8
245	354	2
245	355	1
245	357	8
245	358	7
245	359	6
245	360	5
246	247	6
246	248	12
246	249	10
246	250	13
246	251	13
246	253	11
246	254	8
246	255	13
246	256	9
246	257	6
246	258	5
246	259	9
246	260	6
246	261	3
246	262	9
246	263	6
246	264	6
246	265	1
246	266	1
246	267	13
246	268	9
246	269	6
246	270	4
246	271	1
246	272	9
246	273	8
246	274	14
246	275	7
246	276	11
246	277	9
246	278	7
246	279	7
246	281	6
246	282	9
246	283	4
246	284	6
246	285	9
246	286	7
246	287	7
246	288	8
246	289	9
246	290	6
246	291	2
246	292	10
246	293	6
246	294	7
246	295	8
246	296	5
246	297	7
246	298	9
246	299	10
246	300	12
246	302	7
246	303	7
246	305	5
246	306	14
246	307	9
246	308	7
246	309	4
246	310	4
246	311	6
246	312	9
246	313	3
246	314	4
246	315	1
246	317	5
246	318	2
246	320	8
246	321	5
246	322	9
246	324	9
246	326	7
246	327	1
246	328	3
246	329	6
246	330	8
246	331	8
246	332	6
246	333	3
246	334	4
246	335	2
246	336	8
246	337	4
246	338	6
246	339	11
246	341	7
246	342	10
246	343	1
246	344	6
246	346	5
246	347	5
246	348	1
246	349	2
246	350	7
246	351	4
246	352	8
246	353	8
246	354	3
246	355	1
246	357	10
246	358	11
246	359	6
246	360	7
246	361	1
247	248	4
247	249	3
247	250	3
247	251	5
247	252	3
247	253	5
247	254	5
247	255	5
247	256	6
247	257	4
247	258	4
247	259	8
247	260	3
247	261	7
247	262	3
247	263	3
247	264	5
247	265	1
247	266	1
247	267	3
247	268	6
247	269	4
247	270	4
247	272	5
247	273	6
247	274	10
247	275	3
247	276	3
247	277	6
247	278	7
247	279	8
247	281	4
247	282	7
247	283	4
247	284	4
247	285	6
247	286	6
247	287	4
247	288	3
247	289	6
247	290	4
247	292	5
247	293	5
247	294	3
247	295	4
247	296	5
247	297	5
247	298	4
247	299	8
247	300	4
247	302	5
247	303	4
247	304	1
247	305	3
247	306	3
247	307	6
247	308	4
247	309	5
247	310	4
247	311	6
247	312	8
247	313	3
247	314	3
247	315	2
247	317	2
247	318	2
247	320	4
247	321	5
247	322	6
247	324	3
247	325	2
247	326	4
247	328	3
247	329	5
247	330	6
247	331	5
247	332	7
247	333	2
247	334	4
247	335	3
247	336	6
247	337	5
247	338	4
247	339	4
247	340	1
247	341	6
247	342	8
247	344	7
247	346	4
247	347	5
247	348	3
247	349	1
247	350	5
247	351	3
247	352	5
247	353	3
247	354	3
247	355	1
247	357	8
247	358	6
247	359	4
247	360	14
247	361	1
248	249	11
248	250	9
248	251	12
248	253	9
248	254	8
248	255	9
248	256	8
248	257	5
248	258	6
248	259	10
248	260	9
248	261	3
248	262	6
248	263	8
248	264	8
248	266	1
248	267	10
248	268	11
248	269	8
248	270	2
248	271	1
248	272	8
248	273	8
248	274	14
248	275	7
248	276	9
248	277	10
248	278	9
248	279	9
248	281	10
248	282	7
248	283	4
248	284	8
248	285	7
248	286	10
248	287	6
248	288	7
248	289	8
248	290	8
248	291	1
248	292	9
248	293	8
248	294	8
248	295	8
248	296	5
248	297	7
248	298	9
248	299	6
248	300	9
248	302	10
248	303	7
248	305	4
248	306	8
248	307	9
248	308	6
248	309	7
248	310	6
248	311	5
248	312	8
248	313	4
248	314	3
248	315	1
248	317	10
248	318	1
248	320	10
248	321	4
248	322	7
248	324	6
248	326	5
248	327	1
248	328	4
248	329	7
248	330	11
248	331	8
248	332	8
248	333	6
248	334	8
248	335	1
248	336	9
248	337	5
248	338	10
248	339	8
248	340	1
248	341	6
248	342	8
248	344	8
248	346	7
248	347	7
248	348	4
248	349	2
248	350	6
248	351	7
248	352	8
248	353	7
248	354	4
248	357	8
248	358	11
248	359	8
248	360	6
248	361	1
249	250	12
249	251	13
249	252	1
249	253	12
249	254	8
249	255	11
249	256	6
249	257	9
249	258	7
249	259	8
249	260	10
249	261	2
249	262	9
249	263	9
249	264	7
249	265	1
249	266	1
249	267	11
249	268	7
249	269	10
249	270	1
249	271	2
249	272	11
249	273	6
249	274	12
249	275	8
249	276	11
249	277	12
249	278	8
249	279	5
249	281	7
249	282	7
249	283	5
249	284	6
249	285	9
249	286	7
249	287	9
249	288	12
249	289	7
249	290	7
249	291	2
249	292	5
249	293	7
249	294	9
249	295	12
249	296	6
249	297	6
249	298	15
249	299	11
249	300	10
249	302	4
249	303	11
249	305	8
249	306	10
249	307	10
249	308	9
249	309	6
249	310	5
249	311	5
249	312	7
249	313	4
249	314	6
249	315	2
249	317	10
249	318	2
249	320	7
249	321	3
249	322	9
249	324	10
249	325	2
249	326	8
249	327	2
249	328	6
249	329	9
249	330	8
249	331	8
249	332	8
249	333	6
249	334	7
249	335	1
249	336	7
249	337	3
249	338	6
249	339	9
249	340	1
249	341	6
249	342	7
249	344	9
249	346	7
249	347	11
249	348	2
249	349	2
249	350	8
249	351	6
249	352	8
249	353	5
249	354	2
249	355	1
249	357	10
249	358	8
249	359	8
249	360	4
249	361	1
250	251	19
250	252	1
250	253	16
250	254	10
250	255	11
250	256	7
250	257	11
250	258	4
250	259	6
250	260	8
250	261	3
250	262	12
250	263	13
250	264	7
250	265	1
250	266	2
250	267	12
250	268	14
250	269	8
250	270	2
250	271	2
250	272	12
250	273	12
250	274	11
250	275	8
250	276	10
250	277	11
250	278	11
250	279	11
250	281	8
250	282	12
250	283	3
250	284	9
250	285	11
250	286	8
250	287	6
250	288	8
250	289	8
250	290	8
250	291	1
250	292	13
250	293	5
250	294	7
250	295	8
250	296	4
250	297	8
250	298	13
250	299	12
250	300	12
250	302	6
250	303	8
250	304	3
250	305	6
250	306	16
250	307	7
250	308	7
250	309	5
250	310	5
250	311	7
250	312	8
250	313	3
250	314	2
250	315	2
250	317	8
250	318	2
250	320	8
250	321	8
250	322	8
250	324	8
250	325	1
250	326	6
250	327	2
250	328	5
250	329	7
250	330	10
250	331	8
250	332	9
250	333	2
250	334	6
250	336	8
250	337	4
250	338	9
250	339	10
250	340	1
250	341	8
250	342	11
250	343	1
250	344	3
250	346	8
250	347	11
250	348	1
250	349	3
250	350	8
250	351	3
250	352	6
250	353	15
250	354	6
250	355	1
250	357	20
250	358	25
250	359	12
250	360	3
251	252	2
251	253	14
251	254	9
251	255	18
251	256	6
251	257	14
251	258	8
251	259	8
251	260	14
251	261	5
251	262	7
251	263	11
251	264	10
251	265	1
251	266	2
251	267	16
251	268	15
251	269	10
251	270	5
251	271	1
251	272	11
251	273	14
251	274	15
251	275	8
251	276	15
251	277	14
251	278	11
251	279	14
251	281	9
251	282	13
251	283	2
251	284	10
251	285	12
251	286	11
251	287	12
251	288	14
251	289	10
251	290	7
251	291	1
251	292	16
251	293	7
251	294	14
251	295	14
251	296	5
251	297	9
251	298	12
251	299	10
251	300	17
251	302	7
251	303	8
251	305	11
251	306	14
251	307	9
251	308	10
251	309	12
251	310	6
251	311	6
251	312	6
251	313	6
251	314	3
251	315	2
251	316	1
251	317	16
251	318	4
251	320	11
251	321	6
251	322	10
251	324	8
251	325	1
251	326	9
251	327	6
251	328	3
251	329	7
251	330	14
251	331	10
251	332	14
251	333	5
251	334	9
251	336	11
251	337	3
251	338	7
251	339	13
251	340	2
251	341	9
251	342	11
251	343	1
251	344	8
251	346	12
251	347	10
251	348	3
251	349	3
251	350	8
251	351	6
251	352	7
251	353	17
251	354	3
251	355	1
251	357	17
251	358	15
251	359	8
251	360	7
252	254	1
252	255	2
252	256	4
252	257	1
252	259	2
252	260	2
252	261	2
252	264	1
252	265	1
252	267	1
252	269	1
252	270	1
252	273	1
252	274	2
252	275	1
252	276	1
252	278	1
252	279	5
252	280	1
252	281	1
252	282	3
252	283	1
252	284	1
252	286	1
252	287	1
252	288	3
252	289	1
252	290	2
252	291	1
252	292	2
252	294	1
252	295	2
252	296	3
252	297	2
252	298	1
252	299	4
252	300	1
252	304	1
252	305	1
252	307	1
252	309	3
252	311	3
252	312	2
252	313	1
252	316	2
252	317	1
252	318	1
252	320	2
252	321	2
252	325	4
252	327	3
252	334	2
252	336	1
252	337	2
252	341	2
252	344	2
252	346	2
252	347	1
252	348	1
252	353	2
252	357	3
252	359	2
252	360	8
253	254	10
253	255	10
253	256	8
253	257	12
253	258	7
253	259	11
253	260	9
253	261	2
253	262	10
253	263	10
253	264	8
253	265	1
253	267	6
253	268	11
253	269	13
253	271	1
253	272	10
253	273	14
253	274	12
253	275	9
253	276	16
253	277	11
253	278	12
253	279	13
253	281	8
253	282	9
253	283	4
253	284	13
253	285	12
253	286	6
253	287	9
253	288	10
253	289	10
253	290	8
253	291	2
253	292	9
253	293	7
253	294	10
253	295	11
253	296	6
253	297	9
253	298	14
253	299	9
253	300	8
253	302	9
253	303	8
253	304	1
253	305	10
253	306	9
253	307	9
253	308	10
253	309	5
253	310	8
253	311	10
253	312	8
253	313	3
253	314	5
253	315	1
253	317	12
253	318	3
253	320	6
253	321	4
253	322	12
253	324	13
253	326	11
253	327	1
253	328	3
253	329	11
253	330	10
253	331	8
253	332	7
253	333	8
253	334	11
253	335	3
253	336	8
253	337	2
253	338	8
253	339	12
253	340	1
253	341	8
253	342	11
253	344	9
253	346	10
253	347	12
253	348	3
253	349	3
253	350	9
253	351	8
253	352	10
253	353	12
253	354	4
253	355	2
253	357	14
253	358	12
253	359	9
253	360	5
253	361	1
254	255	7
254	256	8
254	257	8
254	258	7
254	259	11
254	260	8
254	261	5
254	262	11
254	263	8
254	264	8
254	265	1
254	266	2
254	267	7
254	268	9
254	269	8
254	270	2
254	271	1
254	272	9
254	273	7
254	274	13
254	275	7
254	276	7
254	277	8
254	278	6
254	279	7
254	281	7
254	282	9
254	283	3
254	284	9
254	285	10
254	286	6
254	287	7
254	288	7
254	289	11
254	290	9
254	291	2
254	292	8
254	293	6
254	294	8
254	295	7
254	296	7
254	297	9
254	298	12
254	299	9
254	300	6
254	302	9
254	303	7
254	305	7
254	306	9
254	307	11
254	308	6
254	309	6
254	310	8
254	311	9
254	312	7
254	313	4
254	314	2
254	315	1
254	316	1
254	317	8
254	318	2
254	320	9
254	321	6
254	322	9
254	324	8
254	325	1
254	326	6
254	328	2
254	329	10
254	330	9
254	331	7
254	332	8
254	333	4
254	334	9
254	335	2
254	336	7
254	337	4
254	338	8
254	339	10
254	340	2
254	341	9
254	342	9
254	344	6
254	346	9
254	347	5
254	348	3
254	349	3
254	350	7
254	351	6
254	352	7
254	353	6
254	354	3
254	355	2
254	357	12
254	358	10
254	359	8
254	360	4
255	256	8
255	257	12
255	258	5
255	259	7
255	260	10
255	261	6
255	262	7
255	263	10
255	264	9
255	265	1
255	266	3
255	267	13
255	268	12
255	269	12
255	270	3
255	272	8
255	273	10
255	274	14
255	275	9
255	276	16
255	277	11
255	278	9
255	279	14
255	281	10
255	282	9
255	283	4
255	284	9
255	285	7
255	286	6
255	287	7
255	288	16
255	289	8
255	290	8
255	291	1
255	292	8
255	293	8
255	294	11
255	295	18
255	296	8
255	297	8
255	298	9
255	299	10
255	300	16
255	302	4
255	303	6
255	304	1
255	305	8
255	306	9
255	307	11
255	308	6
255	309	10
255	310	5
255	311	7
255	312	6
255	313	6
255	314	3
255	315	2
255	316	1
255	317	10
255	318	7
255	320	9
255	321	6
255	322	10
255	324	9
255	326	8
255	327	6
255	328	3
255	329	9
255	330	7
255	331	7
255	332	9
255	333	9
255	334	11
255	335	1
255	336	11
255	337	3
255	338	8
255	339	9
255	340	2
255	341	9
255	342	9
255	343	1
255	344	10
255	346	8
255	347	6
255	348	3
255	349	2
255	350	6
255	351	6
255	352	9
255	353	8
255	354	4
255	357	18
255	358	13
255	359	12
255	360	7
255	361	1
256	257	4
256	258	4
256	259	9
256	260	6
256	261	5
256	262	6
256	263	6
256	264	6
256	265	1
256	266	1
256	267	6
256	268	5
256	269	8
256	270	3
256	272	6
256	273	6
256	274	12
256	275	6
256	276	7
256	277	5
256	278	8
256	279	12
256	281	6
256	282	8
256	283	6
256	284	6
256	285	8
256	286	9
256	287	6
256	288	6
256	289	6
256	290	8
256	291	4
256	292	5
256	293	4
256	294	8
256	295	5
256	296	10
256	297	7
256	298	8
256	299	8
256	300	8
256	302	8
256	303	7
256	304	4
256	305	4
256	306	7
256	307	7
256	308	3
256	309	8
256	310	5
256	311	11
256	312	8
256	313	3
256	314	5
256	315	1
256	316	1
256	317	5
256	318	5
256	320	9
256	321	7
256	322	7
256	324	6
256	326	3
256	327	3
256	328	4
256	329	4
256	330	6
256	331	5
256	332	5
256	333	6
256	334	5
256	335	3
256	336	9
256	337	5
256	338	5
256	339	7
256	341	6
256	342	7
256	343	2
256	344	10
256	346	5
256	347	5
256	348	3
256	349	2
256	350	6
256	351	2
256	352	5
256	353	4
256	354	2
256	355	3
256	357	11
256	358	5
256	359	6
256	360	8
256	361	1
257	258	4
257	259	7
257	260	11
257	261	3
257	262	6
257	263	8
257	264	7
257	265	1
257	266	2
257	267	10
257	268	12
257	269	13
257	270	1
257	271	1
257	272	6
257	273	5
257	274	10
257	275	7
257	276	12
257	277	9
257	278	7
257	279	7
257	281	9
257	282	5
257	283	4
257	284	8
257	285	8
257	286	7
257	287	6
257	288	13
257	289	8
257	290	7
257	292	2
257	293	5
257	294	12
257	295	12
257	296	3
257	297	9
257	298	13
257	299	8
257	300	8
257	302	2
257	303	8
257	305	7
257	306	8
257	307	9
257	308	10
257	309	5
257	310	6
257	311	7
257	312	4
257	313	3
257	314	2
257	315	2
257	316	1
257	317	11
257	318	2
257	320	7
257	321	3
257	322	8
257	324	8
257	325	1
257	326	8
257	327	2
257	328	1
257	329	5
257	330	4
257	331	9
257	332	5
257	333	3
257	334	8
257	335	2
257	336	9
257	337	3
257	338	6
257	339	15
257	340	2
257	341	9
257	342	6
257	344	7
257	346	8
257	347	5
257	348	2
257	349	1
257	350	8
257	351	4
257	352	8
257	353	6
257	354	1
257	357	10
257	358	9
257	359	8
257	360	3
258	259	8
258	260	7
258	261	4
258	262	7
258	263	11
258	264	10
258	265	1
258	267	7
258	268	4
258	269	8
258	271	1
258	272	8
258	273	5
258	274	8
258	275	5
258	276	6
258	277	11
258	278	4
258	279	6
258	281	8
258	282	4
258	283	4
258	284	12
258	285	7
258	286	4
258	287	8
258	288	5
258	289	5
258	290	4
258	291	1
258	292	7
258	293	11
258	294	8
258	295	6
258	296	6
258	297	5
258	298	9
258	299	5
258	300	4
258	302	8
258	303	5
258	305	12
258	306	5
258	307	6
258	308	6
258	309	10
258	310	5
258	311	8
258	312	5
258	313	3
258	314	3
258	315	2
258	317	5
258	318	4
258	320	5
258	321	1
258	322	6
258	324	9
258	325	1
258	326	10
258	327	1
258	328	2
258	329	8
258	330	6
258	331	6
258	332	6
258	333	17
258	334	11
258	335	1
258	336	7
258	337	3
258	338	8
258	339	9
258	340	2
258	341	5
258	342	9
258	344	6
258	346	10
258	347	11
258	348	3
258	350	7
258	351	12
258	352	13
258	353	7
258	354	2
258	355	1
258	357	8
258	358	6
258	359	8
258	360	3
259	260	9
259	261	4
259	262	8
259	263	10
259	264	12
259	265	1
259	267	9
259	268	9
259	269	10
259	270	1
259	271	1
259	272	10
259	273	9
259	274	16
259	275	6
259	276	8
259	277	7
259	278	7
259	279	5
259	281	8
259	282	9
259	283	4
259	284	9
259	285	8
259	286	10
259	287	10
259	288	9
259	289	6
259	290	6
259	291	1
259	292	12
259	293	8
259	294	9
259	295	7
259	296	7
259	297	10
259	298	13
259	299	7
259	300	5
259	302	7
259	303	9
259	304	1
259	305	7
259	306	8
259	307	11
259	308	8
259	309	6
259	310	8
259	311	8
259	312	7
259	313	4
259	314	3
259	315	2
259	316	2
259	317	7
259	318	2
259	320	9
259	321	3
259	322	10
259	324	7
259	326	8
259	327	2
259	328	2
259	329	9
259	330	6
259	331	7
259	332	7
259	333	7
259	334	10
259	335	3
259	336	10
259	337	4
259	338	8
259	339	9
259	340	2
259	341	7
259	342	9
259	344	9
259	346	9
259	347	8
259	348	4
259	349	1
259	350	7
259	351	8
259	352	9
259	353	6
259	354	1
259	355	1
259	357	10
259	358	8
259	359	7
259	360	6
260	261	3
260	262	10
260	263	9
260	264	11
260	265	2
260	267	7
260	268	7
260	269	11
260	271	1
260	272	8
260	273	12
260	274	12
260	275	12
260	276	8
260	277	6
260	278	9
260	279	6
260	281	8
260	282	8
260	283	3
260	284	8
260	285	4
260	286	8
260	287	7
260	288	12
260	289	5
260	290	7
260	291	3
260	292	6
260	293	6
260	294	12
260	295	11
260	296	3
260	297	9
260	298	12
260	299	6
260	300	9
260	302	5
260	303	6
260	304	1
260	305	7
260	306	11
260	307	8
260	308	8
260	309	6
260	310	6
260	311	3
260	312	6
260	313	3
260	314	3
260	315	3
260	316	1
260	317	10
260	318	3
260	320	9
260	321	7
260	322	10
260	324	7
260	326	7
260	327	2
260	328	2
260	329	7
260	330	5
260	331	7
260	332	10
260	333	3
260	334	6
260	335	2
260	336	14
260	337	4
260	338	8
260	339	14
260	340	1
260	341	5
260	342	6
260	344	9
260	346	11
260	347	7
260	348	4
260	349	3
260	350	5
260	351	5
260	352	6
260	353	5
260	354	1
260	355	1
260	357	11
260	358	6
260	359	7
260	360	5
260	361	1
261	262	3
261	263	3
261	264	3
261	265	4
261	266	1
261	267	2
261	268	4
261	269	4
261	270	10
261	272	3
261	273	4
261	274	7
261	275	3
261	276	4
261	277	3
261	278	5
261	279	5
261	280	1
261	281	3
261	282	5
261	283	5
261	284	5
261	285	3
261	286	3
261	287	5
261	288	4
261	289	5
261	290	3
261	292	7
261	293	5
261	294	4
261	295	3
261	296	4
261	297	5
261	298	4
261	299	3
261	300	5
261	302	3
261	303	2
261	304	1
261	305	3
261	306	3
261	307	4
261	308	3
261	309	6
261	310	3
261	311	4
261	312	2
261	313	2
261	314	2
261	315	3
261	316	2
261	317	3
261	318	3
261	320	4
261	321	7
261	322	3
261	324	2
261	325	2
261	326	3
261	329	3
261	330	7
261	331	2
261	332	4
261	333	3
261	334	5
261	335	2
261	336	4
261	337	2
261	338	4
261	339	4
261	340	1
261	341	5
261	342	4
261	343	1
261	344	5
261	346	3
261	347	3
261	348	4
261	350	3
261	351	3
261	352	2
261	353	8
261	354	2
261	357	9
261	358	5
261	359	4
261	360	9
262	263	10
262	264	7
262	267	6
262	268	6
262	269	8
262	270	1
262	271	1
262	272	8
262	273	6
262	274	9
262	275	7
262	276	6
262	277	7
262	278	6
262	279	6
262	281	5
262	282	6
262	283	6
262	284	10
262	285	9
262	286	7
262	287	7
262	288	5
262	289	6
262	290	6
262	291	3
262	292	9
262	293	6
262	294	6
262	295	5
262	296	7
262	297	9
262	298	11
262	299	8
262	300	7
262	302	8
262	303	9
262	305	7
262	306	14
262	307	8
262	308	6
262	309	5
262	310	5
262	311	6
262	312	8
262	313	3
262	314	4
262	315	3
262	317	7
262	318	2
262	320	9
262	321	5
262	322	11
262	324	9
262	326	6
262	327	1
262	328	2
262	329	7
262	330	7
262	331	7
262	332	7
262	333	5
262	334	7
262	335	1
262	336	5
262	337	3
262	338	13
262	339	11
262	340	2
262	341	5
262	342	7
262	344	6
262	346	10
262	347	6
262	348	2
262	349	1
262	350	6
262	351	7
262	352	6
262	353	8
262	354	2
262	355	1
262	357	10
262	358	12
262	359	8
262	360	2
262	361	1
263	264	38
263	267	10
263	268	9
263	269	10
263	271	1
263	272	9
263	273	9
263	274	9
263	275	7
263	276	12
263	277	9
263	278	5
263	279	12
263	281	6
263	282	8
263	283	4
263	284	11
263	285	9
263	286	6
263	287	10
263	288	8
263	289	6
263	290	4
263	292	6
263	293	6
263	294	7
263	295	9
263	296	5
263	297	8
263	298	12
263	299	5
263	300	8
263	302	5
263	303	6
263	304	1
263	305	8
263	306	11
263	307	8
263	308	7
263	309	9
263	310	5
263	311	7
263	312	5
263	313	3
263	314	3
263	315	3
263	317	11
263	318	4
263	320	9
263	321	2
263	322	8
263	324	9
263	326	8
263	327	1
263	328	3
263	329	7
263	330	5
263	331	7
263	332	9
263	333	11
263	334	9
263	335	1
263	336	9
263	337	3
263	338	10
263	339	10
263	340	2
263	341	6
263	342	7
263	343	1
263	344	6
263	346	11
263	347	13
263	348	2
263	350	6
263	351	14
263	352	11
263	353	9
263	354	1
263	357	9
263	358	11
263	359	9
263	360	3
264	265	2
264	266	1
264	267	7
264	268	10
264	269	7
264	270	3
264	271	1
264	272	11
264	273	7
264	274	10
264	275	3
264	276	4
264	277	9
264	278	6
264	279	8
264	281	10
264	282	7
264	283	2
264	284	5
264	285	5
264	286	8
264	287	8
264	288	7
264	289	7
264	290	6
264	292	6
264	293	6
264	294	12
264	295	8
264	296	4
264	297	7
264	298	8
264	299	7
264	300	5
264	302	4
264	303	6
264	304	1
264	305	6
264	306	7
264	307	9
264	308	7
264	309	10
264	310	6
264	311	7
264	312	6
264	313	4
264	314	2
264	315	2
264	316	2
264	317	6
264	318	2
264	319	1
264	320	8
264	321	3
264	322	8
264	324	7
264	326	7
264	327	1
264	328	2
264	329	7
264	330	5
264	331	8
264	332	5
264	333	9
264	334	5
264	335	2
264	336	11
264	337	2
264	338	5
264	339	12
264	340	2
264	341	8
264	342	7
264	343	1
264	344	8
264	346	8
264	347	9
264	348	3
264	349	2
264	350	4
264	351	10
264	352	12
264	353	7
264	354	3
264	355	1
264	357	11
264	358	9
264	359	6
264	360	4
265	267	1
265	268	1
265	269	1
265	270	1
265	274	3
265	278	1
265	279	2
265	281	1
265	282	1
265	283	1
265	284	1
265	287	1
265	288	1
265	289	1
265	290	1
265	292	1
265	293	2
265	294	1
265	295	2
265	296	1
265	297	1
265	298	1
265	299	1
265	300	1
265	302	1
265	305	1
265	307	1
265	310	1
265	311	1
265	315	1
265	316	1
265	317	1
265	320	2
265	321	2
265	328	1
265	329	1
265	330	2
265	331	1
265	333	2
265	334	3
265	335	1
265	336	3
265	339	1
265	341	3
265	344	1
265	346	1
265	347	1
265	348	1
265	350	2
265	351	2
265	357	1
265	358	2
265	359	1
265	360	2
266	267	2
266	268	1
266	269	1
266	270	2
266	272	2
266	274	2
266	276	2
266	277	1
266	278	1
266	279	2
266	281	2
266	282	1
266	283	1
266	285	1
266	286	1
266	288	1
266	289	2
266	290	2
266	293	1
266	295	1
266	296	1
266	299	3
266	300	2
266	303	1
266	304	1
266	306	1
266	307	1
266	309	2
266	310	1
266	311	1
266	312	3
266	313	2
266	315	1
266	316	1
266	318	2
266	320	1
266	321	3
266	322	1
266	326	1
266	328	3
266	329	1
266	330	1
266	331	1
266	332	1
266	334	1
266	336	1
266	337	1
266	338	1
266	341	2
266	342	1
266	344	1
266	349	2
266	350	1
266	352	1
266	353	3
266	354	2
266	357	3
266	358	2
266	359	2
266	360	2
267	268	8
267	269	7
267	270	2
267	271	1
267	272	10
267	273	8
267	274	14
267	275	6
267	276	13
267	277	11
267	278	6
267	279	7
267	281	10
267	282	7
267	283	4
267	284	7
267	285	9
267	286	10
267	287	9
267	288	11
267	289	7
267	290	8
267	291	1
267	292	7
267	293	8
267	294	8
267	295	11
267	296	6
267	297	6
267	298	12
267	299	10
267	300	10
267	302	4
267	303	5
267	304	1
267	305	8
267	306	10
267	307	8
267	308	6
267	309	10
267	310	5
267	311	7
267	312	6
267	313	6
267	314	2
267	315	2
267	317	8
267	318	2
267	320	9
267	321	6
267	322	7
267	324	11
267	325	3
267	326	7
267	327	3
267	328	2
267	329	6
267	330	7
267	331	9
267	332	9
267	333	7
267	334	5
267	336	10
267	337	2
267	338	7
267	339	9
267	340	2
267	341	8
267	342	10
267	344	6
267	346	8
267	347	7
267	348	3
267	349	2
267	350	6
267	351	5
267	352	8
267	353	10
267	354	3
267	355	1
267	357	11
267	358	13
267	359	6
267	360	5
268	269	7
268	270	1
268	271	1
268	272	9
268	273	9
268	274	15
268	275	14
268	276	11
268	277	8
268	278	10
268	279	6
268	281	9
268	282	8
268	283	1
268	284	7
268	285	8
268	286	7
268	287	5
268	288	8
268	289	8
268	290	7
268	292	8
268	293	5
268	294	9
268	295	10
268	296	5
268	297	8
268	298	13
268	299	10
268	300	9
268	302	7
268	303	7
268	305	4
268	306	9
268	307	7
268	308	7
268	309	5
268	310	7
268	311	5
268	312	5
268	313	3
268	314	3
268	315	1
268	317	9
268	318	1
268	319	1
268	320	8
268	321	5
268	322	10
268	324	7
268	325	1
268	326	5
268	327	2
268	328	1
268	329	6
268	330	7
268	331	5
268	332	9
268	333	3
268	334	8
268	335	1
268	336	7
268	337	3
268	338	8
268	339	9
268	340	2
268	341	9
268	342	8
268	344	5
268	346	10
268	347	6
268	348	2
268	349	1
268	350	6
268	351	4
268	352	9
268	353	10
268	354	2
268	355	1
268	357	15
268	358	9
268	359	5
268	360	5
269	270	1
269	272	8
269	273	7
269	274	11
269	275	8
269	276	11
269	277	7
269	278	7
269	279	9
269	281	8
269	282	7
269	283	8
269	284	8
269	285	9
269	286	6
269	287	7
269	288	13
269	289	8
269	290	7
269	291	3
269	292	5
269	293	7
269	294	11
269	295	12
269	296	5
269	297	7
269	298	18
269	299	5
269	300	9
269	302	5
269	303	8
269	305	7
269	306	9
269	307	11
269	308	9
269	309	10
269	310	8
269	311	8
269	312	7
269	313	4
269	314	4
269	315	2
269	316	1
269	317	9
269	318	3
269	320	8
269	321	6
269	322	10
269	324	7
269	326	9
269	327	2
269	328	2
269	329	7
269	330	5
269	331	9
269	332	7
269	333	9
269	334	7
269	335	2
269	336	8
269	337	4
269	338	9
269	339	12
269	340	2
269	341	7
269	342	4
269	344	10
269	346	8
269	347	9
269	348	4
269	349	1
269	350	7
269	351	8
269	352	9
269	353	5
269	354	3
269	357	12
269	358	9
269	359	9
269	360	4
269	361	1
270	272	2
270	273	1
270	274	4
270	276	2
270	277	2
270	278	1
270	279	2
270	280	1
270	281	1
270	282	2
270	283	1
270	284	2
270	285	2
270	286	2
270	287	1
270	288	1
270	289	3
270	290	1
270	292	3
270	293	4
270	294	2
270	295	1
270	297	1
270	299	2
270	300	2
270	302	1
270	303	1
270	306	2
270	307	2
270	309	1
270	310	1
270	311	1
270	312	2
270	313	1
270	315	3
270	318	2
270	320	2
270	321	6
270	322	3
270	324	2
270	325	3
270	326	1
270	327	1
270	328	2
270	329	1
270	330	3
270	331	1
270	332	2
270	335	2
270	336	2
270	337	1
270	339	1
270	341	1
270	342	3
270	344	1
270	347	1
270	349	1
270	350	1
270	352	1
270	353	1
270	354	3
270	357	2
270	358	3
270	359	1
270	360	5
271	272	2
271	274	1
271	275	1
271	277	1
271	281	1
271	284	1
271	285	1
271	287	1
271	288	1
271	289	1
271	290	1
271	293	1
271	294	1
271	295	1
271	297	1
271	298	1
271	299	1
271	300	1
271	303	1
271	305	1
271	306	1
271	307	1
271	308	1
271	317	1
271	320	1
271	322	1
271	324	1
271	326	1
271	329	1
271	330	1
271	331	1
271	334	1
271	336	1
271	338	1
271	339	1
271	341	1
271	342	1
271	345	12
271	346	1
271	350	1
271	351	1
271	352	1
271	353	1
271	358	1
272	273	6
272	274	12
272	275	7
272	276	11
272	277	11
272	278	8
272	279	6
272	281	9
272	282	6
272	283	5
272	284	7
272	285	9
272	286	7
272	287	8
272	288	7
272	289	7
272	290	7
272	291	2
272	292	6
272	293	10
272	294	8
272	295	7
272	296	8
272	297	8
272	298	14
272	299	7
272	300	8
272	302	6
272	303	7
272	304	1
272	305	9
272	306	9
272	307	9
272	308	28
272	309	7
272	310	5
272	311	5
272	312	7
272	313	5
272	314	4
272	315	2
272	317	6
272	318	2
272	320	6
272	321	5
272	322	10
272	324	8
272	326	11
272	327	2
272	328	2
272	329	9
272	330	7
272	331	7
272	332	7
272	333	6
272	334	6
272	335	2
272	336	9
272	337	4
272	338	8
272	339	9
272	340	2
272	341	8
272	342	8
272	344	7
272	346	8
272	347	7
272	348	3
272	349	2
272	350	8
272	351	7
272	352	7
272	353	6
272	354	3
272	355	1
272	357	12
272	358	8
272	359	7
272	360	5
273	274	12
273	275	7
273	276	7
273	277	7
273	278	9
273	279	6
273	281	7
273	282	47
273	283	2
273	284	8
273	285	8
273	286	6
273	287	6
273	288	7
273	289	7
273	290	3
273	292	10
273	293	5
273	294	9
273	295	8
273	296	6
273	297	9
273	298	8
273	299	8
273	300	6
273	302	9
273	303	4
273	304	1
273	305	6
273	306	9
273	307	6
273	308	7
273	309	5
273	310	6
273	311	4
273	312	6
273	313	4
273	314	2
273	315	1
273	317	10
273	318	3
273	320	6
273	321	5
273	322	8
273	324	5
273	326	7
273	327	2
273	328	2
273	329	8
273	330	9
273	331	7
273	332	27
273	333	5
273	334	9
273	335	2
273	336	6
273	337	3
273	338	6
273	339	6
273	340	1
273	341	5
273	342	10
273	344	7
273	346	9
273	347	10
273	348	3
273	349	2
273	350	4
273	351	5
273	352	4
273	353	7
273	354	3
273	355	1
273	357	13
273	358	13
273	359	7
273	360	7
274	275	7
274	276	12
274	277	11
274	278	12
274	279	12
274	281	11
274	282	11
274	283	6
274	284	11
274	285	12
274	286	14
274	287	10
274	288	11
274	289	10
274	290	10
274	291	3
274	292	10
274	293	9
274	294	15
274	295	14
274	296	9
274	297	12
274	298	15
274	299	14
274	300	10
274	302	9
274	303	9
274	304	3
274	305	8
274	306	9
274	307	11
274	308	9
274	309	11
274	310	8
274	311	9
274	312	9
274	313	6
274	314	5
274	315	2
274	316	1
274	317	7
274	318	4
274	320	10
274	321	6
274	322	12
274	324	12
274	326	7
274	327	3
274	328	2
274	329	9
274	330	10
274	331	10
274	332	10
274	333	5
274	334	10
274	335	3
274	336	12
274	337	4
274	338	8
274	339	13
274	340	3
274	341	12
274	342	10
274	344	13
274	346	9
274	347	11
274	348	4
274	349	2
274	350	8
274	351	7
274	352	10
274	353	9
274	354	5
274	355	2
274	357	19
274	358	10
274	359	11
274	360	9
275	276	8
275	277	8
275	278	7
275	279	9
275	281	6
275	282	6
275	283	4
275	284	9
275	285	7
275	286	4
275	287	7
275	288	6
275	289	6
275	290	10
275	291	2
275	292	6
275	293	6
275	294	7
275	295	6
275	296	6
275	297	9
275	298	10
275	299	7
275	300	9
275	302	5
275	303	8
275	305	6
275	306	10
275	307	7
275	308	8
275	309	3
275	310	6
275	311	4
275	312	6
275	313	3
275	314	3
275	315	1
275	317	6
275	318	3
275	320	6
275	321	3
275	322	9
275	324	6
275	325	1
275	326	7
275	327	1
275	328	1
275	329	6
275	330	7
275	331	6
275	332	9
275	333	4
275	334	5
275	335	1
275	336	6
275	337	2
275	338	9
275	339	11
275	340	1
275	341	6
275	342	6
275	344	6
275	346	7
275	347	6
275	348	4
275	349	2
275	350	6
275	351	7
275	352	6
275	353	4
275	354	1
275	355	1
275	357	12
275	358	10
275	359	4
275	360	5
275	361	1
276	277	10
276	278	8
276	279	12
276	281	9
276	282	5
276	283	3
276	284	8
276	285	9
276	286	6
276	287	7
276	288	9
276	289	8
276	290	7
276	291	2
276	292	7
276	293	6
276	294	10
276	295	8
276	296	7
276	297	5
276	298	13
276	299	6
276	300	10
276	302	5
276	303	5
276	304	2
276	305	7
276	306	8
276	307	8
276	308	8
276	309	7
276	310	8
276	311	8
276	312	6
276	313	3
276	314	4
276	315	3
276	316	1
276	317	8
276	318	2
276	320	6
276	321	6
276	322	8
276	324	10
276	326	6
276	327	2
276	328	2
276	329	5
276	330	6
276	331	6
276	332	5
276	333	9
276	334	9
276	335	2
276	336	10
276	337	2
276	338	6
276	339	12
276	340	2
276	341	7
276	342	5
276	344	8
276	346	8
276	347	9
276	348	2
276	350	6
276	351	5
276	352	7
276	353	13
276	354	2
276	355	2
276	357	13
276	358	11
276	359	8
276	360	6
276	361	1
277	278	8
277	279	6
277	281	10
277	282	7
277	283	4
277	284	7
277	285	12
277	286	5
277	287	11
277	288	8
277	289	10
277	290	7
277	291	1
277	292	6
277	293	8
277	294	7
277	295	8
277	296	4
277	297	7
277	298	13
277	299	8
277	300	8
277	302	6
277	303	7
277	305	7
277	306	10
277	307	10
277	308	8
277	309	6
277	310	5
277	311	7
277	312	10
277	313	5
277	314	2
277	315	2
277	317	9
277	318	2
277	320	6
277	321	3
277	322	9
277	324	10
277	326	8
277	327	1
277	328	2
277	329	7
277	330	9
277	331	11
277	332	8
277	333	7
277	334	9
277	335	1
277	336	8
277	337	4
277	338	6
277	339	8
277	340	2
277	341	8
277	342	9
277	344	7
277	346	8
277	347	9
277	348	2
277	349	2
277	350	8
277	351	8
277	352	10
277	353	4
277	354	3
277	355	1
277	357	10
277	358	9
277	359	6
277	360	5
278	279	11
278	281	11
278	282	10
278	283	2
278	284	5
278	285	6
278	286	7
278	287	8
278	288	9
278	289	6
278	290	9
278	291	2
278	292	9
278	293	4
278	294	7
278	295	10
278	296	7
278	297	9
278	298	8
278	299	9
278	300	5
278	302	9
278	303	5
278	304	2
278	305	4
278	306	8
278	307	10
278	308	6
278	309	7
278	310	5
278	311	7
278	312	5
278	313	3
278	314	5
278	315	1
278	316	1
278	317	7
278	318	1
278	320	5
278	321	7
278	322	8
278	324	7
278	326	4
278	328	2
278	329	5
278	330	6
278	331	5
278	332	9
278	333	4
278	334	8
278	335	2
278	336	9
278	337	4
278	338	7
278	339	10
278	340	1
278	341	9
278	342	10
278	344	10
278	346	8
278	347	8
278	348	4
278	349	1
278	350	7
278	351	7
278	352	7
278	353	8
278	354	3
278	355	2
278	357	11
278	358	8
278	359	8
278	360	5
278	361	1
279	281	8
279	282	8
279	283	6
279	284	9
279	285	8
279	286	7
279	287	7
279	288	7
279	289	8
279	290	12
279	291	3
279	292	6
279	293	5
279	294	8
279	295	8
279	296	12
279	297	6
279	298	6
279	299	10
279	300	10
279	302	8
279	303	6
279	304	3
279	305	6
279	306	7
279	307	9
279	308	3
279	309	10
279	310	7
279	311	19
279	312	8
279	313	4
279	314	5
279	315	2
279	316	1
279	317	4
279	318	4
279	320	11
279	321	9
279	322	8
279	324	6
279	326	6
279	327	2
279	328	3
279	329	7
279	330	10
279	331	8
279	332	6
279	333	8
279	334	7
279	335	2
279	336	10
279	337	3
279	338	8
279	339	9
279	340	1
279	341	11
279	342	10
279	344	10
279	346	6
279	347	7
279	348	5
279	349	1
279	350	6
279	351	7
279	352	8
279	353	11
279	354	4
279	355	3
279	357	17
279	358	9
279	359	11
279	360	12
279	361	1
280	299	1
280	315	2
280	321	3
280	325	1
280	335	1
280	354	1
280	360	1
281	282	9
281	283	2
281	284	6
281	285	5
281	286	7
281	287	8
281	288	12
281	289	7
281	290	8
281	292	6
281	293	7
281	294	10
281	295	8
281	296	8
281	297	9
281	298	10
281	299	8
281	300	7
281	302	7
281	303	7
281	304	1
281	305	6
281	306	7
281	307	11
281	308	8
281	309	6
281	310	7
281	311	7
281	312	4
281	313	5
281	314	7
281	315	2
281	316	3
281	317	11
281	318	1
281	320	8
281	321	5
281	322	6
281	324	6
281	326	9
281	327	1
281	328	2
281	329	7
281	330	5
281	331	9
281	332	7
281	333	9
281	334	10
281	335	1
281	336	11
281	337	4
281	338	7
281	339	8
281	340	2
281	341	12
281	342	7
281	344	7
281	346	10
281	347	11
281	348	3
281	349	2
281	350	6
281	351	8
281	352	12
281	353	6
281	354	3
281	357	11
281	358	10
281	359	8
281	360	5
282	283	3
282	284	8
282	285	8
282	286	5
282	287	6
282	288	7
282	289	8
282	290	5
282	292	10
282	293	5
282	294	6
282	295	9
282	296	6
282	297	9
282	298	8
282	299	12
282	300	6
282	302	8
282	303	5
282	304	1
282	305	5
282	306	9
282	307	8
282	308	7
282	309	5
282	310	6
282	311	7
282	312	7
282	313	5
282	314	2
282	315	1
282	316	1
282	317	9
282	318	3
282	320	7
282	321	6
282	322	8
282	324	4
282	325	1
282	326	7
282	327	1
282	328	4
282	329	9
282	330	11
282	331	7
282	332	22
282	333	4
282	334	8
282	335	2
282	336	7
282	337	4
282	338	7
282	339	6
282	340	1
282	341	7
282	342	10
282	344	9
282	346	9
282	347	7
282	348	4
282	349	3
282	350	6
282	351	5
282	352	6
282	353	7
282	354	3
282	355	1
282	357	14
282	358	11
282	359	8
282	360	8
283	284	3
283	285	4
283	286	3
283	287	5
283	288	3
283	289	4
283	290	3
283	291	2
283	292	2
283	293	4
283	294	4
283	295	2
283	296	3
283	297	3
283	298	5
283	299	3
283	300	6
283	302	2
283	303	5
283	305	3
283	306	4
283	307	4
283	308	3
283	309	3
283	310	3
283	311	6
283	312	5
283	313	2
283	314	3
283	315	2
283	317	2
283	318	2
283	320	6
283	321	4
283	322	4
283	324	2
283	325	3
283	326	4
283	328	3
283	329	4
283	330	4
283	331	3
283	332	4
283	333	3
283	334	3
283	335	1
283	336	3
283	337	3
283	338	6
283	339	5
283	341	3
283	342	3
283	344	5
283	346	3
283	347	4
283	348	2
283	349	1
283	350	4
283	351	3
283	352	4
283	353	3
283	354	1
283	357	5
283	358	5
283	359	5
283	360	4
283	361	1
284	285	7
284	286	10
284	287	6
284	288	7
284	289	6
284	290	5
284	292	9
284	293	10
284	294	6
284	295	8
284	296	10
284	297	9
284	298	10
284	299	5
284	300	6
284	302	11
284	303	8
284	304	2
284	305	10
284	306	7
284	307	8
284	308	7
284	309	9
284	310	10
284	311	3
284	312	7
284	313	3
284	314	5
284	315	1
284	317	11
284	318	5
284	320	10
284	321	2
284	322	9
284	324	11
284	326	9
284	327	2
284	328	1
284	329	11
284	330	7
284	331	7
284	332	11
284	333	13
284	334	8
284	335	2
284	336	10
284	337	5
284	338	9
284	339	14
284	340	1
284	341	7
284	342	9
284	344	8
284	346	11
284	347	6
284	348	4
284	349	2
284	350	9
284	351	13
284	352	10
284	353	8
284	354	3
284	357	11
284	358	11
284	359	9
284	360	5
285	286	6
285	287	7
285	288	9
285	289	8
285	290	6
285	291	2
285	292	7
285	293	6
285	294	6
285	295	9
285	296	5
285	297	7
285	298	13
285	299	7
285	300	7
285	302	6
285	303	8
285	304	1
285	305	7
285	306	10
285	307	11
285	308	8
285	309	7
285	310	6
285	311	7
285	312	6
285	313	4
285	314	2
285	315	2
285	317	7
285	318	2
285	320	5
285	321	4
285	322	11
285	324	10
285	326	6
285	327	1
285	328	2
285	329	7
285	330	8
285	331	10
285	332	8
285	333	6
285	334	8
285	335	2
285	336	8
285	337	3
285	338	8
285	339	9
285	340	2
285	341	8
285	342	8
285	344	8
285	346	5
285	347	6
285	348	2
285	349	1
285	350	7
285	351	7
285	352	8
285	353	8
285	354	9
285	355	1
285	357	9
285	358	10
285	359	7
285	360	6
286	287	4
286	288	4
286	289	4
286	290	8
286	291	2
286	292	8
286	293	9
286	294	9
286	295	5
286	296	6
286	297	6
286	298	10
286	299	4
286	300	6
286	302	9
286	303	9
286	304	1
286	305	4
286	306	8
286	307	5
286	308	6
286	309	37
286	310	6
286	311	6
286	312	7
286	313	4
286	314	3
286	315	2
286	317	4
286	318	2
286	320	7
286	321	2
286	322	7
286	324	7
286	325	1
286	326	4
286	327	3
286	328	2
286	329	4
286	330	5
286	331	9
286	332	7
286	333	8
286	334	5
286	335	1
286	336	10
286	337	3
286	338	4
286	339	13
286	340	1
286	341	6
286	342	7
286	344	6
286	346	5
286	347	6
286	348	1
286	349	2
286	350	5
286	351	6
286	352	6
286	353	6
286	354	2
286	355	1
286	357	8
286	358	8
286	359	10
286	360	5
287	288	6
287	289	8
287	290	7
287	291	1
287	292	6
287	293	7
287	294	6
287	295	7
287	296	6
287	297	6
287	298	11
287	299	7
287	300	7
287	302	5
287	303	7
287	304	1
287	305	7
287	306	7
287	307	8
287	308	7
287	309	5
287	310	8
287	311	8
287	312	3
287	313	3
287	314	4
287	315	1
287	316	1
287	317	8
287	318	2
287	320	7
287	321	2
287	322	6
287	324	6
287	326	9
287	329	7
287	330	8
287	331	7
287	332	6
287	333	11
287	334	8
287	335	2
287	336	7
287	337	4
287	338	7
287	339	6
287	340	1
287	341	7
287	342	7
287	344	7
287	346	11
287	347	11
287	348	5
287	349	1
287	350	6
287	351	9
287	352	6
287	353	5
287	354	2
287	355	2
287	357	10
287	358	7
287	359	12
287	360	4
288	289	5
288	290	6
288	291	1
288	292	5
288	293	6
288	294	9
288	295	28
288	296	6
288	297	9
288	298	12
288	299	8
288	300	7
288	302	3
288	303	5
288	305	6
288	306	9
288	307	10
288	308	7
288	309	7
288	310	6
288	311	8
288	312	5
288	313	5
288	314	3
288	315	2
288	316	2
288	317	12
288	318	3
288	320	11
288	321	5
288	322	7
288	324	8
288	325	1
288	326	7
288	327	3
288	328	2
288	329	8
288	330	5
288	331	6
288	332	6
288	333	5
288	334	8
288	335	1
288	336	8
288	337	3
288	338	4
288	339	7
288	340	2
288	341	7
288	342	6
288	344	8
288	346	10
288	347	8
288	348	3
288	349	1
288	350	6
288	351	5
288	352	8
288	353	5
288	354	1
288	357	8
288	358	7
288	359	7
288	360	4
289	290	7
289	291	1
289	292	8
289	293	6
289	294	6
289	295	5
289	296	4
289	297	8
289	298	9
289	299	7
289	300	7
289	302	7
289	303	6
289	305	8
289	306	8
289	307	9
289	308	6
289	309	4
289	310	5
289	311	7
289	312	7
289	313	4
289	314	2
289	315	1
289	316	1
289	317	6
289	318	2
289	320	8
289	321	4
289	322	7
289	324	6
289	325	1
289	326	7
289	328	1
289	329	6
289	330	10
289	331	7
289	332	7
289	333	4
289	334	8
289	335	1
289	336	7
289	337	3
289	338	5
289	339	7
289	340	1
289	341	10
289	342	9
289	344	6
289	346	6
289	347	9
289	348	3
289	349	2
289	350	7
289	351	7
289	352	7
289	353	8
289	354	6
289	355	1
289	357	10
289	358	9
289	359	7
289	360	5
290	291	3
290	292	5
290	293	5
290	294	7
290	295	6
290	296	7
290	297	7
290	298	8
290	299	8
290	300	6
290	302	6
290	303	7
290	304	1
290	305	5
290	306	8
290	307	8
290	308	4
290	309	8
290	310	6
290	311	8
290	312	4
290	313	4
290	314	3
290	315	2
290	316	1
290	317	6
290	318	1
290	320	8
290	321	5
290	322	7
290	324	7
290	326	5
290	327	1
290	328	2
290	329	5
290	330	6
290	331	6
290	332	5
290	333	2
290	334	4
290	335	1
290	336	8
290	337	2
290	338	7
290	339	7
290	340	1
290	341	9
290	342	6
290	344	6
290	346	5
290	347	6
290	348	3
290	349	3
290	350	7
290	351	4
290	352	7
290	353	5
290	354	3
290	355	2
290	357	10
290	358	7
290	359	7
290	360	5
290	361	2
291	292	1
291	294	2
291	296	2
291	298	3
291	299	2
291	300	2
291	302	1
291	305	1
291	306	2
291	307	1
291	309	2
291	311	3
291	312	2
291	314	2
291	317	1
291	320	1
291	321	4
291	322	2
291	324	1
291	327	1
291	328	1
291	330	1
291	331	1
291	338	1
291	339	2
291	341	1
291	342	1
291	344	1
291	346	1
291	347	1
291	350	1
291	352	1
291	353	1
291	355	1
291	357	3
291	359	1
291	360	1
291	361	1
292	293	7
292	294	10
292	295	4
292	296	8
292	297	6
292	298	10
292	299	6
292	300	6
292	302	7
292	303	7
292	305	6
292	306	8
292	307	7
292	308	4
292	309	9
292	310	5
292	311	6
292	312	6
292	313	3
292	314	4
292	315	1
292	316	3
292	317	9
292	318	2
292	320	6
292	321	4
292	322	5
292	324	7
292	325	1
292	326	4
292	327	2
292	328	3
292	329	9
292	330	10
292	331	6
292	332	10
292	333	5
292	334	9
292	336	5
292	337	3
292	338	9
292	339	7
292	340	1
292	341	7
292	342	9
292	343	1
292	344	7
292	346	9
292	347	7
292	348	5
292	349	1
292	350	5
292	351	6
292	352	5
292	353	8
292	354	3
292	355	1
292	357	11
292	358	10
292	359	9
292	360	5
293	294	8
293	295	8
293	296	5
293	297	6
293	298	8
293	299	5
293	300	6
293	302	4
293	303	7
293	305	9
293	306	6
293	307	7
293	308	8
293	309	7
293	310	8
293	311	4
293	312	4
293	313	5
293	314	2
293	315	2
293	317	4
293	318	3
293	320	7
293	321	2
293	322	9
293	324	6
293	325	2
293	326	10
293	327	2
293	328	2
293	329	8
293	330	6
293	331	7
293	332	6
293	333	10
293	334	7
293	335	1
293	336	10
293	337	3
293	338	6
293	339	8
293	340	2
293	341	5
293	342	7
293	344	7
293	346	7
293	347	11
293	348	3
293	349	2
293	350	8
293	351	12
293	352	9
293	353	5
293	354	3
293	357	8
293	358	8
293	359	7
293	360	4
294	295	10
294	296	7
294	297	6
294	298	10
294	299	5
294	300	8
294	302	4
294	303	4
294	305	8
294	306	9
294	307	9
294	308	9
294	309	10
294	310	4
294	311	5
294	312	5
294	313	3
294	314	4
294	315	2
294	316	1
294	317	10
294	318	2
294	319	1
294	320	7
294	321	3
294	322	8
294	324	6
294	325	1
294	326	7
294	327	5
294	328	1
294	329	6
294	330	5
294	331	8
294	332	8
294	333	6
294	334	6
294	335	1
294	336	10
294	337	3
294	338	7
294	339	13
294	340	3
294	341	7
294	342	5
294	344	7
294	346	9
294	347	4
294	348	3
294	349	2
294	350	6
294	351	4
294	352	7
294	353	8
294	354	1
294	355	1
294	357	12
294	358	3
294	359	6
294	360	3
294	361	1
295	296	6
295	297	9
295	298	11
295	299	8
295	300	8
295	302	4
295	303	5
295	305	7
295	306	7
295	307	10
295	308	7
295	309	8
295	310	6
295	311	7
295	312	5
295	313	5
295	314	1
295	315	2
295	316	1
295	317	12
295	318	4
295	320	8
295	321	4
295	322	8
295	324	8
295	325	2
295	326	8
295	327	3
295	328	2
295	329	9
295	330	6
295	331	6
295	332	7
295	333	7
295	334	9
295	336	9
295	337	3
295	338	5
295	339	9
295	340	2
295	341	7
295	342	6
295	344	8
295	346	10
295	347	6
295	348	3
295	349	1
295	350	6
295	351	6
295	352	8
295	353	6
295	354	2
295	357	10
295	358	7
295	359	8
295	360	5
296	297	7
296	298	8
296	299	6
296	300	7
296	302	11
296	303	7
296	304	4
296	305	8
296	306	2
296	307	6
296	308	7
296	309	10
296	310	6
296	311	8
296	312	5
296	313	3
296	314	8
296	315	1
296	317	5
296	318	4
296	320	6
296	321	7
296	322	5
296	324	5
296	326	4
296	327	3
296	329	7
296	330	4
296	331	9
296	332	5
296	333	10
296	334	9
296	335	3
296	336	6
296	337	3
296	338	7
296	339	6
296	340	1
296	341	7
296	342	7
296	344	6
296	346	7
296	347	5
296	348	4
296	350	7
296	351	8
296	352	6
296	353	5
296	354	1
296	355	3
296	357	12
296	358	5
296	359	8
296	360	8
297	298	10
297	299	7
297	300	6
297	302	8
297	303	6
297	305	7
297	306	7
297	307	9
297	308	8
297	309	4
297	310	6
297	311	5
297	312	5
297	313	5
297	314	2
297	315	2
297	316	1
297	317	7
297	318	4
297	320	7
297	321	3
297	322	9
297	324	7
297	326	7
297	327	2
297	329	7
297	330	6
297	331	6
297	332	7
297	333	5
297	334	8
297	335	2
297	336	9
297	337	4
297	338	8
297	339	11
297	340	2
297	341	9
297	342	7
297	344	8
297	346	8
297	347	6
297	348	3
297	349	1
297	350	6
297	351	7
297	352	6
297	353	5
297	354	3
297	357	14
297	358	8
297	359	5
297	360	5
298	299	7
298	300	8
298	302	6
298	303	9
298	305	11
298	306	10
298	307	12
298	308	11
298	309	8
298	310	8
298	311	9
298	312	9
298	313	4
298	314	3
298	315	2
298	316	1
298	317	15
298	318	2
298	320	10
298	321	3
298	322	11
298	324	13
298	326	9
298	327	1
298	329	9
298	330	7
298	331	8
298	332	11
298	333	7
298	334	13
298	335	1
298	336	9
298	337	3
298	338	10
298	339	11
298	340	2
298	341	10
298	342	7
298	344	10
298	346	13
298	347	9
298	348	4
298	349	1
298	350	9
298	351	9
298	352	10
298	353	9
298	354	2
298	355	1
298	357	16
298	358	9
298	359	12
298	360	3
299	300	9
299	302	5
299	303	6
299	304	2
299	305	6
299	306	9
299	307	9
299	308	5
299	309	6
299	310	5
299	311	8
299	312	11
299	313	4
299	314	3
299	315	1
299	317	5
299	318	5
299	320	8
299	321	10
299	322	7
299	324	9
299	325	1
299	326	5
299	327	1
299	328	5
299	329	7
299	330	8
299	331	6
299	332	7
299	333	2
299	334	5
299	335	2
299	336	7
299	337	3
299	338	8
299	339	9
299	340	1
299	341	9
299	342	10
299	343	1
299	344	8
299	346	8
299	347	6
299	348	3
299	349	2
299	350	6
299	351	4
299	352	7
299	353	9
299	354	4
299	355	2
299	357	13
299	358	10
299	359	8
299	360	7
300	302	6
300	303	7
300	305	7
300	306	10
300	307	7
300	308	8
300	309	4
300	310	5
300	311	6
300	312	7
300	313	4
300	314	5
300	315	1
300	317	7
300	318	5
300	320	8
300	321	6
300	322	6
300	324	6
300	326	7
300	327	3
300	328	2
300	329	7
300	330	6
300	331	6
300	332	7
300	333	4
300	334	8
300	335	3
300	336	7
300	337	4
300	338	9
300	339	9
300	341	6
300	342	8
300	343	2
300	344	7
300	346	9
300	347	6
300	348	2
300	349	3
300	350	6
300	351	6
300	352	6
300	353	12
300	354	2
300	357	14
300	358	9
300	359	8
300	360	7
300	361	1
302	303	7
302	304	1
302	305	5
302	306	5
302	307	7
302	308	5
302	309	6
302	310	8
302	311	7
302	312	7
302	313	3
302	314	3
302	315	1
302	317	6
302	318	3
302	320	8
302	321	4
302	322	6
302	324	5
302	326	5
302	328	2
302	329	7
302	330	7
302	331	6
302	332	7
302	333	8
302	334	9
302	335	2
302	336	6
302	337	5
302	338	5
302	339	8
302	340	1
302	341	5
302	342	8
302	344	8
302	346	7
302	347	7
302	348	2
302	349	1
302	350	5
302	351	8
302	352	5
302	353	6
302	354	3
302	355	2
302	357	9
302	358	7
302	359	8
302	360	4
303	304	1
303	305	6
303	306	9
303	307	8
303	308	7
303	309	5
303	310	7
303	311	6
303	312	5
303	313	4
303	314	2
303	315	3
303	316	1
303	317	7
303	318	3
303	320	7
303	321	3
303	322	7
303	324	7
303	326	7
303	327	1
303	328	3
303	329	7
303	330	6
303	331	8
303	332	7
303	333	8
303	334	6
303	335	1
303	336	6
303	337	3
303	338	7
303	339	7
303	340	1
303	341	8
303	342	6
303	344	8
303	346	6
303	347	7
303	348	2
303	349	2
303	350	7
303	351	8
303	352	8
303	353	3
303	354	2
303	355	1
303	357	8
303	358	8
303	359	9
303	360	4
304	305	1
304	309	3
304	310	1
304	313	1
304	314	1
304	320	1
304	321	3
304	322	1
304	328	1
304	329	1
304	331	1
304	333	1
304	335	1
304	336	2
304	338	1
304	341	1
304	342	1
304	344	2
304	346	1
304	347	1
304	348	2
304	350	1
304	353	2
304	354	1
304	355	1
304	357	3
304	358	2
304	359	1
304	360	3
305	306	5
305	307	7
305	308	8
305	309	7
305	310	5
305	311	6
305	312	5
305	313	5
305	314	3
305	315	2
305	316	1
305	317	5
305	318	4
305	320	4
305	321	2
305	322	7
305	324	9
305	326	9
305	327	2
305	329	8
305	330	7
305	331	7
305	332	7
305	333	7
305	334	9
305	335	1
305	336	7
305	337	2
305	338	6
305	339	9
305	340	2
305	341	8
305	342	8
305	344	7
305	346	9
305	347	5
305	348	3
305	349	1
305	350	9
305	351	9
305	352	7
305	353	9
305	354	3
305	355	2
305	357	9
305	358	7
305	359	6
305	360	4
306	307	8
306	308	8
306	309	5
306	310	5
306	311	4
306	312	10
306	313	4
306	314	3
306	315	2
306	317	10
306	318	1
306	320	11
306	321	4
306	322	9
306	324	8
306	326	7
306	327	1
306	328	3
306	329	5
306	330	8
306	331	8
306	332	8
306	333	4
306	334	3
306	336	6
306	337	3
306	338	11
306	339	9
306	340	1
306	341	6
306	342	8
306	344	5
306	346	8
306	347	8
306	348	1
306	349	2
306	350	5
306	351	4
306	352	6
306	353	7
306	354	3
306	355	1
306	357	10
306	358	14
306	359	6
306	360	3
306	361	1
307	308	9
307	309	5
307	310	7
307	311	8
307	312	6
307	313	5
307	314	2
307	315	2
307	316	1
307	317	8
307	318	2
307	320	8
307	321	6
307	322	10
307	324	10
307	326	7
307	327	1
307	328	2
307	329	8
307	330	7
307	331	8
307	332	8
307	333	6
307	334	8
307	335	1
307	336	8
307	337	3
307	338	7
307	339	9
307	340	2
307	341	8
307	342	8
307	344	9
307	346	7
307	347	5
307	348	3
307	349	2
307	350	5
307	351	8
307	352	12
307	353	3
307	354	3
307	357	9
307	358	9
307	359	7
307	360	5
307	361	1
308	309	5
308	310	4
308	311	3
308	312	5
308	313	4
308	314	3
308	315	2
308	317	7
308	318	2
308	320	4
308	321	1
308	322	7
308	324	6
308	326	8
308	327	1
308	329	7
308	330	5
308	331	9
308	332	6
308	333	4
308	334	7
308	335	2
308	336	7
308	337	3
308	338	6
308	339	11
308	340	2
308	341	6
308	342	6
308	344	7
308	346	6
308	347	7
308	348	3
308	349	1
308	350	6
308	351	7
308	352	7
308	353	4
308	354	1
308	357	7
308	358	8
308	359	5
308	360	4
309	310	5
309	311	9
309	312	6
309	313	5
309	314	5
309	315	2
309	316	1
309	317	4
309	318	4
309	320	4
309	321	6
309	322	5
309	324	7
309	325	1
309	326	6
309	327	5
309	328	3
309	329	6
309	330	6
309	331	6
309	332	7
309	333	7
309	334	8
309	335	1
309	336	8
309	337	4
309	338	6
309	339	10
309	340	2
309	341	9
309	342	6
309	344	9
309	346	6
309	347	3
309	348	3
309	349	1
309	350	7
309	351	5
309	352	8
309	353	7
309	354	3
309	355	1
309	357	11
309	358	7
309	359	12
309	360	9
310	311	6
310	312	5
310	313	4
310	314	3
310	315	1
310	317	6
310	318	1
310	319	1
310	320	5
310	321	5
310	322	7
310	324	4
310	326	8
310	327	1
310	328	1
310	329	8
310	330	5
310	331	5
310	332	6
310	333	8
310	334	7
310	335	1
310	336	5
310	337	3
310	338	5
310	339	9
310	340	1
310	341	10
310	342	5
310	344	9
310	346	10
310	347	5
310	348	4
310	349	2
310	350	10
310	351	8
310	352	6
310	353	2
310	354	2
310	355	2
310	357	14
310	358	6
310	359	14
310	360	4
311	312	6
311	313	4
311	314	2
311	315	1
311	316	1
311	317	6
311	318	3
311	320	10
311	321	6
311	322	4
311	324	5
311	326	6
311	327	2
311	328	3
311	329	4
311	330	5
311	331	6
311	332	4
311	333	10
311	334	8
311	335	1
311	336	5
311	337	3
311	338	4
311	339	5
311	340	1
311	341	10
311	342	7
311	344	6
311	346	8
311	347	7
311	348	3
311	349	1
311	350	7
311	351	5
311	352	7
311	353	8
311	354	2
311	355	2
311	357	12
311	358	7
311	359	8
311	360	8
312	313	4
312	314	2
312	315	3
312	316	1
312	317	5
312	318	5
312	319	2
312	320	8
312	321	6
312	322	5
312	324	7
312	326	4
312	327	1
312	328	6
312	329	6
312	330	10
312	331	5
312	332	8
312	333	3
312	334	3
312	335	2
312	336	5
312	337	6
312	338	4
312	339	8
312	341	5
312	342	7
312	344	6
312	346	5
312	347	4
312	348	2
312	349	4
312	350	6
312	351	5
312	352	6
312	353	10
312	354	4
312	357	11
312	358	8
312	359	6
312	360	7
313	314	1
313	315	3
313	316	3
313	317	3
313	318	4
313	320	3
313	321	4
313	322	5
313	324	3
313	326	5
313	327	2
313	328	1
313	329	4
313	330	4
313	331	4
313	332	4
313	333	3
313	334	3
313	336	5
313	337	2
313	338	2
313	339	3
313	340	2
313	341	4
313	342	4
313	344	6
313	346	4
313	347	3
313	348	3
313	349	4
313	350	3
313	351	4
313	352	5
313	353	2
313	354	2
313	357	6
313	358	4
313	359	3
313	360	5
314	315	1
314	316	1
314	317	1
314	318	1
314	320	1
314	321	3
314	322	3
314	324	3
314	326	2
314	328	2
314	329	3
314	330	2
314	331	3
314	332	2
314	333	3
314	334	2
314	335	3
314	336	4
314	337	3
314	338	3
314	339	6
314	341	3
314	342	5
314	344	5
314	346	3
314	347	8
314	348	3
314	350	4
314	351	4
314	352	7
314	353	3
314	355	2
314	357	5
314	358	1
314	359	4
314	360	4
314	361	1
315	316	1
315	317	1
315	318	3
315	320	1
315	321	4
315	322	2
315	324	2
315	325	1
315	326	2
315	327	1
315	328	1
315	329	1
315	330	1
315	331	2
315	332	1
315	333	2
315	334	1
315	335	3
315	336	2
315	337	1
315	338	1
315	339	2
315	340	1
315	341	1
315	342	1
315	344	2
315	346	1
315	347	1
315	348	1
315	349	1
315	350	1
315	351	2
315	352	2
315	353	1
315	354	1
315	357	2
315	358	1
315	359	1
315	360	4
316	317	1
316	318	3
316	320	1
316	321	1
316	334	1
316	335	1
316	336	1
316	337	2
316	339	1
316	341	3
316	344	2
316	346	1
316	347	2
316	348	4
316	349	2
316	353	1
316	357	1
316	359	1
316	360	5
317	318	2
317	320	11
317	321	1
317	322	6
317	324	6
317	326	9
317	327	1
317	328	2
317	329	10
317	330	6
317	331	7
317	332	9
317	333	7
317	334	11
317	336	7
317	337	2
317	338	9
317	339	6
317	340	1
317	341	8
317	342	6
317	344	7
317	346	14
317	347	9
317	348	3
317	349	1
317	350	7
317	351	7
317	352	8
317	353	6
317	354	1
317	357	8
317	358	10
317	359	10
317	360	2
318	320	2
318	321	4
318	322	3
318	324	3
318	326	3
318	327	1
318	328	1
318	329	3
318	330	2
318	331	4
318	332	2
318	333	3
318	334	4
318	335	1
318	336	3
318	337	2
318	338	4
318	339	3
318	341	3
318	342	2
318	343	2
318	344	4
318	346	3
318	347	2
318	348	1
318	349	2
318	350	2
318	351	3
318	352	3
318	353	4
318	354	1
318	357	5
318	358	2
318	359	3
318	360	4
319	330	2
319	341	1
319	357	2
320	321	4
320	322	6
320	324	5
320	325	1
320	326	5
320	327	1
320	328	4
320	329	7
320	330	6
320	331	6
320	332	8
320	333	3
320	334	7
320	335	1
320	336	10
320	337	4
320	338	8
320	339	6
320	341	5
320	342	6
320	344	5
320	346	8
320	347	7
320	348	2
320	349	2
320	350	4
320	351	5
320	352	5
320	353	9
320	354	3
320	355	1
320	357	11
320	358	11
320	359	9
320	360	4
321	322	8
321	324	4
321	325	2
321	326	2
321	327	1
321	328	2
321	329	4
321	330	4
321	331	4
321	332	3
321	333	2
321	334	3
321	335	4
321	336	3
321	337	2
321	338	4
321	339	3
321	341	7
321	342	6
321	343	1
321	344	6
321	346	8
321	347	3
321	348	3
321	349	1
321	350	2
321	351	3
321	352	4
321	353	6
321	354	4
321	355	2
321	357	10
321	358	7
321	359	4
321	360	7
321	361	1
322	324	8
322	325	1
322	326	9
322	327	2
322	328	2
322	329	8
322	330	7
322	331	7
322	332	7
322	333	5
322	334	6
322	335	2
322	336	11
322	337	4
322	338	7
322	339	10
322	340	2
322	341	6
322	342	8
322	344	11
322	346	8
322	347	6
322	348	3
322	349	2
322	350	7
322	351	7
322	352	10
322	353	5
322	354	5
322	355	1
322	357	11
322	358	8
322	359	4
322	360	5
322	361	1
324	326	6
324	327	1
324	329	9
324	330	6
324	331	5
324	332	7
324	333	8
324	334	4
324	335	1
324	336	7
324	337	2
324	338	6
324	339	11
324	340	1
324	341	6
324	342	12
324	344	4
324	346	5
324	347	5
324	348	1
324	349	1
324	350	6
324	351	8
324	352	9
324	353	7
324	354	3
324	355	1
324	357	7
324	358	10
324	359	6
324	360	3
325	335	1
325	339	1
325	342	1
325	348	1
325	353	1
325	354	1
325	359	2
325	360	1
326	327	2
326	328	1
326	329	9
326	330	6
326	331	6
326	332	8
326	333	10
326	334	7
326	335	1
326	336	8
326	337	3
326	338	7
326	339	8
326	340	2
326	341	6
326	342	6
326	344	8
326	346	10
326	347	6
326	348	3
326	349	2
326	350	7
326	351	10
326	352	10
326	353	4
326	354	3
326	355	1
326	357	11
326	358	6
326	359	7
326	360	4
327	331	1
327	332	1
327	333	2
327	334	1
327	336	2
327	339	2
327	340	1
327	341	1
327	344	3
327	346	1
327	351	1
327	352	1
327	355	1
327	357	5
327	358	1
327	359	1
327	360	2
328	329	3
328	330	4
328	331	1
328	332	3
328	333	1
328	334	2
328	336	3
328	337	2
328	338	2
328	339	1
328	341	1
328	342	3
328	344	5
328	346	1
328	347	1
328	349	1
328	350	2
328	351	1
328	352	3
328	353	1
328	354	1
328	357	3
328	358	4
328	359	2
328	360	2
328	361	2
329	330	8
329	331	7
329	332	9
329	333	6
329	334	10
329	335	2
329	336	10
329	337	4
329	338	8
329	339	13
329	340	1
329	341	6
329	342	9
329	344	7
329	346	9
329	347	7
329	348	5
329	349	2
329	350	9
329	351	9
329	352	7
329	353	5
329	354	3
329	355	1
329	357	10
329	358	9
329	359	7
329	360	5
330	331	7
330	332	10
330	333	3
330	334	6
330	335	1
330	336	6
330	337	4
330	338	6
330	339	6
330	340	1
330	341	9
330	342	11
330	344	5
330	346	5
330	347	5
330	348	2
330	349	2
330	350	7
330	351	5
330	352	6
330	353	7
330	354	4
330	355	1
330	357	12
330	358	13
330	359	6
330	360	5
331	332	6
331	333	6
331	334	7
331	335	2
331	336	7
331	337	3
331	338	7
331	339	9
331	340	2
331	341	8
331	342	9
331	344	6
331	346	7
331	347	6
331	348	3
331	349	1
331	350	8
331	351	10
331	352	7
331	353	5
331	354	1
331	355	2
331	357	10
331	358	8
331	359	6
331	360	6
332	333	4
332	334	8
332	335	1
332	336	6
332	337	4
332	338	8
332	339	6
332	340	1
332	341	6
332	342	11
332	344	7
332	346	8
332	347	6
332	348	4
332	349	3
332	350	8
332	351	7
332	352	7
332	353	8
332	354	3
332	357	11
332	358	13
332	359	8
332	360	6
333	334	13
333	336	7
333	337	1
333	338	7
333	339	10
333	340	2
333	341	4
333	342	4
333	344	7
333	346	15
333	347	9
333	348	3
333	349	1
333	350	5
333	351	14
333	352	13
333	353	4
333	354	1
333	357	7
333	358	7
333	359	9
333	360	2
334	335	1
334	336	10
334	337	3
334	338	9
334	339	9
334	340	1
334	341	8
334	342	6
334	344	10
334	346	13
334	347	7
334	348	4
334	350	9
334	351	12
334	352	7
334	353	6
334	354	1
334	357	10
334	358	9
334	359	13
334	360	4
335	336	3
335	337	2
335	338	1
335	339	2
335	341	1
335	342	3
335	344	2
335	346	1
335	347	2
335	348	2
335	350	2
335	351	1
335	352	1
335	354	1
335	355	1
335	357	2
335	358	2
335	359	1
335	360	5
336	337	5
336	338	7
336	339	26
336	340	2
336	341	9
336	342	8
336	344	16
336	346	6
336	347	8
336	348	4
336	349	3
336	350	8
336	351	9
336	352	10
336	353	7
336	354	3
336	355	1
336	357	9
336	358	9
336	359	7
336	360	6
337	338	4
337	339	5
337	341	5
337	342	5
337	344	6
337	346	3
337	347	2
337	348	1
337	349	1
337	350	4
337	351	4
337	352	3
337	353	3
337	354	3
337	357	4
337	358	4
337	359	4
337	360	7
338	339	9
338	340	2
338	341	8
338	342	6
338	343	1
338	344	7
338	346	10
338	347	5
338	348	3
338	350	6
338	351	6
338	352	6
338	353	9
338	354	4
338	357	11
338	358	10
338	359	7
338	360	4
338	361	1
339	340	1
339	341	8
339	342	8
339	344	11
339	346	6
339	347	6
339	348	3
339	349	1
339	350	8
339	351	9
339	352	9
339	353	9
339	354	3
339	355	1
339	357	14
339	358	9
339	359	9
339	360	4
339	361	1
340	341	1
340	342	1
340	344	2
340	346	2
340	347	1
340	348	1
340	350	1
340	351	2
340	352	2
340	353	1
340	357	2
340	358	1
340	360	1
341	342	8
341	344	17
341	346	5
341	347	7
341	348	3
341	349	1
341	350	8
341	351	5
341	352	9
341	353	7
341	354	2
341	355	1
341	357	13
341	358	11
341	359	14
341	360	7
342	344	6
342	346	6
342	347	7
342	348	3
342	349	2
342	350	9
342	351	6
342	352	7
342	353	7
342	354	3
342	355	2
342	357	8
342	358	13
342	359	9
342	360	7
343	346	1
343	353	2
343	357	2
344	346	10
344	347	5
344	348	5
344	349	2
344	350	5
344	351	9
344	352	10
344	353	3
344	354	2
344	355	1
344	357	12
344	358	5
344	359	10
344	360	7
344	361	1
346	347	11
346	348	4
346	349	2
346	350	8
346	351	12
346	352	7
346	353	7
346	354	1
346	355	2
346	357	11
346	358	7
346	359	11
346	360	4
347	348	3
347	349	2
347	350	8
347	351	7
347	352	8
347	353	7
347	354	2
347	355	2
347	357	7
347	358	9
347	359	7
347	360	4
348	349	1
348	350	3
348	351	3
348	352	2
348	353	2
348	355	1
348	357	5
348	358	2
348	359	3
348	360	4
349	350	2
349	351	1
349	352	2
349	354	2
349	357	2
349	358	2
349	359	2
349	360	1
350	351	7
350	352	6
350	353	6
350	354	1
350	355	1
350	357	9
350	358	7
350	359	6
350	360	6
351	352	8
351	353	4
351	354	2
351	357	12
351	358	6
351	359	10
351	360	3
352	353	5
352	354	3
352	357	8
352	358	7
352	359	7
352	360	5
352	361	1
353	354	4
353	355	1
353	357	16
353	358	12
353	359	7
353	360	4
354	357	5
354	358	5
354	359	3
354	360	1
355	357	3
355	359	1
355	360	1
357	358	11
357	359	12
357	360	9
357	361	1
358	359	11
358	360	5
359	360	3
